{"type": "FeatureCollection", "features": [{"type": "Feature", "geometry": {"type": "LineString", "coordinates": [[51.182681139531155, 42.7925080135492], [51.14033874644272, 42.826021022180846]]}, "properties": {"transect_id": 1, "baseline_distance_m": 4470.0, "positions": {"2000": 12636.3, "2001": 12627.3, "2002": 12606.1, "2003": 12599.0, "2004": 12595.0, "2005": 12583.6, "2006": 12575.1, "2007": 12562.0, "2008": 12559.3, "2009": 12549.2, "2010": 12536.7, "2011": 12531.2, "2012": null, "2013": 12509.2, "2014": 12494.2, "2015": 12489.4, "2016": 12474.4, "2017": 12472.1, "2018": 12458.7, "2019": 12448.5, "2020": 12436.8, "2021": 12434.7, "2022": 12419.5, "2023": 12408.7, "2024": 12399.3, "2025": 12393.2, "2026": 12382.8}, "total_retreat_m": 253.5, "speed_m_per_year": -9.65, "r_squared": 0.998, "std_error": 0.08, "ci_95_low": -9.82, "ci_95_high": -9.48, "valid_years": 26, "confidence": "high", "risk_class": "medium", "location_ru": "Севернее водозабора МАЭК", "anchor": [51.17562407401642, 42.79809351498781]}}, {"type": "Feature", "geometry": {"type": "LineString", "coordinates": [[51.19071669168479, 42.80261585433185], [51.14852183166471, 42.83631442682218]]}, "properties": {"transect_id": 2, "baseline_distance_m": 4951.1, "positions": {"2000": 14106.9, "2001": 14088.2, "2002": 14079.2, "2003": 14069.5, "2004": 14066.7, "2005": 14060.2, "2006": 14046.7, "2007": 14035.3, "2008": 14026.9, "2009": 14024.3, "2010": 14016.1, "2011": 14006.8, "2012": null, "2013": 13984.9, "2014": 13980.0, "2015": 13971.0, "2016": 13962.9, "2017": 13957.0, "2018": 13945.9, "2019": 13939.2, "2020": 13928.2, "2021": 13920.6, "2022": 13913.5, "2023": 13896.6, "2024": 13892.6, "2025": 13883.5, "2026": 13874.3}, "total_retreat_m": 232.6, "speed_m_per_year": -8.6, "r_squared": 0.998, "std_error": 0.08, "ci_95_low": -8.76, "ci_95_high": -8.44, "valid_years": 26, "confidence": "high", "risk_class": "medium", "location_ru": "Бухта Курык", "anchor": [51.18368421501478, 42.80823228308024]}}, {"type": "Feature", "geometry": {"type": "LineString", "coordinates": [[51.19872528426005, 42.81259456245474], [51.15669521692021, 42.84649844776909]]}, "properties": {"transect_id": 3, "baseline_distance_m": 5432.2, "positions": {"2000": 10683.7, "2001": 10676.6, "2002": 10651.6, "2003": 10642.6, "2004": 10630.1, "2005": 10617.4, "2006": 10603.5, "2007": 10589.4, "2008": 10570.4, "2009": 10555.5, "2010": 10546.3, "2011": 10527.7, "2012": null, "2013": 10494.5, "2014": 10480.6, "2015": 10467.1, "2016": 10458.3, "2017": 10442.5, "2018": 10430.2, "2019": 10411.3, "2020": 10399.2, "2021": 10386.7, "2022": 10368.5, "2023": 10357.2, "2024": 10338.2, "2025": 10325.0, "2026": 10310.5}, "total_retreat_m": 373.2, "speed_m_per_year": -14.43, "r_squared": 0.999, "std_error": 0.07, "ci_95_low": -14.58, "ci_95_high": -14.28, "valid_years": 26, "confidence": "high", "risk_class": "medium", "location_ru": "Тюб-Караганский залив", "anchor": [51.19172027303674, 42.818245210007134]}}, {"type": "Feature", "geometry": {"type": "LineString", "coordinates": [[51.20670449120622, 42.82243300340747], [51.164857142631206, 42.85656216128224]]}, "properties": {"transect_id": 4, "baseline_distance_m": 5913.2, "positions": {"2000": 12769.4, "2001": 12748.9, "2002": 12728.4, "2003": 12705.8, "2004": 12684.3, "2005": 12658.8, "2006": 12635.1, "2007": 12614.0, "2008": 12585.2, "2009": 12563.7, "2010": 12541.8, "2011": 12520.7, "2012": null, "2013": 12481.5, "2014": 12453.8, "2015": 12433.5, "2016": 12417.8, "2017": 12388.8, "2018": 12370.7, "2019": 12341.6, "2020": 12322.1, "2021": 12296.7, "2022": 12276.8, "2023": 12259.1, "2024": 12226.4, "2025": 12212.6, "2026": 12189.4}, "total_retreat_m": 580.0, "speed_m_per_year": -22.42, "r_squared": 1.0, "std_error": 0.08, "ci_95_low": -22.59, "ci_95_high": -22.25, "valid_years": 26, "confidence": "high", "risk_class": "high", "location_ru": "Мыс Меловой", "anchor": [51.19972993311038, 42.8281211963866]}}, {"type": "Feature", "geometry": {"type": "LineString", "coordinates": [[51.21465188107295, 42.832120348086306], [51.173005917934546, 42.866494957237165]]}, "properties": {"transect_id": 5, "baseline_distance_m": 6394.3, "positions": {"2000": 15140.0, "2001": 15120.7, "2002": 15106.9, "2003": 15089.2, "2004": 15078.7, "2005": 15054.5, "2006": 15034.5, "2007": 15022.4, "2008": 15005.7, "2009": 14993.4, "2010": 14974.5, "2011": 14955.7, "2012": null, "2013": 14926.4, "2014": 14899.0, "2015": 14884.3, "2016": 14866.3, "2017": 14851.6, "2018": 14830.8, "2019": 14822.0, "2020": 14801.7, "2021": 14779.8, "2022": 14764.8, "2023": 14753.3, "2024": 14738.5, "2025": 14726.3, "2026": 14713.1}, "total_retreat_m": 426.9, "speed_m_per_year": -16.79, "r_squared": 0.999, "std_error": 0.11, "ci_95_low": -17.01, "ci_95_high": -16.56, "valid_years": 26, "confidence": "high", "risk_class": "medium", "location_ru": "Южная коса Актау", "anchor": [51.20771088721655, 42.83784944961145]}}, {"type": "Feature", "geometry": {"type": "LineString", "coordinates": [[51.22256501711519, 42.841646097605455], [51.18113992380418, 42.87628656013375]]}, "properties": {"transect_id": 6, "baseline_distance_m": 6875.4, "positions": {"2000": 13421.8, "2001": 13423.8, "2002": 13411.8, "2003": 13405.7, "2004": 13397.2, "2005": 13391.4, "2006": 13388.6, "2007": 13377.2, "2008": 13368.3, "2009": 13357.1, "2010": 13346.9, "2011": 13344.0, "2012": null, "2013": 13330.3, "2014": 13329.9, "2015": 13315.7, "2016": 13311.4, "2017": 13297.8, "2018": 13287.4, "2019": 13280.6, "2020": 13273.9, "2021": 13277.6, "2022": 13258.1, "2023": 13257.1, "2024": 13242.5, "2025": 13242.1, "2026": 13232.3}, "total_retreat_m": 189.5, "speed_m_per_year": -7.54, "r_squared": 0.996, "std_error": 0.1, "ci_95_low": -7.74, "ci_95_high": -7.34, "valid_years": 26, "confidence": "high", "risk_class": "low", "location_ru": "Побережье у Баутино", "anchor": [51.21566083489669, 42.84741950802684]}}, {"type": "Feature", "geometry": {"type": "LineString", "coordinates": [[51.2304414573801, 42.85100010747989], [51.18925761625209, 42.88592704879949]]}, "properties": {"transect_id": 7, "baseline_distance_m": 7356.5, "positions": {"2000": 11533.2, "2001": 11525.0, "2002": 11508.8, "2003": 11493.2, "2004": 11480.4, "2005": 11473.7, "2006": 11466.7, "2007": 11448.5, "2008": 11434.8, "2009": 11423.8, "2010": 11415.4, "2011": 11398.4, "2012": null, "2013": 11370.8, "2014": 11364.3, "2015": 11349.0, "2016": 11340.9, "2017": 11322.9, "2018": 11304.7, "2019": 11291.6, "2020": 11291.1, "2021": 11278.8, "2022": 11258.6, "2023": 11245.2, "2024": 11240.0, "2025": 11217.2, "2026": 11205.5}, "total_retreat_m": 327.7, "speed_m_per_year": -12.52, "r_squared": 0.998, "std_error": 0.1, "ci_95_low": -12.73, "ci_95_high": -12.31, "valid_years": 26, "confidence": "high", "risk_class": "medium", "location_ru": "Залив Комсомолец", "anchor": [51.22357748385877, 42.85682126436649]}}, {"type": "Feature", "geometry": {"type": "LineString", "coordinates": [[51.23827875478742, 42.86017261114359], [51.19735752954917, 42.895406874652295]]}, "properties": {"transect_id": 8, "baseline_distance_m": 7837.5, "positions": {"2000": 15830.9, "2001": 15825.0, "2002": 15821.8, "2003": 15820.8, "2004": 15810.3, "2005": 15807.2, "2006": 15791.2, "2007": 15794.0, "2008": 15785.5, "2009": 15778.8, "2010": 15774.9, "2011": 15771.8, "2012": null, "2013": 15766.3, "2014": 15752.1, "2015": 15752.2, "2016": 15744.9, "2017": 15740.3, "2018": 15740.3, "2019": 15733.2, "2020": 15731.2, "2021": 15719.9, "2022": 15712.5, "2023": 15709.1, "2024": 15705.8, "2025": 15700.2, "2026": 15689.9}, "total_retreat_m": 141.0, "speed_m_per_year": -5.26, "r_squared": 0.994, "std_error": 0.08, "ci_95_low": -5.43, "ci_95_high": -5.08, "valid_years": 26, "confidence": "high", "risk_class": "low", "location_ru": "Мыс Ракушечный", "anchor": [51.231458550581046, 42.86604498839504]}}, {"type": "Feature", "geometry": {"type": "LineString", "coordinates": [[51.246074457217595, 42.869154242770115], [51.205438279392794, 42.904716878383795]]}, "properties": {"transect_id": 9, "baseline_distance_m": 8318.6, "positions": {"2000": 12524.8, "2001": 12512.2, "2002": 12491.3, "2003": 12483.6, "2004": 12468.9, "2005": 12462.3, "2006": 12456.0, "2007": 12449.5, "2008": 12431.8, "2009": 12422.1, "2010": 12406.1, "2011": 12404.1, "2012": null, "2013": 12380.5, "2014": 12372.6, "2015": 12361.2, "2016": 12354.4, "2017": 12337.7, "2018": 12328.9, "2019": 12333.3, "2020": 12309.6, "2021": 12300.4, "2022": 12302.1, "2023": 12296.4, "2024": 12270.1, "2025": 12263.3, "2026": 12256.2}, "total_retreat_m": 268.6, "speed_m_per_year": -10.02, "r_squared": 0.995, "std_error": 0.14, "ci_95_low": -10.31, "ci_95_high": -9.73, "valid_years": 26, "confidence": "high", "risk_class": "medium", "location_ru": "Северный Бузачи", "anchor": [51.23930176091346, 42.87508134870573]}}, {"type": "Feature", "geometry": {"type": "LineString", "coordinates": [[51.253826107626125, 42.87793605936576], [51.213498565929356, 42.91384830491927]]}, "properties": {"transect_id": 10, "baseline_distance_m": 8799.7, "positions": {"2000": 11861.0, "2001": 11869.6, "2002": 11872.7, "2003": 11874.0, "2004": 11879.5, "2005": 11879.0, "2006": 11888.1, "2007": 11892.4, "2008": 11898.9, "2009": 11900.3, "2010": 11908.9, "2011": 11915.6, "2012": null, "2013": 11921.1, "2014": 11926.4, "2015": 11929.7, "2016": 11934.0, "2017": 11935.6, "2018": 11944.3, "2019": 11947.1, "2020": 11960.4, "2021": 11962.8, "2022": 11962.6, "2023": 11962.5, "2024": 11965.6, "2025": 11979.3, "2026": 11980.1}, "total_retreat_m": -119.1, "speed_m_per_year": 4.58, "r_squared": 0.993, "std_error": 0.08, "ci_95_low": 4.42, "ci_95_high": 4.74, "valid_years": 26, "confidence": "high", "risk_class": "low", "location_ru": "Прибрежная зона Каламкас", "anchor": [51.24710485067666, 42.88392143362468]}}, {"type": "Feature", "geometry": {"type": "LineString", "coordinates": [[51.261531244206815, 42.88650956210895], [51.221537176515675, 42.922792816504284]]}, "properties": {"transect_id": 11, "baseline_distance_m": 9280.8, "positions": {"2000": 10598.4, "2001": 10590.3, "2002": 10577.9, "2003": 10574.2, "2004": 10571.0, "2005": 10564.0, "2006": 10556.4, "2007": 10551.0, "2008": 10544.2, "2009": 10539.6, "2010": 10538.7, "2011": 10516.3, "2012": null, "2013": 10513.3, "2014": 10508.8, "2015": 10503.0, "2016": 10494.2, "2017": 10482.5, "2018": 10484.6, "2019": 10484.0, "2020": 10464.8, "2021": 10468.2, "2022": 10457.2, "2023": 10452.1, "2024": 10442.0, "2025": 10438.7, "2026": 10439.0}, "total_retreat_m": 159.4, "speed_m_per_year": -6.19, "r_squared": 0.994, "std_error": 0.1, "ci_95_low": -6.39, "ci_95_high": -5.99, "valid_years": 26, "confidence": "high", "risk_class": "low", "location_ru": "Севернее водозабора МАЭК", "anchor": [51.25486556625829, 42.89255677117484]}}, {"type": "Feature", "geometry": {"type": "LineString", "coordinates": [[51.26918740063301, 42.89486671691311], [51.22955298807441, 42.93154250376404]]}, "properties": {"transect_id": 12, "baseline_distance_m": 9761.8, "positions": {"2000": 12890.2, "2001": 12882.1, "2002": 12882.2, "2003": 12871.9, "2004": 12868.3, "2005": 12858.7, "2006": 12855.0, "2007": 12846.8, "2008": 12848.5, "2009": 12834.7, "2010": 12837.4, "2011": 12828.4, "2012": null, "2013": 12823.6, "2014": 12816.8, "2015": 12816.0, "2016": 12806.5, "2017": 12792.1, "2018": 12793.0, "2019": 12783.5, "2020": 12781.0, "2021": 12784.0, "2022": 12775.4, "2023": 12764.9, "2024": 12758.5, "2025": 12757.6, "2026": 12747.5}, "total_retreat_m": 142.7, "speed_m_per_year": -5.3, "r_squared": 0.993, "std_error": 0.09, "ci_95_low": -5.49, "ci_95_high": -5.11, "valid_years": 26, "confidence": "high", "risk_class": "low", "location_ru": "Бухта Курык", "anchor": [51.262581665206575, 42.90097934805493]}}, {"type": "Feature", "geometry": {"type": "LineString", "coordinates": [[51.27679210641064, 42.90299997419138], [51.23754496887249, 42.94008989458846]]}, "properties": {"transect_id": 13, "baseline_distance_m": 10242.9, "positions": {"2000": 13694.4, "2001": 13685.5, "2002": 13667.2, "2003": 13639.4, "2004": 13633.7, "2005": 13616.6, "2006": 13601.9, "2007": 13590.5, "2008": 13559.7, "2009": 13549.4, "2010": 13538.0, "2011": 13513.2, "2012": null, "2013": 13493.2, "2014": 13472.6, "2015": 13458.4, "2016": 13436.6, "2017": 13426.0, "2018": 13410.9, "2019": 13391.4, "2020": 13375.3, "2021": 13359.3, "2022": 13338.6, "2023": 13325.4, "2024": 13309.2, "2025": 13295.2, "2026": 13281.5}, "total_retreat_m": 412.9, "speed_m_per_year": -16.06, "r_squared": 0.999, "std_error": 0.1, "ci_95_low": -16.27, "ci_95_high": -15.86, "valid_years": 26, "confidence": "high", "risk_class": "medium", "location_ru": "Тюб-Караганский залив", "anchor": [51.27025091682095, 42.9091816275909]}}, {"type": "Feature", "geometry": {"type": "LineString", "coordinates": [[51.28434288738644, 42.91090228780545], [51.24551217950526, 42.94842796069012]]}, "properties": {"transect_id": 14, "baseline_distance_m": 10724.0, "positions": {"2000": 12305.8, "2001": 12277.5, "2002": 12257.7, "2003": 12242.4, "2004": 12225.5, "2005": 12202.7, "2006": 12188.6, "2007": 12167.2, "2008": 12147.7, "2009": 12127.1, "2010": 12114.8, "2011": 12085.2, "2012": null, "2013": 12039.1, "2014": 12034.1, "2015": 12006.4, "2016": 11989.2, "2017": 11974.6, "2018": 11943.5, "2019": 11925.4, "2020": 11904.6, "2021": 11888.4, "2022": 11873.9, "2023": 11854.8, "2024": 11834.3, "2025": 11808.1, "2026": 11785.1}, "total_retreat_m": 520.7, "speed_m_per_year": -19.69, "r_squared": 0.999, "std_error": 0.11, "ci_95_low": -19.92, "ci_95_high": -19.46, "valid_years": 26, "confidence": "high", "risk_class": "medium", "location_ru": "Мыс Меловой", "anchor": [51.277871102739574, 42.91715656661956]}}, {"type": "Feature", "geometry": {"type": "LineString", "coordinates": [[51.291837266461506, 42.91856713318001], [51.253453772834106, 42.95655012170061]]}, "properties": {"transect_id": 15, "baseline_distance_m": 11205.1, "positions": {"2000": 11705.3, "2001": 11696.8, "2002": 11685.2, "2003": 11678.2, "2004": 11666.7, "2005": 11658.5, "2006": 11644.1, "2007": 11636.8, "2008": 11628.9, "2009": 11622.0, "2010": 11607.7, "2011": 11601.9, "2012": null, "2013": 11580.0, "2014": 11571.1, "2015": 11565.5, "2016": 11544.8, "2017": 11538.2, "2018": 11528.0, "2019": 11515.2, "2020": 11512.4, "2021": 11508.7, "2022": 11495.1, "2023": 11487.6, "2024": 11481.8, "2025": 11473.3, "2026": 11458.3}, "total_retreat_m": 247.0, "speed_m_per_year": -9.49, "r_squared": 0.998, "std_error": 0.09, "ci_95_low": -9.68, "ci_95_high": -9.3, "valid_years": 26, "confidence": "high", "risk_class": "medium", "location_ru": "Южная коса Актау", "anchor": [51.285440017523605, 42.92489763126678]}}, {"type": "Feature", "geometry": {"type": "LineString", "coordinates": [[51.29927276456973, 42.92598852456353], [51.26136899257976, 42.964450246689985]]}, "properties": {"transect_id": 16, "baseline_distance_m": 11686.1, "positions": {"2000": 13776.7, "2001": 13779.9, "2002": 13778.7, "2003": 13783.3, "2004": 13787.7, "2005": 13794.6, "2006": 13800.5, "2007": 13790.3, "2008": 13799.7, "2009": 13796.2, "2010": 13804.5, "2011": 13804.4, "2012": null, "2013": 13802.1, "2014": 13815.4, "2015": 13811.5, "2016": 13814.0, "2017": 13814.1, "2018": 13818.1, "2019": 13824.6, "2020": 13824.4, "2021": 13828.8, "2022": 13831.1, "2023": 13837.2, "2024": 13832.8, "2025": 13830.6, "2026": 13843.0}, "total_retreat_m": -66.3, "speed_m_per_year": 2.35, "r_squared": 0.964, "std_error": 0.09, "ci_95_low": 2.16, "ci_95_high": 2.55, "valid_years": 26, "confidence": "high", "risk_class": "low", "location_ru": "Побережье у Баутино", "anchor": [51.292955469238066, 42.932398811584605]}}, {"type": "Feature", "geometry": {"type": "LineString", "coordinates": [[51.306646901993766, 42.933161031416624], [51.26925717020636, 42.97212265300589]]}, "properties": {"transect_id": 17, "baseline_distance_m": 12167.2, "positions": {"2000": 15645.1, "2001": 15630.4, "2002": 15619.7, "2003": 15613.4, "2004": 15601.3, "2005": 15580.6, "2006": 15568.3, "2007": 15559.4, "2008": 15539.0, "2009": 15531.1, "2010": 15517.0, "2011": 15505.7, "2012": null, "2013": 15475.9, "2014": 15460.2, "2015": 15445.6, "2016": 15436.8, "2017": 15426.8, "2018": 15414.8, "2019": 15411.1, "2020": 15395.1, "2021": 15374.2, "2022": 15366.8, "2023": 15351.1, "2024": 15339.0, "2025": 15328.2, "2026": 15317.3}, "total_retreat_m": 327.8, "speed_m_per_year": -12.76, "r_squared": 0.999, "std_error": 0.1, "ci_95_low": -12.96, "ci_95_high": -12.55, "valid_years": 26, "confidence": "high", "risk_class": "medium", "location_ru": "Залив Комсомолец", "anchor": [51.3004152800292, 42.93965463501483]}}, {"type": "Feature", "geometry": {"type": "LineString", "coordinates": [[51.31395720009721, 42.940079793899216], [51.277117719701955, 42.979562102395654]]}, "properties": {"transect_id": 18, "baseline_distance_m": 12648.3, "positions": {"2000": 13290.3, "2001": 13282.3, "2002": 13280.0, "2003": 13257.9, "2004": 13250.1, "2005": 13232.1, "2006": 13221.4, "2007": 13206.2, "2008": 13193.2, "2009": 13178.1, "2010": 13170.3, "2011": 13152.5, "2012": null, "2013": 13133.4, "2014": 13122.4, "2015": 13106.9, "2016": 13091.7, "2017": 13082.0, "2018": 13066.3, "2019": 13058.7, "2020": 13035.0, "2021": 13028.3, "2022": 13009.1, "2023": 12998.4, "2024": 12997.2, "2025": 12982.7, "2026": 12963.6}, "total_retreat_m": 326.7, "speed_m_per_year": -12.76, "r_squared": 0.998, "std_error": 0.1, "ci_95_low": -12.97, "ci_95_high": -12.55, "valid_years": 26, "confidence": "high", "risk_class": "medium", "location_ru": "Мыс Ракушечный", "anchor": [51.307817286698, 42.94666017864862]}}, {"type": "Feature", "geometry": {"type": "LineString", "coordinates": [[51.321201183567844, 42.946740537424695], [51.2849501297811, 42.9867637944055]]}, "properties": {"transect_id": 19, "baseline_distance_m": 13129.4, "positions": {"2000": 12187.3, "2001": 12176.3, "2002": 12145.4, "2003": 12118.5, "2004": 12099.7, "2005": 12068.7, "2006": 12050.9, "2007": 12029.5, "2008": 12005.9, "2009": 11986.5, "2010": 11961.8, "2011": 11940.2, "2012": null, "2013": 11888.9, "2014": 11872.3, "2015": 11852.4, "2016": 11819.1, "2017": 11796.5, "2018": 11782.5, "2019": 11753.4, "2020": 11736.9, "2021": 11706.6, "2022": 11691.3, "2023": 11663.1, "2024": 11640.7, "2025": 11623.0, "2026": 11592.4}, "total_retreat_m": 594.9, "speed_m_per_year": -22.85, "r_squared": 1.0, "std_error": 0.1, "ci_95_low": -23.05, "ci_95_high": -22.65, "valid_years": 26, "confidence": "high", "risk_class": "high", "location_ru": "Северный Бузачи", "anchor": [51.31515934127005, 42.95341108025483]}}, {"type": "Feature", "geometry": {"type": "LineString", "coordinates": [[51.328376383273444, 42.95313958623368], [51.292753952999824, 42.99372335714523]]}, "properties": {"transect_id": 20, "baseline_distance_m": 13610.4, "positions": {"2000": 15444.4, "2001": 15418.5, "2002": 15409.5, "2003": 15386.9, "2004": 15375.8, "2005": 15343.8, "2006": 15332.3, "2007": 15310.9, "2008": 15296.4, "2009": 15282.9, "2010": 15263.3, "2011": 15245.2, "2012": null, "2013": 15209.8, "2014": 15193.4, "2015": 15170.7, "2016": 15159.7, "2017": 15141.7, "2018": 15122.7, "2019": 15105.5, "2020": 15086.6, "2021": 15075.7, "2022": 15049.4, "2023": 15030.6, "2024": 15011.0, "2025": 14992.0, "2026": 14973.3}, "total_retreat_m": 471.1, "speed_m_per_year": -17.8, "r_squared": 0.999, "std_error": 0.1, "ci_95_low": -18.0, "ci_95_high": -17.6, "valid_years": 26, "confidence": "high", "risk_class": "medium", "location_ru": "Прибрежная зона Каламкас", "anchor": [51.322439311561176, 42.959903548052274]}}, {"type": "Feature", "geometry": {"type": "LineString", "coordinates": [[51.3354803398446, 42.959273875927096], [51.30052879121153, 43.00043683558928]]}, "properties": {"transect_id": 21, "baseline_distance_m": 14091.5, "positions": {"2000": 12392.7, "2001": 12374.2, "2002": 12353.6, "2003": 12342.9, "2004": 12324.9, "2005": 12303.9, "2006": 12284.6, "2007": 12272.1, "2008": 12253.3, "2009": 12229.4, "2010": 12217.5, "2011": 12201.5, "2012": null, "2013": 12162.2, "2014": 12149.2, "2015": 12125.2, "2016": 12119.0, "2017": 12101.3, "2018": 12078.0, "2019": 12063.1, "2020": 12034.7, "2021": 12022.3, "2022": 12008.4, "2023": 11988.0, "2024": 11977.7, "2025": 11965.5, "2026": 11935.5}, "total_retreat_m": 457.2, "speed_m_per_year": -17.4, "r_squared": 0.999, "std_error": 0.1, "ci_95_low": -17.61, "ci_95_high": -17.2, "valid_years": 26, "confidence": "high", "risk_class": "medium", "location_ru": "Севернее водозабора МАЭК", "anchor": [51.32965508173909, 42.96613436920413]}}, {"type": "Feature", "geometry": {"type": "LineString", "coordinates": [[51.34251060810088, 42.96514096487298], [51.308274276779244, 43.006900677726826]]}, "properties": {"transect_id": 22, "baseline_distance_m": 14572.6, "positions": {"2000": 13931.1, "2001": 13902.9, "2002": 13891.9, "2003": 13881.3, "2004": 13850.5, "2005": 13835.2, "2006": 13821.7, "2007": 13804.5, "2008": 13792.9, "2009": 13773.8, "2010": 13748.8, "2011": 13741.1, "2012": null, "2013": 13703.0, "2014": 13693.6, "2015": 13669.1, "2016": 13652.2, "2017": 13640.0, "2018": 13624.1, "2019": 13605.9, "2020": 13580.5, "2021": 13572.6, "2022": 13549.4, "2023": 13537.6, "2024": 13514.1, "2025": 13504.7, "2026": 13482.8}, "total_retreat_m": 448.3, "speed_m_per_year": -16.93, "r_squared": 0.999, "std_error": 0.1, "ci_95_low": -17.14, "ci_95_high": -16.72, "valid_years": 26, "confidence": "high", "risk_class": "medium", "location_ru": "Бухта Курык", "anchor": [51.33680455288061, 42.97210091701529]}}, {"type": "Feature", "geometry": {"type": "LineString", "coordinates": [[51.34946476244397, 42.970739044379066], [51.315990048927155, 43.013111719005146]]}, "properties": {"transect_id": 23, "baseline_distance_m": 15053.7, "positions": {"2000": 14806.2, "2001": 14782.0, "2002": 14769.4, "2003": 14741.0, "2004": 14722.1, "2005": 14702.2, "2006": 14677.9, "2007": 14661.4, "2008": 14636.6, "2009": 14616.2, "2010": 14602.5, "2011": 14572.1, "2012": null, "2013": 14525.0, "2014": 14520.2, "2015": 14503.2, "2016": 14470.5, "2017": 14443.6, "2018": 14429.3, "2019": 14408.6, "2020": 14388.1, "2021": 14363.6, "2022": 14349.6, "2023": 14328.6, "2024": 14299.7, "2025": 14287.6, "2026": 14272.2}, "total_retreat_m": 534.0, "speed_m_per_year": -20.8, "r_squared": 0.999, "std_error": 0.12, "ci_95_low": -21.04, "ci_95_high": -20.55, "valid_years": 26, "confidence": "high", "risk_class": "high", "location_ru": "Тюб-Караганский залив", "anchor": [51.3438856435245, 42.977801156816746]}}, {"type": "Feature", "geometry": {"type": "LineString", "coordinates": [[51.356340403333505, 42.97606694748777], [51.32367572465077, 43.01906716570296]]}, "properties": {"transect_id": 24, "baseline_distance_m": 15534.8, "positions": {"2000": 12447.1, "2001": 12442.2, "2002": 12425.0, "2003": 12424.7, "2004": 12414.6, "2005": 12415.7, "2006": 12399.7, "2007": 12399.2, "2008": 12380.3, "2009": 12379.1, "2010": 12370.2, "2011": 12357.6, "2012": null, "2013": 12346.0, "2014": 12342.3, "2015": 12328.3, "2016": 12314.9, "2017": 12313.7, "2018": 12302.3, "2019": 12296.7, "2020": 12289.9, "2021": 12275.5, "2022": 12268.0, "2023": 12268.5, "2024": 12256.6, "2025": 12240.6, "2026": 12246.1}, "total_retreat_m": 201.0, "speed_m_per_year": -8.03, "r_squared": 0.996, "std_error": 0.1, "ci_95_low": -8.25, "ci_95_high": -7.82, "valid_years": 26, "confidence": "high", "risk_class": "medium", "location_ru": "Мыс Меловой", "anchor": [51.350896290219715, 42.98323365052364]}}, {"type": "Feature", "geometry": {"type": "LineString", "coordinates": [[51.36313516494932, 42.98112415621392], [51.33133086366636, 43.02476457807145]]}, "properties": {"transect_id": 25, "baseline_distance_m": 16015.8, "positions": {"2000": 11791.0, "2001": 11792.6, "2002": 11783.7, "2003": 11784.8, "2004": 11770.0, "2005": 11762.9, "2006": 11753.7, "2007": 11750.6, "2008": 11742.8, "2009": 11738.3, "2010": 11724.3, "2011": 11717.6, "2012": null, "2013": 11703.4, "2014": 11701.5, "2015": 11697.4, "2016": 11682.5, "2017": 11675.7, "2018": 11671.6, "2019": 11662.4, "2020": 11660.2, "2021": 11640.4, "2022": 11639.1, "2023": 11632.3, "2024": 11619.1, "2025": 11617.5, "2026": 11610.7}, "total_retreat_m": 180.3, "speed_m_per_year": -7.27, "r_squared": 0.996, "std_error": 0.09, "ci_95_low": -7.46, "ci_95_high": -7.07, "valid_years": 26, "confidence": "high", "risk_class": "low", "location_ru": "Южная коса Актау", "anchor": [51.35783444806883, 42.98839755985684]}}, {"type": "Feature", "geometry": {"type": "LineString", "coordinates": [[51.36984672411967, 42.985910807004466], [51.33895492700163, 43.03020185430319]]}, "properties": {"transect_id": 26, "baseline_distance_m": 16496.9, "positions": {"2000": 11874.4, "2001": 11860.1, "2002": 11852.7, "2003": 11845.9, "2004": 11826.5, "2005": 11815.6, "2006": 11810.2, "2007": 11795.8, "2008": 11788.1, "2009": 11774.2, "2010": 11765.8, "2011": 11747.6, "2012": null, "2013": 11729.2, "2014": 11717.2, "2015": 11701.9, "2016": 11689.3, "2017": 11687.1, "2018": 11671.7, "2019": 11657.7, "2020": 11650.2, "2021": 11643.9, "2022": 11619.0, "2023": 11610.9, "2024": 11601.9, "2025": 11600.2, "2026": 11584.3}, "total_retreat_m": 290.1, "speed_m_per_year": -11.27, "r_squared": 0.998, "std_error": 0.09, "ci_95_low": -11.47, "ci_95_high": -11.08, "valid_years": 26, "confidence": "high", "risk_class": "medium", "location_ru": "Побережье у Баутино", "anchor": [51.36469809126666, 42.99329264822092]}}, {"type": "Feature", "geometry": {"type": "LineString", "coordinates": [[51.376472810554915, 42.99042769415578], [51.346547229028175, 43.03537721662584]]}, "properties": {"transect_id": 27, "baseline_distance_m": 16978.0, "positions": {"2000": 10286.9, "2001": 10290.5, "2002": 10286.3, "2003": 10285.6, "2004": 10280.0, "2005": 10279.2, "2006": 10276.0, "2007": 10275.8, "2008": 10273.3, "2009": 10260.9, "2010": 10255.7, "2011": 10266.1, "2012": null, "2013": 10261.5, "2014": 10250.0, "2015": 10243.9, "2016": 10249.1, "2017": 10249.8, "2018": 10250.6, "2019": 10242.8, "2020": 10236.5, "2021": 10231.8, "2022": 10232.7, "2023": 10228.8, "2024": 10223.3, "2025": 10232.9, "2026": 10229.2}, "total_retreat_m": 57.7, "speed_m_per_year": -2.57, "r_squared": 0.957, "std_error": 0.11, "ci_95_low": -2.8, "ci_95_high": -2.34, "valid_years": 26, "confidence": "high", "risk_class": "low", "location_ru": "Залив Комсомолец", "anchor": [51.37148521363379, 42.99791928123412]}}, {"type": "Feature", "geometry": {"type": "LineString", "coordinates": [[51.38301121837068, 42.99467627088272], [51.35410688301667, 43.0402892010423]]}, "properties": {"transect_id": 28, "baseline_distance_m": 17459.1, "positions": {"2000": 14882.4, "2001": 14882.1, "2002": 14881.8, "2003": 14885.6, "2004": 14883.7, "2005": 14884.7, "2006": 14884.8, "2007": 14884.2, "2008": 14876.2, "2009": 14884.3, "2010": 14882.3, "2011": 14879.9, "2012": null, "2013": 14892.9, "2014": 14893.6, "2015": 14892.7, "2016": 14888.8, "2017": 14893.7, "2018": 14888.9, "2019": 14890.3, "2020": 14885.6, "2021": 14892.1, "2022": 14891.3, "2023": 14886.4, "2024": 14892.0, "2025": 14892.4, "2026": 14900.5}, "total_retreat_m": -18.1, "speed_m_per_year": 0.49, "r_squared": 0.522, "std_error": 0.1, "ci_95_low": 0.29, "ci_95_high": 0.69, "valid_years": 26, "confidence": "medium", "risk_class": "low", "location_ru": "Мыс Ракушечный", "anchor": [51.37819382914501, 43.00227842590932]}}, {"type": "Feature", "geometry": {"type": "LineString", "coordinates": [[51.38945981880849, 42.998658647698335], [51.36163274067171, 43.0449366524346]]}, "properties": {"transect_id": 29, "baseline_distance_m": 17940.1, "positions": {"2000": 10762.5, "2001": 10760.0, "2002": 10757.3, "2003": 10752.1, "2004": 10754.2, "2005": 10750.1, "2006": 10746.4, "2007": 10751.8, "2008": 10749.6, "2009": 10739.2, "2010": 10744.2, "2011": 10747.0, "2012": null, "2013": 10743.9, "2014": 10742.1, "2015": 10736.5, "2016": 10731.3, "2017": 10728.7, "2018": 10732.7, "2019": 10731.2, "2020": 10733.1, "2021": 10730.7, "2022": 10724.1, "2023": 10718.0, "2024": 10720.0, "2025": 10720.5, "2026": 10717.1}, "total_retreat_m": 45.4, "speed_m_per_year": -1.61, "r_squared": 0.942, "std_error": 0.08, "ci_95_low": -1.78, "ci_95_high": -1.44, "valid_years": 26, "confidence": "high", "risk_class": "low", "location_ru": "Северный Бузачи", "anchor": [51.38482197245236, 43.006371648487715]}}, {"type": "Feature", "geometry": {"type": "LineString", "coordinates": [[51.39581657396875, 43.00237758774067], [51.3691233265728, 43.04931872687745]]}, "properties": {"transect_id": 30, "baseline_distance_m": 18421.2, "positions": {"2000": 13119.4, "2001": 13104.0, "2002": 13092.9, "2003": 13075.2, "2004": 13062.9, "2005": 13048.1, "2006": 13027.6, "2007": 13015.4, "2008": 13008.2, "2009": 12982.9, "2010": 12964.3, "2011": 12950.4, "2012": null, "2013": 12928.3, "2014": 12913.4, "2015": 12897.9, "2016": 12888.4, "2017": 12858.0, "2018": 12855.4, "2019": 12845.2, "2020": 12819.6, "2021": 12807.7, "2022": 12791.3, "2023": 12775.9, "2024": 12763.3, "2025": 12755.5, "2026": 12742.2}, "total_retreat_m": 377.2, "speed_m_per_year": -14.76, "r_squared": 0.999, "std_error": 0.11, "ci_95_low": -14.99, "ci_95_high": -14.53, "valid_years": 26, "confidence": "high", "risk_class": "medium", "location_ru": "Прибрежная зона Каламкас", "anchor": [51.39136769940276, 43.01020111093013]}}, {"type": "Feature", "geometry": {"type": "LineString", "coordinates": [[51.40207955125852, 43.0058364986807], [51.3765767690081, 43.05343490303933]]}, "properties": {"transect_id": 31, "baseline_distance_m": 18902.3, "positions": {"2000": 15875.5, "2001": 15869.5, "2002": 15849.3, "2003": 15837.4, "2004": 15825.6, "2005": 15824.0, "2006": 15801.9, "2007": 15782.8, "2008": 15776.7, "2009": 15758.6, "2010": 15745.3, "2011": 15738.0, "2012": null, "2013": 15708.9, "2014": 15697.1, "2015": 15683.2, "2016": 15671.7, "2017": 15659.2, "2018": 15637.0, "2019": 15634.6, "2020": 15615.2, "2021": 15600.5, "2022": 15593.2, "2023": 15581.0, "2024": 15565.1, "2025": 15558.3, "2026": 15536.8}, "total_retreat_m": 338.7, "speed_m_per_year": -13.04, "r_squared": 0.999, "std_error": 0.09, "ci_95_low": -13.23, "ci_95_high": -12.84, "valid_years": 26, "confidence": "high", "risk_class": "medium", "location_ru": "Севернее водозабора МАЭК", "anchor": [51.397829087550114, 43.013769566073805]}}, {"type": "Feature", "geometry": {"type": "LineString", "coordinates": [[51.408246938130745, 43.00903942087056], [51.38399072931582, 43.0572850044397]]}, "properties": {"transect_id": 32, "baseline_distance_m": 19383.4, "positions": {"2000": 12810.3, "2001": 12798.1, "2002": 12779.3, "2003": 12772.7, "2004": 12756.5, "2005": 12735.1, "2006": 12721.3, "2007": 12715.5, "2008": 12701.1, "2009": 12688.1, "2010": 12674.8, "2011": 12662.2, "2012": null, "2013": 12638.0, "2014": 12616.2, "2015": 12602.4, "2016": 12589.2, "2017": 12581.1, "2018": 12571.4, "2019": 12551.1, "2020": 12529.3, "2021": 12518.9, "2022": 12508.9, "2023": 12496.4, "2024": 12483.4, "2025": 12471.7, "2026": 12456.7}, "total_retreat_m": 353.6, "speed_m_per_year": -13.62, "r_squared": 0.999, "std_error": 0.09, "ci_95_low": -13.81, "ci_95_high": -13.43, "valid_years": 26, "confidence": "high", "risk_class": "medium", "location_ru": "Бухта Курык", "anchor": [51.40420423666159, 43.01708035146542]}}, {"type": "Feature", "geometry": {"type": "LineString", "coordinates": [[51.41431705656334, 43.01199101145396], [51.39136233249232, 43.060869234036446]]}, "properties": {"transect_id": 33, "baseline_distance_m": 19864.4, "positions": {"2000": 13501.9, "2001": 13506.6, "2002": 13497.8, "2003": 13504.8, "2004": 13502.9, "2005": 13501.2, "2006": 13507.4, "2007": 13497.8, "2008": 13507.8, "2009": 13497.9, "2010": 13493.0, "2011": 13497.7, "2012": null, "2013": 13491.6, "2014": 13492.2, "2015": 13496.1, "2016": 13496.0, "2017": 13490.6, "2018": 13496.3, "2019": 13496.2, "2020": 13496.6, "2021": 13492.3, "2022": 13494.9, "2023": 13481.2, "2024": 13486.7, "2025": 13483.8, "2026": 13487.0}, "total_retreat_m": 14.9, "speed_m_per_year": -0.7, "r_squared": 0.658, "std_error": 0.1, "ci_95_low": -0.91, "ci_95_high": -0.48, "valid_years": 26, "confidence": "medium", "risk_class": "low", "location_ru": "Тюб-Караганский залив", "anchor": [51.41049126921817, 43.020137381884375]}}, {"type": "Feature", "geometry": {"type": "LineString", "coordinates": [[51.42028837660503, 43.01469652426544], [51.39868810242918, 43.06418822210991]]}, "properties": {"transect_id": 34, "baseline_distance_m": 20345.5, "positions": {"2000": 13113.5, "2001": 13090.0, "2002": 13077.0, "2003": 13059.2, "2004": 13045.1, "2005": 13029.6, "2006": 13016.0, "2007": 13003.6, "2008": 12990.3, "2009": 12969.6, "2010": 12955.4, "2011": 12933.2, "2012": null, "2013": 12906.9, "2014": 12895.7, "2015": 12880.1, "2016": 12862.2, "2017": 12849.6, "2018": 12832.8, "2019": 12820.3, "2020": 12801.4, "2021": 12783.5, "2022": 12771.0, "2023": 12742.6, "2024": 12740.6, "2025": 12709.2, "2026": 12701.6}, "total_retreat_m": 411.9, "speed_m_per_year": -15.57, "r_squared": 0.999, "std_error": 0.11, "ci_95_low": -15.8, "ci_95_high": -15.34, "valid_years": 26, "confidence": "high", "risk_class": "medium", "location_ru": "Мыс Меловой", "anchor": [51.416688330909054, 43.02294514057285]}}, {"type": "Feature", "geometry": {"type": "LineString", "coordinates": [[51.42615952821389, 43.01716178549366], [51.40596390565167, 43.06724308768644]]}, "properties": {"transect_id": 35, "baseline_distance_m": 20826.6, "positions": {"2000": 15519.3, "2001": 15514.8, "2002": 15516.8, "2003": 15503.1, "2004": 15507.6, "2005": 15492.3, "2006": 15487.6, "2007": 15486.2, "2008": 15473.9, "2009": 15463.0, "2010": 15460.3, "2011": 15454.2, "2012": null, "2013": 15436.2, "2014": 15434.4, "2015": 15426.1, "2016": 15426.4, "2017": 15416.5, "2018": 15408.9, "2019": 15403.3, "2020": 15398.3, "2021": 15393.5, "2022": 15380.7, "2023": 15374.2, "2024": 15376.5, "2025": 15364.1, "2026": 15353.7}, "total_retreat_m": 165.6, "speed_m_per_year": -6.43, "r_squared": 0.995, "std_error": 0.09, "ci_95_low": -6.62, "ci_95_high": -6.24, "valid_years": 26, "confidence": "high", "risk_class": "low", "location_ru": "Южная коса Актау", "anchor": [51.42279359112018, 43.02550866919246]}}, {"type": "Feature", "geometry": {"type": "LineString", "coordinates": [[51.43192931056282, 43.01939316527924], [51.41318490768342, 43.07003551278303]]}, "properties": {"transect_id": 36, "baseline_distance_m": 21307.7, "positions": {"2000": 15694.2, "2001": 15694.7, "2002": 15690.2, "2003": 15682.2, "2004": 15676.7, "2005": 15662.0, "2006": 15662.3, "2007": 15653.2, "2008": 15646.0, "2009": 15644.8, "2010": 15640.7, "2011": 15635.4, "2012": null, "2013": 15620.4, "2014": 15608.1, "2015": 15603.4, "2016": 15598.5, "2017": 15589.3, "2018": 15582.8, "2019": 15579.0, "2020": 15568.9, "2021": 15559.7, "2022": 15554.4, "2023": 15552.0, "2024": 15542.9, "2025": 15537.7, "2026": 15532.5}, "total_retreat_m": 161.7, "speed_m_per_year": -6.51, "r_squared": 0.997, "std_error": 0.08, "ci_95_low": -6.68, "ci_95_high": -6.35, "valid_years": 26, "confidence": "high", "risk_class": "low", "location_ru": "Побережье у Баутино", "anchor": [51.42880524341626, 43.02783355652987]}}, {"type": "Feature", "geometry": {"type": "LineString", "coordinates": [[51.43759669798745, 43.02139754564224], [51.4203455461625, 43.07256782764959]]}, "properties": {"transect_id": 37, "baseline_distance_m": 21788.7, "positions": {"2000": 13979.0, "2001": 13958.5, "2002": 13955.2, "2003": 13933.4, "2004": 13914.8, "2005": 13903.2, "2006": 13889.3, "2007": 13879.6, "2008": 13864.3, "2009": 13850.0, "2010": 13839.8, "2011": 13824.7, "2012": null, "2013": 13796.5, "2014": 13782.9, "2015": 13769.7, "2016": 13744.8, "2017": 13737.8, "2018": 13716.5, "2019": 13711.3, "2020": 13697.2, "2021": 13687.3, "2022": 13673.9, "2023": 13655.9, "2024": 13639.1, "2025": 13629.1, "2026": 13611.0}, "total_retreat_m": 368.0, "speed_m_per_year": -13.95, "r_squared": 0.999, "std_error": 0.09, "ci_95_low": -14.14, "ci_95_high": -13.75, "valid_years": 26, "confidence": "high", "risk_class": "medium", "location_ru": "Залив Комсомолец", "anchor": [51.43472150601663, 43.0299259259768]}}, {"type": "Feature", "geometry": {"type": "LineString", "coordinates": [[51.44316084183877, 43.02318228538006], [51.42743952439324, 43.07484310397382]]}, "properties": {"transect_id": 38, "baseline_distance_m": 22269.8, "positions": {"2000": 13659.1, "2001": 13653.7, "2002": 13642.3, "2003": 13624.9, "2004": 13621.8, "2005": 13609.8, "2006": 13596.6, "2007": 13582.2, "2008": 13571.0, "2009": 13561.4, "2010": 13554.9, "2011": 13538.0, "2012": null, "2013": 13521.8, "2014": 13504.3, "2015": 13497.5, "2016": 13487.9, "2017": 13486.4, "2018": 13460.2, "2019": 13460.8, "2020": 13444.6, "2021": 13434.8, "2022": 13422.8, "2023": 13413.2, "2024": 13399.9, "2025": 13395.5, "2026": 13377.0}, "total_retreat_m": 282.1, "speed_m_per_year": -10.8, "r_squared": 0.998, "std_error": 0.09, "ci_95_low": -10.99, "ci_95_high": -10.61, "valid_years": 26, "confidence": "high", "risk_class": "medium", "location_ru": "Мыс Ракушечный", "anchor": [51.440540622264514, 43.031792421812355]}}, {"type": "Feature", "geometry": {"type": "LineString", "coordinates": [[51.44862106767171, 43.024755182810765], [51.434459828179605, 43.07686525185743]]}, "properties": {"transect_id": 39, "baseline_distance_m": 22750.9, "positions": {"2000": 11006.0, "2001": 11000.9, "2002": 11006.1, "2003": 11009.1, "2004": 11002.0, "2005": 11000.6, "2006": 10996.0, "2007": 10998.5, "2008": 10992.1, "2009": 10993.9, "2010": 10997.5, "2011": 11000.9, "2012": null, "2013": 11004.9, "2014": 10990.4, "2015": 10997.5, "2016": 10991.8, "2017": 10989.2, "2018": 10990.6, "2019": 10988.2, "2020": 10987.4, "2021": 10984.4, "2022": 10979.4, "2023": 10977.9, "2024": 10985.7, "2025": 10981.0, "2026": 10978.8}, "total_retreat_m": 27.2, "speed_m_per_year": -1.0, "r_squared": 0.799, "std_error": 0.1, "ci_95_low": -1.21, "ci_95_high": -0.79, "valid_years": 26, "confidence": "medium", "risk_class": "low", "location_ru": "Северный Бузачи", "anchor": [51.44626086108969, 43.033440194318544]}}, {"type": "Feature", "geometry": {"type": "LineString", "coordinates": [[51.45397686746345, 43.02612443743657], [51.441398767469465, 43.07863911538989]]}, "properties": {"transect_id": 40, "baseline_distance_m": 23232.0, "positions": {"2000": 14117.7, "2001": 14103.2, "2002": 14099.6, "2003": 14089.8, "2004": 14074.3, "2005": 14065.1, "2006": 14055.0, "2007": 14043.4, "2008": 14030.2, "2009": 14019.0, "2010": 14007.5, "2011": 13989.9, "2012": null, "2013": 13974.8, "2014": 13955.4, "2015": 13946.5, "2016": 13943.7, "2017": 13930.7, "2018": 13922.1, "2019": 13904.0, "2020": 13889.3, "2021": 13881.8, "2022": 13872.0, "2023": 13860.7, "2024": 13853.8, "2025": 13836.7, "2026": 13828.4}, "total_retreat_m": 289.3, "speed_m_per_year": -11.26, "r_squared": 0.999, "std_error": 0.08, "ci_95_low": -11.43, "ci_95_high": -11.08, "valid_years": 26, "confidence": "high", "risk_class": "medium", "location_ru": "Прибрежная зона Каламкас", "anchor": [51.45188051746445, 43.034876883762124]}}, {"type": "Feature", "geometry": {"type": "LineString", "coordinates": [[51.45922788688829, 43.02729861173165], [51.44824804267435, 43.08017056101515]]}, "properties": {"transect_id": 41, "baseline_distance_m": 23713.0, "positions": {"2000": 10316.9, "2001": 10293.6, "2002": 10275.4, "2003": 10255.4, "2004": 10234.9, "2005": 10222.8, "2006": 10195.1, "2007": 10174.3, "2008": 10146.6, "2009": 10131.2, "2010": 10113.5, "2011": 10091.6, "2012": null, "2013": 10059.4, "2014": 10033.0, "2015": 10018.6, "2016": 9993.5, "2017": 9973.2, "2018": 9952.4, "2019": 9932.6, "2020": 9919.2, "2021": 9882.8, "2022": 9863.9, "2023": 9849.5, "2024": 9831.5, "2025": 9814.0, "2026": 9792.9}, "total_retreat_m": 524.0, "speed_m_per_year": -20.21, "r_squared": 0.999, "std_error": 0.1, "ci_95_low": -20.42, "ci_95_high": -19.99, "valid_years": 26, "confidence": "high", "risk_class": "high", "location_ru": "Севернее водозабора МАЭК", "anchor": [51.457397912852635, 43.0361106032789]}}, {"type": "Feature", "geometry": {"type": "LineString", "coordinates": [[51.46437390806345, 43.02828659429352], [51.454998833593294, 43.08146655272411]]}, "properties": {"transect_id": 42, "baseline_distance_m": 24194.1, "positions": {"2000": 11056.2, "2001": 11037.8, "2002": 11025.8, "2003": 11008.0, "2004": 10989.6, "2005": 10979.6, "2006": 10962.2, "2007": 10946.7, "2008": 10937.6, "2009": 10906.8, "2010": 10895.9, "2011": 10881.8, "2012": null, "2013": 10855.0, "2014": 10840.4, "2015": 10820.3, "2016": 10807.4, "2017": 10792.8, "2018": 10791.0, "2019": 10773.4, "2020": 10749.5, "2021": 10734.6, "2022": 10716.4, "2023": 10698.3, "2024": 10690.4, "2025": 10671.9, "2026": 10660.5}, "total_retreat_m": 395.7, "speed_m_per_year": -15.19, "r_squared": 0.999, "std_error": 0.11, "ci_95_low": -15.42, "ci_95_high": -14.95, "valid_years": 26, "confidence": "high", "risk_class": "medium", "location_ru": "Бухта Курык", "anchor": [51.462811395651755, 43.03714992069862]}}, {"type": "Feature", "geometry": {"type": "LineString", "coordinates": [[51.46941482858027, 43.02909756552008], [51.46164190686654, 43.08253520850733]]}, "properties": {"transect_id": 43, "baseline_distance_m": 24675.2, "positions": {"2000": 13367.9, "2001": 13342.7, "2002": 13316.9, "2003": 13283.8, "2004": 13266.5, "2005": 13233.8, "2006": 13213.4, "2007": 13184.8, "2008": 13153.2, "2009": 13131.4, "2010": 13108.0, "2011": 13083.0, "2012": null, "2013": 13027.8, "2014": 13008.4, "2015": 12980.2, "2016": 12949.1, "2017": 12927.0, "2018": 12905.7, "2019": 12879.7, "2020": 12840.9, "2021": 12816.0, "2022": 12799.6, "2023": 12763.4, "2024": 12736.2, "2025": 12713.5, "2026": 12691.0}, "total_retreat_m": 676.9, "speed_m_per_year": -26.07, "r_squared": 1.0, "std_error": 0.1, "ci_95_low": -26.28, "ci_95_high": -25.86, "valid_years": 26, "confidence": "high", "risk_class": "high", "location_ru": "Тюб-Караганский залив", "anchor": [51.46811934162798, 43.03800383935129]}}, {"type": "Feature", "geometry": {"type": "LineString", "coordinates": [[51.47435063800025, 43.02974096678068], [51.46816773606249, 43.0833858334841]]}, "properties": {"transect_id": 44, "baseline_distance_m": 25156.3, "positions": {"2000": 15159.0, "2001": 15145.9, "2002": 15132.3, "2003": 15132.0, "2004": 15111.1, "2005": 15100.5, "2006": 15082.0, "2007": 15070.3, "2008": 15055.2, "2009": 15034.5, "2010": 15026.6, "2011": 15012.0, "2012": null, "2013": 14984.3, "2014": 14975.6, "2015": 14972.7, "2016": 14954.3, "2017": 14946.6, "2018": 14930.2, "2019": 14918.7, "2020": 14899.0, "2021": 14891.8, "2022": 14879.6, "2023": 14861.4, "2024": 14853.0, "2025": 14840.1, "2026": 14822.7}, "total_retreat_m": 336.3, "speed_m_per_year": -12.86, "r_squared": 0.998, "std_error": 0.11, "ci_95_low": -13.1, "ci_95_high": -12.62, "valid_years": 26, "confidence": "high", "risk_class": "medium", "location_ru": "Мыс Меловой", "anchor": [51.47332015434396, 43.038681777897914]}}, {"type": "Feature", "geometry": {"type": "LineString", "coordinates": [[51.479181393291206, 43.03022647375638], [51.47456662701946, 43.084028926602485]]}, "properties": {"transect_id": 45, "baseline_distance_m": 25637.4, "positions": {"2000": 12992.2, "2001": 12970.9, "2002": 12944.2, "2003": 12925.2, "2004": 12905.1, "2005": 12883.1, "2006": 12864.6, "2007": 12841.2, "2008": 12809.9, "2009": 12798.4, "2010": 12767.3, "2011": 12751.3, "2012": null, "2013": 12702.9, "2014": 12678.8, "2015": 12650.9, "2016": 12635.2, "2017": 12607.4, "2018": 12595.3, "2019": 12575.2, "2020": 12543.7, "2021": 12525.9, "2022": 12499.5, "2023": 12477.7, "2024": 12461.1, "2025": 12435.6, "2026": 12420.4}, "total_retreat_m": 571.8, "speed_m_per_year": -22.27, "r_squared": 1.0, "std_error": 0.1, "ci_95_low": -22.48, "ci_95_high": -22.06, "valid_years": 26, "confidence": "high", "risk_class": "high", "location_ru": "Южная коса Актау", "anchor": [51.47841226557925, 43.03919354923073]}}, {"type": "Feature", "geometry": {"type": "LineString", "coordinates": [[51.483907194865864, 43.030563974260886], [51.48082884013096, 43.0844761596379]]}, "properties": {"transect_id": 46, "baseline_distance_m": 26118.4, "positions": {"2000": 14339.1, "2001": 14325.1, "2002": 14303.4, "2003": 14288.2, "2004": 14271.2, "2005": 14251.6, "2006": 14240.8, "2007": 14224.0, "2008": 14207.0, "2009": 14194.0, "2010": 14176.9, "2011": 14152.9, "2012": null, "2013": 14122.4, "2014": 14101.6, "2015": 14087.4, "2016": 14068.2, "2017": 14060.3, "2018": 14038.5, "2019": 14019.5, "2020": 14008.4, "2021": 13978.1, "2022": 13962.0, "2023": 13956.5, "2024": 13936.8, "2025": 13920.8, "2026": 13897.7}, "total_retreat_m": 441.4, "speed_m_per_year": -16.87, "r_squared": 0.999, "std_error": 0.1, "ci_95_low": -17.07, "ci_95_high": -16.67, "valid_years": 26, "confidence": "high", "risk_class": "medium", "location_ru": "Побережье у Баутино", "anchor": [51.48339413574338, 43.03954933849039]}}, {"type": "Feature", "geometry": {"type": "LineString", "coordinates": [[51.488528164941464, 43.03076355046105], [51.48694470098089, 43.084740329189366]]}, "properties": {"transect_id": 47, "baseline_distance_m": 26599.5, "positions": {"2000": 12241.7, "2001": 12226.2, "2002": 12210.8, "2003": 12198.1, "2004": 12178.3, "2005": 12175.0, "2006": 12164.5, "2007": 12141.9, "2008": 12132.7, "2009": 12117.8, "2010": 12105.7, "2011": 12096.9, "2012": null, "2013": 12062.6, "2014": 12060.5, "2015": 12048.2, "2016": 12031.3, "2017": 12009.5, "2018": 12002.5, "2019": 11998.6, "2020": 11969.6, "2021": 11966.5, "2022": 11950.3, "2023": 11945.3, "2024": 11926.5, "2025": 11918.0, "2026": 11905.7}, "total_retreat_m": 336.0, "speed_m_per_year": -12.88, "r_squared": 0.998, "std_error": 0.11, "ci_95_low": -13.11, "ci_95_high": -12.64, "valid_years": 26, "confidence": "high", "risk_class": "medium", "location_ru": "Залив Комсомолец", "anchor": [51.48826425428137, 43.039759680249105]}}, {"type": "Feature", "geometry": {"type": "LineString", "coordinates": [[51.493044429874395, 43.03083546504532], [51.49290469105718, 43.08483528424005]]}, "properties": {"transect_id": 48, "baseline_distance_m": 27080.6, "positions": {"2000": 10145.3, "2001": 10141.3, "2002": 10155.5, "2003": 10151.2, "2004": 10155.4, "2005": 10161.0, "2006": 10158.3, "2007": 10169.0, "2008": 10175.4, "2009": 10176.1, "2010": 10172.1, "2011": 10181.4, "2012": null, "2013": 10191.8, "2014": 10184.7, "2015": 10191.4, "2016": 10202.7, "2017": 10203.7, "2018": 10207.7, "2019": 10217.0, "2020": 10214.9, "2021": 10219.1, "2022": 10230.8, "2023": 10222.5, "2024": 10223.7, "2025": 10232.0, "2026": 10235.5}, "total_retreat_m": -90.2, "speed_m_per_year": 3.62, "r_squared": 0.981, "std_error": 0.1, "ci_95_low": 3.41, "ci_95_high": 3.84, "valid_years": 26, "confidence": "high", "risk_class": "low", "location_ru": "Мыс Ракушечный", "anchor": [51.49302114007153, 43.03983543491111]}}, {"type": "Feature", "geometry": {"type": "LineString", "coordinates": [[51.49745610794914, 43.03079015058145], [51.49869951114798, 43.08477583339167]]}, "properties": {"transect_id": 49, "baseline_distance_m": 27561.7, "positions": {"2000": 15970.5, "2001": 15944.8, "2002": 15922.8, "2003": 15911.6, "2004": 15889.7, "2005": 15871.4, "2006": 15856.8, "2007": 15831.6, "2008": 15820.4, "2009": 15808.9, "2010": 15785.3, "2011": 15764.2, "2012": null, "2013": 15728.1, "2014": 15710.7, "2015": 15693.6, "2016": 15675.3, "2017": 15662.7, "2018": 15634.3, "2019": 15626.9, "2020": 15604.2, "2021": 15589.4, "2022": 15565.6, "2023": 15557.7, "2024": 15539.6, "2025": 15520.7, "2026": 15493.0}, "total_retreat_m": 477.5, "speed_m_per_year": -17.85, "r_squared": 0.999, "std_error": 0.1, "ci_95_low": -18.06, "ci_95_high": -17.64, "valid_years": 26, "confidence": "high", "risk_class": "medium", "location_ru": "Северный Бузачи", "anchor": [51.49766334181562, 43.039787764383156]}}, {"type": "Feature", "geometry": {"type": "LineString", "coordinates": [[51.50176330386597, 43.030638201099976], [51.50432011119653, 43.084577636917146]]}, "properties": {"transect_id": 50, "baseline_distance_m": 28042.7, "positions": {"2000": 15046.5, "2001": 15046.9, "2002": 15042.6, "2003": 15037.4, "2004": 15030.0, "2005": 15024.5, "2006": 15023.3, "2007": 15016.4, "2008": 14994.1, "2009": 14998.4, "2010": 14993.1, "2011": 14980.9, "2012": null, "2013": 14976.4, "2014": 14975.1, "2015": 14959.9, "2016": 14959.7, "2017": 14948.7, "2018": 14943.8, "2019": 14946.5, "2020": 14932.5, "2021": 14930.6, "2022": 14915.3, "2023": 14924.4, "2024": 14913.4, "2025": 14904.4, "2026": 14901.5}, "total_retreat_m": 145.0, "speed_m_per_year": -5.85, "r_squared": 0.991, "std_error": 0.11, "ci_95_low": -6.09, "ci_95_high": -5.61, "valid_years": 26, "confidence": "high", "risk_class": "low", "location_ru": "Прибрежная зона Каламкас", "anchor": [51.50218943842106, 43.039628107069504]}}, {"type": "Feature", "geometry": {"type": "LineString", "coordinates": [[51.50596611091392, 43.030390364857645], [51.50975768168182, 43.08425708919756]]}, "properties": {"transect_id": 51, "baseline_distance_m": 28523.8, "positions": {"2000": 11416.9, "2001": 11391.3, "2002": 11364.1, "2003": 11337.7, "2004": 11316.8, "2005": 11289.0, "2006": 11264.5, "2007": 11235.9, "2008": 11211.9, "2009": 11182.1, "2010": 11166.7, "2011": 11125.5, "2012": null, "2013": 11084.7, "2014": 11059.1, "2015": 11024.2, "2016": 11010.5, "2017": 10979.5, "2018": 10953.3, "2019": 10923.5, "2020": 10896.5, "2021": 10870.5, "2022": 10846.9, "2023": 10824.9, "2024": 10793.9, "2025": 10763.5, "2026": 10744.4}, "total_retreat_m": 672.5, "speed_m_per_year": -25.96, "r_squared": 1.0, "std_error": 0.09, "ci_95_low": -26.15, "ci_95_high": -25.77, "valid_years": 26, "confidence": "high", "risk_class": "high", "location_ru": "Севернее водозабора МАЭК", "anchor": [51.506598039375234, 43.03936815224763]}}, {"type": "Feature", "geometry": {"type": "LineString", "coordinates": [[51.510064621599966, 43.03005753728308], [51.51500360267039, 43.08383119687572]]}, "properties": {"transect_id": 52, "baseline_distance_m": 29004.9, "positions": {"2000": 14334.4, "2001": 14324.9, "2002": 14316.8, "2003": 14311.5, "2004": 14303.0, "2005": 14305.0, "2006": 14298.2, "2007": 14291.3, "2008": 14275.7, "2009": 14277.1, "2010": 14281.1, "2011": 14268.4, "2012": null, "2013": 14261.6, "2014": 14249.1, "2015": 14254.9, "2016": 14243.1, "2017": 14239.3, "2018": 14242.0, "2019": 14233.3, "2020": 14220.5, "2021": 14213.8, "2022": 14209.4, "2023": 14207.3, "2024": 14199.3, "2025": 14192.7, "2026": 14194.6}, "total_retreat_m": 139.8, "speed_m_per_year": -5.3, "r_squared": 0.99, "std_error": 0.11, "ci_95_low": -5.52, "ci_95_high": -5.08, "valid_years": 26, "confidence": "high", "risk_class": "low", "location_ru": "Бухта Курык", "anchor": [51.510887785111706, 43.03901981388185]}}, {"type": "Feature", "geometry": {"type": "LineString", "coordinates": [[51.51405894737415, 43.02965075328239], [51.520049347339224, 43.083317457189544]]}, "properties": {"transect_id": 53, "baseline_distance_m": 29486.0, "positions": {"2000": 15137.7, "2001": 15129.6, "2002": 15109.0, "2003": 15096.6, "2004": 15074.9, "2005": 15059.5, "2006": 15049.9, "2007": 15037.1, "2008": 15018.4, "2009": 14998.2, "2010": 14983.0, "2011": 14967.9, "2012": null, "2013": 14936.7, "2014": 14929.4, "2015": 14918.5, "2016": 14899.1, "2017": 14875.2, "2018": 14868.6, "2019": 14853.8, "2020": 14848.0, "2021": 14818.9, "2022": 14808.3, "2023": 14801.8, "2024": 14781.8, "2025": 14767.4, "2026": 14750.7}, "total_retreat_m": 387.0, "speed_m_per_year": -14.89, "r_squared": 0.999, "std_error": 0.11, "ci_95_low": -15.12, "ci_95_high": -14.65, "valid_years": 26, "confidence": "high", "risk_class": "medium", "location_ru": "Тюб-Караганский залив", "anchor": [51.515057347368334, 43.03859520393358]}}, {"type": "Feature", "geometry": {"type": "LineString", "coordinates": [[51.51794924809026, 43.02918117837775], [51.5248863367712, 43.08273373948021]]}, "properties": {"transect_id": 54, "baseline_distance_m": 29967.0, "positions": {"2000": 14245.7, "2001": 14241.3, "2002": 14221.2, "2003": 14216.9, "2004": 14205.2, "2005": 14190.9, "2006": 14182.2, "2007": 14168.6, "2008": 14155.7, "2009": 14147.5, "2010": 14133.4, "2011": 14128.0, "2012": null, "2013": 14099.8, "2014": 14096.2, "2015": 14077.5, "2016": 14068.8, "2017": 14057.5, "2018": 14054.2, "2019": 14039.1, "2020": 14025.8, "2021": 14017.5, "2022": 13996.0, "2023": 13993.1, "2024": 13990.2, "2025": 13971.6, "2026": 13960.2}, "total_retreat_m": 285.5, "speed_m_per_year": -11.02, "r_squared": 0.998, "std_error": 0.09, "ci_95_low": -11.2, "ci_95_high": -10.84, "valid_years": 26, "confidence": "high", "risk_class": "medium", "location_ru": "Мыс Меловой", "anchor": [51.519105429537085, 43.03810660522816]}}, {"type": "Feature", "geometry": {"type": "LineString", "coordinates": [[51.52173577201046, 43.02866009856237], [51.529505741980955, 43.08209817082043]]}, "properties": {"transect_id": 55, "baseline_distance_m": 30448.1, "positions": {"2000": 11809.8, "2001": 11801.7, "2002": 11799.9, "2003": 11786.9, "2004": 11785.7, "2005": 11769.8, "2006": 11754.0, "2007": 11747.3, "2008": 11732.0, "2009": 11732.7, "2010": 11723.6, "2011": 11713.3, "2012": null, "2013": 11700.6, "2014": 11691.7, "2015": 11676.9, "2016": 11659.7, "2017": 11661.4, "2018": 11651.8, "2019": 11641.5, "2020": 11634.8, "2021": 11616.9, "2022": 11620.2, "2023": 11599.0, "2024": 11596.5, "2025": 11577.4, "2026": 11571.1}, "total_retreat_m": 238.7, "speed_m_per_year": -9.19, "r_squared": 0.996, "std_error": 0.12, "ci_95_low": -9.44, "ci_95_high": -8.94, "valid_years": 26, "confidence": "high", "risk_class": "medium", "location_ru": "Южная коса Актау", "anchor": [51.523030767005544, 43.037566443938715]}}, {"type": "Feature", "geometry": {"type": "LineString", "coordinates": [[51.52541890751779, 43.02809890929713], [51.53389822735104, 43.08142902400885]]}, "properties": {"transect_id": 56, "baseline_distance_m": 30929.2, "positions": {"2000": 15342.8, "2001": 15339.5, "2002": 15337.2, "2003": 15342.2, "2004": 15334.9, "2005": 15327.8, "2006": 15330.8, "2007": 15335.4, "2008": 15333.8, "2009": 15325.1, "2010": 15327.6, "2011": 15327.3, "2012": null, "2013": 15326.3, "2014": 15321.4, "2015": 15323.5, "2016": 15322.2, "2017": 15327.3, "2018": 15326.6, "2019": 15321.9, "2020": 15320.0, "2021": 15321.2, "2022": 15316.5, "2023": 15314.3, "2024": 15314.2, "2025": 15314.6, "2026": 15311.6}, "total_retreat_m": 31.2, "speed_m_per_year": -1.02, "r_squared": 0.879, "std_error": 0.08, "ci_95_low": -1.18, "ci_95_high": -0.86, "valid_years": 26, "confidence": "high", "risk_class": "low", "location_ru": "Побережье у Баутино", "anchor": [51.526832127489996, 43.03698726174908]}}, {"type": "Feature", "geometry": {"type": "LineString", "coordinates": [[51.52899924828223, 43.02750910478403], [51.53805362674876, 43.080744602626964]]}, "properties": {"transect_id": 57, "baseline_distance_m": 31410.3, "positions": {"2000": 12573.4, "2001": 12566.7, "2002": 12552.7, "2003": 12541.8, "2004": 12527.3, "2005": 12508.4, "2006": 12496.1, "2007": 12488.2, "2008": 12479.1, "2009": 12453.0, "2010": 12450.1, "2011": 12440.4, "2012": null, "2013": 12408.9, "2014": 12398.6, "2015": 12380.5, "2016": 12369.7, "2017": 12350.6, "2018": 12334.6, "2019": 12334.7, "2020": 12313.9, "2021": 12302.9, "2022": 12286.1, "2023": 12272.9, "2024": 12264.7, "2025": 12249.4, "2026": 12240.7}, "total_retreat_m": 332.7, "speed_m_per_year": -13.14, "r_squared": 0.999, "std_error": 0.1, "ci_95_low": -13.34, "ci_95_high": -12.93, "valid_years": 26, "confidence": "high", "risk_class": "medium", "location_ru": "Залив Комсомолец", "anchor": [51.53050831135999, 43.03638168775785]}}, {"type": "Feature", "geometry": {"type": "LineString", "coordinates": [[51.53247767441753, 43.0269022696259], [51.54196053963805, 43.08006311299026]]}, "properties": {"transect_id": 58, "baseline_distance_m": 31891.3, "positions": {"2000": 12421.1, "2001": 12415.8, "2002": 12394.5, "2003": 12387.9, "2004": 12382.0, "2005": 12371.9, "2006": 12350.5, "2007": 12344.3, "2008": 12340.3, "2009": 12326.3, "2010": 12314.4, "2011": 12302.1, "2012": null, "2013": 12280.1, "2014": 12272.1, "2015": 12259.3, "2016": 12249.5, "2017": 12239.3, "2018": 12225.6, "2019": 12219.8, "2020": 12218.7, "2021": 12189.3, "2022": 12187.0, "2023": 12172.0, "2024": 12166.7, "2025": 12153.9, "2026": 12146.2}, "total_retreat_m": 274.9, "speed_m_per_year": -10.68, "r_squared": 0.998, "std_error": 0.1, "ci_95_low": -10.88, "ci_95_high": -10.47, "valid_years": 26, "confidence": "high", "risk_class": "medium", "location_ru": "Мыс Ракушечный", "anchor": [51.534058151954284, 43.03576241018663]}}, {"type": "Feature", "geometry": {"type": "LineString", "coordinates": [[51.53585545319345, 43.026290076376895], [51.54560582936156, 43.079402505850425]]}, "properties": {"transect_id": 59, "baseline_distance_m": 32372.4, "positions": {"2000": 15508.9, "2001": 15490.6, "2002": 15502.0, "2003": 15492.8, "2004": 15491.3, "2005": 15477.7, "2006": 15474.9, "2007": 15474.5, "2008": 15469.5, "2009": 15466.3, "2010": 15465.2, "2011": 15449.4, "2012": null, "2013": 15451.7, "2014": 15443.5, "2015": 15438.3, "2016": 15428.9, "2017": 15432.4, "2018": 15416.4, "2019": 15424.3, "2020": 15411.4, "2021": 15413.2, "2022": 15408.2, "2023": 15409.0, "2024": 15399.2, "2025": 15392.8, "2026": 15389.2}, "total_retreat_m": 119.7, "speed_m_per_year": -4.43, "r_squared": 0.985, "std_error": 0.11, "ci_95_low": -4.65, "ci_95_high": -4.2, "valid_years": 26, "confidence": "high", "risk_class": "low", "location_ru": "Северный Бузачи", "anchor": [51.537480515888134, 43.03514214795582]}}, {"type": "Feature", "geometry": {"type": "LineString", "coordinates": [[51.539134364071046, 43.0256842945813], [51.548973999755624, 43.07878026024344]]}, "properties": {"transect_id": 60, "baseline_distance_m": 32853.5, "positions": {"2000": 14417.6, "2001": 14414.6, "2002": 14405.7, "2003": 14409.9, "2004": 14397.7, "2005": 14404.1, "2006": 14398.0, "2007": 14403.5, "2008": 14385.9, "2009": 14386.3, "2010": 14390.3, "2011": 14384.3, "2012": null, "2013": 14369.5, "2014": 14369.6, "2015": 14365.1, "2016": 14362.6, "2017": 14355.1, "2018": 14353.9, "2019": 14344.3, "2020": 14347.6, "2021": 14345.3, "2022": 14338.9, "2023": 14329.8, "2024": 14336.6, "2025": 14330.5, "2026": 14322.5}, "total_retreat_m": 95.1, "speed_m_per_year": -3.62, "r_squared": 0.981, "std_error": 0.1, "ci_95_low": -3.83, "ci_95_high": -3.41, "valid_years": 26, "confidence": "high", "risk_class": "low", "location_ru": "Прибрежная зона Каламкас", "anchor": [51.54077430335181, 43.03453362219166]}}, {"type": "Feature", "geometry": {"type": "LineString", "coordinates": [[51.54231685403782, 43.02509682013553], [51.552046420212434, 43.07821306569237]]}, "properties": {"transect_id": 61, "baseline_distance_m": 33334.6, "positions": {"2000": 11316.8, "2001": 11301.3, "2002": 11290.8, "2003": 11265.8, "2004": 11253.4, "2005": 11231.1, "2006": 11216.7, "2007": 11197.6, "2008": 11184.1, "2009": 11161.0, "2010": 11139.3, "2011": 11122.5, "2012": null, "2013": 11090.8, "2014": 11070.4, "2015": 11059.5, "2016": 11038.5, "2017": 11032.3, "2018": 10998.3, "2019": 10988.6, "2020": 10965.7, "2021": 10950.7, "2022": 10935.7, "2023": 10908.3, "2024": 10901.0, "2025": 10890.1, "2026": 10863.2}, "total_retreat_m": 453.6, "speed_m_per_year": -17.53, "r_squared": 0.999, "std_error": 0.11, "ci_95_low": -17.76, "ci_95_high": -17.31, "valid_years": 26, "confidence": "high", "risk_class": "medium", "location_ru": "Севернее водозабора МАЭК", "anchor": [51.543938448400255, 43.03394952772834]}}, {"type": "Feature", "geometry": {"type": "LineString", "coordinates": [[51.54540623007249, 43.02453973887882], [51.55480036504047, 43.0777163336194]]}, "properties": {"transect_id": 62, "baseline_distance_m": 33815.7, "positions": {"2000": 11208.6, "2001": 11194.1, "2002": 11174.5, "2003": 11173.3, "2004": 11157.5, "2005": 11141.1, "2006": 11132.8, "2007": 11117.1, "2008": 11104.5, "2009": 11096.2, "2010": 11075.7, "2011": 11072.4, "2012": null, "2013": 11037.0, "2014": 11027.1, "2015": 11024.6, "2016": 11008.6, "2017": 10991.7, "2018": 10974.7, "2019": 10963.5, "2020": 10953.1, "2021": 10940.1, "2022": 10926.8, "2023": 10914.2, "2024": 10900.7, "2025": 10882.9, "2026": 10873.8}, "total_retreat_m": 334.8, "speed_m_per_year": -12.79, "r_squared": 0.999, "std_error": 0.09, "ci_95_low": -12.97, "ci_95_high": -12.6, "valid_years": 26, "confidence": "high", "risk_class": "medium", "location_ru": "Бухта Курык", "anchor": [51.54697191923382, 43.03340250466892]}}, {"type": "Feature", "geometry": {"type": "LineString", "coordinates": [[51.54840689504108, 43.024025446278756], [51.55720783561511, 43.07730342902033]]}, "properties": {"transect_id": 63, "baseline_distance_m": 34296.7, "positions": {"2000": 12805.2, "2001": 12795.6, "2002": 12792.2, "2003": 12783.1, "2004": 12783.5, "2005": 12772.6, "2006": 12758.2, "2007": 12759.1, "2008": 12746.2, "2009": 12740.0, "2010": 12736.4, "2011": 12726.1, "2012": null, "2013": 12717.5, "2014": 12703.8, "2015": 12697.3, "2016": 12690.1, "2017": 12683.4, "2018": 12683.0, "2019": 12674.0, "2020": 12671.3, "2021": 12666.5, "2022": 12646.2, "2023": 12643.5, "2024": 12631.5, "2025": 12626.0, "2026": 12619.5}, "total_retreat_m": 185.7, "speed_m_per_year": -7.06, "r_squared": 0.996, "std_error": 0.1, "ci_95_low": -7.26, "ci_95_high": -6.87, "valid_years": 26, "confidence": "high", "risk_class": "low", "location_ru": "Тюб-Караганский залив", "anchor": [51.54987371847009, 43.03290511006902]}}, {"type": "Feature", "geometry": {"type": "LineString", "coordinates": [[51.55132462932756, 43.023566857357814], [51.55923415380098, 43.07698445204912]]}, "properties": {"transect_id": 64, "baseline_distance_m": 34777.8, "positions": {"2000": 12680.5, "2001": 12651.5, "2002": 12635.0, "2003": 12603.3, "2004": 12593.5, "2005": 12555.8, "2006": 12533.2, "2007": 12503.0, "2008": 12490.4, "2009": 12463.3, "2010": 12435.3, "2011": 12404.1, "2012": null, "2013": 12360.9, "2014": 12330.9, "2015": 12316.6, "2016": 12289.3, "2017": 12261.7, "2018": 12226.9, "2019": 12208.0, "2020": 12190.0, "2021": 12167.4, "2022": 12142.3, "2023": 12106.8, "2024": 12089.7, "2025": 12067.9, "2026": 12032.5}, "total_retreat_m": 648.0, "speed_m_per_year": -24.74, "r_squared": 0.999, "std_error": 0.13, "ci_95_low": -25.0, "ci_95_high": -24.48, "valid_years": 26, "confidence": "high", "risk_class": "high", "location_ru": "Мыс Меловой", "anchor": [51.55264288340646, 43.03246978980636]}}, {"type": "Feature", "geometry": {"type": "LineString", "coordinates": [[51.55416690843421, 43.023177759237335], [51.56083637547194, 43.07676430801063]]}, "properties": {"transect_id": 65, "baseline_distance_m": 35258.9, "positions": {"2000": 12590.5, "2001": 12568.9, "2002": 12559.6, "2003": 12544.2, "2004": 12529.5, "2005": 12512.4, "2006": 12497.5, "2007": 12483.7, "2008": 12470.2, "2009": 12451.8, "2010": 12436.0, "2011": 12422.6, "2012": null, "2013": 12383.8, "2014": 12378.0, "2015": 12360.6, "2016": 12345.4, "2017": 12333.7, "2018": 12306.6, "2019": 12291.1, "2020": 12284.7, "2021": 12268.2, "2022": 12253.5, "2023": 12235.6, "2024": 12224.7, "2025": 12210.4, "2026": 12193.2}, "total_retreat_m": 397.3, "speed_m_per_year": -15.28, "r_squared": 0.999, "std_error": 0.08, "ci_95_low": -15.45, "ci_95_high": -15.12, "valid_years": 26, "confidence": "high", "risk_class": "medium", "location_ru": "Южная коса Актау", "anchor": [51.555278486273835, 43.03210885069955]}}, {"type": "Feature", "geometry": {"type": "LineString", "coordinates": [[51.55694321746114, 43.022873383525955], [51.56196171957943, 43.07663967999957]]}, "properties": {"transect_id": 66, "baseline_distance_m": 35740.0, "positions": {"2000": 15162.9, "2001": 15147.0, "2002": 15127.0, "2003": 15103.2, "2004": 15091.8, "2005": 15074.8, "2006": 15059.9, "2007": 15032.5, "2008": 15017.4, "2009": 15003.6, "2010": 14983.2, "2011": 14960.8, "2012": null, "2013": 14931.5, "2014": 14914.5, "2015": 14894.8, "2016": 14877.7, "2017": 14858.1, "2018": 14847.3, "2019": 14820.1, "2020": 14803.7, "2021": 14788.4, "2022": 14774.2, "2023": 14747.0, "2024": 14730.0, "2025": 14709.4, "2026": 14700.0}, "total_retreat_m": 462.9, "speed_m_per_year": -17.91, "r_squared": 0.999, "std_error": 0.08, "ci_95_low": -18.08, "ci_95_high": -17.73, "valid_years": 26, "confidence": "high", "risk_class": "medium", "location_ru": "Побережье у Баутино", "anchor": [51.55777963448085, 43.031834432938226]}}, {"type": "Feature", "geometry": {"type": "LineString", "coordinates": [[51.559665259448224, 43.02267130329512], [51.562546527853236, 43.076594380844334]]}, "properties": {"transect_id": 67, "baseline_distance_m": 36221.0, "positions": {"2000": 10129.6, "2001": 10099.0, "2002": 10077.2, "2003": 10049.7, "2004": 10028.2, "2005": 10002.1, "2006": 9972.1, "2007": 9948.8, "2008": 9928.4, "2009": 9900.4, "2010": 9867.9, "2011": 9850.8, "2012": null, "2013": 9793.1, "2014": 9777.8, "2015": 9750.9, "2016": 9722.6, "2017": 9696.7, "2018": 9669.9, "2019": 9648.1, "2020": 9618.6, "2021": 9595.6, "2022": 9572.8, "2023": 9541.8, "2024": 9516.2, "2025": 9488.5, "2026": 9463.7}, "total_retreat_m": 665.9, "speed_m_per_year": -25.43, "r_squared": 1.0, "std_error": 0.08, "ci_95_low": -25.58, "ci_95_high": -25.27, "valid_years": 26, "confidence": "high", "risk_class": "high", "location_ru": "Залив Комсомолец", "anchor": [51.56014547084906, 43.031658482886655]}}, {"type": "Feature", "geometry": {"type": "LineString", "coordinates": [[51.56234682711531, 43.02259277096238], [51.56251690745536, 43.076592503116146]]}, "properties": {"transect_id": 68, "baseline_distance_m": 36702.1, "positions": {"2000": 11808.9, "2001": 11775.7, "2002": 11731.8, "2003": 11709.5, "2004": 11680.6, "2005": 11641.4, "2006": 11612.0, "2007": 11571.9, "2008": 11549.3, "2009": 11512.3, "2010": 11485.7, "2011": 11447.0, "2012": null, "2013": 11392.1, "2014": 11362.3, "2015": 11323.4, "2016": 11290.3, "2017": 11254.6, "2018": 11230.5, "2019": 11197.5, "2020": 11162.0, "2021": 11138.3, "2022": 11103.0, "2023": 11068.9, "2024": 11039.3, "2025": 11014.1, "2026": 10980.6}, "total_retreat_m": 828.3, "speed_m_per_year": -31.79, "r_squared": 1.0, "std_error": 0.11, "ci_95_low": -32.01, "ci_95_high": -31.56, "valid_years": 26, "confidence": "high", "risk_class": "high", "location_ru": "Мыс Ракушечный", "anchor": [51.56237517383865, 43.03159272632134]}}, {"type": "Feature", "geometry": {"type": "LineString", "coordinates": [[51.56500288043444, 43.02266455301953], [51.56179334441688, 43.07656908788026]]}, "properties": {"transect_id": 69, "baseline_distance_m": 37183.2, "positions": {"2000": 15545.1, "2001": 15533.4, "2002": 15517.3, "2003": 15498.2, "2004": 15485.3, "2005": 15463.9, "2006": 15452.5, "2007": 15436.1, "2008": 15405.7, "2009": 15405.6, "2010": 15372.1, "2011": 15365.3, "2012": null, "2013": 15338.7, "2014": 15316.8, "2015": 15295.7, "2016": 15280.6, "2017": 15272.5, "2018": 15244.2, "2019": 15239.8, "2020": 15218.5, "2021": 15197.4, "2022": 15183.3, "2023": 15165.0, "2024": 15156.0, "2025": 15138.9, "2026": 15112.6}, "total_retreat_m": 432.5, "speed_m_per_year": -16.55, "r_squared": 0.999, "std_error": 0.12, "ci_95_low": -16.8, "ci_95_high": -16.31, "valid_years": 26, "confidence": "high", "risk_class": "medium", "location_ru": "Северный Бузачи", "anchor": [51.56446795776485, 43.031648642162985]}}, {"type": "Feature", "geometry": {"type": "LineString", "coordinates": [[51.56764704120281, 43.022921052861385], [51.56030323201501, 43.07641935626078]]}, "properties": {"transect_id": 70, "baseline_distance_m": 37664.3, "positions": {"2000": 15660.6, "2001": 15631.0, "2002": 15623.9, "2003": 15598.4, "2004": 15574.9, "2005": 15557.9, "2006": 15538.4, "2007": 15517.6, "2008": 15504.1, "2009": 15479.8, "2010": 15457.1, "2011": 15445.3, "2012": null, "2013": 15401.7, "2014": 15386.9, "2015": 15367.3, "2016": 15348.5, "2017": 15341.0, "2018": 15314.3, "2019": 15296.1, "2020": 15269.0, "2021": 15254.6, "2022": 15239.1, "2023": 15215.1, "2024": 15203.9, "2025": 15176.5, "2026": 15161.2}, "total_retreat_m": 499.4, "speed_m_per_year": -18.98, "r_squared": 0.999, "std_error": 0.11, "ci_95_low": -19.2, "ci_95_high": -18.76, "valid_years": 26, "confidence": "high", "risk_class": "medium", "location_ru": "Прибрежная зона Каламкас", "anchor": [51.56642307300484, 43.031837436761286]}}, {"type": "Feature", "geometry": {"type": "LineString", "coordinates": [[51.570286442287774, 43.023405814279876], [51.55800662573238, 43.07599104134381]]}, "properties": {"transect_id": 71, "baseline_distance_m": 38145.3, "positions": {"2000": 15308.0, "2001": 15288.9, "2002": 15268.5, "2003": 15246.0, "2004": 15230.3, "2005": 15208.8, "2006": 15186.9, "2007": 15165.0, "2008": 15149.3, "2009": 15124.7, "2010": 15103.8, "2011": 15084.9, "2012": null, "2013": 15050.2, "2014": 15017.5, "2015": 15005.4, "2016": 14974.2, "2017": 14962.0, "2018": 14946.9, "2019": 14922.0, "2020": 14900.2, "2021": 14876.7, "2022": 14858.5, "2023": 14836.9, "2024": 14814.2, "2025": 14795.6, "2026": 14777.0}, "total_retreat_m": 531.0, "speed_m_per_year": -20.53, "r_squared": 1.0, "std_error": 0.08, "ci_95_low": -20.7, "ci_95_high": -20.37, "valid_years": 26, "confidence": "high", "risk_class": "high", "location_ru": "Севернее водозабора МАЭК", "anchor": [51.56823980619521, 43.03217001879053]}}, {"type": "Feature", "geometry": {"type": "LineString", "coordinates": [[51.57291326597609, 43.02417020458397], [51.554938552638546, 43.07509082595128]]}, "properties": {"transect_id": 72, "baseline_distance_m": 38626.4, "positions": {"2000": 12522.2, "2001": 12507.1, "2002": 12485.6, "2003": 12462.3, "2004": 12443.1, "2005": 12417.5, "2006": 12396.6, "2007": 12374.1, "2008": 12350.4, "2009": 12326.5, "2010": 12315.4, "2011": 12282.6, "2012": null, "2013": 12237.5, "2014": 12219.8, "2015": 12197.0, "2016": 12168.2, "2017": 12156.2, "2018": 12129.3, "2019": 12103.1, "2020": 12090.2, "2021": 12065.8, "2022": 12036.1, "2023": 12026.2, "2024": 11999.6, "2025": 11974.8, "2026": 11959.1}, "total_retreat_m": 563.1, "speed_m_per_year": -22.04, "r_squared": 1.0, "std_error": 0.09, "ci_95_low": -22.24, "ci_95_high": -21.85, "valid_years": 26, "confidence": "high", "risk_class": "high", "location_ru": "Бухта Курык", "anchor": [51.56991748041983, 43.03265697481185]}}, {"type": "Feature", "geometry": {"type": "LineString", "coordinates": [[51.57549458900983, 43.02526582216363], [51.55125978727968, 43.073522162525286]]}, "properties": {"transect_id": 73, "baseline_distance_m": 39107.5, "positions": {"2000": 13021.7, "2001": 13012.9, "2002": 12998.7, "2003": 12983.0, "2004": 12966.0, "2005": 12955.9, "2006": 12941.3, "2007": 12922.4, "2008": 12908.1, "2009": 12902.4, "2010": 12876.0, "2011": 12873.4, "2012": null, "2013": 12843.0, "2014": 12836.4, "2015": 12815.4, "2016": 12806.2, "2017": 12788.2, "2018": 12776.4, "2019": 12765.1, "2020": 12746.5, "2021": 12738.5, "2022": 12716.8, "2023": 12708.1, "2024": 12696.8, "2025": 12682.0, "2026": 12673.2}, "total_retreat_m": 348.5, "speed_m_per_year": -13.63, "r_squared": 0.999, "std_error": 0.09, "ci_95_low": -13.82, "ci_95_high": -13.44, "valid_years": 26, "confidence": "high", "risk_class": "medium", "location_ru": "Тюб-Караганский залив", "anchor": [51.57145545538814, 43.03330854555724]}}, {"type": "Feature", "geometry": {"type": "LineString", "coordinates": [[51.577966879015, 43.02672855502016], [51.54728437054785, 43.07116484282826]]}, "properties": {"transect_id": 74, "baseline_distance_m": 39588.6, "positions": {"2000": 12163.8, "2001": 12148.5, "2002": 12125.9, "2003": 12102.4, "2004": 12075.6, "2005": 12061.2, "2006": 12031.3, "2007": 12018.9, "2008": 12003.7, "2009": 11971.8, "2010": 11950.8, "2011": 11924.5, "2012": null, "2013": 11875.4, "2014": 11858.3, "2015": 11834.4, "2016": 11811.0, "2017": 11801.8, "2018": 11774.0, "2019": 11752.5, "2020": 11727.8, "2021": 11706.4, "2022": 11689.1, "2023": 11663.1, "2024": 11643.4, "2025": 11618.6, "2026": 11596.1}, "total_retreat_m": 567.7, "speed_m_per_year": -21.95, "r_squared": 0.999, "std_error": 0.1, "ci_95_low": -22.17, "ci_95_high": -21.73, "valid_years": 26, "confidence": "high", "risk_class": "high", "location_ru": "Мыс Меловой", "anchor": [51.57285312760381, 43.03413460298818]}}, {"type": "Feature", "geometry": {"type": "LineString", "coordinates": [[51.580244743568805, 43.0285594881743], [51.5434358652979, 43.06807032821141]]}, "properties": {"transect_id": 75, "baseline_distance_m": 40069.6, "positions": {"2000": 11440.4, "2001": 11414.1, "2002": 11381.2, "2003": 11358.6, "2004": 11331.4, "2005": 11295.0, "2006": 11272.4, "2007": 11250.1, "2008": 11222.5, "2009": 11188.7, "2010": 11166.4, "2011": 11142.3, "2012": null, "2013": 11086.2, "2014": 11055.1, "2015": 11026.1, "2016": 10997.8, "2017": 10974.7, "2018": 10946.0, "2019": 10920.2, "2020": 10890.6, "2021": 10865.8, "2022": 10835.3, "2023": 10810.5, "2024": 10783.3, "2025": 10749.0, "2026": 10717.4}, "total_retreat_m": 723.0, "speed_m_per_year": -27.48, "r_squared": 1.0, "std_error": 0.08, "ci_95_low": -27.66, "ci_95_high": -27.31, "valid_years": 26, "confidence": "high", "risk_class": "high", "location_ru": "Южная коса Актау", "anchor": [51.574109930523655, 43.03514462818049]}}, {"type": "Feature", "geometry": {"type": "LineString", "coordinates": [[51.58224647491945, 43.03071709596725], [51.54011963364413, 43.06450066067205]]}, "properties": {"transect_id": 76, "baseline_distance_m": 40550.7, "positions": {"2000": 14613.7, "2001": 14616.5, "2002": 14621.2, "2003": 14615.8, "2004": 14613.7, "2005": 14620.1, "2006": 14609.1, "2007": 14608.9, "2008": 14611.7, "2009": 14611.2, "2010": 14610.5, "2011": 14610.9, "2012": null, "2013": 14605.7, "2014": 14605.6, "2015": 14601.4, "2016": 14601.5, "2017": 14600.5, "2018": 14599.7, "2019": 14600.7, "2020": 14598.6, "2021": 14595.4, "2022": 14590.8, "2023": 14593.1, "2024": 14591.5, "2025": 14591.1, "2026": 14598.0}, "total_retreat_m": 15.7, "speed_m_per_year": -1.06, "r_squared": 0.894, "std_error": 0.07, "ci_95_low": -1.22, "ci_95_high": -0.91, "valid_years": 26, "confidence": "high", "risk_class": "low", "location_ru": "Побережье у Баутино", "anchor": [51.5752253347069, 43.03634769008472]}}, {"type": "Feature", "geometry": {"type": "LineString", "coordinates": [[51.58392213333114, 43.033131725804864], [51.53758242107163, 43.06085592223517]]}, "properties": {"transect_id": 77, "baseline_distance_m": 41031.8, "positions": {"2000": 12484.7, "2001": 12461.4, "2002": 12450.8, "2003": 12420.5, "2004": 12403.8, "2005": 12379.8, "2006": 12362.1, "2007": 12345.0, "2008": 12327.9, "2009": 12306.3, "2010": 12290.6, "2011": 12265.7, "2012": null, "2013": 12225.8, "2014": 12218.4, "2015": 12189.7, "2016": 12165.8, "2017": 12146.4, "2018": 12125.9, "2019": 12113.9, "2020": 12089.2, "2021": 12071.7, "2022": 12051.5, "2023": 12035.2, "2024": 12009.4, "2025": 11989.0, "2026": 11974.7}, "total_retreat_m": 510.0, "speed_m_per_year": -19.62, "r_squared": 0.999, "std_error": 0.09, "ci_95_low": -19.81, "ci_95_high": -19.44, "valid_years": 26, "confidence": "high", "risk_class": "medium", "location_ru": "Залив Комсомолец", "anchor": [51.57619884795456, 43.037752425209916]}}, {"type": "Feature", "geometry": {"type": "LineString", "coordinates": [[51.58526412344733, 43.03573391143626], [51.535859475398155, 43.05753255247502]]}, "properties": {"transect_id": 78, "baseline_distance_m": 41512.9, "positions": {"2000": 11936.4, "2001": 11933.0, "2002": 11917.9, "2003": 11909.5, "2004": 11898.4, "2005": 11898.1, "2006": 11886.0, "2007": 11876.6, "2008": 11869.8, "2009": 11866.7, "2010": 11839.3, "2011": 11833.8, "2012": null, "2013": 11815.6, "2014": 11805.3, "2015": 11795.1, "2016": 11788.8, "2017": 11775.8, "2018": 11772.7, "2019": 11762.2, "2020": 11754.6, "2021": 11745.3, "2022": 11736.4, "2023": 11723.1, "2024": 11723.7, "2025": 11706.8, "2026": 11689.1}, "total_retreat_m": 247.3, "speed_m_per_year": -9.35, "r_squared": 0.997, "std_error": 0.11, "ci_95_low": -9.58, "ci_95_high": -9.12, "valid_years": 26, "confidence": "high", "risk_class": "medium", "location_ru": "Мыс Ракушечный", "anchor": [51.577030015439135, 43.03936701827605]}}, {"type": "Feature", "geometry": {"type": "LineString", "coordinates": [[51.586296615806184, 43.03847621606794], [51.5348274399154, 43.05481402293188]]}, "properties": {"transect_id": 79, "baseline_distance_m": 41993.9, "positions": {"2000": 14491.2, "2001": 14467.1, "2002": 14442.3, "2003": 14428.7, "2004": 14399.4, "2005": 14376.6, "2006": 14346.5, "2007": 14322.8, "2008": 14303.4, "2009": 14280.5, "2010": 14248.9, "2011": 14232.1, "2012": null, "2013": 14186.0, "2014": 14161.6, "2015": 14135.7, "2016": 14113.3, "2017": 14091.3, "2018": 14068.9, "2019": 14047.5, "2020": 14025.9, "2021": 13996.9, "2022": 13972.8, "2023": 13952.9, "2024": 13930.1, "2025": 13902.5, "2026": 13883.9}, "total_retreat_m": 607.3, "speed_m_per_year": -23.45, "r_squared": 1.0, "std_error": 0.08, "ci_95_low": -23.61, "ci_95_high": -23.29, "valid_years": 26, "confidence": "high", "risk_class": "high", "location_ru": "Северный Бузачи", "anchor": [51.577718419824386, 43.0411991838786]}}, {"type": "Feature", "geometry": {"type": "LineString", "coordinates": [[51.58705702726082, 43.04133858091897], [51.53429695194727, 43.052843990642614]]}, "properties": {"transect_id": 80, "baseline_distance_m": 42475.0, "positions": {"2000": 12757.4, "2001": 12741.1, "2002": 12738.9, "2003": 12733.2, "2004": 12727.1, "2005": 12719.2, "2006": 12710.2, "2007": 12710.8, "2008": 12701.7, "2009": 12699.4, "2010": 12690.2, "2011": 12683.3, "2012": null, "2013": 12677.3, "2014": 12671.3, "2015": 12667.3, "2016": 12668.1, "2017": 12654.7, "2018": 12649.9, "2019": 12637.9, "2020": 12631.4, "2021": 12637.2, "2022": 12621.5, "2023": 12615.3, "2024": 12613.7, "2025": 12607.8, "2026": 12598.9}, "total_retreat_m": 158.5, "speed_m_per_year": -5.71, "r_squared": 0.993, "std_error": 0.09, "ci_95_low": -5.91, "ci_95_high": -5.52, "valid_years": 26, "confidence": "high", "risk_class": "low", "location_ru": "Прибрежная зона Каламкас", "anchor": [51.578263681375226, 43.04325614920624]}}, {"type": "Feature", "geometry": {"type": "LineString", "coordinates": [[51.58758203977502, 43.044322111580904], [51.534082549471655, 43.05165726919886]]}, "properties": {"transect_id": 81, "baseline_distance_m": 42956.1, "positions": {"2000": 15829.2, "2001": 15809.9, "2002": 15802.3, "2003": 15783.5, "2004": 15762.1, "2005": 15741.3, "2006": 15727.7, "2007": 15713.5, "2008": 15701.4, "2009": 15675.7, "2010": 15662.5, "2011": 15648.6, "2012": null, "2013": 15602.5, "2014": 15599.2, "2015": 15573.4, "2016": 15562.5, "2017": 15545.2, "2018": 15531.6, "2019": 15512.5, "2020": 15483.8, "2021": 15473.2, "2022": 15460.0, "2023": 15441.7, "2024": 15427.4, "2025": 15411.7, "2026": 15394.0}, "total_retreat_m": 435.2, "speed_m_per_year": -16.85, "r_squared": 0.999, "std_error": 0.1, "ci_95_low": -17.06, "ci_95_high": -16.64, "valid_years": 26, "confidence": "high", "risk_class": "medium", "location_ru": "Севернее водозабора МАЭК", "anchor": [51.57866545805779, 43.04554463785056]}}, {"type": "Feature", "geometry": {"type": "LineString", "coordinates": [[51.58790130834911, 43.04743999740084], [51.534034132031195, 43.05122514145823]]}, "properties": {"transect_id": 82, "baseline_distance_m": 43437.2, "positions": {"2000": 12975.9, "2001": 12963.4, "2002": 12941.4, "2003": 12932.3, "2004": 12917.5, "2005": 12898.4, "2006": 12869.6, "2007": 12860.8, "2008": 12857.5, "2009": 12831.8, "2010": 12810.0, "2011": 12806.9, "2012": null, "2013": 12770.1, "2014": 12758.5, "2015": 12739.2, "2016": 12723.9, "2017": 12707.6, "2018": 12692.9, "2019": 12683.3, "2020": 12662.1, "2021": 12635.9, "2022": 12628.0, "2023": 12614.8, "2024": 12599.1, "2025": 12576.6, "2026": 12567.0}, "total_retreat_m": 408.9, "speed_m_per_year": -15.79, "r_squared": 0.999, "std_error": 0.12, "ci_95_low": -16.03, "ci_95_high": -15.55, "valid_years": 26, "confidence": "high", "risk_class": "medium", "location_ru": "Бухта Курык", "anchor": [51.57892344562946, 43.04807085474374]}}, {"type": "Feature", "geometry": {"type": "LineString", "coordinates": [[51.58803643735429, 43.05071037352175], [51.5340420795428, 43.05149096594112]]}, "properties": {"transect_id": 83, "baseline_distance_m": 43918.3, "positions": {"2000": 15172.3, "2001": 15167.6, "2002": 15162.8, "2003": 15156.4, "2004": 15149.2, "2005": 15136.1, "2006": 15139.7, "2007": 15137.3, "2008": 15128.2, "2009": 15132.3, "2010": 15119.0, "2011": 15118.5, "2012": null, "2013": 15103.1, "2014": 15099.7, "2015": 15091.9, "2016": 15090.6, "2017": 15079.7, "2018": 15075.9, "2019": 15069.7, "2020": 15061.5, "2021": 15058.6, "2022": 15060.3, "2023": 15044.6, "2024": 15041.7, "2025": 15039.5, "2026": 15033.4}, "total_retreat_m": 138.9, "speed_m_per_year": -5.36, "r_squared": 0.994, "std_error": 0.09, "ci_95_low": -5.54, "ci_95_high": -5.18, "valid_years": 26, "confidence": "high", "risk_class": "low", "location_ru": "Тюб-Караганский залив", "anchor": [51.57903737771904, 43.050840472258315]}}, {"type": "Feature", "geometry": {"type": "LineString", "coordinates": [[51.58800224106847, 43.05415205235946], [51.53403095003894, 43.05239144320198]]}, "properties": {"transect_id": 84, "baseline_distance_m": 44399.3, "positions": {"2000": 12192.4, "2001": 12167.8, "2002": 12169.0, "2003": 12150.2, "2004": 12139.9, "2005": 12118.7, "2006": 12102.5, "2007": 12096.1, "2008": 12081.3, "2009": 12065.9, "2010": 12054.6, "2011": 12051.8, "2012": null, "2013": 12016.8, "2014": 12004.1, "2015": 11989.7, "2016": 11978.6, "2017": 11958.3, "2018": 11937.3, "2019": 11931.1, "2020": 11921.5, "2021": 11900.8, "2022": 11890.4, "2023": 11874.7, "2024": 11869.9, "2025": 11853.3, "2026": 11839.3}, "total_retreat_m": 353.1, "speed_m_per_year": -13.54, "r_squared": 0.998, "std_error": 0.12, "ci_95_low": -13.78, "ci_95_high": -13.3, "valid_years": 26, "confidence": "high", "risk_class": "medium", "location_ru": "Мыс Меловой", "anchor": [51.579007025896885, 43.053858617499884]}}, {"type": "Feature", "geometry": {"type": "LineString", "coordinates": [[51.587808510318474, 43.05778243136218], [51.53395064681821, 43.05386700811715]]}, "properties": {"transect_id": 85, "baseline_distance_m": 44880.4, "positions": {"2000": 14519.2, "2001": 14505.7, "2002": 14493.7, "2003": 14495.1, "2004": 14487.8, "2005": 14483.4, "2006": 14476.8, "2007": 14468.9, "2008": 14450.6, "2009": 14445.2, "2010": 14440.6, "2011": 14440.8, "2012": null, "2013": 14420.6, "2014": 14411.2, "2015": 14397.2, "2016": 14387.2, "2017": 14385.9, "2018": 14370.4, "2019": 14365.9, "2020": 14358.4, "2021": 14357.2, "2022": 14341.5, "2023": 14325.2, "2024": 14329.0, "2025": 14316.2, "2026": 14311.2}, "total_retreat_m": 208.0, "speed_m_per_year": -8.03, "r_squared": 0.995, "std_error": 0.12, "ci_95_low": -8.28, "ci_95_high": -7.79, "valid_years": 26, "confidence": "high", "risk_class": "medium", "location_ru": "Южная коса Актау", "anchor": [51.578832199735096, 43.05712986082134]}}, {"type": "Feature", "geometry": {"type": "LineString", "coordinates": [[51.58746156302902, 43.061616688307794], [51.53376866600083, 43.05586579196719]]}, "properties": {"transect_id": 86, "baseline_distance_m": 45361.5, "positions": {"2000": 14972.3, "2001": 14949.0, "2002": 14938.9, "2003": 14929.7, "2004": 14910.4, "2005": 14892.3, "2006": 14887.4, "2007": 14875.1, "2008": 14856.3, "2009": 14834.6, "2010": 14831.2, "2011": 14807.6, "2012": null, "2013": 14787.3, "2014": 14768.5, "2015": 14753.3, "2016": 14742.1, "2017": 14729.0, "2018": 14713.1, "2019": 14703.9, "2020": 14685.7, "2021": 14677.3, "2022": 14660.4, "2023": 14642.4, "2024": 14627.7, "2025": 14610.5, "2026": 14604.1}, "total_retreat_m": 368.2, "speed_m_per_year": -14.1, "r_squared": 0.999, "std_error": 0.09, "ci_95_low": -14.29, "ci_95_high": -13.91, "valid_years": 26, "confidence": "high", "risk_class": "medium", "location_ru": "Побережье у Баутино", "anchor": [51.578512746857655, 43.06065820558436]}}, {"type": "Feature", "geometry": {"type": "LineString", "coordinates": [[51.586965405487504, 43.06566762880869], [51.53346429044573, 43.05834433110295]]}, "properties": {"transect_id": 87, "baseline_distance_m": 45842.6, "positions": {"2000": 15235.8, "2001": 15218.1, "2002": 15211.7, "2003": 15182.3, "2004": 15167.1, "2005": 15161.0, "2006": 15145.8, "2007": 15121.1, "2008": 15105.3, "2009": 15094.0, "2010": 15066.0, "2011": 15051.6, "2012": null, "2013": 15025.3, "2014": 15016.4, "2015": 14992.2, "2016": 14978.1, "2017": 14965.9, "2018": 14953.6, "2019": 14926.6, "2020": 14912.5, "2021": 14903.6, "2022": 14874.0, "2023": 14867.9, "2024": 14843.5, "2025": 14831.7, "2026": 14814.0}, "total_retreat_m": 421.8, "speed_m_per_year": -16.17, "r_squared": 0.999, "std_error": 0.12, "ci_95_low": -16.43, "ci_95_high": -15.92, "valid_years": 26, "confidence": "high", "risk_class": "medium", "location_ru": "Залив Комсомолец", "anchor": [51.57804855298054, 43.06444707919107]}}, {"type": "Feature", "geometry": {"type": "LineString", "coordinates": [[51.58632254012687, 43.069945818836736], [51.533024551016894, 43.06126685825195]]}, "properties": {"transect_id": 88, "baseline_distance_m": 46323.6, "positions": {"2000": 10658.2, "2001": 10639.6, "2002": 10623.2, "2003": 10604.6, "2004": 10578.7, "2005": 10558.1, "2006": 10538.6, "2007": 10511.0, "2008": 10496.4, "2009": 10475.3, "2010": 10461.0, "2011": 10427.7, "2012": null, "2013": 10384.5, "2014": 10368.0, "2015": 10346.8, "2016": 10319.9, "2017": 10299.0, "2018": 10281.4, "2019": 10254.4, "2020": 10234.7, "2021": 10215.3, "2022": 10197.4, "2023": 10169.6, "2024": 10143.2, "2025": 10121.5, "2026": 10102.7}, "total_retreat_m": 555.5, "speed_m_per_year": -21.56, "r_squared": 0.999, "std_error": 0.1, "ci_95_low": -21.77, "ci_95_high": -21.35, "valid_years": 26, "confidence": "high", "risk_class": "high", "location_ru": "Мыс Ракушечный", "anchor": [51.57743954194188, 43.06849932540594]}}, {"type": "Feature", "geometry": {"type": "LineString", "coordinates": [[51.585534506722425, 43.07445981477708], [51.532441520719566, 43.064604114025734]]}, "properties": {"transect_id": 89, "baseline_distance_m": 46804.7, "positions": {"2000": 10870.2, "2001": 10847.8, "2002": 10823.1, "2003": 10800.1, "2004": 10782.8, "2005": 10755.7, "2006": 10728.8, "2007": 10702.5, "2008": 10678.2, "2009": 10656.9, "2010": 10633.5, "2011": 10603.2, "2012": null, "2013": 10558.2, "2014": 10525.5, "2015": 10510.1, "2016": 10487.9, "2017": 10459.4, "2018": 10443.4, "2019": 10408.2, "2020": 10388.2, "2021": 10362.8, "2022": 10338.2, "2023": 10313.8, "2024": 10290.3, "2025": 10268.8, "2026": 10246.6}, "total_retreat_m": 623.6, "speed_m_per_year": -24.25, "r_squared": 1.0, "std_error": 0.08, "ci_95_low": -24.42, "ci_95_high": -24.08, "valid_years": 26, "confidence": "high", "risk_class": "high", "location_ru": "Северный Бузачи", "anchor": [51.57668567572195, 43.07281719798519]}}, {"type": "Feature", "geometry": {"type": "LineString", "coordinates": [[51.58460223810398, 43.07921640473334], [51.53171053619949, 43.068332110100876]]}, "properties": {"transect_id": 90, "baseline_distance_m": 47285.8, "positions": {"2000": 15816.8, "2001": 15810.2, "2002": 15791.5, "2003": 15786.4, "2004": 15778.4, "2005": 15756.6, "2006": 15735.8, "2007": 15729.9, "2008": 15724.5, "2009": 15709.3, "2010": 15695.5, "2011": 15686.1, "2012": null, "2013": 15659.0, "2014": 15649.4, "2015": 15635.7, "2016": 15625.6, "2017": 15608.5, "2018": 15598.1, "2019": 15580.8, "2020": 15567.1, "2021": 15563.8, "2022": 15545.4, "2023": 15535.2, "2024": 15520.0, "2025": 15504.6, "2026": 15494.5}, "total_retreat_m": 322.3, "speed_m_per_year": -12.48, "r_squared": 0.999, "std_error": 0.1, "ci_95_low": -12.67, "ci_95_high": -12.28, "valid_years": 26, "confidence": "high", "risk_class": "medium", "location_ru": "Прибрежная зона Каламкас", "anchor": [51.575786954453235, 43.077402355627925]}}, {"type": "Feature", "geometry": {"type": "LineString", "coordinates": [[51.5835262918044, 43.08422082645051], [51.53082903950021, 43.072431017309185]]}, "properties": {"transect_id": 91, "baseline_distance_m": 47766.9, "positions": {"2000": 13264.4, "2001": 13270.9, "2002": 13279.4, "2003": 13271.9, "2004": 13266.1, "2005": 13281.3, "2006": 13277.0, "2007": 13274.5, "2008": 13273.8, "2009": 13280.1, "2010": 13274.1, "2011": 13281.4, "2012": null, "2013": 13280.0, "2014": 13279.3, "2015": 13279.4, "2016": 13278.6, "2017": 13284.0, "2018": 13276.9, "2019": 13274.4, "2020": 13283.8, "2021": 13284.4, "2022": 13284.3, "2023": 13284.5, "2024": 13282.1, "2025": 13287.0, "2026": 13284.2}, "total_retreat_m": -19.8, "speed_m_per_year": 0.54, "r_squared": 0.57, "std_error": 0.1, "ci_95_low": 0.34, "ci_95_high": 0.74, "valid_years": 26, "confidence": "medium", "risk_class": "low", "location_ru": "Севернее водозабора МАЭК", "anchor": [51.57474341642037, 43.08225585826029]}}, {"type": "Feature", "geometry": {"type": "LineString", "coordinates": [[51.58230700032108, 43.08947695164137], [51.52979582669489, 43.07688422975927]]}, "properties": {"transect_id": 92, "baseline_distance_m": 48247.9, "positions": {"2000": 10873.0, "2001": 10841.6, "2002": 10834.1, "2003": 10809.0, "2004": 10798.9, "2005": 10781.2, "2006": 10758.2, "2007": 10751.7, "2008": 10732.2, "2009": 10709.0, "2010": 10704.3, "2011": 10690.3, "2012": null, "2013": 10657.7, "2014": 10636.8, "2015": 10619.1, "2016": 10607.9, "2017": 10592.9, "2018": 10574.3, "2019": 10549.6, "2020": 10537.8, "2021": 10522.3, "2022": 10496.9, "2023": 10489.7, "2024": 10480.5, "2025": 10457.5, "2026": 10444.5}, "total_retreat_m": 428.5, "speed_m_per_year": -16.19, "r_squared": 0.999, "std_error": 0.12, "ci_95_low": -16.45, "ci_95_high": -15.94, "valid_years": 26, "confidence": "high", "risk_class": "medium", "location_ru": "Бухта Курык", "anchor": [51.57355513805005, 43.087378164661025]}}, {"type": "Feature", "geometry": {"type": "LineString", "coordinates": [[51.58094456844706, 43.09498743706894], [51.528610561110355, 43.081677603257745]]}, "properties": {"transect_id": 93, "baseline_distance_m": 48729.0, "positions": {"2000": 13782.4, "2001": 13767.4, "2002": 13756.6, "2003": 13755.3, "2004": 13745.5, "2005": 13725.8, "2006": 13723.4, "2007": 13709.0, "2008": 13700.5, "2009": 13690.7, "2010": 13682.6, "2011": 13668.7, "2012": null, "2013": 13653.6, "2014": 13639.0, "2015": 13630.0, "2016": 13613.9, "2017": 13615.7, "2018": 13598.7, "2019": 13589.5, "2020": 13569.9, "2021": 13562.9, "2022": 13560.9, "2023": 13546.8, "2024": 13527.8, "2025": 13529.4, "2026": 13512.8}, "total_retreat_m": 269.6, "speed_m_per_year": -10.28, "r_squared": 0.998, "std_error": 0.1, "ci_95_low": -10.49, "ci_95_high": -10.06, "valid_years": 26, "confidence": "high", "risk_class": "medium", "location_ru": "Тюб-Караганский залив", "anchor": [51.57222223389094, 43.09276913143374]}}, {"type": "Feature", "geometry": {"type": "LineString", "coordinates": [[51.579439136268725, 43.10075384667431], [51.527273458157104, 43.086798846597084]]}, "properties": {"transect_id": 94, "baseline_distance_m": 49210.1, "positions": {"2000": 12380.1, "2001": 12384.9, "2002": 12377.5, "2003": 12378.1, "2004": 12382.2, "2005": 12387.2, "2006": 12379.5, "2007": 12379.0, "2008": 12389.9, "2009": 12385.1, "2010": 12386.9, "2011": 12381.9, "2012": null, "2013": 12388.5, "2014": 12392.0, "2015": 12396.7, "2016": 12390.8, "2017": 12401.4, "2018": 12393.0, "2019": 12393.9, "2020": 12403.7, "2021": 12399.3, "2022": 12397.2, "2023": 12399.7, "2024": 12406.6, "2025": 12408.0, "2026": 12399.8}, "total_retreat_m": -19.7, "speed_m_per_year": 1.03, "r_squared": 0.815, "std_error": 0.1, "ci_95_low": 0.82, "ci_95_high": 1.23, "valid_years": 26, "confidence": "high", "risk_class": "low", "location_ru": "Мыс Меловой", "anchor": [51.57074485658345, 43.0984280133281]}}, {"type": "Feature", "geometry": {"type": "LineString", "coordinates": [[51.57779081988077, 43.10677674996675], [51.52578508151369, 43.09223703962249]]}, "properties": {"transect_id": 95, "baseline_distance_m": 49691.2, "positions": {"2000": 13062.9, "2001": 13054.8, "2002": 13043.2, "2003": 13035.9, "2004": 13024.4, "2005": 13006.4, "2006": 12995.1, "2007": 12986.7, "2008": 12969.9, "2009": 12962.8, "2010": 12948.3, "2011": 12932.9, "2012": null, "2013": 12909.3, "2014": 12907.1, "2015": 12888.9, "2016": 12884.2, "2017": 12863.8, "2018": 12855.2, "2019": 12851.8, "2020": 12826.1, "2021": 12811.0, "2022": 12811.9, "2023": 12791.6, "2024": 12783.0, "2025": 12768.9, "2026": 12760.5}, "total_retreat_m": 302.4, "speed_m_per_year": -11.85, "r_squared": 0.998, "std_error": 0.1, "ci_95_low": -12.05, "ci_95_high": -11.64, "valid_years": 26, "confidence": "high", "risk_class": "medium", "location_ru": "Южная коса Актау", "anchor": [51.56912319681959, 43.10435346490937]}}, {"type": "Feature", "geometry": {"type": "LineString", "coordinates": [[51.5759997376043, 43.11305580160324], [51.52414621173455, 43.09798225341857]]}, "properties": {"transect_id": 96, "baseline_distance_m": 50172.2, "positions": {"2000": 13075.5, "2001": 13050.0, "2002": 13031.5, "2003": 13013.2, "2004": 12989.2, "2005": 12973.5, "2006": 12956.0, "2007": 12934.2, "2008": 12915.0, "2009": 12896.3, "2010": 12874.0, "2011": 12859.7, "2012": null, "2013": 12823.3, "2014": 12795.9, "2015": 12780.0, "2016": 12757.4, "2017": 12740.1, "2018": 12725.2, "2019": 12701.3, "2020": 12672.5, "2021": 12661.7, "2022": 12645.1, "2023": 12619.5, "2024": 12604.7, "2025": 12578.2, "2026": 12555.4}, "total_retreat_m": 520.1, "speed_m_per_year": -19.63, "r_squared": 1.0, "std_error": 0.09, "ci_95_low": -19.81, "ci_95_high": -19.45, "valid_years": 26, "confidence": "high", "risk_class": "medium", "location_ru": "Побережье у Баутино", "anchor": [51.567357483292675, 43.11054354357246]}}, {"type": "Feature", "geometry": {"type": "LineString", "coordinates": [[51.5740660267483, 43.11958980635521], [51.52235776208152, 43.104025251586414]]}, "properties": {"transect_id": 97, "baseline_distance_m": 50653.3, "positions": {"2000": 12981.2, "2001": 12977.5, "2002": 12954.9, "2003": 12947.6, "2004": 12938.8, "2005": 12932.9, "2006": 12921.9, "2007": 12919.1, "2008": 12907.6, "2009": 12895.9, "2010": 12884.7, "2011": 12875.9, "2012": null, "2013": 12851.3, "2014": 12848.4, "2015": 12830.7, "2016": 12828.7, "2017": 12820.3, "2018": 12806.6, "2019": 12795.2, "2020": 12787.7, "2021": 12764.9, "2022": 12767.7, "2023": 12756.3, "2024": 12746.7, "2025": 12739.9, "2026": 12727.0}, "total_retreat_m": 254.2, "speed_m_per_year": -9.77, "r_squared": 0.997, "std_error": 0.1, "ci_95_low": -9.98, "ci_95_high": -9.56, "valid_years": 26, "confidence": "high", "risk_class": "medium", "location_ru": "Залив Комсомолец", "anchor": [51.56544798263717, 43.11699571389374]}}, {"type": "Feature", "geometry": {"type": "LineString", "coordinates": [[51.571989854186185, 43.12637677287699], [51.520420725219466, 43.11035725548057]]}, "properties": {"transect_id": 98, "baseline_distance_m": 51134.4, "positions": {"2000": 13891.9, "2001": 13871.0, "2002": 13850.2, "2003": 13832.7, "2004": 13803.2, "2005": 13787.2, "2006": 13770.6, "2007": 13737.5, "2008": 13724.1, "2009": 13700.1, "2010": 13679.9, "2011": 13656.7, "2012": null, "2013": 13617.6, "2014": 13604.7, "2015": 13571.2, "2016": 13550.6, "2017": 13529.0, "2018": 13520.1, "2019": 13490.3, "2020": 13471.1, "2021": 13448.5, "2022": 13425.4, "2023": 13407.2, "2024": 13396.9, "2025": 13371.6, "2026": 13341.6}, "total_retreat_m": 550.3, "speed_m_per_year": -20.99, "r_squared": 0.999, "std_error": 0.11, "ci_95_low": -21.21, "ci_95_high": -20.76, "valid_years": 26, "confidence": "high", "risk_class": "high", "location_ru": "Мыс Ракушечный", "anchor": [51.5633949993584, 43.12370685331092]}}, {"type": "Feature", "geometry": {"type": "LineString", "coordinates": [[51.569771422878816, 43.133413958986026], [51.518336140120304, 43.11696975977926]]}, "properties": {"transect_id": 99, "baseline_distance_m": 51615.5, "positions": {"2000": 10707.0, "2001": 10713.3, "2002": 10708.9, "2003": 10703.5, "2004": 10692.5, "2005": 10688.8, "2006": 10687.6, "2007": 10681.2, "2008": 10673.1, "2009": 10663.3, "2010": 10665.3, "2011": 10664.2, "2012": null, "2013": 10645.2, "2014": 10647.7, "2015": 10641.5, "2016": 10638.2, "2017": 10633.8, "2018": 10622.6, "2019": 10614.0, "2020": 10613.4, "2021": 10614.1, "2022": 10603.5, "2023": 10597.9, "2024": 10588.5, "2025": 10597.9, "2026": 10589.2}, "total_retreat_m": 117.8, "speed_m_per_year": -4.96, "r_squared": 0.989, "std_error": 0.1, "ci_95_low": -5.17, "ci_95_high": -4.74, "valid_years": 26, "confidence": "high", "risk_class": "low", "location_ru": "Северный Бузачи", "anchor": [51.561198875752396, 43.13067325911823]}}, {"type": "Feature", "geometry": {"type": "LineString", "coordinates": [[51.56741097574095, 43.14069791056347], [51.51610507218948, 43.12385438775]]}, "properties": {"transect_id": 100, "baseline_distance_m": 52096.5, "positions": {"2000": 14960.8, "2001": 14953.8, "2002": 14950.5, "2003": 14945.7, "2004": 14954.3, "2005": 14942.3, "2006": 14934.6, "2007": 14934.6, "2008": 14925.0, "2009": 14931.4, "2010": 14919.1, "2011": 14920.1, "2012": null, "2013": 14915.0, "2014": 14908.6, "2015": 14903.7, "2016": 14899.7, "2017": 14895.8, "2018": 14890.0, "2019": 14886.9, "2020": 14890.9, "2021": 14880.9, "2022": 14874.5, "2023": 14871.9, "2024": 14874.7, "2025": 14869.3, "2026": 14865.2}, "total_retreat_m": 95.6, "speed_m_per_year": -3.69, "r_squared": 0.987, "std_error": 0.08, "ci_95_low": -3.87, "ci_95_high": -3.52, "valid_years": 26, "confidence": "high", "risk_class": "low", "location_ru": "Прибрежная зона Каламкас", "anchor": [51.5588599918157, 43.13789065676122]}}, {"type": "Feature", "geometry": {"type": "LineString", "coordinates": [[51.56490879776826, 43.148224495713905], [51.51372860203052, 43.13100277790626]]}, "properties": {"transect_id": 101, "baseline_distance_m": 52577.6, "positions": {"2000": 11903.8, "2001": 11892.6, "2002": 11884.9, "2003": 11871.9, "2004": 11851.8, "2005": 11839.6, "2006": 11830.8, "2007": 11824.6, "2008": 11797.4, "2009": 11793.5, "2010": 11774.2, "2011": 11764.6, "2012": null, "2013": 11740.3, "2014": 11727.4, "2015": 11714.3, "2016": 11703.8, "2017": 11689.0, "2018": 11672.6, "2019": 11669.0, "2020": 11656.2, "2021": 11643.9, "2022": 11621.7, "2023": 11616.4, "2024": 11605.2, "2025": 11585.8, "2026": 11577.3}, "total_retreat_m": 326.5, "speed_m_per_year": -12.66, "r_squared": 0.999, "std_error": 0.09, "ci_95_low": -12.85, "ci_95_high": -12.47, "valid_years": 26, "confidence": "high", "risk_class": "medium", "location_ru": "Севернее водозабора МАЭК", "anchor": [51.556378765145304, 43.14535420941263]}}, {"type": "Feature", "geometry": {"type": "LineString", "coordinates": [[51.56226521702997, 43.15598893544616], [51.51120781982214, 43.138406495616536]]}, "properties": {"transect_id": 102, "baseline_distance_m": 53058.7, "positions": {"2000": 15895.4, "2001": 15869.8, "2002": 15875.1, "2003": 15850.2, "2004": 15846.6, "2005": 15835.3, "2006": 15816.2, "2007": 15810.9, "2008": 15797.2, "2009": 15788.6, "2010": 15776.1, "2011": 15768.7, "2012": null, "2013": 15741.7, "2014": 15729.5, "2015": 15723.3, "2016": 15710.0, "2017": 15699.3, "2018": 15682.5, "2019": 15669.7, "2020": 15660.4, "2021": 15648.9, "2022": 15643.3, "2023": 15632.8, "2024": 15617.0, "2025": 15612.1, "2026": 15600.6}, "total_retreat_m": 294.8, "speed_m_per_year": -11.26, "r_squared": 0.998, "std_error": 0.1, "ci_95_low": -11.47, "ci_95_high": -11.05, "valid_years": 26, "confidence": "high", "risk_class": "medium", "location_ru": "Бухта Курык", "anchor": [51.55375565082866, 43.15305852880789]}}, {"type": "Feature", "geometry": {"type": "LineString", "coordinates": [[51.55948060492722, 43.163985831844975], [51.508543823306844, 43.14605696467052]]}, "properties": {"transect_id": 103, "baseline_distance_m": 53539.8, "positions": {"2000": 14259.5, "2001": 14245.0, "2002": 14237.9, "2003": 14228.1, "2004": 14218.0, "2005": 14207.7, "2006": 14208.2, "2007": 14194.7, "2008": 14202.1, "2009": 14177.6, "2010": 14169.0, "2011": 14168.2, "2012": null, "2013": 14156.4, "2014": 14142.7, "2015": 14136.8, "2016": 14119.2, "2017": 14116.0, "2018": 14106.5, "2019": 14095.3, "2020": 14095.4, "2021": 14078.1, "2022": 14073.8, "2023": 14069.1, "2024": 14060.0, "2025": 14057.0, "2026": 14048.7}, "total_retreat_m": 210.8, "speed_m_per_year": -8.07, "r_squared": 0.995, "std_error": 0.12, "ci_95_low": -8.31, "ci_95_high": -7.83, "valid_years": 26, "confidence": "high", "risk_class": "medium", "location_ru": "Тюб-Караганский залив", "anchor": [51.55099114132382, 43.1609976873159]}}, {"type": "Feature", "geometry": {"type": "LineString", "coordinates": [[51.556555375981794, 43.17220919448035], [51.5057377180694, 43.15394541490715]]}, "properties": {"transect_id": 104, "baseline_distance_m": 54020.9, "positions": {"2000": 14794.7, "2001": 14788.1, "2002": 14787.3, "2003": 14786.2, "2004": 14782.7, "2005": 14778.5, "2006": 14776.8, "2007": 14772.9, "2008": 14775.8, "2009": 14771.8, "2010": 14767.5, "2011": 14765.5, "2012": null, "2013": 14759.3, "2014": 14766.1, "2015": 14760.5, "2016": 14754.7, "2017": 14759.4, "2018": 14752.0, "2019": 14746.6, "2020": 14754.3, "2021": 14746.1, "2022": 14744.6, "2023": 14744.4, "2024": 14746.8, "2025": 14740.3, "2026": 14733.4}, "total_retreat_m": 61.3, "speed_m_per_year": -2.06, "r_squared": 0.97, "std_error": 0.07, "ci_95_low": -2.21, "ci_95_high": -1.9, "valid_years": 26, "confidence": "high", "risk_class": "low", "location_ru": "Мыс Меловой", "anchor": [51.54808576632973, 43.16916523121815]}}, {"type": "Feature", "geometry": {"type": "LineString", "coordinates": [[51.55348998732979, 43.180652465626565], [51.502790619231185, 43.162062842865396]]}, "properties": {"transect_id": 105, "baseline_distance_m": 54501.9, "positions": {"2000": 14267.6, "2001": 14255.0, "2002": 14241.1, "2003": 14246.5, "2004": 14247.8, "2005": 14241.3, "2006": 14237.4, "2007": 14221.0, "2008": 14223.7, "2009": 14212.2, "2010": 14211.0, "2011": 14200.0, "2012": null, "2013": 14192.5, "2014": 14187.4, "2015": 14188.7, "2016": 14183.3, "2017": 14176.2, "2018": 14164.7, "2019": 14163.9, "2020": 14157.1, "2021": 14158.6, "2022": 14154.9, "2023": 14149.4, "2024": 14137.1, "2025": 14124.2, "2026": 14123.1}, "total_retreat_m": 144.5, "speed_m_per_year": -5.2, "r_squared": 0.987, "std_error": 0.12, "ci_95_low": -5.46, "ci_95_high": -4.95, "valid_years": 26, "confidence": "high", "risk_class": "low", "location_ru": "Южная коса Актау", "anchor": [51.54504009264669, 43.17755419516637]}}, {"type": "Feature", "geometry": {"type": "LineString", "coordinates": [[51.55028493803503, 43.189308544729926], [51.499703653987616, 43.17039998306821]]}, "properties": {"transect_id": 106, "baseline_distance_m": 54983.0, "positions": {"2000": 14643.5, "2001": 14656.0, "2002": 14657.4, "2003": 14655.4, "2004": 14657.0, "2005": 14660.6, "2006": 14664.9, "2007": 14673.4, "2008": 14671.6, "2009": 14675.7, "2010": 14680.4, "2011": 14674.0, "2012": null, "2013": 14687.5, "2014": 14686.2, "2015": 14680.3, "2016": 14684.7, "2017": 14692.1, "2018": 14701.2, "2019": 14702.5, "2020": 14705.7, "2021": 14715.7, "2022": 14705.7, "2023": 14713.6, "2024": 14717.8, "2025": 14716.6, "2026": 14722.6}, "total_retreat_m": -79.1, "speed_m_per_year": 2.8, "r_squared": 0.966, "std_error": 0.11, "ci_95_low": 2.58, "ci_95_high": 3.02, "valid_years": 26, "confidence": "high", "risk_class": "low", "location_ru": "Побережье у Баутино", "anchor": [51.541854724027125, 43.18615711778631]}}, {"type": "Feature", "geometry": {"type": "LineString", "coordinates": [[51.54694076829729, 43.19816981245936], [51.496477964612794, 43.1789472880596]]}, "properties": {"transect_id": 107, "baseline_distance_m": 55464.1, "positions": {"2000": 15909.5, "2001": 15896.4, "2002": 15864.3, "2003": 15844.7, "2004": 15816.4, "2005": 15792.7, "2006": 15766.6, "2007": 15745.5, "2008": 15722.4, "2009": 15694.1, "2010": 15672.9, "2011": 15647.1, "2012": null, "2013": 15610.9, "2014": 15577.5, "2015": 15560.2, "2016": 15529.3, "2017": 15507.2, "2018": 15477.0, "2019": 15456.7, "2020": 15435.4, "2021": 15417.0, "2022": 15387.7, "2023": 15368.5, "2024": 15341.6, "2025": 15321.7, "2026": 15291.0}, "total_retreat_m": 618.5, "speed_m_per_year": -23.8, "r_squared": 1.0, "std_error": 0.09, "ci_95_low": -24.0, "ci_95_high": -23.61, "valid_years": 26, "confidence": "high", "risk_class": "high", "location_ru": "Залив Комсомолец", "anchor": [51.53853030101654, 43.19496605839274]}}, {"type": "Feature", "geometry": {"type": "LineString", "coordinates": [[51.54345805860416, 43.20722815459202], [51.493114711687824, 43.187694915709]]}, "properties": {"transect_id": 108, "baseline_distance_m": 55945.2, "positions": {"2000": 12673.1, "2001": 12675.9, "2002": 12694.5, "2003": 12693.0, "2004": 12692.9, "2005": 12703.7, "2006": 12705.9, "2007": 12715.6, "2008": 12706.0, "2009": 12715.6, "2010": 12719.3, "2011": 12717.8, "2012": null, "2013": 12738.9, "2014": 12738.1, "2015": 12746.6, "2016": 12757.6, "2017": 12751.3, "2018": 12755.5, "2019": 12762.2, "2020": 12770.1, "2021": 12768.4, "2022": 12772.7, "2023": 12783.9, "2024": 12785.7, "2025": 12780.5, "2026": 12788.3}, "total_retreat_m": -115.2, "speed_m_per_year": 4.4, "r_squared": 0.982, "std_error": 0.12, "ci_95_low": 4.15, "ci_95_high": 4.64, "valid_years": 26, "confidence": "high", "risk_class": "low", "location_ru": "Мыс Ракушечный", "anchor": [51.53506750078477, 43.20397261477819]}}, {"type": "Feature", "geometry": {"type": "LineString", "coordinates": [[51.53983742885571, 43.21647498592808], [51.489615077407706, 43.196632722573476]]}, "properties": {"transect_id": 109, "baseline_distance_m": 56426.2, "positions": {"2000": 10281.8, "2001": 10288.0, "2002": 10292.6, "2003": 10299.4, "2004": 10294.8, "2005": 10300.8, "2006": 10309.1, "2007": 10311.4, "2008": 10318.0, "2009": 10314.6, "2010": 10324.8, "2011": 10331.6, "2012": null, "2013": 10336.9, "2014": 10339.4, "2015": 10342.3, "2016": 10343.2, "2017": 10350.1, "2018": 10359.3, "2019": 10357.7, "2020": 10358.4, "2021": 10363.9, "2022": 10370.5, "2023": 10372.1, "2024": 10379.4, "2025": 10383.4, "2026": 10388.7}, "total_retreat_m": -106.9, "speed_m_per_year": 3.94, "r_squared": 0.993, "std_error": 0.07, "ci_95_low": 3.8, "ci_95_high": 4.08, "valid_years": 26, "confidence": "high", "risk_class": "low", "location_ru": "Северный Бузачи", "anchor": [51.53146703694771, 43.213167942035646]}}, {"type": "Feature", "geometry": {"type": "LineString", "coordinates": [[51.53607953748175, 43.225901274371445], [51.48598026886702, 43.20575026238024]]}, "properties": {"transect_id": 110, "baseline_distance_m": 56907.3, "positions": {"2000": 11138.8, "2001": 11142.1, "2002": 11148.6, "2003": 11150.4, "2004": 11150.8, "2005": 11156.8, "2006": 11159.9, "2007": 11162.3, "2008": 11167.0, "2009": 11176.2, "2010": 11175.5, "2011": 11187.8, "2012": null, "2013": 11185.0, "2014": 11186.4, "2015": 11190.7, "2016": 11195.0, "2017": 11198.9, "2018": 11208.7, "2019": 11200.2, "2020": 11210.2, "2021": 11210.8, "2022": 11206.9, "2023": 11219.5, "2024": 11224.7, "2025": 11219.4, "2026": 11226.0}, "total_retreat_m": -87.2, "speed_m_per_year": 3.34, "r_squared": 0.981, "std_error": 0.09, "ci_95_low": 3.15, "ci_95_high": 3.54, "valid_years": 26, "confidence": "high", "risk_class": "low", "location_ru": "Прибрежная зона Каламкас", "anchor": [51.52772965937929, 43.22254277237291]}}, {"type": "Feature", "geometry": {"type": "LineString", "coordinates": [[51.53218508056142, 43.23549756528064], [51.48221152127692, 43.215036788842816]]}, "properties": {"transect_id": 111, "baseline_distance_m": 57388.4, "positions": {"2000": 12127.3, "2001": 12096.5, "2002": 12069.2, "2003": 12049.7, "2004": 12021.9, "2005": 11997.4, "2006": 11977.4, "2007": 11945.1, "2008": 11921.3, "2009": 11900.8, "2010": 11879.2, "2011": 11855.5, "2012": null, "2013": 11798.4, "2014": 11780.0, "2015": 11748.3, "2016": 11734.0, "2017": 11697.4, "2018": 11682.5, "2019": 11649.7, "2020": 11635.6, "2021": 11605.2, "2022": 11574.0, "2023": 11551.2, "2024": 11531.6, "2025": 11507.9, "2026": 11478.6}, "total_retreat_m": 648.7, "speed_m_per_year": -24.68, "r_squared": 1.0, "std_error": 0.1, "ci_95_low": -24.88, "ci_95_high": -24.48, "valid_years": 26, "confidence": "high", "risk_class": "high", "location_ru": "Севернее водозабора МАЭК", "anchor": [51.523856154014005, 43.232087435874334]}}, {"type": "Feature", "geometry": {"type": "LineString", "coordinates": [[51.5281547909508, 43.245254006159136], [51.47831010108538, 43.22448126218488]]}, "properties": {"transect_id": 112, "baseline_distance_m": 57869.5, "positions": {"2000": 15622.6, "2001": 15607.9, "2002": 15600.8, "2003": 15596.0, "2004": 15590.9, "2005": 15583.5, "2006": 15571.2, "2007": 15560.2, "2008": 15553.0, "2009": 15538.4, "2010": 15531.4, "2011": 15519.7, "2012": null, "2013": 15500.0, "2014": 15497.3, "2015": 15487.7, "2016": 15480.7, "2017": 15471.2, "2018": 15460.9, "2019": 15453.2, "2020": 15441.8, "2021": 15434.6, "2022": 15421.0, "2023": 15416.4, "2024": 15408.6, "2025": 15394.2, "2026": 15388.1}, "total_retreat_m": 234.5, "speed_m_per_year": -9.01, "r_squared": 0.998, "std_error": 0.07, "ci_95_low": -9.16, "ci_95_high": -8.86, "valid_years": 26, "confidence": "high", "risk_class": "medium", "location_ru": "Бухта Курык", "anchor": [51.5198473426399, 43.241791882163426]}}, {"type": "Feature", "geometry": {"type": "LineString", "coordinates": [[51.523989437420184, 43.255160371730724], [51.47427730899206, 43.23407235885266]]}, "properties": {"transect_id": 113, "baseline_distance_m": 58350.5, "positions": {"2000": 10652.4, "2001": 10647.0, "2002": 10631.3, "2003": 10614.2, "2004": 10605.0, "2005": 10581.4, "2006": 10579.3, "2007": 10551.4, "2008": 10538.3, "2009": 10520.8, "2010": 10508.9, "2011": 10495.8, "2012": null, "2013": 10462.1, "2014": 10454.7, "2015": 10433.6, "2016": 10418.8, "2017": 10399.1, "2018": 10389.5, "2019": 10372.3, "2020": 10355.5, "2021": 10339.9, "2022": 10338.7, "2023": 10312.0, "2024": 10292.3, "2025": 10280.4, "2026": 10268.0}, "total_retreat_m": 384.4, "speed_m_per_year": -15.12, "r_squared": 0.999, "std_error": 0.11, "ci_95_low": -15.34, "ci_95_high": -14.9, "valid_years": 26, "confidence": "high", "risk_class": "medium", "location_ru": "Тюб-Караганский залив", "anchor": [51.51570408268216, 43.25164570291771]}}, {"type": "Feature", "geometry": {"type": "LineString", "coordinates": [[51.519689823800924, 43.26520608942471], [51.470114482858754, 43.24379848398954]]}, "properties": {"transect_id": 114, "baseline_distance_m": 58831.6, "positions": {"2000": 11711.9, "2001": 11702.1, "2002": 11701.5, "2003": 11692.0, "2004": 11688.5, "2005": 11682.8, "2006": 11677.2, "2007": 11681.6, "2008": 11675.6, "2009": 11672.2, "2010": 11663.9, "2011": 11662.3, "2012": null, "2013": 11643.0, "2014": 11649.0, "2015": 11641.7, "2016": 11639.0, "2017": 11633.4, "2018": 11623.4, "2019": 11616.8, "2020": 11615.4, "2021": 11616.0, "2022": 11611.9, "2023": 11599.2, "2024": 11596.2, "2025": 11592.6, "2026": 11589.6}, "total_retreat_m": 122.3, "speed_m_per_year": -4.62, "r_squared": 0.992, "std_error": 0.09, "ci_95_low": -4.8, "ci_95_high": -4.44, "valid_years": 26, "confidence": "high", "risk_class": "low", "location_ru": "Мыс Меловой", "anchor": [51.51142726697723, 43.261638155185516]}}, {"type": "Feature", "geometry": {"type": "LineString", "coordinates": [[51.51525678814051, 43.27538026527939], [51.46582300052355, 43.25364778631723]]}, "properties": {"transect_id": 115, "baseline_distance_m": 59312.7, "positions": {"2000": 11365.2, "2001": 11347.3, "2002": 11320.6, "2003": 11303.3, "2004": 11286.5, "2005": 11255.5, "2006": 11238.3, "2007": 11221.7, "2008": 11194.3, "2009": 11172.1, "2010": 11157.5, "2011": 11130.1, "2012": null, "2013": 11092.6, "2014": 11068.4, "2015": 11043.7, "2016": 11025.4, "2017": 11003.2, "2018": 10984.5, "2019": 10956.6, "2020": 10937.4, "2021": 10915.5, "2022": 10897.0, "2023": 10868.5, "2024": 10855.1, "2025": 10831.3, "2026": 10802.7}, "total_retreat_m": 562.5, "speed_m_per_year": -21.51, "r_squared": 1.0, "std_error": 0.08, "ci_95_low": -21.67, "ci_95_high": -21.34, "valid_years": 26, "confidence": "high", "risk_class": "high", "location_ru": "Южная коса Актау", "anchor": [51.50701782353769, 43.27175818545236]}}, {"type": "Feature", "geometry": {"type": "LineString", "coordinates": [[51.51069120186322, 43.285671710259194], [51.461404282530886, 43.2636081751225]]}, "properties": {"transect_id": 116, "baseline_distance_m": 59793.8, "positions": {"2000": 12953.4, "2001": 12956.4, "2002": 12952.3, "2003": 12946.6, "2004": 12947.1, "2005": 12956.8, "2006": 12954.7, "2007": 12954.7, "2008": 12959.3, "2009": 12963.3, "2010": 12956.3, "2011": 12961.6, "2012": null, "2013": 12972.0, "2014": 12963.0, "2015": 12972.0, "2016": 12967.9, "2017": 12973.3, "2018": 12976.7, "2019": 12976.6, "2020": 12978.5, "2021": 12971.6, "2022": 12981.9, "2023": 12975.3, "2024": 12981.0, "2025": 12982.3, "2026": 12984.5}, "total_retreat_m": -31.1, "speed_m_per_year": 1.36, "r_squared": 0.89, "std_error": 0.1, "ci_95_low": 1.16, "ci_95_high": 1.56, "valid_years": 26, "confidence": "high", "risk_class": "low", "location_ru": "Побережье у Баутино", "anchor": [51.50247671530783, 43.281994454403076]}}, {"type": "Feature", "geometry": {"type": "LineString", "coordinates": [[51.505993968934405, 43.296068966968136], [51.456859794787974, 43.273667339104335]]}, "properties": {"transect_id": 117, "baseline_distance_m": 60274.8, "positions": {"2000": 14802.7, "2001": 14805.0, "2002": 14795.8, "2003": 14793.1, "2004": 14781.8, "2005": 14769.8, "2006": 14772.8, "2007": 14760.9, "2008": 14757.2, "2009": 14746.7, "2010": 14749.3, "2011": 14732.7, "2012": null, "2013": 14721.8, "2014": 14717.0, "2015": 14705.7, "2016": 14704.9, "2017": 14703.5, "2018": 14688.5, "2019": 14685.5, "2020": 14666.4, "2021": 14670.7, "2022": 14663.1, "2023": 14654.5, "2024": 14655.6, "2025": 14643.4, "2026": 14637.5}, "total_retreat_m": 165.2, "speed_m_per_year": -6.59, "r_squared": 0.994, "std_error": 0.1, "ci_95_low": -6.79, "ci_95_high": -6.38, "valid_years": 26, "confidence": "high", "risk_class": "low", "location_ru": "Залив Комсомолец", "anchor": [51.49780493991, 43.29233536232417]}}, {"type": "Feature", "geometry": {"type": "LineString", "coordinates": [[51.501166025025356, 43.306560336735906], [51.452191051164775, 43.28381276685787]]}, "properties": {"transect_id": 118, "baseline_distance_m": 60755.9, "positions": {"2000": 10692.1, "2001": 10687.5, "2002": 10662.2, "2003": 10654.7, "2004": 10643.2, "2005": 10638.8, "2006": 10621.9, "2007": 10603.7, "2008": 10598.1, "2009": 10577.0, "2010": 10571.0, "2011": 10548.6, "2012": null, "2013": 10532.4, "2014": 10513.5, "2015": 10498.1, "2016": 10488.4, "2017": 10477.4, "2018": 10461.4, "2019": 10452.6, "2020": 10435.1, "2021": 10426.9, "2022": 10413.3, "2023": 10398.3, "2024": 10383.8, "2025": 10373.2, "2026": 10361.9}, "total_retreat_m": 330.2, "speed_m_per_year": -12.9, "r_squared": 0.999, "std_error": 0.09, "ci_95_low": -13.09, "ci_95_high": -12.71, "valid_years": 26, "confidence": "high", "risk_class": "medium", "location_ru": "Мыс Ракушечный", "anchor": [51.49300352938192, 43.302769075089564]}}, {"type": "Feature", "geometry": {"type": "LineString", "coordinates": [[51.49620833667685, 43.317133907041075], [51.44739961604447, 43.29403176882337]]}, "properties": {"transect_id": 119, "baseline_distance_m": 61237.0, "positions": {"2000": 15729.5, "2001": 15742.5, "2002": 15736.7, "2003": 15741.0, "2004": 15746.4, "2005": 15744.1, "2006": 15750.8, "2007": 15755.1, "2008": 15764.2, "2009": 15765.4, "2010": 15771.2, "2011": 15779.5, "2012": null, "2013": 15787.6, "2014": 15788.0, "2015": 15790.4, "2016": 15802.2, "2017": 15805.2, "2018": 15800.2, "2019": 15809.9, "2020": 15816.3, "2021": 15823.2, "2022": 15828.3, "2023": 15830.2, "2024": 15836.0, "2025": 15838.4, "2026": 15839.9}, "total_retreat_m": -110.4, "speed_m_per_year": 4.39, "r_squared": 0.99, "std_error": 0.09, "ci_95_low": 4.21, "ci_95_high": 4.57, "valid_years": 26, "confidence": "high", "risk_class": "low", "location_ru": "Северный Бузачи", "anchor": [51.48807354990479, 43.31328355067146]}}, {"type": "Feature", "geometry": {"type": "LineString", "coordinates": [[51.491121900459135, 43.32777757923358], [51.442487106839415, 43.30431150053331]]}, "properties": {"transect_id": 120, "baseline_distance_m": 61718.1, "positions": {"2000": 11510.1, "2001": 11490.6, "2002": 11484.5, "2003": 11474.2, "2004": 11460.7, "2005": 11448.7, "2006": 11439.6, "2007": 11421.2, "2008": 11406.9, "2009": 11399.9, "2010": 11392.3, "2011": 11383.8, "2012": null, "2013": 11356.0, "2014": 11334.9, "2015": 11327.7, "2016": 11317.6, "2017": 11305.2, "2018": 11294.5, "2019": 11276.6, "2020": 11268.4, "2021": 11257.7, "2022": 11247.2, "2023": 11228.6, "2024": 11218.3, "2025": 11196.8, "2026": 11193.0}, "total_retreat_m": 317.1, "speed_m_per_year": -12.12, "r_squared": 0.998, "std_error": 0.1, "ci_95_low": -12.32, "ci_95_high": -11.92, "valid_years": 26, "confidence": "high", "risk_class": "medium", "location_ru": "Прибрежная зона Каламкас", "anchor": [51.483016101522516, 43.32386656611687]}}, {"type": "Feature", "geometry": {"type": "LineString", "coordinates": [[51.48590774212748, 43.3384790965086], [51.437455196474374, 43.31463898703456]]}, "properties": {"transect_id": 121, "baseline_distance_m": 62199.1, "positions": {"2000": 11973.4, "2001": 11957.9, "2002": 11934.6, "2003": 11929.9, "2004": 11910.8, "2005": 11901.9, "2006": 11880.2, "2007": 11870.9, "2008": 11855.1, "2009": 11842.9, "2010": 11827.6, "2011": 11811.6, "2012": null, "2013": 11777.3, "2014": 11763.0, "2015": 11752.0, "2016": 11739.8, "2017": 11722.8, "2018": 11713.2, "2019": 11695.0, "2020": 11677.7, "2021": 11665.9, "2022": 11653.3, "2023": 11639.2, "2024": 11630.8, "2025": 11606.1, "2026": 11593.9}, "total_retreat_m": 379.5, "speed_m_per_year": -14.46, "r_squared": 0.999, "std_error": 0.08, "ci_95_low": -14.63, "ci_95_high": -14.29, "valid_years": 26, "confidence": "high", "risk_class": "medium", "location_ru": "Севернее водозабора МАЭК", "anchor": [51.47783231785196, 43.334505744929594]}}, {"type": "Feature", "geometry": {"type": "LineString", "coordinates": [[51.480566915772044, 43.34922607208349], [51.43230561584622, 43.32500114835875]]}, "properties": {"transect_id": 122, "baseline_distance_m": 62680.2, "positions": {"2000": 14505.9, "2001": 14495.5, "2002": 14493.5, "2003": 14485.0, "2004": 14476.2, "2005": 14473.7, "2006": 14466.4, "2007": 14466.7, "2008": 14460.6, "2009": 14448.4, "2010": 14444.7, "2011": 14432.1, "2012": null, "2013": 14425.1, "2014": 14422.5, "2015": 14418.0, "2016": 14405.6, "2017": 14406.4, "2018": 14389.9, "2019": 14384.8, "2020": 14386.4, "2021": 14384.0, "2022": 14373.1, "2023": 14364.7, "2024": 14349.9, "2025": 14344.4, "2026": 14346.8}, "total_retreat_m": 159.1, "speed_m_per_year": -6.13, "r_squared": 0.993, "std_error": 0.1, "ci_95_low": -6.34, "ci_95_high": -5.91, "valid_years": 26, "confidence": "high", "risk_class": "low", "location_ru": "Бухта Курык", "anchor": [51.472523365784404, 43.345188584796034]}}, {"type": "Feature", "geometry": {"type": "LineString", "coordinates": [[51.4751005029625, 43.36000601752184], [51.42704015625637, 43.33538482594859]]}, "properties": {"transect_id": 123, "baseline_distance_m": 63161.3, "positions": {"2000": 14302.6, "2001": 14289.5, "2002": 14279.5, "2003": 14262.9, "2004": 14253.9, "2005": 14235.7, "2006": 14221.9, "2007": 14213.3, "2008": 14191.8, "2009": 14193.6, "2010": 14170.5, "2011": 14157.2, "2012": null, "2013": 14131.1, "2014": 14123.2, "2015": 14105.5, "2016": 14082.6, "2017": 14081.3, "2018": 14061.0, "2019": 14049.5, "2020": 14030.6, "2021": 14024.5, "2022": 14006.4, "2023": 13996.1, "2024": 13981.2, "2025": 13976.7, "2026": 13963.6}, "total_retreat_m": 339.0, "speed_m_per_year": -13.33, "r_squared": 0.999, "std_error": 0.11, "ci_95_low": -13.55, "ci_95_high": -13.12, "valid_years": 26, "confidence": "high", "risk_class": "medium", "location_ru": "Тюб-Караганский залив", "anchor": [51.467090445178144, 43.355902485592964]}}, {"type": "Feature", "geometry": {"type": "LineString", "coordinates": [[51.4695096118889, 43.370806371146074], [51.42166067181061, 43.345776809955666]]}, "properties": {"transect_id": 124, "baseline_distance_m": 63642.4, "positions": {"2000": 13034.3, "2001": 13030.3, "2002": 13014.7, "2003": 13004.5, "2004": 13000.2, "2005": 12984.3, "2006": 12976.4, "2007": 12960.3, "2008": 12959.6, "2009": 12954.7, "2010": 12939.9, "2011": 12933.0, "2012": null, "2013": 12904.0, "2014": 12898.5, "2015": 12883.9, "2016": 12876.9, "2017": 12871.0, "2018": 12858.4, "2019": 12842.5, "2020": 12833.0, "2021": 12822.9, "2022": 12820.5, "2023": 12816.9, "2024": 12804.2, "2025": 12781.3, "2026": 12784.7}, "total_retreat_m": 249.6, "speed_m_per_year": -9.88, "r_squared": 0.997, "std_error": 0.11, "ci_95_low": -10.12, "ci_95_high": -9.65, "valid_years": 26, "confidence": "high", "risk_class": "medium", "location_ru": "Мыс Меловой", "anchor": [51.46153478854252, 43.36663477761434]}}, {"type": "Feature", "geometry": {"type": "LineString", "coordinates": [[51.463795376499974, 43.3816145264793], [51.41616908178006, 43.356163867327666]]}, "properties": {"transect_id": 125, "baseline_distance_m": 64123.5, "positions": {"2000": 12063.0, "2001": 12066.5, "2002": 12062.2, "2003": 12052.7, "2004": 12058.2, "2005": 12045.1, "2006": 12050.7, "2007": 12054.0, "2008": 12047.4, "2009": 12043.2, "2010": 12046.7, "2011": 12044.9, "2012": null, "2013": 12042.0, "2014": 12038.2, "2015": 12036.9, "2016": 12033.4, "2017": 12029.4, "2018": 12026.6, "2019": 12023.2, "2020": 12017.2, "2021": 12016.1, "2022": 12016.7, "2023": 12016.6, "2024": 12019.3, "2025": 12011.3, "2026": 12013.4}, "total_retreat_m": 49.6, "speed_m_per_year": -2.06, "r_squared": 0.956, "std_error": 0.09, "ci_95_low": -2.25, "ci_95_high": -1.88, "valid_years": 26, "confidence": "high", "risk_class": "low", "location_ru": "Южная коса Актау", "anchor": [51.45585766071332, 43.37737274995403]}}, {"type": "Feature", "geometry": {"type": "LineString", "coordinates": [[51.45795895564387, 43.39241786064923], [51.41056737289804, 43.36653277063885]]}, "properties": {"transect_id": 126, "baseline_distance_m": 64604.5, "positions": {"2000": 14596.8, "2001": 14592.5, "2002": 14597.7, "2003": 14594.0, "2004": 14585.7, "2005": 14590.1, "2006": 14595.0, "2007": 14586.7, "2008": 14588.2, "2009": 14587.6, "2010": 14580.3, "2011": 14585.4, "2012": null, "2013": 14575.8, "2014": 14577.9, "2015": 14583.7, "2016": 14579.8, "2017": 14576.2, "2018": 14578.2, "2019": 14575.1, "2020": 14574.4, "2021": 14576.0, "2022": 14569.4, "2023": 14571.5, "2024": 14569.1, "2025": 14563.0, "2026": 14564.7}, "total_retreat_m": 32.1, "speed_m_per_year": -1.15, "r_squared": 0.903, "std_error": 0.08, "ci_95_low": -1.31, "ci_95_high": -0.99, "valid_years": 26, "confidence": "high", "risk_class": "low", "location_ru": "Побережье у Баутино", "anchor": [51.450060358519565, 43.38810367898083]}}, {"type": "Feature", "geometry": {"type": "LineString", "coordinates": [[51.45200153221553, 43.403203762690545], [51.404857601574406, 43.37687032759931]]}, "properties": {"transect_id": 127, "baseline_distance_m": 65085.6, "positions": {"2000": 13931.0, "2001": 13933.3, "2002": 13942.2, "2003": 13952.1, "2004": 13948.2, "2005": 13957.4, "2006": 13956.7, "2007": 13960.4, "2008": 13956.3, "2009": 13968.6, "2010": 13966.7, "2011": 13974.7, "2012": null, "2013": 13974.3, "2014": 13981.4, "2015": 13985.3, "2016": 13986.5, "2017": 13991.9, "2018": 13992.4, "2019": 13994.0, "2020": 14006.2, "2021": 14007.1, "2022": 14003.1, "2023": 14011.6, "2024": 14009.5, "2025": 14010.9, "2026": 14022.9}, "total_retreat_m": -91.9, "speed_m_per_year": 3.21, "r_squared": 0.98, "std_error": 0.09, "ci_95_low": 3.02, "ci_95_high": 3.4, "valid_years": 26, "confidence": "high", "risk_class": "low", "location_ru": "Залив Комсомолец", "anchor": [51.44414421044201, 43.39881485684201]}}, {"type": "Feature", "geometry": {"type": "LineString", "coordinates": [[51.44592431231813, 43.413959661676046], [51.39904189598878, 43.387163411208455]]}, "properties": {"transect_id": 128, "baseline_distance_m": 65566.7, "positions": {"2000": 14826.3, "2001": 14800.3, "2002": 14776.7, "2003": 14751.2, "2004": 14719.4, "2005": 14699.5, "2006": 14670.9, "2007": 14639.3, "2008": 14617.5, "2009": 14597.6, "2010": 14572.7, "2011": 14542.7, "2012": null, "2013": 14482.8, "2014": 14463.4, "2015": 14438.7, "2016": 14412.1, "2017": 14386.2, "2018": 14358.4, "2019": 14330.5, "2020": 14302.2, "2021": 14270.9, "2022": 14253.8, "2023": 14227.0, "2024": 14202.4, "2025": 14168.7, "2026": 14150.5}, "total_retreat_m": 675.8, "speed_m_per_year": -26.17, "r_squared": 1.0, "std_error": 0.09, "ci_95_low": -26.35, "ci_95_high": -25.99, "valid_years": 26, "confidence": "high", "risk_class": "high", "location_ru": "Мыс Ракушечный", "anchor": [51.438110576263234, 43.409493619931446]}}, {"type": "Feature", "geometry": {"type": "LineString", "coordinates": [[51.43972852444805, 43.424673054606494], [51.39312245801675, 43.397398990519875]]}, "properties": {"transect_id": 129, "baseline_distance_m": 66047.8, "positions": {"2000": 10771.3, "2001": 10777.3, "2002": 10788.7, "2003": 10780.9, "2004": 10790.3, "2005": 10790.8, "2006": 10796.3, "2007": 10802.8, "2008": 10812.9, "2009": 10819.2, "2010": 10818.3, "2011": 10819.5, "2012": null, "2013": 10840.0, "2014": 10832.8, "2015": 10836.7, "2016": 10836.4, "2017": 10853.6, "2018": 10856.4, "2019": 10866.7, "2020": 10856.0, "2021": 10871.9, "2022": 10870.8, "2023": 10878.3, "2024": 10872.9, "2025": 10889.9, "2026": 10891.7}, "total_retreat_m": -120.4, "speed_m_per_year": 4.54, "r_squared": 0.983, "std_error": 0.12, "ci_95_low": 4.29, "ci_95_high": 4.8, "valid_years": 26, "confidence": "high", "risk_class": "low", "location_ru": "Северный Бузачи", "anchor": [51.4319608467095, 43.42012737725872]}}, {"type": "Feature", "geometry": {"type": "LineString", "coordinates": [[51.43341541871443, 43.435331533989604], [51.3871015649345, 43.407564161984844]]}, "properties": {"transect_id": 130, "baseline_distance_m": 66528.8, "positions": {"2000": 12538.5, "2001": 12527.5, "2002": 12516.3, "2003": 12499.0, "2004": 12498.2, "2005": 12487.8, "2006": 12468.5, "2007": 12461.0, "2008": 12446.9, "2009": 12437.6, "2010": 12422.1, "2011": 12409.3, "2012": null, "2013": 12393.7, "2014": 12377.5, "2015": 12374.2, "2016": 12354.6, "2017": 12339.0, "2018": 12335.9, "2019": 12321.9, "2020": 12310.5, "2021": 12300.7, "2022": 12281.6, "2023": 12272.0, "2024": 12260.2, "2025": 12244.0, "2026": 12236.4}, "total_retreat_m": 302.1, "speed_m_per_year": -11.63, "r_squared": 0.999, "std_error": 0.09, "ci_95_low": -11.82, "ci_95_high": -11.44, "valid_years": 26, "confidence": "high", "risk_class": "medium", "location_ru": "Прибрежная зона Каламкас", "anchor": [51.42569644308444, 43.43070363865548]}}, {"type": "Feature", "geometry": {"type": "LineString", "coordinates": [[51.426986266108614, 43.44592281503482], [51.380981570825355, 43.41764618136151]]}, "properties": {"transect_id": 131, "baseline_distance_m": 67009.9, "positions": {"2000": 14790.7, "2001": 14790.3, "2002": 14803.5, "2003": 14796.8, "2004": 14794.9, "2005": 14796.8, "2006": 14792.3, "2007": 14804.2, "2008": 14797.3, "2009": 14804.7, "2010": 14799.8, "2011": 14805.7, "2012": null, "2013": 14801.7, "2014": 14804.4, "2015": 14804.2, "2016": 14804.2, "2017": 14803.4, "2018": 14801.4, "2019": 14810.4, "2020": 14799.4, "2021": 14803.4, "2022": 14803.8, "2023": 14805.7, "2024": 14802.7, "2025": 14806.0, "2026": 14804.5}, "total_retreat_m": -13.8, "speed_m_per_year": 0.43, "r_squared": 0.463, "std_error": 0.09, "ci_95_low": 0.23, "ci_95_high": 0.62, "valid_years": 26, "confidence": "low", "risk_class": "low", "location_ru": "Севернее водозабора МАЭК", "anchor": [51.41931881689474, 43.441210042755934]}}, {"type": "Feature", "geometry": {"type": "LineString", "coordinates": [[51.42044235784044, 43.45643476239385], [51.37476490760471, 43.42763249616423]]}, "properties": {"transect_id": 132, "baseline_distance_m": 67491.0, "positions": {"2000": 14503.5, "2001": 14475.1, "2002": 14456.8, "2003": 14432.3, "2004": 14406.7, "2005": 14381.0, "2006": 14345.2, "2007": 14321.6, "2008": 14309.1, "2009": 14271.2, "2010": 14252.0, "2011": 14221.0, "2012": null, "2013": 14172.4, "2014": 14143.7, "2015": 14122.7, "2016": 14095.1, "2017": 14067.0, "2018": 14038.7, "2019": 14018.2, "2020": 13986.4, "2021": 13967.1, "2022": 13950.1, "2023": 13919.2, "2024": 13890.8, "2025": 13861.8, "2026": 13828.5}, "total_retreat_m": 675.0, "speed_m_per_year": -25.72, "r_squared": 1.0, "std_error": 0.11, "ci_95_low": -25.96, "ci_95_high": -25.49, "valid_years": 26, "confidence": "high", "risk_class": "high", "location_ru": "Бухта Курык", "anchor": [51.41282944946782, 43.45163438468891]}}, {"type": "Feature", "geometry": {"type": "LineString", "coordinates": [[51.413785004763525, 43.46685541637408], [51.36845408555252, 43.437510778644416]]}, "properties": {"transect_id": 133, "baseline_distance_m": 67972.1, "positions": {"2000": 15013.5, "2001": 14990.2, "2002": 14968.6, "2003": 14941.3, "2004": 14916.9, "2005": 14897.9, "2006": 14870.8, "2007": 14847.6, "2008": 14823.8, "2009": 14805.2, "2010": 14778.5, "2011": 14755.0, "2012": null, "2013": 14710.6, "2014": 14683.9, "2015": 14659.7, "2016": 14638.9, "2017": 14616.0, "2018": 14589.0, "2019": 14566.2, "2020": 14539.0, "2021": 14515.0, "2022": 14497.8, "2023": 14472.7, "2024": 14449.1, "2025": 14424.6, "2026": 14400.0}, "total_retreat_m": 613.5, "speed_m_per_year": -23.56, "r_squared": 1.0, "std_error": 0.05, "ci_95_low": -23.67, "ci_95_high": -23.46, "valid_years": 26, "confidence": "high", "risk_class": "high", "location_ru": "Тюб-Караганский залив", "anchor": [51.40622985156169, 43.46196464341914]}}, {"type": "Feature", "geometry": {"type": "LineString", "coordinates": [[51.40701553691416, 43.477173018556506], [51.362051693231486, 43.44726895927887]]}, "properties": {"transect_id": 134, "baseline_distance_m": 68453.1, "positions": {"2000": 14792.7, "2001": 14782.6, "2002": 14782.6, "2003": 14772.0, "2004": 14767.7, "2005": 14760.3, "2006": 14754.2, "2007": 14744.3, "2008": 14744.1, "2009": 14746.7, "2010": 14727.8, "2011": 14723.6, "2012": null, "2013": 14709.6, "2014": 14703.5, "2015": 14705.6, "2016": 14690.8, "2017": 14685.6, "2018": 14675.2, "2019": 14672.5, "2020": 14662.8, "2021": 14666.2, "2022": 14668.9, "2023": 14650.2, "2024": 14639.1, "2025": 14643.4, "2026": 14630.9}, "total_retreat_m": 161.8, "speed_m_per_year": -6.13, "r_squared": 0.992, "std_error": 0.11, "ci_95_low": -6.36, "ci_95_high": -5.89, "valid_years": 26, "confidence": "high", "risk_class": "low", "location_ru": "Мыс Меловой", "anchor": [51.399521562967045, 43.4721890086769]}}, {"type": "Feature", "geometry": {"type": "LineString", "coordinates": [[51.40013530319407, 43.48737603674908], [51.35556039663988, 43.45689526074707]]}, "properties": {"transect_id": 135, "baseline_distance_m": 68934.2, "positions": {"2000": 10237.1, "2001": 10238.1, "2002": 10241.1, "2003": 10236.3, "2004": 10234.4, "2005": 10234.8, "2006": 10229.7, "2007": 10235.5, "2008": 10226.0, "2009": 10230.5, "2010": 10234.5, "2011": 10231.9, "2012": null, "2013": 10231.4, "2014": 10228.0, "2015": 10232.1, "2016": 10230.3, "2017": 10227.6, "2018": 10228.7, "2019": 10227.2, "2020": 10221.6, "2021": 10217.2, "2022": 10223.4, "2023": 10223.1, "2024": 10224.5, "2025": 10215.5, "2026": 10214.8}, "total_retreat_m": 22.3, "speed_m_per_year": -0.75, "r_squared": 0.78, "std_error": 0.08, "ci_95_low": -0.92, "ci_95_high": -0.58, "valid_years": 26, "confidence": "medium", "risk_class": "low", "location_ru": "Южная коса Актау", "anchor": [51.3927061521017, 43.48229590741541]}}, {"type": "Feature", "geometry": {"type": "LineString", "coordinates": [[51.39314567123137, 43.49745318921129], [51.348982937428296, 43.46637823236437]]}, "properties": {"transect_id": 136, "baseline_distance_m": 69415.3, "positions": {"2000": 11536.8, "2001": 11537.3, "2002": 11519.9, "2003": 11515.1, "2004": 11515.7, "2005": 11509.1, "2006": 11488.5, "2007": 11483.5, "2008": 11476.5, "2009": 11475.0, "2010": 11457.4, "2011": 11449.0, "2012": null, "2013": 11440.1, "2014": 11423.9, "2015": 11419.8, "2016": 11402.5, "2017": 11399.2, "2018": 11384.7, "2019": 11378.7, "2020": 11377.8, "2021": 11365.7, "2022": 11356.1, "2023": 11345.9, "2024": 11339.5, "2025": 11333.1, "2026": 11327.3}, "total_retreat_m": 209.5, "speed_m_per_year": -8.45, "r_squared": 0.996, "std_error": 0.11, "ci_95_low": -8.68, "ci_95_high": -8.22, "valid_years": 26, "confidence": "high", "risk_class": "medium", "location_ru": "Побережье у Баутино", "anchor": [51.38578521559753, 43.492274029736805]}}, {"type": "Feature", "geometry": {"type": "LineString", "coordinates": [[51.386048027458486, 43.50739346809019], [51.3423221299868, 43.47570678492052]]}, "properties": {"transect_id": 137, "baseline_distance_m": 69896.4, "positions": {"2000": 11867.0, "2001": 11829.8, "2002": 11795.7, "2003": 11759.0, "2004": 11720.5, "2005": 11683.5, "2006": 11648.4, "2007": 11617.8, "2008": 11574.1, "2009": 11540.7, "2010": 11505.5, "2011": 11474.8, "2012": null, "2013": 11395.1, "2014": 11363.9, "2015": 11328.9, "2016": 11287.5, "2017": 11250.8, "2018": 11214.1, "2019": 11178.3, "2020": 11146.5, "2021": 11107.9, "2022": 11071.7, "2023": 11030.1, "2024": 10994.6, "2025": 10970.9, "2026": 10925.4}, "total_retreat_m": 941.6, "speed_m_per_year": -36.15, "r_squared": 1.0, "std_error": 0.08, "ci_95_low": -36.31, "ci_95_high": -35.99, "valid_years": 26, "confidence": "high", "risk_class": "high", "location_ru": "Залив Комсомолец", "anchor": [51.37876037787987, 43.50211235422858]}}, {"type": "Feature", "geometry": {"type": "LineString", "coordinates": [[51.378843777451884, 43.5171861620128], [51.3355808571793, 43.48487022585912]]}, "properties": {"transect_id": 138, "baseline_distance_m": 70377.4, "positions": {"2000": 13361.5, "2001": 13342.8, "2002": 13320.0, "2003": 13299.4, "2004": 13280.1, "2005": 13255.3, "2006": 13240.6, "2007": 13222.2, "2008": 13208.5, "2009": 13181.6, "2010": 13152.0, "2011": 13141.0, "2012": null, "2013": 13112.6, "2014": 13085.2, "2015": 13058.6, "2016": 13044.3, "2017": 13019.0, "2018": 12996.7, "2019": 12980.8, "2020": 12962.7, "2021": 12934.9, "2022": 12917.9, "2023": 12902.6, "2024": 12881.0, "2025": 12864.4, "2026": 12838.0}, "total_retreat_m": 523.5, "speed_m_per_year": -20.02, "r_squared": 0.999, "std_error": 0.11, "ci_95_low": -20.24, "ci_95_high": -19.8, "valid_years": 26, "confidence": "high", "risk_class": "high", "location_ru": "Мыс Ракушечный", "anchor": [51.37163329073979, 43.51180017265385]}}, {"type": "Feature", "geometry": {"type": "LineString", "coordinates": [[51.37153434658097, 43.52682087778993], [51.32876206448864, 43.49385829469008]]}, "properties": {"transect_id": 139, "baseline_distance_m": 70858.5, "positions": {"2000": 14296.1, "2001": 14275.8, "2002": 14271.4, "2003": 14270.6, "2004": 14268.7, "2005": 14256.5, "2006": 14250.6, "2007": 14241.6, "2008": 14230.5, "2009": 14225.8, "2010": 14216.1, "2011": 14209.0, "2012": null, "2013": 14202.0, "2014": 14189.0, "2015": 14187.9, "2016": 14174.6, "2017": 14174.1, "2018": 14164.1, "2019": 14164.9, "2020": 14153.7, "2021": 14150.5, "2022": 14135.6, "2023": 14132.0, "2024": 14121.0, "2025": 14116.4, "2026": 14110.2}, "total_retreat_m": 185.9, "speed_m_per_year": -6.88, "r_squared": 0.995, "std_error": 0.1, "ci_95_low": -7.08, "ci_95_high": -6.68, "valid_years": 26, "confidence": "high", "risk_class": "low", "location_ru": "Северный Бузачи", "anchor": [51.364405632898915, 43.521327113939954]}}, {"type": "Feature", "geometry": {"type": "LineString", "coordinates": [[51.36412118102027, 43.53628756119275], [51.32186875230296, 43.50266119850677]]}, "properties": {"transect_id": 140, "baseline_distance_m": 71339.6, "positions": {"2000": 13481.8, "2001": 13458.3, "2002": 13443.5, "2003": 13430.4, "2004": 13401.6, "2005": 13382.6, "2006": 13375.4, "2007": 13345.8, "2008": 13329.8, "2009": 13311.2, "2010": 13291.4, "2011": 13262.8, "2012": null, "2013": 13228.2, "2014": 13202.8, "2015": 13199.2, "2016": 13163.1, "2017": 13145.5, "2018": 13125.6, "2019": 13103.9, "2020": 13095.4, "2021": 13079.8, "2022": 13048.4, "2023": 13025.1, "2024": 13001.6, "2025": 12989.7, "2026": 12969.5}, "total_retreat_m": 512.3, "speed_m_per_year": -19.81, "r_squared": 0.999, "std_error": 0.14, "ci_95_low": -20.09, "ci_95_high": -19.53, "valid_years": 26, "confidence": "high", "risk_class": "medium", "location_ru": "Прибрежная зона Каламкас", "anchor": [51.35707910956739, 43.53068316741175]}}, {"type": "Feature", "geometry": {"type": "LineString", "coordinates": [[51.35660574917869, 43.54557651677923], [51.31490396607471, 43.51126964740954]]}, "properties": {"transect_id": 141, "baseline_distance_m": 71820.7, "positions": {"2000": 11584.3, "2001": 11564.6, "2002": 11542.6, "2003": 11520.1, "2004": 11507.8, "2005": 11485.7, "2006": 11469.8, "2007": 11450.0, "2008": 11421.8, "2009": 11402.3, "2010": 11385.6, "2011": 11365.0, "2012": null, "2013": 11333.5, "2014": 11312.4, "2015": 11296.0, "2016": 11273.8, "2017": 11253.7, "2018": 11238.2, "2019": 11215.9, "2020": 11194.9, "2021": 11181.1, "2022": 11156.3, "2023": 11135.2, "2024": 11113.6, "2025": 11100.4, "2026": 11083.1}, "total_retreat_m": 501.2, "speed_m_per_year": -19.3, "r_squared": 1.0, "std_error": 0.08, "ci_95_low": -19.46, "ci_95_high": -19.13, "valid_years": 26, "confidence": "high", "risk_class": "medium", "location_ru": "Севернее водозабора МАЭК", "anchor": [51.34965545199469, 43.53985870521761]}}, {"type": "Feature", "geometry": {"type": "LineString", "coordinates": [[51.34898954360328, 43.55467842675859], [51.30787078406552, 43.51967488959339]]}, "properties": {"transect_id": 142, "baseline_distance_m": 72301.7, "positions": {"2000": 14921.5, "2001": 14914.9, "2002": 14900.7, "2003": 14883.7, "2004": 14881.9, "2005": 14857.8, "2006": 14842.2, "2007": 14829.7, "2008": 14807.3, "2009": 14798.1, "2010": 14790.8, "2011": 14770.1, "2012": null, "2013": 14740.8, "2014": 14735.1, "2015": 14721.0, "2016": 14703.4, "2017": 14685.3, "2018": 14671.9, "2019": 14655.4, "2020": 14640.4, "2021": 14625.9, "2022": 14613.4, "2023": 14597.5, "2024": 14581.1, "2025": 14574.0, "2026": 14559.8}, "total_retreat_m": 361.7, "speed_m_per_year": -14.29, "r_squared": 0.999, "std_error": 0.1, "ci_95_low": -14.5, "ci_95_high": -14.08, "valid_years": 26, "confidence": "high", "risk_class": "medium", "location_ru": "Бухта Курык", "anchor": [51.342136417013656, 43.548844503897726]}}, {"type": "Feature", "geometry": {"type": "LineString", "coordinates": [[51.34127408341273, 43.563584368900386], [51.30077230240329, 43.52786874577739]]}, "properties": {"transect_id": 143, "baseline_distance_m": 72782.8, "positions": {"2000": 15461.7, "2001": 15462.9, "2002": 15461.8, "2003": 15467.0, "2004": 15468.3, "2005": 15467.6, "2006": 15466.4, "2007": 15467.2, "2008": 15464.3, "2009": 15467.7, "2010": 15469.6, "2011": 15468.8, "2012": null, "2013": 15477.3, "2014": 15481.5, "2015": 15474.2, "2016": 15480.2, "2017": 15476.0, "2018": 15480.1, "2019": 15479.7, "2020": 15486.1, "2021": 15482.1, "2022": 15490.0, "2023": 15486.1, "2024": 15485.7, "2025": 15484.4, "2026": 15491.6}, "total_retreat_m": -29.9, "speed_m_per_year": 1.09, "r_squared": 0.904, "std_error": 0.07, "ci_95_low": 0.94, "ci_95_high": 1.24, "valid_years": 26, "confidence": "high", "risk_class": "low", "location_ru": "Тюб-Караганский залив", "anchor": [51.33452378657782, 43.55763176504655]}}, {"type": "Feature", "geometry": {"type": "LineString", "coordinates": [[51.33346091731153, 43.57228583351226], [51.29361161719427, 43.53584364257696]]}, "properties": {"transect_id": 144, "baseline_distance_m": 73263.9, "positions": {"2000": 13555.4, "2001": 13546.0, "2002": 13532.9, "2003": 13526.6, "2004": 13523.6, "2005": 13512.2, "2006": 13514.0, "2007": 13504.6, "2008": 13498.0, "2009": 13493.5, "2010": 13491.5, "2011": 13479.1, "2012": null, "2013": 13465.6, "2014": 13465.9, "2015": 13457.5, "2016": 13446.2, "2017": 13441.3, "2018": 13435.8, "2019": 13430.3, "2020": 13417.3, "2021": 13410.3, "2022": 13406.8, "2023": 13400.3, "2024": 13395.4, "2025": 13394.3, "2026": 13384.9}, "total_retreat_m": 170.5, "speed_m_per_year": -6.41, "r_squared": 0.996, "std_error": 0.08, "ci_95_low": -6.59, "ci_95_high": -6.24, "valid_years": 26, "confidence": "high", "risk_class": "low", "location_ru": "Мыс Меловой", "anchor": [51.32681936729198, 43.566212135023044]}}, {"type": "Feature", "geometry": {"type": "LineString", "coordinates": [[51.325551627227114, 43.58077473953313], [51.2863918034833, 43.54359264432115]]}, "properties": {"transect_id": 145, "baseline_distance_m": 73745.0, "positions": {"2000": 15977.2, "2001": 15968.8, "2002": 15956.3, "2003": 15938.4, "2004": 15929.4, "2005": 15925.0, "2006": 15903.5, "2007": 15888.2, "2008": 15877.7, "2009": 15866.2, "2010": 15852.7, "2011": 15840.6, "2012": null, "2013": 15809.8, "2014": 15799.1, "2015": 15789.8, "2016": 15777.2, "2017": 15763.0, "2018": 15752.0, "2019": 15740.3, "2020": 15731.1, "2021": 15714.6, "2022": 15704.0, "2023": 15687.6, "2024": 15679.5, "2025": 15666.2, "2026": 15655.5}, "total_retreat_m": 321.7, "speed_m_per_year": -12.56, "r_squared": 0.999, "std_error": 0.07, "ci_95_low": -12.71, "ci_95_high": -12.41, "valid_years": 26, "confidence": "high", "risk_class": "medium", "location_ru": "Южная коса Актау", "anchor": [51.31902498993648, 43.57457772366447]}}, {"type": "Feature", "geometry": {"type": "LineString", "coordinates": [[51.31754783259987, 43.589043449807704], [51.27911589091031, 43.551109482733715]]}, "properties": {"transect_id": 146, "baseline_distance_m": 74226.1, "positions": {"2000": 13484.8, "2001": 13478.1, "2002": 13473.2, "2003": 13458.2, "2004": 13450.2, "2005": 13445.3, "2006": 13438.1, "2007": 13425.0, "2008": 13419.9, "2009": 13411.7, "2010": 13395.1, "2011": 13394.9, "2012": null, "2013": 13378.9, "2014": 13370.8, "2015": 13368.9, "2016": 13350.3, "2017": 13343.7, "2018": 13328.4, "2019": 13328.8, "2020": 13321.0, "2021": 13312.5, "2022": 13310.8, "2023": 13301.7, "2024": 13290.4, "2025": 13280.5, "2026": 13277.9}, "total_retreat_m": 206.9, "speed_m_per_year": -8.11, "r_squared": 0.997, "std_error": 0.09, "ci_95_low": -8.3, "ci_95_high": -7.92, "valid_years": 26, "confidence": "high", "risk_class": "medium", "location_ru": "Побережье у Баутино", "anchor": [51.31114250898494, 43.58272112196204]}}, {"type": "Feature", "geometry": {"type": "LineString", "coordinates": [[51.30945119533477, 43.59708478563327], [51.27178683602118, 43.55838858378482]]}, "properties": {"transect_id": 147, "baseline_distance_m": 74707.1, "positions": {"2000": 14189.7, "2001": 14180.0, "2002": 14170.0, "2003": 14161.2, "2004": 14137.6, "2005": 14119.5, "2006": 14103.0, "2007": 14095.1, "2008": 14071.1, "2009": 14065.5, "2010": 14051.8, "2011": 14035.5, "2012": null, "2013": 14003.2, "2014": 13991.6, "2015": 13975.2, "2016": 13956.6, "2017": 13952.3, "2018": 13928.7, "2019": 13918.4, "2020": 13890.8, "2021": 13890.8, "2022": 13876.8, "2023": 13856.2, "2024": 13843.5, "2025": 13828.7, "2026": 13809.1}, "total_retreat_m": 380.6, "speed_m_per_year": -14.73, "r_squared": 0.999, "std_error": 0.11, "ci_95_low": -14.96, "ci_95_high": -14.5, "valid_years": 26, "confidence": "high", "risk_class": "medium", "location_ru": "Залив Комсомолец", "anchor": [51.30317380211584, 43.59063541865853]}}, {"type": "Feature", "geometry": {"type": "LineString", "coordinates": [[51.301263425398744, 43.604892040689705], [51.26440749131434, 43.56542509093722]]}, "properties": {"transect_id": 148, "baseline_distance_m": 75188.2, "positions": {"2000": 14193.2, "2001": 14190.2, "2002": 14179.7, "2003": 14163.1, "2004": 14153.1, "2005": 14143.6, "2006": 14139.2, "2007": 14122.4, "2008": 14117.9, "2009": 14109.6, "2010": 14096.3, "2011": 14090.8, "2012": null, "2013": 14065.8, "2014": 14056.3, "2015": 14043.3, "2016": 14041.4, "2017": 14024.4, "2018": 14019.0, "2019": 14007.4, "2020": 13993.6, "2021": 13985.4, "2022": 13983.5, "2023": 13968.9, "2024": 13954.2, "2025": 13949.5, "2026": 13937.8}, "total_retreat_m": 255.4, "speed_m_per_year": -9.92, "r_squared": 0.999, "std_error": 0.08, "ci_95_low": -10.08, "ci_95_high": -9.76, "valid_years": 26, "confidence": "high", "risk_class": "medium", "location_ru": "Мыс Ракушечный", "anchor": [51.29512076971801, 43.59831421573096]}}, {"type": "Feature", "geometry": {"type": "LineString", "coordinates": [[51.29298628701437, 43.61245899448105], [51.25698057126837, 43.5722148839353]]}, "properties": {"transect_id": 149, "baseline_distance_m": 75669.3, "positions": {"2000": 13930.3, "2001": 13942.0, "2002": 13933.5, "2003": 13945.7, "2004": 13957.8, "2005": 13953.9, "2006": 13951.9, "2007": 13961.8, "2008": 13973.7, "2009": 13973.8, "2010": 13973.5, "2011": 13978.6, "2012": null, "2013": 13988.1, "2014": 13996.3, "2015": 14004.7, "2016": 14008.1, "2017": 14010.2, "2018": 14007.5, "2019": 14012.0, "2020": 14024.0, "2021": 14021.0, "2022": 14029.9, "2023": 14036.6, "2024": 14035.3, "2025": 14040.2, "2026": 14048.5}, "total_retreat_m": -118.2, "speed_m_per_year": 4.41, "r_squared": 0.987, "std_error": 0.1, "ci_95_low": 4.19, "ci_95_high": 4.62, "valid_years": 26, "confidence": "high", "risk_class": "low", "location_ru": "Северный Бузачи", "anchor": [51.28698533439004, 43.605751642723426]}}, {"type": "Feature", "geometry": {"type": "LineString", "coordinates": [[51.2846216053598, 43.61977992543218], [51.249508615804764, 43.57875459222807]]}, "properties": {"transect_id": 150, "baseline_distance_m": 76150.4, "positions": {"2000": 14895.4, "2001": 14882.8, "2002": 14869.0, "2003": 14857.2, "2004": 14848.9, "2005": 14842.1, "2006": 14831.3, "2007": 14811.0, "2008": 14805.7, "2009": 14803.2, "2010": 14788.2, "2011": 14771.7, "2012": null, "2013": 14765.7, "2014": 14745.7, "2015": 14736.8, "2016": 14726.4, "2017": 14712.8, "2018": 14700.8, "2019": 14701.7, "2020": 14686.7, "2021": 14675.5, "2022": 14664.0, "2023": 14647.1, "2024": 14645.8, "2025": 14626.8, "2026": 14620.7}, "total_retreat_m": 274.7, "speed_m_per_year": -10.39, "r_squared": 0.998, "std_error": 0.1, "ci_95_low": -10.61, "ci_95_high": -10.18, "valid_years": 26, "confidence": "high", "risk_class": "medium", "location_ru": "Прибрежная зона Каламкас", "anchor": [51.27876944043396, 43.61294236989816]}}, {"type": "Feature", "geometry": {"type": "LineString", "coordinates": [[51.2761712736393, 43.6268496237872], [51.241993951862135, 43.585041602115034]]}, "properties": {"transect_id": 151, "baseline_distance_m": 76631.4, "positions": {"2000": 13537.0, "2001": 13502.8, "2002": 13468.4, "2003": 13448.8, "2004": 13425.5, "2005": 13392.8, "2006": 13356.6, "2007": 13327.9, "2008": 13301.8, "2009": 13273.0, "2010": 13237.5, "2011": 13209.3, "2012": null, "2013": 13151.0, "2014": 13122.3, "2015": 13089.9, "2016": 13060.2, "2017": 13036.6, "2018": 13006.2, "2019": 12973.6, "2020": 12948.9, "2021": 12910.7, "2022": 12889.1, "2023": 12855.1, "2024": 12836.3, "2025": 12788.8, "2026": 12761.1}, "total_retreat_m": 775.9, "speed_m_per_year": -29.59, "r_squared": 1.0, "std_error": 0.11, "ci_95_low": -29.81, "ci_95_high": -29.36, "valid_years": 26, "confidence": "high", "risk_class": "high", "location_ru": "Севернее водозабора МАЭК", "anchor": [51.270475053343105, 43.61988162017517]}}, {"type": "Feature", "geometry": {"type": "LineString", "coordinates": [[51.26763726033741, 43.63366340445267], [51.2344386540198, 43.59107405674026]]}, "properties": {"transect_id": 152, "baseline_distance_m": 77112.5, "positions": {"2000": 10360.6, "2001": 10338.7, "2002": 10333.5, "2003": 10323.1, "2004": 10309.8, "2005": 10291.7, "2006": 10289.7, "2007": 10277.5, "2008": 10263.6, "2009": 10250.5, "2010": 10239.2, "2011": 10226.5, "2012": null, "2013": 10206.5, "2014": 10192.6, "2015": 10177.6, "2016": 10165.3, "2017": 10155.1, "2018": 10147.5, "2019": 10135.0, "2020": 10124.6, "2021": 10114.2, "2022": 10098.3, "2023": 10095.2, "2024": 10076.8, "2025": 10064.7, "2026": 10056.9}, "total_retreat_m": 303.7, "speed_m_per_year": -11.59, "r_squared": 0.999, "std_error": 0.08, "ci_95_low": -11.75, "ci_95_high": -11.43, "valid_years": 26, "confidence": "high", "risk_class": "medium", "location_ru": "Бухта Курык", "anchor": [51.262104159284476, 43.62656517983393]}}, {"type": "Feature", "geometry": {"type": "LineString", "coordinates": [[51.25902161641595, 43.64021711991028], [51.226844505373826, 43.596850848166184]]}, "properties": {"transect_id": 153, "baseline_distance_m": 77593.6, "positions": {"2000": 15717.1, "2001": 15674.7, "2002": 15654.5, "2003": 15624.5, "2004": 15585.3, "2005": 15556.4, "2006": 15528.1, "2007": 15490.1, "2008": 15463.9, "2009": 15426.1, "2010": 15395.3, "2011": 15362.4, "2012": null, "2013": 15303.8, "2014": 15275.4, "2015": 15238.5, "2016": 15202.5, "2017": 15171.7, "2018": 15146.0, "2019": 15120.2, "2020": 15082.8, "2021": 15048.1, "2022": 15021.1, "2023": 14985.5, "2024": 14953.3, "2025": 14919.4, "2026": 14897.3}, "total_retreat_m": 819.8, "speed_m_per_year": -31.62, "r_squared": 1.0, "std_error": 0.1, "ci_95_low": -31.82, "ci_95_high": -31.42, "valid_years": 26, "confidence": "high", "risk_class": "high", "location_ru": "Тюб-Караганский залив", "anchor": [51.2536587645756, 43.632989407952934]}}, {"type": "Feature", "geometry": {"type": "LineString", "coordinates": [[51.25032648216642, 43.64650717328778], [51.21921296010435, 43.602371600957824]]}, "properties": {"transect_id": 154, "baseline_distance_m": 78074.7, "positions": {"2000": 15489.8, "2001": 15452.1, "2002": 15422.6, "2003": 15375.1, "2004": 15337.3, "2005": 15301.6, "2006": 15265.9, "2007": 15224.5, "2008": 15182.1, "2009": 15147.0, "2010": 15117.7, "2011": 15074.9, "2012": null, "2013": 15000.6, "2014": 14959.9, "2015": 14920.4, "2016": 14891.8, "2017": 14846.4, "2018": 14807.5, "2019": 14775.7, "2020": 14730.5, "2021": 14693.1, "2022": 14657.7, "2023": 14619.7, "2024": 14582.8, "2025": 14552.3, "2026": 14507.3}, "total_retreat_m": 982.5, "speed_m_per_year": -37.81, "r_squared": 1.0, "std_error": 0.09, "ci_95_low": -37.99, "ci_95_high": -37.63, "valid_years": 26, "confidence": "high", "risk_class": "high", "location_ru": "Мыс Меловой", "anchor": [51.24514089515608, 43.63915124456612]}}, {"type": "Feature", "geometry": {"type": "LineString", "coordinates": [[51.24155409338122, 43.65253053163085], [51.211545109418246, 43.60763664695253]]}, "properties": {"transect_id": 155, "baseline_distance_m": 78555.7, "positions": {"2000": 10904.1, "2001": 10867.6, "2002": 10831.9, "2003": 10794.2, "2004": 10757.6, "2005": 10723.8, "2006": 10682.6, "2007": 10644.5, "2008": 10623.8, "2009": 10572.4, "2010": 10539.1, "2011": 10496.2, "2012": null, "2013": 10429.6, "2014": 10388.9, "2015": 10354.3, "2016": 10323.8, "2017": 10285.0, "2018": 10248.8, "2019": 10202.9, "2020": 10180.9, "2021": 10132.2, "2022": 10106.6, "2023": 10068.0, "2024": 10029.7, "2025": 9987.5, "2026": 9955.0}, "total_retreat_m": 949.1, "speed_m_per_year": -36.49, "r_squared": 1.0, "std_error": 0.11, "ci_95_low": -36.71, "ci_95_high": -36.27, "valid_years": 26, "confidence": "high", "risk_class": "high", "location_ru": "Южная коса Актау", "anchor": [51.236552596054054, 43.6450482175178]}}, {"type": "Feature", "geometry": {"type": "LineString", "coordinates": [[51.23270678648133, 43.6582847393488], [51.203841652678484, 43.6126469912608]]}, "properties": {"transect_id": 156, "baseline_distance_m": 79036.8, "positions": {"2000": 15266.5, "2001": 15239.8, "2002": 15232.8, "2003": 15208.4, "2004": 15187.2, "2005": 15167.4, "2006": 15151.5, "2007": 15126.9, "2008": 15101.9, "2009": 15092.9, "2010": 15073.8, "2011": 15051.4, "2012": null, "2013": 15008.4, "2014": 14993.8, "2015": 14968.0, "2016": 14950.2, "2017": 14931.7, "2018": 14918.5, "2019": 14894.1, "2020": 14874.2, "2021": 14864.2, "2022": 14838.2, "2023": 14818.6, "2024": 14796.2, "2025": 14775.7, "2026": 14749.8}, "total_retreat_m": 516.7, "speed_m_per_year": -19.55, "r_squared": 0.999, "std_error": 0.1, "ci_95_low": -19.76, "ci_95_high": -19.35, "valid_years": 26, "confidence": "high", "risk_class": "medium", "location_ru": "Побережье у Баутино", "anchor": [51.227895930847524, 43.650678448000804]}}, {"type": "Feature", "geometry": {"type": "LineString", "coordinates": [[51.2237870022244, 43.663767931727975], [51.1961028756034, 43.61740426995248]]}, "properties": {"transect_id": 157, "baseline_distance_m": 79517.9, "positions": {"2000": 15433.0, "2001": 15426.4, "2002": 15423.1, "2003": 15407.2, "2004": 15404.2, "2005": 15395.3, "2006": 15400.1, "2007": 15389.8, "2008": 15370.7, "2009": 15366.7, "2010": 15365.4, "2011": 15357.3, "2012": null, "2013": 15340.3, "2014": 15346.6, "2015": 15333.3, "2016": 15327.2, "2017": 15315.7, "2018": 15314.6, "2019": 15303.4, "2020": 15297.0, "2021": 15293.8, "2022": 15278.1, "2023": 15284.2, "2024": 15271.8, "2025": 15269.4, "2026": 15253.2}, "total_retreat_m": 179.8, "speed_m_per_year": -6.69, "r_squared": 0.993, "std_error": 0.11, "ci_95_low": -6.92, "ci_95_high": -6.46, "valid_years": 26, "confidence": "high", "risk_class": "low", "location_ru": "Залив Комсомолец", "anchor": [51.2191729811209, 43.65604065476539]}}, {"type": "Feature", "geometry": {"type": "LineString", "coordinates": [[51.21479728762809, 43.66897884831719], [51.188328637359504, 43.62191070035108]]}, "properties": {"transect_id": 158, "baseline_distance_m": 79999.0, "positions": {"2000": 15138.2, "2001": 15113.8, "2002": 15088.1, "2003": 15062.3, "2004": 15037.6, "2005": 15018.9, "2006": 14993.6, "2007": 14969.1, "2008": 14954.4, "2009": 14924.3, "2010": 14906.1, "2011": 14875.3, "2012": null, "2013": 14831.2, "2014": 14806.4, "2015": 14776.2, "2016": 14765.1, "2017": 14735.2, "2018": 14715.1, "2019": 14685.5, "2020": 14664.2, "2021": 14637.8, "2022": 14622.6, "2023": 14595.3, "2024": 14571.9, "2025": 14552.3, "2026": 14527.8}, "total_retreat_m": 610.4, "speed_m_per_year": -23.46, "r_squared": 1.0, "std_error": 0.08, "ci_95_low": -23.64, "ci_95_high": -23.29, "valid_years": 26, "confidence": "high", "risk_class": "high", "location_ru": "Мыс Ракушечный", "anchor": [51.210385845916655, 43.661134156989505]}}, {"type": "Feature", "geometry": {"type": "LineString", "coordinates": [[51.20574029578721, 43.673916845894716], [51.18051836815957, 43.62616902535025]]}, "properties": {"transect_id": 159, "baseline_distance_m": 80480.0, "positions": {"2000": 14342.4, "2001": 14332.6, "2002": 14330.9, "2003": 14320.1, "2004": 14305.3, "2005": 14301.5, "2006": 14287.7, "2007": 14284.9, "2008": 14270.0, "2009": 14270.1, "2010": 14261.0, "2011": 14258.5, "2012": null, "2013": 14237.1, "2014": 14223.5, "2015": 14219.9, "2016": 14202.4, "2017": 14195.6, "2018": 14192.2, "2019": 14173.7, "2020": 14173.6, "2021": 14161.1, "2022": 14157.0, "2023": 14143.7, "2024": 14141.2, "2025": 14131.0, "2026": 14127.9}, "total_retreat_m": 214.5, "speed_m_per_year": -8.51, "r_squared": 0.997, "std_error": 0.1, "ci_95_low": -8.72, "ci_95_high": -8.3, "valid_years": 26, "confidence": "high", "risk_class": "medium", "location_ru": "Северный Бузачи", "anchor": [51.2015366411826, 43.66595887580397]}}, {"type": "Feature", "geometry": {"type": "LineString", "coordinates": [[51.19661878333208, 43.67858191063828], [51.17267107862644, 43.63018245362343]]}, "properties": {"transect_id": 160, "baseline_distance_m": 80961.1, "positions": {"2000": 14475.6, "2001": 14456.0, "2002": 14447.7, "2003": 14433.1, "2004": 14425.3, "2005": 14397.7, "2006": 14383.8, "2007": 14367.3, "2008": 14355.1, "2009": 14340.5, "2010": 14323.5, "2011": 14312.8, "2012": null, "2013": 14275.4, "2014": 14266.5, "2015": 14249.4, "2016": 14231.9, "2017": 14215.4, "2018": 14211.1, "2019": 14182.8, "2020": 14172.0, "2021": 14152.5, "2022": 14147.3, "2023": 14128.5, "2024": 14106.9, "2025": 14096.4, "2026": 14080.1}, "total_retreat_m": 395.5, "speed_m_per_year": -15.23, "r_squared": 0.999, "std_error": 0.1, "ci_95_low": -15.43, "ci_95_high": -15.04, "valid_years": 26, "confidence": "high", "risk_class": "medium", "location_ru": "Прибрежная зона Каламкас", "anchor": [51.192627499214474, 43.67051533446914]}}, {"type": "Feature", "geometry": {"type": "LineString", "coordinates": [[51.18743560537709, 43.682974669045684], [51.16478538168102, 43.63395459798782]]}, "properties": {"transect_id": 161, "baseline_distance_m": 81442.2, "positions": {"2000": 15889.1, "2001": 15868.5, "2002": 15847.6, "2003": 15829.6, "2004": 15808.9, "2005": 15788.3, "2006": 15765.6, "2007": 15755.0, "2008": 15724.1, "2009": 15710.1, "2010": 15687.2, "2011": 15675.7, "2012": null, "2013": 15625.2, "2014": 15606.0, "2015": 15585.1, "2016": 15570.4, "2017": 15543.7, "2018": 15527.4, "2019": 15500.8, "2020": 15490.4, "2021": 15467.6, "2022": 15443.7, "2023": 15434.1, "2024": 15404.6, "2025": 15393.1, "2026": 15367.2}, "total_retreat_m": 521.9, "speed_m_per_year": -20.05, "r_squared": 0.999, "std_error": 0.09, "ci_95_low": -20.24, "ci_95_high": -19.86, "valid_years": 26, "confidence": "high", "risk_class": "high", "location_ru": "Севернее водозабора МАЭК", "anchor": [51.18366056809441, 43.674804657202706]}}, {"type": "Feature", "geometry": {"type": "LineString", "coordinates": [[51.178193707931484, 43.68709639710345], [51.15685952709333, 43.63748941445016]]}, "properties": {"transect_id": 162, "baseline_distance_m": 81923.3, "positions": {"2000": 11817.8, "2001": 11817.2, "2002": 11822.3, "2003": 11817.8, "2004": 11817.2, "2005": 11822.0, "2006": 11812.9, "2007": 11815.3, "2008": 11817.7, "2009": 11816.2, "2010": 11811.3, "2011": 11809.8, "2012": null, "2013": 11802.0, "2014": 11803.7, "2015": 11808.2, "2016": 11805.4, "2017": 11805.3, "2018": 11808.1, "2019": 11798.2, "2020": 11801.0, "2021": 11801.8, "2022": 11797.2, "2023": 11804.7, "2024": 11801.7, "2025": 11798.2, "2026": 11803.2}, "total_retreat_m": 14.6, "speed_m_per_year": -0.87, "r_squared": 0.81, "std_error": 0.09, "ci_95_low": -1.05, "ci_95_high": -0.69, "valid_years": 26, "confidence": "high", "risk_class": "low", "location_ru": "Бухта Курык", "anchor": [51.174638011125126, 43.67882856666124]}}, {"type": "Feature", "geometry": {"type": "LineString", "coordinates": [[51.16889611788881, 43.69094902718172], [51.14889144811685, 43.64079114457775]]}, "properties": {"transect_id": 163, "baseline_distance_m": 82404.3, "positions": {"2000": 10007.0, "2001": 9973.4, "2002": 9949.7, "2003": 9915.6, "2004": 9894.3, "2005": 9867.2, "2006": 9835.6, "2007": 9798.5, "2008": 9773.6, "2009": 9751.2, "2010": 9720.5, "2011": 9681.1, "2012": null, "2013": 9639.8, "2014": 9606.9, "2015": 9574.6, "2016": 9553.3, "2017": 9518.1, "2018": 9489.5, "2019": 9465.2, "2020": 9442.4, "2021": 9413.2, "2022": 9379.7, "2023": 9351.6, "2024": 9324.4, "2025": 9287.7, "2026": 9266.7}, "total_retreat_m": 740.3, "speed_m_per_year": -28.39, "r_squared": 1.0, "std_error": 0.11, "ci_95_low": -28.61, "ci_95_high": -28.18, "valid_years": 26, "confidence": "high", "risk_class": "high", "location_ru": "Тюб-Караганский залив", "anchor": [51.16556200626015, 43.68258938008106]}}, {"type": "Feature", "geometry": {"type": "LineString", "coordinates": [[51.159545930851344, 43.69453515215562], [51.1408788189248, 43.643864263745]]}, "properties": {"transect_id": 164, "baseline_distance_m": 82885.4, "positions": {"2000": 10208.6, "2001": 10189.9, "2002": 10166.7, "2003": 10132.3, "2004": 10123.7, "2005": 10104.0, "2006": 10081.6, "2007": 10057.7, "2008": 10043.1, "2009": 10016.2, "2010": 9995.0, "2011": 9975.8, "2012": null, "2013": 9929.9, "2014": 9903.2, "2015": 9875.4, "2016": 9861.7, "2017": 9845.0, "2018": 9818.9, "2019": 9801.9, "2020": 9777.7, "2021": 9760.6, "2022": 9732.7, "2023": 9714.1, "2024": 9692.6, "2025": 9675.0, "2026": 9640.5}, "total_retreat_m": 568.1, "speed_m_per_year": -21.58, "r_squared": 0.999, "std_error": 0.11, "ci_95_low": -21.81, "ci_95_high": -21.35, "valid_years": 26, "confidence": "high", "risk_class": "high", "location_ru": "Мыс Меловой", "anchor": [51.156434745530255, 43.686090004087184]}}, {"type": "Feature", "geometry": {"type": "LineString", "coordinates": [[51.15014629718724, 43.6978580263103], [51.13281912085977, 43.64671343753967]]}, "properties": {"transect_id": 165, "baseline_distance_m": 83366.5, "positions": {"2000": 11787.8, "2001": 11763.5, "2002": 11742.3, "2003": 11727.5, "2004": 11708.8, "2005": 11684.9, "2006": 11668.5, "2007": 11652.9, "2008": 11636.7, "2009": 11613.0, "2010": 11591.1, "2011": 11571.7, "2012": null, "2013": 11536.0, "2014": 11514.2, "2015": 11496.4, "2016": 11472.3, "2017": 11462.7, "2018": 11433.9, "2019": 11417.6, "2020": 11400.7, "2021": 11389.2, "2022": 11360.5, "2023": 11340.4, "2024": 11321.8, "2025": 11311.6, "2026": 11274.6}, "total_retreat_m": 513.2, "speed_m_per_year": -19.25, "r_squared": 0.999, "std_error": 0.1, "ci_95_low": -19.46, "ci_95_high": -19.05, "valid_years": 26, "confidence": "high", "risk_class": "medium", "location_ru": "Южная коса Актау", "anchor": [51.147258434465996, 43.68933392818186]}}, {"type": "Feature", "geometry": {"type": "LineString", "coordinates": [[51.14070040683083, 43.70092156268381], [51.124709714947514, 43.64934348814537]]}, "properties": {"transect_id": 166, "baseline_distance_m": 83847.6, "positions": {"2000": 14478.0, "2001": 14447.4, "2002": 14427.9, "2003": 14404.5, "2004": 14383.9, "2005": 14364.0, "2006": 14334.4, "2007": 14306.9, "2008": 14288.4, "2009": 14258.7, "2010": 14233.5, "2011": 14206.8, "2012": null, "2013": 14160.0, "2014": 14138.9, "2015": 14114.0, "2016": 14096.1, "2017": 14066.3, "2018": 14034.7, "2019": 14019.3, "2020": 13997.8, "2021": 13973.5, "2022": 13958.2, "2023": 13925.8, "2024": 13908.0, "2025": 13880.6, "2026": 13856.7}, "total_retreat_m": 621.3, "speed_m_per_year": -23.88, "r_squared": 1.0, "std_error": 0.11, "ci_95_low": -24.1, "ci_95_high": -23.65, "valid_years": 26, "confidence": "high", "risk_class": "high", "location_ru": "Побережье у Баутино", "anchor": [51.13803529151694, 43.6923252169274]}}, {"type": "Feature", "geometry": {"type": "LineString", "coordinates": [[51.13121147341634, 43.7037303266272], [51.116547917722, 43.651759371908256]]}, "properties": {"transect_id": 167, "baseline_distance_m": 84328.7, "positions": {"2000": 13040.9, "2001": 13022.4, "2002": 12998.6, "2003": 12973.6, "2004": 12959.2, "2005": 12934.7, "2006": 12909.0, "2007": 12889.2, "2008": 12866.1, "2009": 12840.8, "2010": 12822.4, "2011": 12797.4, "2012": null, "2013": 12751.8, "2014": 12726.9, "2015": 12709.7, "2016": 12691.3, "2017": 12664.0, "2018": 12654.7, "2019": 12626.0, "2020": 12605.5, "2021": 12581.3, "2022": 12563.3, "2023": 12530.6, "2024": 12501.3, "2025": 12487.6, "2026": 12469.4}, "total_retreat_m": 571.5, "speed_m_per_year": -22.12, "r_squared": 0.999, "std_error": 0.11, "ci_95_low": -22.34, "ci_95_high": -21.89, "valid_years": 26, "confidence": "high", "risk_class": "high", "location_ru": "Залив Комсомолец", "anchor": [51.128767547467284, 43.69506850084071]}}, {"type": "Feature", "geometry": {"type": "LineString", "coordinates": [[51.12168271837697, 43.70628952550454], [51.108331077205264, 43.65396616859749]]}, "properties": {"transect_id": 168, "baseline_distance_m": 84809.7, "positions": {"2000": 11650.7, "2001": 11633.6, "2002": 11622.0, "2003": 11601.8, "2004": 11587.9, "2005": 11585.5, "2006": 11566.2, "2007": 11550.0, "2008": 11536.8, "2009": 11523.4, "2010": 11509.9, "2011": 11494.3, "2012": null, "2013": 11466.9, "2014": 11458.9, "2015": 11444.0, "2016": 11437.6, "2017": 11421.1, "2018": 11407.7, "2019": 11390.4, "2020": 11379.6, "2021": 11368.3, "2022": 11356.4, "2023": 11339.9, "2024": 11331.4, "2025": 11313.8, "2026": 11303.7}, "total_retreat_m": 347.0, "speed_m_per_year": -13.22, "r_squared": 0.999, "std_error": 0.08, "ci_95_low": -13.39, "ci_95_high": -13.04, "valid_years": 26, "confidence": "high", "risk_class": "medium", "location_ru": "Мыс Ракушечный", "anchor": [51.11945744484835, 43.69756896602003]}}, {"type": "Feature", "geometry": {"type": "LineString", "coordinates": [[51.11211735563148, 43.7086049946052], [51.10005664593006, 43.65596908213569]]}, "properties": {"transect_id": 169, "baseline_distance_m": 85290.8, "positions": {"2000": 14288.4, "2001": 14271.4, "2002": 14252.0, "2003": 14232.5, "2004": 14210.6, "2005": 14190.0, "2006": 14176.6, "2007": 14157.2, "2008": 14134.5, "2009": 14122.3, "2010": 14095.5, "2011": 14077.9, "2012": null, "2013": 14049.1, "2014": 14027.2, "2015": 14003.5, "2016": 13987.3, "2017": 13967.9, "2018": 13937.5, "2019": 13926.0, "2020": 13910.6, "2021": 13890.6, "2022": 13874.2, "2023": 13858.9, "2024": 13834.2, "2025": 13812.5, "2026": 13799.2}, "total_retreat_m": 489.2, "speed_m_per_year": -18.91, "r_squared": 0.999, "std_error": 0.09, "ci_95_low": -19.1, "ci_95_high": -18.73, "valid_years": 26, "confidence": "high", "risk_class": "medium", "location_ru": "Северный Бузачи", "anchor": [51.11010723734791, 43.69983234252695]}}, {"type": "Feature", "geometry": {"type": "LineString", "coordinates": [[51.10251857743142, 43.71068317948204], [51.09172224814274, 43.657773451889746]]}, "properties": {"transect_id": 170, "baseline_distance_m": 85771.9, "positions": {"2000": 10818.5, "2001": 10811.4, "2002": 10776.2, "2003": 10766.4, "2004": 10750.8, "2005": 10730.4, "2006": 10719.9, "2007": 10702.4, "2008": 10681.7, "2009": 10663.6, "2010": 10647.0, "2011": 10629.9, "2012": null, "2013": 10595.5, "2014": 10577.9, "2015": 10562.4, "2016": 10547.2, "2017": 10522.1, "2018": 10505.6, "2019": 10485.6, "2020": 10478.8, "2021": 10459.1, "2022": 10442.9, "2023": 10418.0, "2024": 10413.6, "2025": 10386.8, "2026": 10372.7}, "total_retreat_m": 445.8, "speed_m_per_year": -17.22, "r_squared": 0.999, "std_error": 0.1, "ci_95_low": -17.43, "ci_95_high": -17.01, "valid_years": 26, "confidence": "high", "risk_class": "medium", "location_ru": "Прибрежная зона Каламкас", "anchor": [51.10071918921664, 43.70186489154999]}}, {"type": "Feature", "geometry": {"type": "LineString", "coordinates": [[51.09288954185176, 43.71253111504902], [51.083325738771606, 43.659384773023966]]}, "properties": {"transect_id": 171, "baseline_distance_m": 86253.0, "positions": {"2000": 11329.2, "2001": 11325.6, "2002": 11329.8, "2003": 11313.0, "2004": 11311.7, "2005": 11303.5, "2006": 11293.7, "2007": 11281.7, "2008": 11283.4, "2009": 11266.6, "2010": 11272.5, "2011": 11260.3, "2012": null, "2013": 11235.8, "2014": 11238.5, "2015": 11236.0, "2016": 11225.9, "2017": 11223.2, "2018": 11210.4, "2019": 11202.0, "2020": 11200.4, "2021": 11194.3, "2022": 11186.2, "2023": 11186.0, "2024": 11171.2, "2025": 11169.3, "2026": 11161.8}, "total_retreat_m": 167.4, "speed_m_per_year": -6.68, "r_squared": 0.993, "std_error": 0.11, "ci_95_low": -6.91, "ci_95_high": -6.45, "valid_years": 26, "confidence": "high", "risk_class": "low", "location_ru": "Севернее водозабора МАЭК", "anchor": [51.09129557467173, 43.703673391378175]}}, {"type": "Feature", "geometry": {"type": "LineString", "coordinates": [[51.083233362293434, 43.714156401863505], [51.074865252320336, 43.66080872398079]]}, "properties": {"transect_id": 172, "baseline_distance_m": 86734.0, "positions": {"2000": 13433.0, "2001": 13413.1, "2002": 13379.7, "2003": 13342.6, "2004": 13309.3, "2005": 13296.8, "2006": 13265.7, "2007": 13242.8, "2008": 13206.9, "2009": 13184.0, "2010": 13158.2, "2011": 13125.2, "2012": null, "2013": 13069.6, "2014": 13043.6, "2015": 13017.9, "2016": 12987.8, "2017": 12964.0, "2018": 12930.4, "2019": 12899.1, "2020": 12884.5, "2021": 12846.4, "2022": 12818.7, "2023": 12792.9, "2024": 12765.6, "2025": 12736.0, "2026": 12709.6}, "total_retreat_m": 723.4, "speed_m_per_year": -27.82, "r_squared": 1.0, "std_error": 0.11, "ci_95_low": -28.05, "ci_95_high": -27.6, "valid_years": 26, "confidence": "high", "risk_class": "high", "location_ru": "Бухта Курык", "anchor": [51.08183867729792, 43.70526512221639]}}, {"type": "Feature", "geometry": {"type": "LineString", "coordinates": [[51.0735530992282, 43.715567180074494], [51.06633924053516, 43.662051198884235]]}, "properties": {"transect_id": 173, "baseline_distance_m": 87215.1, "positions": {"2000": 10913.0, "2001": 10915.8, "2002": 10893.6, "2003": 10882.3, "2004": 10860.4, "2005": 10849.9, "2006": 10834.9, "2007": 10829.4, "2008": 10807.0, "2009": 10798.2, "2010": 10778.5, "2011": 10765.1, "2012": null, "2013": 10737.7, "2014": 10729.7, "2015": 10702.8, "2016": 10691.0, "2017": 10674.4, "2018": 10663.7, "2019": 10650.6, "2020": 10633.3, "2021": 10622.7, "2022": 10603.4, "2023": 10593.3, "2024": 10588.0, "2025": 10570.7, "2026": 10555.7}, "total_retreat_m": 357.3, "speed_m_per_year": -14.21, "r_squared": 0.998, "std_error": 0.11, "ci_95_low": -14.45, "ci_95_high": -13.97, "valid_years": 26, "confidence": "high", "risk_class": "medium", "location_ru": "Тюб-Караганский залив", "anchor": [51.07235078944603, 43.70664784987612]}}, {"type": "Feature", "geometry": {"type": "LineString", "coordinates": [[51.06385175428938, 43.71677210153717], [51.05774649832826, 43.66311834258545]]}, "properties": {"transect_id": 174, "baseline_distance_m": 87696.2, "positions": {"2000": 11457.6, "2001": 11439.5, "2002": 11420.6, "2003": 11398.2, "2004": 11374.6, "2005": 11346.7, "2006": 11327.2, "2007": 11303.3, "2008": 11281.3, "2009": 11267.7, "2010": 11230.0, "2011": 11213.6, "2012": null, "2013": 11174.3, "2014": 11141.1, "2015": 11121.9, "2016": 11099.8, "2017": 11078.5, "2018": 11050.5, "2019": 11036.8, "2020": 11014.6, "2021": 10991.4, "2022": 10963.4, "2023": 10944.7, "2024": 10918.2, "2025": 10898.0, "2026": 10885.4}, "total_retreat_m": 572.2, "speed_m_per_year": -22.51, "r_squared": 1.0, "std_error": 0.1, "ci_95_low": -22.72, "ci_95_high": -22.3, "valid_years": 26, "confidence": "high", "risk_class": "high", "location_ru": "Мыс Меловой", "anchor": [51.062834211629195, 43.70782980837855]}}, {"type": "Feature", "geometry": {"type": "LineString", "coordinates": [[51.054132266675545, 43.717780300581886], [51.049086178124114, 43.664016586142395]]}, "properties": {"transect_id": 175, "baseline_distance_m": 88177.3, "positions": {"2000": 15130.4, "2001": 15111.7, "2002": 15099.8, "2003": 15087.9, "2004": 15077.7, "2005": 15070.7, "2006": 15056.7, "2007": 15044.0, "2008": 15024.9, "2009": 15014.6, "2010": 15005.3, "2011": 14989.2, "2012": null, "2013": 14965.5, "2014": 14955.9, "2015": 14940.2, "2016": 14929.9, "2017": 14922.8, "2018": 14903.2, "2019": 14896.1, "2020": 14881.1, "2021": 14860.4, "2022": 14849.4, "2023": 14837.9, "2024": 14825.3, "2025": 14815.8, "2026": 14806.1}, "total_retreat_m": 324.3, "speed_m_per_year": -12.49, "r_squared": 0.999, "std_error": 0.08, "ci_95_low": -12.66, "ci_95_high": -12.32, "valid_years": 26, "confidence": "high", "risk_class": "medium", "location_ru": "Южная коса Актау", "anchor": [51.053291251916974, 43.708819681508636]}}, {"type": "Feature", "geometry": {"type": "LineString", "coordinates": [[51.04439751173257, 43.718601363883586], [51.0403577933017, 43.664752680752066]]}, "properties": {"transect_id": 176, "baseline_distance_m": 88658.3, "positions": {"2000": 12622.9, "2001": 12614.3, "2002": 12620.9, "2003": 12618.7, "2004": 12617.3, "2005": 12623.0, "2006": 12617.5, "2007": 12613.7, "2008": 12604.7, "2009": 12604.4, "2010": 12604.1, "2011": 12599.3, "2012": null, "2013": 12600.4, "2014": 12597.8, "2015": 12590.0, "2016": 12597.1, "2017": 12590.7, "2018": 12581.4, "2019": 12586.1, "2020": 12585.4, "2021": 12586.1, "2022": 12578.9, "2023": 12581.5, "2024": 12576.9, "2025": 12568.9, "2026": 12566.5}, "total_retreat_m": 56.4, "speed_m_per_year": -2.06, "r_squared": 0.947, "std_error": 0.1, "ci_95_low": -2.27, "ci_95_high": -1.86, "valid_years": 26, "confidence": "high", "risk_class": "low", "location_ru": "Побережье у Баутино", "anchor": [51.04372422532742, 43.70962658336167]}}, {"type": "Feature", "geometry": {"type": "LineString", "coordinates": [[51.03465030148824, 43.71924529981729], [51.031561211863036, 43.665333728468575]]}, "properties": {"transect_id": 177, "baseline_distance_m": 89139.4, "positions": {"2000": 14985.1, "2001": 14986.8, "2002": 14982.0, "2003": 14977.6, "2004": 14968.2, "2005": 14975.8, "2006": 14968.0, "2007": 14961.3, "2008": 14957.2, "2009": 14957.9, "2010": 14947.2, "2011": 14953.7, "2012": null, "2013": 14941.0, "2014": 14943.4, "2015": 14936.8, "2016": 14934.8, "2017": 14929.9, "2018": 14929.2, "2019": 14934.4, "2020": 14929.4, "2021": 14922.3, "2022": 14917.8, "2023": 14918.3, "2024": 14916.4, "2025": 14905.6, "2026": 14905.6}, "total_retreat_m": 79.5, "speed_m_per_year": -3.03, "r_squared": 0.978, "std_error": 0.09, "ci_95_low": -3.22, "ci_95_high": -2.84, "valid_years": 26, "confidence": "high", "risk_class": "low", "location_ru": "Залив Комсомолец", "anchor": [51.034135453217374, 43.710260037925835]}}, {"type": "Feature", "geometry": {"type": "LineString", "coordinates": [[51.02489338685768, 43.71972250761187], [51.02269664173779, 43.66576720842005]]}, "properties": {"transect_id": 178, "baseline_distance_m": 89620.5, "positions": {"2000": 11348.2, "2001": 11311.3, "2002": 11273.4, "2003": 11255.4, "2004": 11220.3, "2005": 11192.3, "2006": 11168.5, "2007": 11138.0, "2008": 11106.0, "2009": 11076.4, "2010": 11050.5, "2011": 11019.4, "2012": null, "2013": 10958.6, "2014": 10932.7, "2015": 10906.4, "2016": 10875.3, "2017": 10841.4, "2018": 10822.0, "2019": 10778.1, "2020": 10758.3, "2021": 10728.6, "2022": 10702.7, "2023": 10675.3, "2024": 10648.6, "2025": 10612.2, "2026": 10588.4}, "total_retreat_m": 759.8, "speed_m_per_year": -29.0, "r_squared": 1.0, "std_error": 0.1, "ci_95_low": -29.22, "ci_95_high": -28.79, "valid_years": 26, "confidence": "high", "risk_class": "high", "location_ru": "Мыс Ракушечный", "anchor": [51.02452726267103, 43.710729957746565]}}, {"type": "Feature", "geometry": {"type": "LineString", "coordinates": [[51.015129461198285, 43.72004374653797], [51.013764609330785, 43.6660609976326]]}, "properties": {"transect_id": 179, "baseline_distance_m": 90101.6, "positions": {"2000": 13694.0, "2001": 13669.8, "2002": 13666.4, "2003": 13655.5, "2004": 13644.2, "2005": 13630.3, "2006": 13624.8, "2007": 13604.4, "2008": 13599.5, "2009": 13586.7, "2010": 13575.5, "2011": 13569.1, "2012": null, "2013": 13550.0, "2014": 13533.5, "2015": 13527.2, "2016": 13513.4, "2017": 13498.8, "2018": 13490.5, "2019": 13479.5, "2020": 13467.1, "2021": 13460.8, "2022": 13449.2, "2023": 13431.1, "2024": 13420.0, "2025": 13417.5, "2026": 13401.7}, "total_retreat_m": 292.3, "speed_m_per_year": -10.95, "r_squared": 0.999, "std_error": 0.09, "ci_95_low": -11.13, "ci_95_high": -10.77, "valid_years": 26, "confidence": "high", "risk_class": "medium", "location_ru": "Северный Бузачи", "anchor": [51.014901985887036, 43.711046621720406]}}, {"type": "Feature", "geometry": {"type": "LineString", "coordinates": [[51.0053611648906, 43.720220105290636], [51.0047659329326, 43.66622338595588]]}, "properties": {"transect_id": 180, "baseline_distance_m": 90582.6, "positions": {"2000": 11046.0, "2001": 11035.8, "2002": 11038.5, "2003": 11023.5, "2004": 11010.8, "2005": 10999.0, "2006": 10991.1, "2007": 10978.7, "2008": 10977.3, "2009": 10961.0, "2010": 10958.8, "2011": 10943.1, "2012": null, "2013": 10921.2, "2014": 10914.0, "2015": 10895.6, "2016": 10895.9, "2017": 10886.0, "2018": 10880.4, "2019": 10859.8, "2020": 10862.4, "2021": 10851.3, "2022": 10843.4, "2023": 10828.5, "2024": 10823.1, "2025": 10803.5, "2026": 10802.6}, "total_retreat_m": 243.4, "speed_m_per_year": -9.56, "r_squared": 0.997, "std_error": 0.11, "ci_95_low": -9.79, "ci_95_high": -9.33, "valid_years": 26, "confidence": "high", "risk_class": "medium", "location_ru": "Прибрежная зона Каламкас", "anchor": [51.005261959564265, 43.71122065206818]}}, {"type": "Feature", "geometry": {"type": "LineString", "coordinates": [[50.995591090620024, 43.720262971661285], [50.995701692617864, 43.66626308492808]]}, "properties": {"transect_id": 181, "baseline_distance_m": 91063.7, "positions": {"2000": 15942.7, "2001": 15928.2, "2002": 15905.9, "2003": 15891.7, "2004": 15863.9, "2005": 15843.6, "2006": 15838.6, "2007": 15817.7, "2008": 15790.9, "2009": 15776.1, "2010": 15761.2, "2011": 15739.8, "2012": null, "2013": 15700.7, "2014": 15685.4, "2015": 15659.1, "2016": 15643.2, "2017": 15623.9, "2018": 15603.9, "2019": 15584.4, "2020": 15567.3, "2021": 15548.1, "2022": 15524.8, "2023": 15513.2, "2024": 15487.0, "2025": 15471.1, "2026": 15451.7}, "total_retreat_m": 491.0, "speed_m_per_year": -18.97, "r_squared": 0.999, "std_error": 0.09, "ci_95_low": -19.15, "ci_95_high": -18.79, "valid_years": 26, "confidence": "high", "risk_class": "medium", "location_ru": "Севернее водозабора МАЭК", "anchor": [50.99560952428633, 43.71126299053908]}}, {"type": "Feature", "geometry": {"type": "LineString", "coordinates": [[50.98582178906443, 43.720184002536435], [50.98657319810869, 43.6661892307113]]}, "properties": {"transect_id": 182, "baseline_distance_m": 91544.8, "positions": {"2000": 13438.5, "2001": 13423.5, "2002": 13422.3, "2003": 13406.8, "2004": 13399.7, "2005": 13398.8, "2006": 13381.3, "2007": 13378.6, "2008": 13365.1, "2009": 13357.8, "2010": 13347.7, "2011": 13342.1, "2012": null, "2013": 13318.4, "2014": 13308.5, "2015": 13301.1, "2016": 13295.3, "2017": 13285.3, "2018": 13280.3, "2019": 13273.9, "2020": 13256.0, "2021": 13248.2, "2022": 13236.7, "2023": 13241.8, "2024": 13226.1, "2025": 13218.1, "2026": 13202.1}, "total_retreat_m": 236.4, "speed_m_per_year": -8.85, "r_squared": 0.997, "std_error": 0.09, "ci_95_low": -9.04, "ci_95_high": -8.66, "valid_years": 26, "confidence": "high", "risk_class": "medium", "location_ru": "Бухта Курык", "anchor": [50.98594702390514, 43.711184873898915]}}, {"type": "Feature", "geometry": {"type": "LineString", "coordinates": [[50.97605577472171, 43.719995094217495], [50.97738195593285, 43.66601138145712]]}, "properties": {"transect_id": 183, "baseline_distance_m": 92025.9, "positions": {"2000": 10226.2, "2001": 10219.8, "2002": 10213.0, "2003": 10188.2, "2004": 10176.1, "2005": 10165.0, "2006": 10163.2, "2007": 10149.2, "2008": 10132.7, "2009": 10121.7, "2010": 10106.5, "2011": 10101.6, "2012": null, "2013": 10073.0, "2014": 10061.8, "2015": 10053.5, "2016": 10038.6, "2017": 10026.7, "2018": 10015.9, "2019": 10007.3, "2020": 9999.0, "2021": 9983.0, "2022": 9972.1, "2023": 9956.3, "2024": 9942.6, "2025": 9936.3, "2026": 9922.6}, "total_retreat_m": 303.6, "speed_m_per_year": -11.74, "r_squared": 0.999, "std_error": 0.09, "ci_95_low": -11.92, "ci_95_high": -11.55, "valid_years": 26, "confidence": "high", "risk_class": "medium", "location_ru": "Тюб-Караганский залив", "anchor": [50.976276804923565, 43.71099780875743]}}, {"type": "Feature", "geometry": {"type": "LineString", "coordinates": [[50.96629553164984, 43.719708353023904], [50.96812963701529, 43.66573950962785]]}, "properties": {"transect_id": 184, "baseline_distance_m": 92507.0, "positions": {"2000": 13918.0, "2001": 13892.2, "2002": 13875.9, "2003": 13847.7, "2004": 13827.1, "2005": 13798.5, "2006": 13773.6, "2007": 13745.3, "2008": 13724.9, "2009": 13700.7, "2010": 13671.0, "2011": 13650.1, "2012": null, "2013": 13602.6, "2014": 13581.4, "2015": 13557.4, "2016": 13529.0, "2017": 13509.0, "2018": 13482.3, "2019": 13447.3, "2020": 13432.7, "2021": 13414.7, "2022": 13379.5, "2023": 13362.5, "2024": 13344.2, "2025": 13310.6, "2026": 13289.5}, "total_retreat_m": 628.5, "speed_m_per_year": -24.27, "r_squared": 1.0, "std_error": 0.1, "ci_95_low": -24.48, "ci_95_high": -24.07, "valid_years": 26, "confidence": "high", "risk_class": "high", "location_ru": "Мыс Меловой", "anchor": [50.96660121587742, 43.71071354579123]}}, {"type": "Feature", "geometry": {"type": "LineString", "coordinates": [[50.956543518928655, 43.71933606612269], [50.958818045658006, 43.66538398990539]]}, "properties": {"transect_id": 185, "baseline_distance_m": 92988.0, "positions": {"2000": 15157.9, "2001": 15135.5, "2002": 15117.8, "2003": 15092.1, "2004": 15063.0, "2005": 15041.0, "2006": 15022.6, "2007": 14995.2, "2008": 14966.3, "2009": 14951.6, "2010": 14923.0, "2011": 14912.5, "2012": null, "2013": 14860.8, "2014": 14833.6, "2015": 14811.5, "2016": 14783.8, "2017": 14764.0, "2018": 14749.5, "2019": 14731.4, "2020": 14702.5, "2021": 14676.3, "2022": 14652.0, "2023": 14627.0, "2024": 14616.1, "2025": 14584.2, "2026": 14570.4}, "total_retreat_m": 587.5, "speed_m_per_year": -22.81, "r_squared": 0.999, "std_error": 0.12, "ci_95_low": -23.06, "ci_95_high": -22.57, "valid_years": 26, "confidence": "high", "risk_class": "high", "location_ru": "Южная коса Актау", "anchor": [50.95692260671688, 43.71034405341981]}}, {"type": "Feature", "geometry": {"type": "LineString", "coordinates": [[50.94680217569018, 43.718890672518036], [50.94944909067449, 43.664955583373164]]}, "properties": {"transect_id": 186, "baseline_distance_m": 93469.1, "positions": {"2000": 13677.5, "2001": 13678.7, "2002": 13682.4, "2003": 13683.7, "2004": 13697.2, "2005": 13682.2, "2006": 13688.7, "2007": 13691.5, "2008": 13690.3, "2009": 13692.0, "2010": 13688.7, "2011": 13694.5, "2012": null, "2013": 13698.7, "2014": 13699.2, "2015": 13701.5, "2016": 13706.1, "2017": 13705.5, "2018": 13703.3, "2019": 13699.6, "2020": 13703.1, "2021": 13705.9, "2022": 13709.1, "2023": 13707.4, "2024": 13706.9, "2025": 13707.1, "2026": 13706.5}, "total_retreat_m": -29.0, "speed_m_per_year": 1.14, "r_squared": 0.861, "std_error": 0.09, "ci_95_low": 0.94, "ci_95_high": 1.33, "valid_years": 26, "confidence": "high", "risk_class": "low", "location_ru": "Побережье у Баутино", "anchor": [50.94724332818757, 43.70990149099389]}}, {"type": "Feature", "geometry": {"type": "LineString", "coordinates": [[50.937073925598845, 43.718384734134105], [50.940024759274344, 43.664465418665344]]}, "properties": {"transect_id": 187, "baseline_distance_m": 93950.2, "positions": {"2000": 14451.4, "2001": 14440.8, "2002": 14424.0, "2003": 14417.8, "2004": 14406.2, "2005": 14388.0, "2006": 14375.4, "2007": 14366.3, "2008": 14348.3, "2009": 14335.0, "2010": 14329.8, "2011": 14315.5, "2012": null, "2013": 14288.3, "2014": 14276.6, "2015": 14252.0, "2016": 14252.2, "2017": 14235.4, "2018": 14224.8, "2019": 14209.3, "2020": 14194.9, "2021": 14180.5, "2022": 14170.1, "2023": 14154.3, "2024": 14146.0, "2025": 14123.1, "2026": 14114.3}, "total_retreat_m": 337.1, "speed_m_per_year": -12.99, "r_squared": 0.999, "std_error": 0.09, "ci_95_low": -13.17, "ci_95_high": -12.8, "valid_years": 26, "confidence": "high", "risk_class": "medium", "location_ru": "Залив Комсомолец", "anchor": [50.93756573121143, 43.709398181555976]}}, {"type": "Feature", "geometry": {"type": "LineString", "coordinates": [[50.927361180687164, 43.71783090693068], [50.93054709416902, 43.66392497075213]]}, "properties": {"transect_id": 188, "baseline_distance_m": 94431.3, "positions": {"2000": 14913.5, "2001": 14915.4, "2002": 14924.8, "2003": 14925.0, "2004": 14931.7, "2005": 14940.4, "2006": 14938.7, "2007": 14949.1, "2008": 14953.8, "2009": 14959.2, "2010": 14960.0, "2011": 14976.9, "2012": null, "2013": 14977.2, "2014": 14978.8, "2015": 14978.5, "2016": 14986.1, "2017": 14996.7, "2018": 15002.3, "2019": 15005.9, "2020": 15007.6, "2021": 15004.0, "2022": 15015.4, "2023": 15013.0, "2024": 15016.5, "2025": 15027.9, "2026": 15033.6}, "total_retreat_m": -120.1, "speed_m_per_year": 4.5, "r_squared": 0.986, "std_error": 0.11, "ci_95_low": 4.27, "ci_95_high": 4.72, "valid_years": 26, "confidence": "high", "risk_class": "low", "location_ru": "Мыс Ракушечный", "anchor": [50.927892166267476, 43.70884658423425]}}, {"type": "Feature", "geometry": {"type": "LineString", "coordinates": [[50.91766634447877, 43.717241912002905], [50.921018174243, 43.663346037975]]}, "properties": {"transect_id": 189, "baseline_distance_m": 94912.3, "positions": {"2000": 12735.3, "2001": 12726.7, "2002": 12727.7, "2003": 12719.5, "2004": 12715.0, "2005": 12723.4, "2006": 12714.9, "2007": 12718.8, "2008": 12717.2, "2009": 12707.7, "2010": 12710.0, "2011": 12702.5, "2012": null, "2013": 12692.6, "2014": 12697.9, "2015": 12693.0, "2016": 12690.6, "2017": 12697.7, "2018": 12681.1, "2019": 12686.2, "2020": 12678.2, "2021": 12683.2, "2022": 12678.2, "2023": 12676.0, "2024": 12668.1, "2025": 12666.3, "2026": 12670.5}, "total_retreat_m": 64.8, "speed_m_per_year": -2.48, "r_squared": 0.962, "std_error": 0.1, "ci_95_low": -2.69, "ci_95_high": -2.27, "valid_years": 26, "confidence": "high", "risk_class": "low", "location_ru": "Северный Бузачи", "anchor": [50.918224982772806, 43.70825926633159]}}, {"type": "Feature", "geometry": {"type": "LineString", "coordinates": [[50.90799181434495, 43.71663050663214], [50.91144009905754, 43.66274071787267]]}, "properties": {"transect_id": 190, "baseline_distance_m": 95393.4, "positions": {"2000": 10184.1, "2001": 10193.5, "2002": 10206.4, "2003": 10201.6, "2004": 10211.5, "2005": 10207.2, "2006": 10214.5, "2007": 10221.6, "2008": 10225.3, "2009": 10225.1, "2010": 10229.4, "2011": 10241.1, "2012": null, "2013": 10250.9, "2014": 10256.7, "2015": 10262.4, "2016": 10260.2, "2017": 10262.9, "2018": 10274.1, "2019": 10276.0, "2020": 10273.7, "2021": 10278.0, "2022": 10288.6, "2023": 10290.5, "2024": 10295.6, "2025": 10304.5, "2026": 10307.7}, "total_retreat_m": -123.6, "speed_m_per_year": 4.49, "r_squared": 0.989, "std_error": 0.1, "ci_95_low": 4.29, "ci_95_high": 4.69, "valid_years": 26, "confidence": "high", "risk_class": "low", "location_ru": "Прибрежная зона Каламкас", "anchor": [50.908566528463716, 43.70764887517223]}}, {"type": "Feature", "geometry": {"type": "LineString", "coordinates": [[50.89833998305492, 43.71600945527342], [50.901814977390046, 43.66212138224821]]}, "properties": {"transect_id": 191, "baseline_distance_m": 95874.5, "positions": {"2000": 15764.2, "2001": 15767.5, "2002": 15760.2, "2003": 15765.2, "2004": 15766.1, "2005": 15771.1, "2006": 15779.1, "2007": 15782.2, "2008": 15772.4, "2009": 15779.3, "2010": 15781.0, "2011": 15781.9, "2012": null, "2013": 15785.1, "2014": 15786.3, "2015": 15793.3, "2016": 15792.6, "2017": 15785.5, "2018": 15794.5, "2019": 15796.4, "2020": 15795.7, "2021": 15800.5, "2022": 15798.3, "2023": 15799.9, "2024": 15801.1, "2025": 15794.1, "2026": 15803.4}, "total_retreat_m": -39.2, "speed_m_per_year": 1.56, "r_squared": 0.915, "std_error": 0.1, "ci_95_low": 1.36, "ci_95_high": 1.76, "valid_years": 26, "confidence": "high", "risk_class": "low", "location_ru": "Севернее водозабора МАЭК", "anchor": [50.89891914877744, 43.70702810976922]}}, {"type": "Feature", "geometry": {"type": "LineString", "coordinates": [[50.888713239486215, 43.71539150048559], [50.892144919974776, 43.6615006518281]]}, "properties": {"transect_id": 192, "baseline_distance_m": 96355.6, "positions": {"2000": 15672.6, "2001": 15652.8, "2002": 15634.6, "2003": 15616.4, "2004": 15603.8, "2005": 15590.5, "2006": 15567.1, "2007": 15554.3, "2008": 15541.7, "2009": 15514.4, "2010": 15505.9, "2011": 15488.3, "2012": null, "2013": 15457.3, "2014": 15439.8, "2015": 15426.3, "2016": 15417.3, "2017": 15392.2, "2018": 15378.6, "2019": 15369.4, "2020": 15343.1, "2021": 15336.5, "2022": 15313.2, "2023": 15304.2, "2024": 15284.0, "2025": 15266.1, "2026": 15248.6}, "total_retreat_m": 424.0, "speed_m_per_year": -15.99, "r_squared": 0.999, "std_error": 0.09, "ci_95_low": -16.18, "ci_95_high": -15.79, "valid_years": 26, "confidence": "high", "risk_class": "medium", "location_ru": "Бухта Курык", "anchor": [50.88928518623431, 43.706409692376006]}}, {"type": "Feature", "geometry": {"type": "LineString", "coordinates": [[50.87911396846877, 43.71478933383243], [50.88243203658131, 43.66089137075402]]}, "properties": {"transect_id": 193, "baseline_distance_m": 96836.6, "positions": {"2000": 13044.6, "2001": 13025.4, "2002": 13008.6, "2003": 12993.3, "2004": 12982.7, "2005": 12968.1, "2006": 12945.0, "2007": 12929.4, "2008": 12918.1, "2009": 12907.1, "2010": 12890.0, "2011": 12864.9, "2012": null, "2013": 12837.7, "2014": 12819.5, "2015": 12806.6, "2016": 12798.5, "2017": 12770.9, "2018": 12754.5, "2019": 12742.1, "2020": 12731.0, "2021": 12716.8, "2022": 12700.5, "2023": 12687.9, "2024": 12660.6, "2025": 12656.9, "2026": 12635.3}, "total_retreat_m": 409.3, "speed_m_per_year": -15.62, "r_squared": 0.999, "std_error": 0.1, "ci_95_low": -15.83, "ci_95_high": -15.41, "valid_years": 26, "confidence": "high", "risk_class": "medium", "location_ru": "Тюб-Караганский залив", "anchor": [50.87966697982086, 43.705806339986026]}}, {"type": "Feature", "geometry": {"type": "LineString", "coordinates": [[50.86954454973713, 43.71421556680629], [50.872678437556935, 43.66030658103274]]}, "properties": {"transect_id": 194, "baseline_distance_m": 97317.7, "positions": {"2000": 15037.7, "2001": 15035.2, "2002": 15035.6, "2003": 15021.2, "2004": 15024.3, "2005": 15016.5, "2006": 15019.5, "2007": 15017.2, "2008": 15015.9, "2009": 15005.2, "2010": 15007.7, "2011": 15006.1, "2012": null, "2013": 14987.3, "2014": 14993.0, "2015": 14991.0, "2016": 14982.7, "2017": 14975.6, "2018": 14980.8, "2019": 14968.9, "2020": 14969.6, "2021": 14966.8, "2022": 14966.4, "2023": 14957.7, "2024": 14954.1, "2025": 14953.9, "2026": 14954.1}, "total_retreat_m": 83.6, "speed_m_per_year": -3.39, "r_squared": 0.983, "std_error": 0.09, "ci_95_low": -3.58, "ci_95_high": -3.2, "valid_years": 26, "confidence": "high", "risk_class": "low", "location_ru": "Мыс Меловой", "anchor": [50.87006686437376, 43.70523073584403]}}, {"type": "Feature", "geometry": {"type": "LineString", "coordinates": [[50.8600073559671, 43.71368270185021], [50.862886239953426, 43.65975949694737]]}, "properties": {"transect_id": 195, "baseline_distance_m": 97798.8, "positions": {"2000": 10608.5, "2001": 10607.4, "2002": 10620.3, "2003": 10616.9, "2004": 10622.5, "2005": 10627.3, "2006": 10633.9, "2007": 10640.0, "2008": 10645.1, "2009": 10647.7, "2010": 10646.9, "2011": 10659.6, "2012": null, "2013": 10665.5, "2014": 10674.8, "2015": 10671.9, "2016": 10672.8, "2017": 10683.6, "2018": 10693.4, "2019": 10693.3, "2020": 10696.4, "2021": 10698.2, "2022": 10713.2, "2023": 10706.6, "2024": 10712.3, "2025": 10722.0, "2026": 10716.8}, "total_retreat_m": -108.3, "speed_m_per_year": 4.48, "r_squared": 0.99, "std_error": 0.09, "ci_95_low": 4.29, "ci_95_high": 4.67, "valid_years": 26, "confidence": "high", "risk_class": "low", "location_ru": "Южная коса Актау", "anchor": [50.86048716996482, 43.70469550103307]}}, {"type": "Feature", "geometry": {"type": "LineString", "coordinates": [[50.85050474987953, 43.713203103579815], [50.85305757832648, 43.65926347930488]]}, "properties": {"transect_id": 196, "baseline_distance_m": 98279.9, "positions": {"2000": 12564.0, "2001": 12564.3, "2002": 12563.1, "2003": 12561.1, "2004": 12566.5, "2005": 12564.8, "2006": 12572.3, "2007": 12575.3, "2008": 12579.6, "2009": 12576.9, "2010": 12580.8, "2011": 12577.5, "2012": null, "2013": 12580.1, "2014": 12585.6, "2015": 12583.9, "2016": 12588.1, "2017": 12584.5, "2018": 12586.9, "2019": 12594.6, "2020": 12597.3, "2021": 12591.5, "2022": 12599.8, "2023": 12596.6, "2024": 12600.5, "2025": 12607.7, "2026": 12607.0}, "total_retreat_m": -43.0, "speed_m_per_year": 1.68, "r_squared": 0.951, "std_error": 0.08, "ci_95_low": 1.52, "ci_95_high": 1.84, "valid_years": 26, "confidence": "high", "risk_class": "low", "location_ru": "Побережье у Баутино", "anchor": [50.850930221287356, 43.70421316620066]}}, {"type": "Feature", "geometry": {"type": "LineString", "coordinates": [[50.84103908039469, 43.71278897033235], [50.84319462028967, 43.658832009263726]]}, "properties": {"transect_id": 197, "baseline_distance_m": 98760.9, "positions": {"2000": 13630.7, "2001": 13627.1, "2002": 13625.6, "2003": 13625.0, "2004": 13614.1, "2005": 13620.2, "2006": 13616.3, "2007": 13619.1, "2008": 13614.9, "2009": 13608.5, "2010": 13610.8, "2011": 13608.8, "2012": null, "2013": 13597.8, "2014": 13596.4, "2015": 13587.0, "2016": 13589.0, "2017": 13587.9, "2018": 13588.6, "2019": 13582.1, "2020": 13581.3, "2021": 13575.9, "2022": 13579.0, "2023": 13577.5, "2024": 13574.9, "2025": 13570.8, "2026": 13562.1}, "total_retreat_m": 68.6, "speed_m_per_year": -2.48, "r_squared": 0.974, "std_error": 0.08, "ci_95_low": -2.65, "ci_95_high": -2.31, "valid_years": 26, "confidence": "high", "risk_class": "low", "location_ru": "Залив Комсомолец", "anchor": [50.84139833704385, 43.70379614348758]}}, {"type": "Feature", "geometry": {"type": "LineString", "coordinates": [[50.83161267783323, 43.712452306196575], [50.833299586845584, 43.65847866135037]]}, "properties": {"transect_id": 198, "baseline_distance_m": 99242.0, "positions": {"2000": 12606.0, "2001": 12592.9, "2002": 12583.2, "2003": 12565.7, "2004": 12543.5, "2005": 12535.1, "2006": 12519.9, "2007": 12499.1, "2008": 12490.7, "2009": 12471.6, "2010": 12451.5, "2011": 12444.0, "2012": null, "2013": 12412.9, "2014": 12396.1, "2015": 12381.8, "2016": 12364.0, "2017": 12354.3, "2018": 12336.7, "2019": 12322.4, "2020": 12308.2, "2021": 12287.1, "2022": 12273.1, "2023": 12252.8, "2024": 12248.8, "2025": 12226.7, "2026": 12217.0}, "total_retreat_m": 389.0, "speed_m_per_year": -15.19, "r_squared": 0.999, "std_error": 0.08, "ci_95_low": -15.35, "ci_95_high": -15.02, "valid_years": 26, "confidence": "high", "risk_class": "medium", "location_ru": "Мыс Ракушечный", "anchor": [50.831893829335286, 43.703456698722206]}}, {"type": "Feature", "geometry": {"type": "LineString", "coordinates": [[50.8222278481725, 43.71220489370306], [50.82337477745051, 43.65821707513969]]}, "properties": {"transect_id": 199, "baseline_distance_m": 99723.1, "positions": {"2000": 10984.7, "2001": 10983.1, "2002": 10983.8, "2003": 10977.8, "2004": 10968.8, "2005": 10960.0, "2006": 10948.4, "2007": 10949.2, "2008": 10939.5, "2009": 10936.2, "2010": 10925.2, "2011": 10920.9, "2012": null, "2013": 10909.9, "2014": 10904.1, "2015": 10898.9, "2016": 10888.4, "2017": 10879.2, "2018": 10884.9, "2019": 10882.2, "2020": 10867.9, "2021": 10854.6, "2022": 10850.6, "2023": 10849.6, "2024": 10846.7, "2025": 10830.4, "2026": 10828.5}, "total_retreat_m": 156.2, "speed_m_per_year": -6.22, "r_squared": 0.993, "std_error": 0.1, "ci_95_low": -6.44, "ci_95_high": -6.01, "valid_years": 26, "confidence": "high", "risk_class": "low", "location_ru": "Северный Бузачи", "anchor": [50.82241900305217, 43.703206923942496]}}, {"type": "Feature", "geometry": {"type": "LineString", "coordinates": [[50.812886866389235, 43.71205826737961], [50.81342259965868, 43.65806092494627]]}, "properties": {"transect_id": 200, "baseline_distance_m": 100204.2, "positions": {"2000": 12485.9, "2001": 12473.3, "2002": 12474.4, "2003": 12468.7, "2004": 12456.2, "2005": 12450.5, "2006": 12439.2, "2007": 12430.1, "2008": 12429.9, "2009": 12419.6, "2010": 12412.3, "2011": 12408.7, "2012": null, "2013": 12383.1, "2014": 12377.4, "2015": 12372.6, "2016": 12362.0, "2017": 12359.7, "2018": 12348.1, "2019": 12337.2, "2020": 12333.7, "2021": 12326.5, "2022": 12321.8, "2023": 12312.0, "2024": 12304.6, "2025": 12296.3, "2026": 12286.6}, "total_retreat_m": 199.3, "speed_m_per_year": -7.65, "r_squared": 0.998, "std_error": 0.07, "ci_95_low": -7.81, "ci_95_high": -7.5, "valid_years": 26, "confidence": "high", "risk_class": "low", "location_ru": "Прибрежная зона Каламкас", "anchor": [50.81297615526748, 43.70305871030739]}}, {"type": "Feature", "geometry": {"type": "LineString", "coordinates": [[50.80359196894992, 43.71202368839798], [50.80344560304015, 43.65802388675927]]}, "properties": {"transect_id": 201, "baseline_distance_m": 100685.2, "positions": {"2000": 15372.7, "2001": 15365.0, "2002": 15347.8, "2003": 15329.2, "2004": 15312.4, "2005": 15294.8, "2006": 15274.3, "2007": 15262.7, "2008": 15248.2, "2009": 15232.9, "2010": 15218.1, "2011": 15204.1, "2012": null, "2013": 15166.1, "2014": 15150.3, "2015": 15143.1, "2016": 15124.6, "2017": 15104.1, "2018": 15089.5, "2019": 15073.7, "2020": 15058.5, "2021": 15044.5, "2022": 15036.9, "2023": 15011.8, "2024": 14997.9, "2025": 14972.7, "2026": 14961.7}, "total_retreat_m": 411.0, "speed_m_per_year": -15.84, "r_squared": 0.999, "std_error": 0.09, "ci_95_low": -16.03, "ci_95_high": -15.65, "valid_years": 26, "confidence": "high", "risk_class": "medium", "location_ru": "Севернее водозабора МАЭК", "anchor": [50.80356757463162, 43.703023721458194]}}, {"type": "Feature", "geometry": {"type": "LineString", "coordinates": [[50.79434534554766, 43.71211212055485], [50.79344651687967, 43.658119601563556]]}, "properties": {"transect_id": 202, "baseline_distance_m": 101166.3, "positions": {"2000": 15447.8, "2001": 15469.6, "2002": 15476.1, "2003": 15462.0, "2004": 15477.6, "2005": 15462.0, "2006": 15478.3, "2007": 15476.1, "2008": 15468.2, "2009": 15481.0, "2010": 15485.3, "2011": 15483.7, "2012": null, "2013": 15487.7, "2014": 15485.2, "2015": 15481.0, "2016": 15492.7, "2017": 15498.5, "2018": 15497.5, "2019": 15486.6, "2020": 15490.0, "2021": 15494.2, "2022": 15492.8, "2023": 15500.9, "2024": 15503.8, "2025": 15498.0, "2026": 15508.4}, "total_retreat_m": -60.6, "speed_m_per_year": 1.59, "r_squared": 0.803, "std_error": 0.16, "ci_95_low": 1.25, "ci_95_high": 1.92, "valid_years": 26, "confidence": "high", "risk_class": "low", "location_ru": "Бухта Курык", "anchor": [50.794195540769664, 43.70311336738963]}}, {"type": "Feature", "geometry": {"type": "LineString", "coordinates": [[50.78514913023528, 43.71233420783951], [50.783428290909356, 43.65836163413754]]}, "properties": {"transect_id": 203, "baseline_distance_m": 101647.4, "positions": {"2000": 14143.5, "2001": 14132.4, "2002": 14134.8, "2003": 14132.1, "2004": 14128.7, "2005": 14125.5, "2006": 14120.9, "2007": 14114.8, "2008": 14112.9, "2009": 14111.7, "2010": 14103.3, "2011": 14100.9, "2012": null, "2013": 14090.8, "2014": 14084.9, "2015": 14085.5, "2016": 14077.1, "2017": 14076.8, "2018": 14071.3, "2019": 14066.0, "2020": 14061.8, "2021": 14057.0, "2022": 14048.4, "2023": 14052.5, "2024": 14047.8, "2025": 14046.2, "2026": 14036.7}, "total_retreat_m": 106.8, "speed_m_per_year": -4.04, "r_squared": 0.994, "std_error": 0.07, "ci_95_low": -4.18, "ci_95_high": -3.91, "valid_years": 26, "confidence": "high", "risk_class": "low", "location_ru": "Тюб-Караганский залив", "anchor": [50.78486232368096, 43.70333877888918]}}, {"type": "Feature", "geometry": {"type": "LineString", "coordinates": [[50.77600539215974, 43.712700253838186], [50.77339413804855, 43.658763426419746]]}, "properties": {"transect_id": 204, "baseline_distance_m": 102128.5, "positions": {"2000": 12456.8, "2001": 12460.8, "2002": 12462.4, "2003": 12479.9, "2004": 12483.8, "2005": 12485.2, "2006": 12483.7, "2007": 12499.0, "2008": 12494.9, "2009": 12499.7, "2010": 12511.1, "2011": 12512.4, "2012": null, "2013": 12527.6, "2014": 12524.3, "2015": 12526.2, "2016": 12529.9, "2017": 12529.4, "2018": 12540.2, "2019": 12550.4, "2020": 12552.7, "2021": 12554.9, "2022": 12555.3, "2023": 12564.7, "2024": 12572.4, "2025": 12574.5, "2026": 12578.0}, "total_retreat_m": -121.2, "speed_m_per_year": 4.54, "r_squared": 0.987, "std_error": 0.11, "ci_95_low": 4.31, "ci_95_high": 4.76, "valid_years": 26, "confidence": "high", "risk_class": "low", "location_ru": "Мыс Меловой", "anchor": [50.775570183141205, 43.70371078260178]}}, {"type": "Feature", "geometry": {"type": "LineString", "coordinates": [[50.76691612616971, 43.71322020320921], [50.76334757779534, 43.65933824460988]]}, "properties": {"transect_id": 205, "baseline_distance_m": 102609.6, "positions": {"2000": 11304.3, "2001": 11301.8, "2002": 11294.0, "2003": 11261.1, "2004": 11249.7, "2005": 11234.0, "2006": 11215.7, "2007": 11205.1, "2008": 11186.3, "2009": 11168.5, "2010": 11154.5, "2011": 11134.8, "2012": null, "2013": 11114.4, "2014": 11085.7, "2015": 11069.3, "2016": 11045.2, "2017": 11033.3, "2018": 11023.5, "2019": 10997.0, "2020": 10977.2, "2021": 10969.4, "2022": 10958.2, "2023": 10936.3, "2024": 10918.2, "2025": 10895.6, "2026": 10888.3}, "total_retreat_m": 416.0, "speed_m_per_year": -16.59, "r_squared": 0.998, "std_error": 0.14, "ci_95_low": -16.87, "ci_95_high": -16.3, "valid_years": 26, "confidence": "high", "risk_class": "medium", "location_ru": "Южная коса Актау", "anchor": [50.76632136810731, 43.704239876775986]}}, {"type": "Feature", "geometry": {"type": "LineString", "coordinates": [[50.75788324363576, 43.71390362542823], [50.75329247857132, 43.66009911933327]]}, "properties": {"transect_id": 206, "baseline_distance_m": 103090.6, "positions": {"2000": 12871.3, "2001": 12866.2, "2002": 12864.0, "2003": 12858.2, "2004": 12854.9, "2005": 12850.7, "2006": 12848.5, "2007": 12834.1, "2008": 12831.8, "2009": 12831.2, "2010": 12830.0, "2011": 12828.4, "2012": null, "2013": 12820.9, "2014": 12820.5, "2015": 12817.0, "2016": 12805.3, "2017": 12806.1, "2018": 12798.1, "2019": 12797.1, "2020": 12795.6, "2021": 12777.0, "2022": 12796.7, "2023": 12785.7, "2024": 12777.4, "2025": 12783.9, "2026": 12771.1}, "total_retreat_m": 100.2, "speed_m_per_year": -3.69, "r_squared": 0.974, "std_error": 0.12, "ci_95_low": -3.94, "ci_95_high": -3.44, "valid_years": 26, "confidence": "high", "risk_class": "low", "location_ru": "Побережье у Баутино", "anchor": [50.75711811612502, 43.70493620774574]}}, {"type": "Feature", "geometry": {"type": "LineString", "coordinates": [[50.748908563888484, 43.714759700947724], [50.74323309699541, 43.66105877846453]]}, "properties": {"transect_id": 207, "baseline_distance_m": 103571.7, "positions": {"2000": 14793.6, "2001": 14778.1, "2002": 14770.8, "2003": 14766.6, "2004": 14755.7, "2005": 14744.8, "2006": 14741.0, "2007": 14738.3, "2008": 14721.1, "2009": 14711.9, "2010": 14703.7, "2011": 14699.9, "2012": null, "2013": 14675.4, "2014": 14668.3, "2015": 14654.9, "2016": 14647.9, "2017": 14642.2, "2018": 14635.6, "2019": 14634.6, "2020": 14621.2, "2021": 14607.0, "2022": 14599.4, "2023": 14599.4, "2024": 14590.0, "2025": 14577.2, "2026": 14567.0}, "total_retreat_m": 226.6, "speed_m_per_year": -8.53, "r_squared": 0.997, "std_error": 0.1, "ci_95_low": -8.73, "ci_95_high": -8.33, "valid_years": 26, "confidence": "high", "risk_class": "medium", "location_ru": "Залив Комсомолец", "anchor": [50.74796265273964, 43.70580954720052]}}, {"type": "Feature", "geometry": {"type": "LineString", "coordinates": [[50.7399938067403, 43.71579720983612], [50.733174111757315, 43.66222957258806]]}, "properties": {"transect_id": 208, "baseline_distance_m": 104052.8, "positions": {"2000": 11488.2, "2001": 11496.1, "2002": 11488.2, "2003": 11484.7, "2004": 11489.8, "2005": 11486.6, "2006": 11483.3, "2007": 11492.0, "2008": 11494.0, "2009": 11488.7, "2010": 11488.8, "2011": 11486.8, "2012": null, "2013": 11490.8, "2014": 11489.5, "2015": 11488.1, "2016": 11500.0, "2017": 11494.7, "2018": 11495.5, "2019": 11497.1, "2020": 11497.0, "2021": 11492.6, "2022": 11495.7, "2023": 11493.9, "2024": 11497.1, "2025": 11497.1, "2026": 11494.6}, "total_retreat_m": -6.4, "speed_m_per_year": 0.35, "r_squared": 0.412, "std_error": 0.09, "ci_95_low": 0.18, "ci_95_high": 0.53, "valid_years": 26, "confidence": "low", "risk_class": "low", "location_ru": "Мыс Ракушечный", "anchor": [50.738857190909805, 43.706869270294774]}}, {"type": "Feature", "geometry": {"type": "LineString", "coordinates": [[50.7311405865962, 43.71702452286159], [50.7231206495671, 43.663623393565956]]}, "properties": {"transect_id": 209, "baseline_distance_m": 104533.9, "positions": {"2000": 10085.8, "2001": 10057.5, "2002": 10045.5, "2003": 10025.8, "2004": 10010.4, "2005": 9977.2, "2006": 9955.0, "2007": 9931.2, "2008": 9914.9, "2009": 9893.3, "2010": 9867.6, "2011": 9848.6, "2012": null, "2013": 9798.3, "2014": 9788.3, "2015": 9759.9, "2016": 9741.3, "2017": 9714.2, "2018": 9696.0, "2019": 9675.6, "2020": 9655.1, "2021": 9635.5, "2022": 9617.8, "2023": 9593.4, "2024": 9572.7, "2025": 9553.1, "2026": 9528.0}, "total_retreat_m": 557.8, "speed_m_per_year": -21.45, "r_squared": 0.999, "std_error": 0.1, "ci_95_low": -21.66, "ci_95_high": -21.24, "valid_years": 26, "confidence": "high", "risk_class": "high", "location_ru": "Северный Бузачи", "anchor": [50.72980393042468, 43.70812433464565]}}, {"type": "Feature", "geometry": {"type": "LineString", "coordinates": [[50.72235040867318, 43.71844959486444], [50.71307830058148, 43.66525158727453]]}, "properties": {"transect_id": 210, "baseline_distance_m": 105014.9, "positions": {"2000": 15704.5, "2001": 15692.6, "2002": 15674.0, "2003": 15666.3, "2004": 15658.4, "2005": 15652.5, "2006": 15639.1, "2007": 15633.6, "2008": 15624.1, "2009": 15613.5, "2010": 15603.3, "2011": 15584.2, "2012": null, "2013": 15569.9, "2014": 15555.4, "2015": 15541.0, "2016": 15536.3, "2017": 15532.6, "2018": 15519.0, "2019": 15515.0, "2020": 15497.5, "2021": 15496.4, "2022": 15477.1, "2023": 15466.3, "2024": 15451.0, "2025": 15450.4, "2026": 15433.7}, "total_retreat_m": 270.8, "speed_m_per_year": -10.15, "r_squared": 0.997, "std_error": 0.11, "ci_95_low": -10.37, "ci_95_high": -9.93, "valid_years": 26, "confidence": "high", "risk_class": "medium", "location_ru": "Прибрежная зона Каламкас", "anchor": [50.72080505732456, 43.70958326026612]}}, {"type": "Feature", "geometry": {"type": "LineString", "coordinates": [[50.71362466782854, 43.72007996012841], [50.703053120807844, 43.6671248622285]]}, "properties": {"transect_id": 211, "baseline_distance_m": 105496.0, "positions": {"2000": 14467.7, "2001": 14451.9, "2002": 14430.2, "2003": 14415.7, "2004": 14400.0, "2005": 14387.6, "2006": 14375.0, "2007": 14354.5, "2008": 14345.2, "2009": 14325.2, "2010": 14305.0, "2011": 14293.5, "2012": null, "2013": 14265.6, "2014": 14251.0, "2015": 14232.0, "2016": 14211.7, "2017": 14195.0, "2018": 14182.4, "2019": 14171.1, "2020": 14150.4, "2021": 14134.8, "2022": 14117.4, "2023": 14100.2, "2024": 14085.2, "2025": 14070.6, "2026": 14061.2}, "total_retreat_m": 406.5, "speed_m_per_year": -15.76, "r_squared": 0.999, "std_error": 0.08, "ci_95_low": -15.92, "ci_95_high": -15.6, "valid_years": 26, "confidence": "high", "risk_class": "medium", "location_ru": "Севернее водозабора МАЭК", "anchor": [50.71186274332509, 43.71125411047842]}}, {"type": "Feature", "geometry": {"type": "LineString", "coordinates": [[50.70496465042873, 43.72192272932455], [50.69305161932816, 43.66925319648063]]}, "properties": {"transect_id": 212, "baseline_distance_m": 105977.1, "positions": {"2000": 13009.3, "2001": 13003.4, "2002": 12993.8, "2003": 12982.6, "2004": 12964.7, "2005": 12954.0, "2006": 12938.8, "2007": 12929.3, "2008": 12916.3, "2009": 12903.0, "2010": 12891.1, "2011": 12880.1, "2012": null, "2013": 12852.7, "2014": 12840.7, "2015": 12836.3, "2016": 12828.1, "2017": 12800.2, "2018": 12787.7, "2019": 12776.7, "2020": 12767.9, "2021": 12759.7, "2022": 12746.2, "2023": 12732.3, "2024": 12721.5, "2025": 12704.4, "2026": 12694.0}, "total_retreat_m": 315.3, "speed_m_per_year": -12.32, "r_squared": 0.999, "std_error": 0.09, "ci_95_low": -12.51, "ci_95_high": -12.13, "valid_years": 26, "confidence": "high", "risk_class": "medium", "location_ru": "Бухта Курык", "anchor": [50.7029791452453, 43.71314447385056]}}, {"type": "Feature", "geometry": {"type": "LineString", "coordinates": [[50.69637153958001, 43.72398458747437], [50.683080728737025, 43.67164574580649]]}, "properties": {"transect_id": 213, "baseline_distance_m": 106458.2, "positions": {"2000": 12141.7, "2001": 12131.5, "2002": 12128.6, "2003": 12116.1, "2004": 12107.2, "2005": 12087.0, "2006": 12078.0, "2007": 12076.2, "2008": 12052.0, "2009": 12057.6, "2010": 12035.0, "2011": 12035.3, "2012": null, "2013": 12007.5, "2014": 12004.9, "2015": 12003.1, "2016": 11970.7, "2017": 11972.2, "2018": 11951.8, "2019": 11950.3, "2020": 11937.4, "2021": 11928.3, "2022": 11913.7, "2023": 11910.1, "2024": 11890.8, "2025": 11891.1, "2026": 11874.1}, "total_retreat_m": 267.6, "speed_m_per_year": -10.32, "r_squared": 0.996, "std_error": 0.14, "ci_95_low": -10.61, "ci_95_high": -10.03, "valid_years": 26, "confidence": "high", "risk_class": "medium", "location_ru": "Тюб-Караганский залив", "anchor": [50.69415640443951, 43.71526144719639]}}, {"type": "Feature", "geometry": {"type": "LineString", "coordinates": [[50.68784642388065, 43.72627179227828], [50.67314775799701, 43.67431075667235]]}, "properties": {"transect_id": 214, "baseline_distance_m": 106939.2, "positions": {"2000": 15878.4, "2001": 15863.4, "2002": 15837.8, "2003": 15806.9, "2004": 15786.8, "2005": 15764.8, "2006": 15747.6, "2007": 15720.3, "2008": 15696.4, "2009": 15672.1, "2010": 15649.8, "2011": 15632.3, "2012": null, "2013": 15581.4, "2014": 15556.9, "2015": 15533.4, "2016": 15510.6, "2017": 15484.3, "2018": 15464.1, "2019": 15450.2, "2020": 15420.5, "2021": 15401.3, "2022": 15365.7, "2023": 15355.0, "2024": 15329.2, "2025": 15305.1, "2026": 15284.9}, "total_retreat_m": 593.5, "speed_m_per_year": -23.02, "r_squared": 1.0, "std_error": 0.09, "ci_95_low": -23.21, "ci_95_high": -22.84, "valid_years": 26, "confidence": "high", "risk_class": "high", "location_ru": "Мыс Меловой", "anchor": [50.68539664623338, 43.71761161967729]}}, {"type": "Feature", "geometry": {"type": "LineString", "coordinates": [[50.679390309651566, 43.728790172097014], [50.66326032792667, 43.67725548776156]]}, "properties": {"transect_id": 215, "baseline_distance_m": 107420.3, "positions": {"2000": 11485.1, "2001": 11467.5, "2002": 11450.3, "2003": 11432.7, "2004": 11415.8, "2005": 11407.6, "2006": 11398.2, "2007": 11377.6, "2008": 11356.3, "2009": 11347.8, "2010": 11331.7, "2011": 11320.4, "2012": null, "2013": 11289.5, "2014": 11260.1, "2015": 11259.3, "2016": 11238.2, "2017": 11221.5, "2018": 11211.5, "2019": 11198.9, "2020": 11175.8, "2021": 11170.2, "2022": 11155.5, "2023": 11137.7, "2024": 11119.1, "2025": 11103.7, "2026": 11096.7}, "total_retreat_m": 388.4, "speed_m_per_year": -14.99, "r_squared": 0.999, "std_error": 0.11, "ci_95_low": -15.21, "ci_95_high": -14.77, "valid_years": 26, "confidence": "high", "risk_class": "medium", "location_ru": "Южная коса Актау", "anchor": [50.67670197936408, 43.720201058041106]}}, {"type": "Feature", "geometry": {"type": "LineString", "coordinates": [[50.671004136379274, 43.73154512286982], [50.65342629065321, 43.68048614383939]]}, "properties": {"transect_id": 216, "baseline_distance_m": 107901.4, "positions": {"2000": 13422.6, "2001": 13398.7, "2002": 13368.1, "2003": 13350.2, "2004": 13329.0, "2005": 13297.1, "2006": 13280.2, "2007": 13254.4, "2008": 13227.4, "2009": 13209.2, "2010": 13172.8, "2011": 13158.8, "2012": null, "2013": 13115.6, "2014": 13090.7, "2015": 13062.4, "2016": 13035.4, "2017": 13009.9, "2018": 12987.1, "2019": 12966.3, "2020": 12936.8, "2021": 12918.8, "2022": 12900.2, "2023": 12867.2, "2024": 12838.0, "2025": 12813.8, "2026": 12798.1}, "total_retreat_m": 624.5, "speed_m_per_year": -24.09, "r_squared": 1.0, "std_error": 0.1, "ci_95_low": -24.31, "ci_95_high": -23.88, "valid_years": 26, "confidence": "high", "risk_class": "high", "location_ru": "Побережье у Баутино", "anchor": [50.66807449542493, 43.723035293031415]}}, {"type": "Feature", "geometry": {"type": "LineString", "coordinates": [[50.66268879486661, 43.73454160331598], [50.64365363555406, 43.684007825405104]]}, "properties": {"transect_id": 217, "baseline_distance_m": 108382.5, "positions": {"2000": 11166.9, "2001": 11160.9, "2002": 11145.6, "2003": 11131.8, "2004": 11121.7, "2005": 11107.1, "2006": 11108.5, "2007": 11088.7, "2008": 11080.2, "2009": 11064.1, "2010": 11050.6, "2011": 11042.4, "2012": null, "2013": 11024.9, "2014": 11007.0, "2015": 10994.2, "2016": 10986.9, "2017": 10976.8, "2018": 10970.0, "2019": 10953.4, "2020": 10943.2, "2021": 10932.0, "2022": 10913.1, "2023": 10902.5, "2024": 10890.6, "2025": 10878.1, "2026": 10875.2}, "total_retreat_m": 291.7, "speed_m_per_year": -11.44, "r_squared": 0.998, "std_error": 0.09, "ci_95_low": -11.63, "ci_95_high": -11.25, "valid_years": 26, "confidence": "high", "risk_class": "medium", "location_ru": "Залив Комсомолец", "anchor": [50.65951626831452, 43.726119306997504]}}, {"type": "Feature", "geometry": {"type": "LineString", "coordinates": [[50.65444514737589, 43.737784127893406], [50.633950385263205, 43.68782449693055]]}, "properties": {"transect_id": 218, "baseline_distance_m": 108863.5, "positions": {"2000": 13048.1, "2001": 13058.2, "2002": 13037.9, "2003": 13041.2, "2004": 13018.7, "2005": 13012.8, "2006": 12998.7, "2007": 13000.5, "2008": 12986.1, "2009": 12977.7, "2010": 12968.1, "2011": 12968.2, "2012": null, "2013": 12950.9, "2014": 12946.8, "2015": 12928.3, "2016": 12923.4, "2017": 12908.9, "2018": 12904.2, "2019": 12895.0, "2020": 12890.4, "2021": 12884.2, "2022": 12875.6, "2023": 12859.7, "2024": 12858.6, "2025": 12845.9, "2026": 12836.3}, "total_retreat_m": 211.8, "speed_m_per_year": -8.37, "r_squared": 0.995, "std_error": 0.12, "ci_95_low": -8.62, "ci_95_high": -8.11, "valid_years": 26, "confidence": "high", "risk_class": "medium", "location_ru": "Мыс Ракушечный", "anchor": [50.65102935369044, 43.72945752273293]}}, {"type": "Feature", "geometry": {"type": "LineString", "coordinates": [[50.646274048872364, 43.741276757176855], [50.6243244862056, 43.691938975520834]]}, "properties": {"transect_id": 219, "baseline_distance_m": 109344.6, "positions": {"2000": 12583.3, "2001": 12560.0, "2002": 12541.9, "2003": 12522.6, "2004": 12515.8, "2005": 12493.7, "2006": 12468.0, "2007": 12452.2, "2008": 12434.9, "2009": 12418.8, "2010": 12397.8, "2011": 12384.8, "2012": null, "2013": 12353.7, "2014": 12325.1, "2015": 12308.2, "2016": 12293.2, "2017": 12275.8, "2018": 12268.0, "2019": 12246.4, "2020": 12228.6, "2021": 12206.2, "2022": 12188.6, "2023": 12166.3, "2024": 12157.7, "2025": 12138.9, "2026": 12124.6}, "total_retreat_m": 458.7, "speed_m_per_year": -17.63, "r_squared": 0.999, "std_error": 0.1, "ci_95_low": -17.84, "ci_95_high": -17.42, "valid_years": 26, "confidence": "high", "risk_class": "medium", "location_ru": "Северный Бузачи", "anchor": [50.642615788427904, 43.73305379356752]}}, {"type": "Feature", "geometry": {"type": "LineString", "coordinates": [[50.63817636837211, 43.7450230855487], [50.614783698638895, 43.69635294066754]]}, "properties": {"transect_id": 220, "baseline_distance_m": 109825.7, "positions": {"2000": 11611.2, "2001": 11600.8, "2002": 11578.0, "2003": 11573.4, "2004": 11557.1, "2005": 11539.6, "2006": 11522.1, "2007": 11516.6, "2008": 11509.6, "2009": 11497.1, "2010": 11478.5, "2011": 11471.6, "2012": null, "2013": 11436.9, "2014": 11427.5, "2015": 11408.6, "2016": 11395.0, "2017": 11381.0, "2018": 11362.1, "2019": 11362.2, "2020": 11341.1, "2021": 11327.1, "2022": 11312.3, "2023": 11302.8, "2024": 11297.3, "2025": 11285.3, "2026": 11257.0}, "total_retreat_m": 354.2, "speed_m_per_year": -13.36, "r_squared": 0.998, "std_error": 0.12, "ci_95_low": -13.62, "ci_95_high": -13.1, "valid_years": 26, "confidence": "high", "risk_class": "medium", "location_ru": "Прибрежная зона Каламкас", "anchor": [50.63427759008324, 43.73691139473517]}}, {"type": "Feature", "geometry": {"type": "LineString", "coordinates": [[50.63015300936572, 43.74902622634873], [50.605335491346445, 43.701066964476155]]}, "properties": {"transect_id": 221, "baseline_distance_m": 110306.8, "positions": {"2000": 15079.6, "2001": 15062.0, "2002": 15043.5, "2003": 15031.5, "2004": 15014.5, "2005": 15008.0, "2006": 14988.9, "2007": 14974.6, "2008": 14946.4, "2009": 14942.0, "2010": 14935.8, "2011": 14917.9, "2012": null, "2013": 14875.6, "2014": 14866.9, "2015": 14848.5, "2016": 14845.4, "2017": 14824.7, "2018": 14805.8, "2019": 14794.2, "2020": 14768.8, "2021": 14760.0, "2022": 14749.7, "2023": 14738.1, "2024": 14712.2, "2025": 14703.6, "2026": 14694.3}, "total_retreat_m": 385.3, "speed_m_per_year": -14.95, "r_squared": 0.998, "std_error": 0.13, "ci_95_low": -15.21, "ci_95_high": -14.69, "valid_years": 26, "confidence": "high", "risk_class": "medium", "location_ru": "Севернее водозабора МАЭК", "anchor": [50.62601675636251, 43.74103301603664]}}, {"type": "Feature", "geometry": {"type": "LineString", "coordinates": [[50.622204928349895, 43.75328879487527], [50.595986945822744, 43.706080560506614]]}, "properties": {"transect_id": 222, "baseline_distance_m": 110787.8, "positions": {"2000": 15433.8, "2001": 15415.6, "2002": 15383.0, "2003": 15358.5, "2004": 15337.8, "2005": 15304.3, "2006": 15283.9, "2007": 15258.2, "2008": 15234.7, "2009": 15213.8, "2010": 15187.8, "2011": 15157.8, "2012": null, "2013": 15111.8, "2014": 15092.4, "2015": 15058.3, "2016": 15037.4, "2017": 15011.3, "2018": 14987.0, "2019": 14956.0, "2020": 14943.3, "2021": 14909.8, "2022": 14892.2, "2023": 14860.8, "2024": 14836.0, "2025": 14818.6, "2026": 14792.9}, "total_retreat_m": 640.9, "speed_m_per_year": -24.78, "r_squared": 1.0, "std_error": 0.09, "ci_95_low": -24.97, "ci_95_high": -24.6, "valid_years": 26, "confidence": "high", "risk_class": "high", "location_ru": "Бухта Курык", "anchor": [50.61783526459537, 43.745420755813825]}}, {"type": "Feature", "geometry": {"type": "LineString", "coordinates": [[50.614333150633215, 43.75781288984387], [50.58674467411952, 43.711392248275125]]}, "properties": {"transect_id": 223, "baseline_distance_m": 111268.9, "positions": {"2000": 11225.7, "2001": 11216.6, "2002": 11203.7, "2003": 11199.8, "2004": 11183.2, "2005": 11181.7, "2006": 11164.2, "2007": 11155.3, "2008": 11148.1, "2009": 11134.9, "2010": 11123.4, "2011": 11114.2, "2012": null, "2013": 11097.5, "2014": 11081.0, "2015": 11072.9, "2016": 11063.3, "2017": 11056.4, "2018": 11042.4, "2019": 11039.8, "2020": 11021.7, "2021": 11011.1, "2022": 11001.2, "2023": 10986.4, "2024": 10977.2, "2025": 10969.0, "2026": 10965.5}, "total_retreat_m": 260.2, "speed_m_per_year": -10.26, "r_squared": 0.999, "std_error": 0.08, "ci_95_low": -10.42, "ci_95_high": -10.1, "valid_years": 26, "confidence": "high", "risk_class": "medium", "location_ru": "Тюб-Караганский залив", "anchor": [50.60973507121427, 43.750076116249076]}}, {"type": "Feature", "geometry": {"type": "LineString", "coordinates": [[50.60653878278257, 43.762600074070065], [50.577614753522006, 43.716999629649706]]}, "properties": {"transect_id": 224, "baseline_distance_m": 111750.0, "positions": {"2000": 13152.7, "2001": 13141.4, "2002": 13127.6, "2003": 13106.6, "2004": 13095.5, "2005": 13092.1, "2006": 13073.2, "2007": 13058.6, "2008": 13050.0, "2009": 13038.5, "2010": 13019.6, "2011": 13010.2, "2012": null, "2013": 12987.8, "2014": 12966.9, "2015": 12959.0, "2016": 12941.9, "2017": 12929.9, "2018": 12918.9, "2019": 12910.5, "2020": 12894.7, "2021": 12880.8, "2022": 12871.0, "2023": 12853.7, "2024": 12847.4, "2025": 12837.6, "2026": 12820.2}, "total_retreat_m": 332.5, "speed_m_per_year": -12.75, "r_squared": 0.999, "std_error": 0.08, "ci_95_low": -12.92, "ci_95_high": -12.58, "valid_years": 26, "confidence": "high", "risk_class": "medium", "location_ru": "Мыс Меловой", "anchor": [50.601718111239144, 43.755]}}, {"type": "Feature", "geometry": {"type": "LineString", "coordinates": [[50.59882302131763, 43.76765135523174], [50.56860268001853, 43.72289947290523]]}, "properties": {"transect_id": 225, "baseline_distance_m": 112231.1, "positions": {"2000": 12641.6, "2001": 12637.6, "2002": 12633.5, "2003": 12606.3, "2004": 12592.0, "2005": 12581.2, "2006": 12570.5, "2007": 12553.5, "2008": 12526.6, "2009": 12523.2, "2010": 12516.9, "2011": 12494.8, "2012": null, "2013": 12459.1, "2014": 12450.5, "2015": 12430.0, "2016": 12425.7, "2017": 12402.7, "2018": 12392.5, "2019": 12374.4, "2020": 12361.4, "2021": 12355.2, "2022": 12335.4, "2023": 12318.4, "2024": 12301.7, "2025": 12284.5, "2026": 12272.7}, "total_retreat_m": 368.9, "speed_m_per_year": -14.53, "r_squared": 0.998, "std_error": 0.13, "ci_95_low": -14.8, "ci_95_high": -14.26, "valid_years": 26, "confidence": "high", "risk_class": "medium", "location_ru": "Южная коса Актау", "anchor": [50.59378629776778, 43.76019270817732]}}, {"type": "Feature", "geometry": {"type": "LineString", "coordinates": [[50.5911871575144, 43.77296716758351], [50.55971334125974, 43.72908780010439]]}, "properties": {"transect_id": 226, "baseline_distance_m": 112712.2, "positions": {"2000": 14275.0, "2001": 14271.8, "2002": 14250.9, "2003": 14241.1, "2004": 14226.0, "2005": 14222.6, "2006": 14215.3, "2007": 14188.1, "2008": 14182.1, "2009": 14176.8, "2010": 14154.3, "2011": 14150.6, "2012": null, "2013": 14129.8, "2014": 14113.5, "2015": 14103.6, "2016": 14096.8, "2017": 14085.8, "2018": 14066.0, "2019": 14052.4, "2020": 14039.2, "2021": 14035.0, "2022": 14013.9, "2023": 14006.7, "2024": 13996.4, "2025": 13982.2, "2026": 13973.6}, "total_retreat_m": 301.4, "speed_m_per_year": -11.74, "r_squared": 0.998, "std_error": 0.11, "ci_95_low": -11.97, "ci_95_high": -11.51, "valid_years": 26, "confidence": "high", "risk_class": "medium", "location_ru": "Побережье у Баутино", "anchor": [50.58594152147195, 43.76565393967032]}}, {"type": "Feature", "geometry": {"type": "LineString", "coordinates": [[50.58363257842238, 43.77854735543996], [50.55095100848467, 43.73555997372851]]}, "properties": {"transect_id": 227, "baseline_distance_m": 113193.2, "positions": {"2000": 11564.3, "2001": 11574.6, "2002": 11576.0, "2003": 11585.3, "2004": 11584.7, "2005": 11587.5, "2006": 11585.9, "2007": 11591.1, "2008": 11594.7, "2009": 11608.1, "2010": 11605.6, "2011": 11620.6, "2012": null, "2013": 11624.7, "2014": 11628.1, "2015": 11630.2, "2016": 11640.5, "2017": 11639.3, "2018": 11643.1, "2019": 11656.3, "2020": 11657.5, "2021": 11659.6, "2022": 11667.6, "2023": 11669.6, "2024": 11675.6, "2025": 11675.3, "2026": 11691.3}, "total_retreat_m": -127.0, "speed_m_per_year": 4.59, "r_squared": 0.988, "std_error": 0.1, "ci_95_low": 4.38, "ci_95_high": 4.8, "valid_years": 26, "confidence": "high", "risk_class": "low", "location_ru": "Залив Комсомолец", "anchor": [50.57818565009943, 43.77138279182139]}}, {"type": "Feature", "geometry": {"type": "LineString", "coordinates": [[50.57616076440549, 43.7843911591351], [50.542319345865074, 43.74231077901357]]}, "properties": {"transect_id": 228, "baseline_distance_m": 113674.3, "positions": {"2000": 11262.9, "2001": 11248.6, "2002": 11230.0, "2003": 11213.3, "2004": 11187.1, "2005": 11176.5, "2006": 11161.3, "2007": 11134.6, "2008": 11117.5, "2009": 11096.9, "2010": 11079.3, "2011": 11069.3, "2012": null, "2013": 11021.8, "2014": 11003.8, "2015": 10995.7, "2016": 10973.5, "2017": 10961.2, "2018": 10932.6, "2019": 10916.6, "2020": 10895.2, "2021": 10880.1, "2022": 10854.2, "2023": 10845.7, "2024": 10826.0, "2025": 10806.2, "2026": 10786.5}, "total_retreat_m": 476.4, "speed_m_per_year": -18.4, "r_squared": 0.999, "std_error": 0.1, "ci_95_low": -18.6, "ci_95_high": -18.2, "valid_years": 26, "confidence": "high", "risk_class": "medium", "location_ru": "Мыс Ракушечный", "anchor": [50.57052052798209, 43.777377762448175]}}, {"type": "Feature", "geometry": {"type": "LineString", "coordinates": [[50.56877328367774, 43.79049720401159], [50.53382143491176, 43.74933449919473]]}, "properties": {"transect_id": 229, "baseline_distance_m": 114155.4, "positions": {"2000": 13352.4, "2001": 13337.8, "2002": 13322.8, "2003": 13299.1, "2004": 13265.9, "2005": 13248.4, "2006": 13231.0, "2007": 13207.7, "2008": 13181.1, "2009": 13166.9, "2010": 13144.1, "2011": 13130.5, "2012": null, "2013": 13079.2, "2014": 13063.6, "2015": 13032.5, "2016": 13012.2, "2017": 12997.9, "2018": 12978.1, "2019": 12948.6, "2020": 12931.2, "2021": 12904.3, "2022": 12887.8, "2023": 12870.6, "2024": 12844.2, "2025": 12823.7, "2026": 12798.8}, "total_retreat_m": 553.6, "speed_m_per_year": -21.4, "r_squared": 0.999, "std_error": 0.1, "ci_95_low": -21.61, "ci_95_high": -21.18, "valid_years": 26, "confidence": "high", "risk_class": "high", "location_ru": "Северный Бузачи", "anchor": [50.56294797555008, 43.783636753208775]}}, {"type": "Feature", "geometry": {"type": "LineString", "coordinates": [[50.56147178440523, 43.79686349282384], [50.52545981108846, 43.75662498169541]]}, "properties": {"transect_id": 230, "baseline_distance_m": 114636.5, "positions": {"2000": 13752.2, "2001": 13729.6, "2002": 13706.0, "2003": 13689.4, "2004": 13665.0, "2005": 13648.0, "2006": 13638.2, "2007": 13612.9, "2008": 13601.7, "2009": 13574.5, "2010": 13555.4, "2011": 13538.8, "2012": null, "2013": 13487.0, "2014": 13479.2, "2015": 13458.9, "2016": 13445.7, "2017": 13424.3, "2018": 13396.6, "2019": 13386.8, "2020": 13361.5, "2021": 13339.6, "2022": 13324.7, "2023": 13303.8, "2024": 13291.5, "2025": 13267.4, "2026": 13247.6}, "total_retreat_m": 504.6, "speed_m_per_year": -19.23, "r_squared": 0.999, "std_error": 0.11, "ci_95_low": -19.45, "ci_95_high": -19.01, "valid_years": 26, "confidence": "high", "risk_class": "medium", "location_ru": "Прибрежная зона Каламкас", "anchor": [50.555469788852434, 43.790157074302435]}}, {"type": "Feature", "geometry": {"type": "LineString", "coordinates": [[50.554257984992205, 43.80348740176431], [50.51723650954283, 43.76417569415002]]}, "properties": {"transect_id": 231, "baseline_distance_m": 115117.5, "positions": {"2000": 10636.8, "2001": 10633.6, "2002": 10624.6, "2003": 10617.2, "2004": 10615.8, "2005": 10604.7, "2006": 10599.5, "2007": 10600.6, "2008": 10594.5, "2009": 10582.2, "2010": 10574.7, "2011": 10576.7, "2012": null, "2013": 10562.6, "2014": 10555.0, "2015": 10546.7, "2016": 10543.6, "2017": 10536.5, "2018": 10528.2, "2019": 10525.7, "2020": 10520.5, "2021": 10512.3, "2022": 10511.7, "2023": 10507.5, "2024": 10500.5, "2025": 10489.8, "2026": 10488.3}, "total_retreat_m": 148.5, "speed_m_per_year": -5.79, "r_squared": 0.997, "std_error": 0.07, "ci_95_low": -5.93, "ci_95_high": -5.64, "valid_years": 26, "confidence": "high", "risk_class": "low", "location_ru": "Севернее водозабора МАЭК", "anchor": [50.548087739083975, 43.79693545049526]}}, {"type": "Feature", "geometry": {"type": "LineString", "coordinates": [[50.54713366316629, 43.8103656801618], [50.509153116881365, 43.77197976993554]]}, "properties": {"transect_id": 232, "baseline_distance_m": 115598.6, "positions": {"2000": 13479.2, "2001": 13463.8, "2002": 13460.4, "2003": 13442.7, "2004": 13426.5, "2005": 13411.4, "2006": 13397.8, "2007": 13380.0, "2008": 13363.8, "2009": 13354.1, "2010": 13344.1, "2011": 13322.7, "2012": null, "2013": 13302.5, "2014": 13290.5, "2015": 13277.4, "2016": 13262.4, "2017": 13250.5, "2018": 13245.5, "2019": 13228.0, "2020": 13209.9, "2021": 13198.7, "2022": 13185.6, "2023": 13169.5, "2024": 13156.2, "2025": 13150.1, "2026": 13131.2}, "total_retreat_m": 348.0, "speed_m_per_year": -13.33, "r_squared": 0.999, "std_error": 0.1, "ci_95_low": -13.54, "ci_95_high": -13.12, "valid_years": 26, "confidence": "high", "risk_class": "medium", "location_ru": "Бухта Курык", "anchor": [50.540803572118804, 43.803968028457426]}}, {"type": "Feature", "geometry": {"type": "LineString", "coordinates": [[50.5401006444316, 43.817494453766535], [50.50121082614529, 43.78003004353952]]}, "properties": {"transect_id": 233, "baseline_distance_m": 116079.7, "positions": {"2000": 15301.7, "2001": 15269.5, "2002": 15253.4, "2003": 15233.2, "2004": 15207.7, "2005": 15191.0, "2006": 15163.2, "2007": 15140.2, "2008": 15121.7, "2009": 15089.7, "2010": 15063.5, "2011": 15043.0, "2012": null, "2013": 14989.2, "2014": 14968.0, "2015": 14941.1, "2016": 14921.5, "2017": 14893.5, "2018": 14869.5, "2019": 14850.1, "2020": 14824.0, "2021": 14793.0, "2022": 14771.1, "2023": 14748.5, "2024": 14725.7, "2025": 14707.1, "2026": 14682.5}, "total_retreat_m": 619.2, "speed_m_per_year": -24.05, "r_squared": 1.0, "std_error": 0.11, "ci_95_low": -24.27, "ci_95_high": -23.84, "valid_years": 26, "confidence": "high", "risk_class": "high", "location_ru": "Тюб-Караганский залив", "anchor": [50.53361900805054, 43.81125038539537]}}, {"type": "Feature", "geometry": {"type": "LineString", "coordinates": [[50.53316079038855, 43.82486923142934], [50.4934104924923, 43.78831907661216]]}, "properties": {"transect_id": 234, "baseline_distance_m": 116560.8, "positions": {"2000": 12857.2, "2001": 12850.6, "2002": 12844.2, "2003": 12843.0, "2004": 12837.5, "2005": 12830.6, "2006": 12829.4, "2007": 12810.1, "2008": 12813.6, "2009": 12808.7, "2010": 12809.8, "2011": 12806.7, "2012": null, "2013": 12785.0, "2014": 12791.7, "2015": 12776.6, "2016": 12771.9, "2017": 12770.8, "2018": 12765.7, "2019": 12755.9, "2020": 12760.0, "2021": 12755.3, "2022": 12752.1, "2023": 12741.3, "2024": 12738.1, "2025": 12733.4, "2026": 12735.5}, "total_retreat_m": 121.7, "speed_m_per_year": -4.84, "r_squared": 0.988, "std_error": 0.11, "ci_95_low": -5.06, "ci_95_high": -4.62, "valid_years": 26, "confidence": "high", "risk_class": "low", "location_ru": "Мыс Меловой", "anchor": [50.52653574073918, 43.81877753895981]}}, {"type": "Feature", "geometry": {"type": "LineString", "coordinates": [[50.526315987331145, 43.832484914908925], [50.485752687534564, 43.79683917589831]]}, "properties": {"transect_id": 235, "baseline_distance_m": 117041.8, "positions": {"2000": 15043.5, "2001": 14999.5, "2002": 14963.1, "2003": 14924.0, "2004": 14882.3, "2005": 14845.5, "2006": 14808.1, "2007": 14765.0, "2008": 14724.5, "2009": 14686.0, "2010": 14647.0, "2011": 14600.4, "2012": null, "2013": 14529.9, "2014": 14486.7, "2015": 14453.9, "2016": 14411.5, "2017": 14374.2, "2018": 14325.8, "2019": 14288.8, "2020": 14245.6, "2021": 14208.1, "2022": 14176.3, "2023": 14137.6, "2024": 14087.4, "2025": 14050.5, "2026": 14012.4}, "total_retreat_m": 1031.1, "speed_m_per_year": -39.6, "r_squared": 1.0, "std_error": 0.08, "ci_95_low": -39.77, "ci_95_high": -39.42, "valid_years": 26, "confidence": "high", "risk_class": "high", "location_ru": "Южная коса Актау", "anchor": [50.51955543736505, 43.82654395840716]}}, {"type": "Feature", "geometry": {"type": "LineString", "coordinates": [[50.519568135436245, 43.8403358114995], [50.47823775075673, 43.805582404439996]]}, "properties": {"transect_id": 236, "baseline_distance_m": 117522.9, "positions": {"2000": 10584.0, "2001": 10583.1, "2002": 10563.9, "2003": 10560.6, "2004": 10553.7, "2005": 10545.3, "2006": 10533.7, "2007": 10523.5, "2008": 10519.0, "2009": 10507.4, "2010": 10494.3, "2011": 10487.7, "2012": null, "2013": 10470.3, "2014": 10466.3, "2015": 10453.2, "2016": 10445.6, "2017": 10428.9, "2018": 10419.9, "2019": 10411.7, "2020": 10402.7, "2021": 10389.9, "2022": 10389.7, "2023": 10378.8, "2024": 10364.7, "2025": 10359.1, "2026": 10348.1}, "total_retreat_m": 235.9, "speed_m_per_year": -9.22, "r_squared": 0.998, "std_error": 0.08, "ci_95_low": -9.39, "ci_95_high": -9.05, "valid_years": 26, "confidence": "high", "risk_class": "medium", "location_ru": "Побережье у Баутино", "anchor": [50.51267973798966, 43.83454357698958]}}, {"type": "Feature", "geometry": {"type": "LineString", "coordinates": [[50.51291913877337, 43.848415649148386], [50.47086583687566, 43.8145405875322]]}, "properties": {"transect_id": 237, "baseline_distance_m": 118004.0, "positions": {"2000": 15862.1, "2001": 15854.1, "2002": 15848.6, "2003": 15835.2, "2004": 15819.5, "2005": 15816.8, "2006": 15812.6, "2007": 15804.8, "2008": 15803.0, "2009": 15790.3, "2010": 15780.0, "2011": 15771.2, "2012": null, "2013": 15759.2, "2014": 15744.1, "2015": 15737.6, "2016": 15725.5, "2017": 15727.2, "2018": 15714.8, "2019": 15702.1, "2020": 15696.2, "2021": 15690.3, "2022": 15679.0, "2023": 15669.6, "2024": 15660.8, "2025": 15656.5, "2026": 15645.4}, "total_retreat_m": 216.7, "speed_m_per_year": -8.28, "r_squared": 0.997, "std_error": 0.09, "ci_95_low": -8.45, "ci_95_high": -8.1, "valid_years": 26, "confidence": "high", "risk_class": "medium", "location_ru": "Залив Комсомолец", "anchor": [50.50591025512375, 43.842769805545686]}}, {"type": "Feature", "geometry": {"type": "LineString", "coordinates": [[50.50637089627456, 43.856717593742985], [50.463636958442734, 43.82370531485489]]}, "properties": {"transect_id": 238, "baseline_distance_m": 118485.1, "positions": {"2000": 12958.7, "2001": 12938.8, "2002": 12919.4, "2003": 12902.6, "2004": 12885.9, "2005": 12866.9, "2006": 12847.4, "2007": 12825.3, "2008": 12805.1, "2009": 12784.4, "2010": 12767.3, "2011": 12750.9, "2012": null, "2013": 12709.9, "2014": 12694.5, "2015": 12671.4, "2016": 12649.8, "2017": 12640.8, "2018": 12616.8, "2019": 12596.4, "2020": 12576.5, "2021": 12563.7, "2022": 12548.6, "2023": 12522.7, "2024": 12504.5, "2025": 12490.8, "2026": 12460.4}, "total_retreat_m": 498.3, "speed_m_per_year": -18.93, "r_squared": 1.0, "std_error": 0.08, "ci_95_low": -19.1, "ci_95_high": -18.77, "valid_years": 26, "confidence": "high", "risk_class": "medium", "location_ru": "Мыс Ракушечный", "anchor": [50.49924857330259, 43.85121554726164]}}, {"type": "Feature", "geometry": {"type": "LineString", "coordinates": [[50.49992529373981, 43.86523426825657], [50.45655102331265, 43.83306794013364]]}, "properties": {"transect_id": 239, "baseline_distance_m": 118966.1, "positions": {"2000": 12952.7, "2001": 12965.7, "2002": 12965.8, "2003": 12970.1, "2004": 12972.1, "2005": 12979.5, "2006": 12978.4, "2007": 12977.7, "2008": 12983.2, "2009": 12988.5, "2010": 12984.3, "2011": 12985.0, "2012": null, "2013": 13004.7, "2014": 12996.7, "2015": 13001.2, "2016": 13002.7, "2017": 13009.1, "2018": 13016.5, "2019": 13014.3, "2020": 13008.5, "2021": 13011.5, "2022": 13018.0, "2023": 13021.1, "2024": 13017.8, "2025": 13030.6, "2026": 13025.5}, "total_retreat_m": -72.8, "speed_m_per_year": 2.59, "r_squared": 0.96, "std_error": 0.11, "ci_95_low": 2.37, "ci_95_high": 2.82, "valid_years": 26, "confidence": "high", "risk_class": "low", "location_ru": "Северный Бузачи", "anchor": [50.492696248668615, 43.859873213569415]}}, {"type": "Feature", "geometry": {"type": "LineString", "coordinates": [[50.493584196891554, 43.87395777347573], [50.449607866912, 43.842619579502085]]}, "properties": {"transect_id": 240, "baseline_distance_m": 119447.2, "positions": {"2000": 10673.1, "2001": 10674.1, "2002": 10665.6, "2003": 10671.3, "2004": 10665.0, "2005": 10660.9, "2006": 10662.3, "2007": 10659.8, "2008": 10658.6, "2009": 10662.0, "2010": 10653.2, "2011": 10661.6, "2012": null, "2013": 10645.8, "2014": 10655.8, "2015": 10643.5, "2016": 10645.8, "2017": 10642.0, "2018": 10640.9, "2019": 10643.7, "2020": 10644.7, "2021": 10641.7, "2022": 10633.5, "2023": 10634.1, "2024": 10628.5, "2025": 10625.9, "2026": 10623.5}, "total_retreat_m": 49.6, "speed_m_per_year": -1.76, "r_squared": 0.936, "std_error": 0.09, "ci_95_low": -1.95, "ci_95_high": -1.57, "valid_years": 26, "confidence": "high", "risk_class": "low", "location_ru": "Прибрежная зона Каламкас", "anchor": [50.486254808561625, 43.86873474114679]}}, {"type": "Feature", "geometry": {"type": "LineString", "coordinates": [[50.48734944545009, 43.882879710062404], [50.4428072794482, 43.8523511095727]]}, "properties": {"transect_id": 241, "baseline_distance_m": 119928.3, "positions": {"2000": 11578.3, "2001": 11566.7, "2002": 11553.9, "2003": 11533.3, "2004": 11507.4, "2005": 11485.2, "2006": 11473.5, "2007": 11443.4, "2008": 11438.0, "2009": 11413.7, "2010": 11402.8, "2011": 11369.6, "2012": null, "2013": 11342.1, "2014": 11318.9, "2015": 11299.0, "2016": 11275.8, "2017": 11264.6, "2018": 11245.9, "2019": 11231.3, "2020": 11209.1, "2021": 11183.7, "2022": 11163.0, "2023": 11142.5, "2024": 11134.8, "2025": 11106.7, "2026": 11096.7}, "total_retreat_m": 481.6, "speed_m_per_year": -18.96, "r_squared": 0.999, "std_error": 0.12, "ci_95_low": -19.21, "ci_95_high": -18.7, "valid_years": 26, "confidence": "high", "risk_class": "medium", "location_ru": "Севернее водозабора МАЭК", "anchor": [50.47992575111645, 43.87779160998079]}}, {"type": "Feature", "geometry": {"type": "LineString", "coordinates": [[50.48122284817196, 43.89199120173595], [50.43614902835057, 43.86225316604579]]}, "properties": {"transect_id": 242, "baseline_distance_m": 120409.4, "positions": {"2000": 13919.7, "2001": 13913.0, "2002": 13899.7, "2003": 13887.7, "2004": 13881.5, "2005": 13867.5, "2006": 13854.4, "2007": 13849.4, "2008": 13836.2, "2009": 13827.9, "2010": 13813.5, "2011": 13800.0, "2012": null, "2013": 13790.6, "2014": 13779.3, "2015": 13766.1, "2016": 13750.5, "2017": 13740.3, "2018": 13736.4, "2019": 13718.9, "2020": 13707.3, "2021": 13706.7, "2022": 13688.5, "2023": 13685.2, "2024": 13662.0, "2025": 13659.1, "2026": 13654.8}, "total_retreat_m": 264.9, "speed_m_per_year": -10.43, "r_squared": 0.998, "std_error": 0.1, "ci_95_low": -10.63, "ci_95_high": -10.24, "valid_years": 26, "confidence": "high", "risk_class": "medium", "location_ru": "Бухта Курык", "anchor": [50.473710544868396, 43.88703486245426]}}, {"type": "Feature", "geometry": {"type": "LineString", "coordinates": [[50.47520617876975, 43.90128291939757], [50.42963287634999, 43.87231614348867]]}, "properties": {"transect_id": 243, "baseline_distance_m": 120890.4, "positions": {"2000": 14638.7, "2001": 14632.7, "2002": 14610.2, "2003": 14597.9, "2004": 14578.3, "2005": 14574.5, "2006": 14557.8, "2007": 14538.1, "2008": 14518.5, "2009": 14514.3, "2010": 14491.6, "2011": 14473.7, "2012": null, "2013": 14441.0, "2014": 14430.4, "2015": 14412.2, "2016": 14400.5, "2017": 14390.9, "2018": 14371.4, "2019": 14359.3, "2020": 14340.0, "2021": 14328.1, "2022": 14320.5, "2023": 14296.4, "2024": 14284.3, "2025": 14261.5, "2026": 14258.8}, "total_retreat_m": 379.9, "speed_m_per_year": -14.98, "r_squared": 0.999, "std_error": 0.11, "ci_95_low": -15.21, "ci_95_high": -14.76, "valid_years": 26, "confidence": "high", "risk_class": "medium", "location_ru": "Тюб-Караганский залив", "anchor": [50.46761062836646, 43.89645512341276]}}, {"type": "Feature", "geometry": {"type": "LineString", "coordinates": [[50.46930117262382, 43.91074510604595], [50.42325859564761, 43.88253019677107]]}, "properties": {"transect_id": 244, "baseline_distance_m": 121371.5, "positions": {"2000": 13366.8, "2001": 13350.2, "2002": 13330.8, "2003": 13306.7, "2004": 13293.3, "2005": 13266.3, "2006": 13252.9, "2007": 13228.6, "2008": 13212.0, "2009": 13189.2, "2010": 13171.6, "2011": 13147.5, "2012": null, "2013": 13113.7, "2014": 13093.3, "2015": 13071.3, "2016": 13053.7, "2017": 13034.9, "2018": 13012.3, "2019": 12994.6, "2020": 12971.5, "2021": 12965.4, "2022": 12940.6, "2023": 12917.9, "2024": 12901.9, "2025": 12869.7, "2026": 12847.8}, "total_retreat_m": 519.0, "speed_m_per_year": -19.68, "r_squared": 0.999, "std_error": 0.1, "ci_95_low": -19.89, "ci_95_high": -19.47, "valid_years": 26, "confidence": "high", "risk_class": "medium", "location_ru": "Мыс Меловой", "anchor": [50.46162740979445, 43.906042621166804]}}, {"type": "Feature", "geometry": {"type": "LineString", "coordinates": [[50.46350952418983, 43.920367602361004], [50.41702597865127, 43.89288524448973]]}, "properties": {"transect_id": 245, "baseline_distance_m": 121852.6, "positions": {"2000": 13591.0, "2001": 13573.9, "2002": 13557.8, "2003": 13530.6, "2004": 13517.9, "2005": 13497.4, "2006": 13479.8, "2007": 13457.4, "2008": 13446.1, "2009": 13421.2, "2010": 13409.8, "2011": 13380.6, "2012": null, "2013": 13348.9, "2014": 13326.7, "2015": 13306.7, "2016": 13291.7, "2017": 13269.0, "2018": 13240.6, "2019": 13220.1, "2020": 13218.5, "2021": 13199.4, "2022": 13183.1, "2023": 13156.6, "2024": 13132.5, "2025": 13117.1, "2026": 13099.9}, "total_retreat_m": 491.1, "speed_m_per_year": -18.99, "r_squared": 0.999, "std_error": 0.12, "ci_95_low": -19.24, "ci_95_high": -18.75, "valid_years": 26, "confidence": "high", "risk_class": "medium", "location_ru": "Южная коса Актау", "anchor": [50.45576226660007, 43.91578720938246]}}, {"type": "Feature", "geometry": {"type": "LineString", "coordinates": [[50.45783288500724, 43.93013987285575], [50.41093484575672, 43.90337097458824]]}, "properties": {"transect_id": 246, "baseline_distance_m": 122333.7, "positions": {"2000": 11268.5, "2001": 11237.1, "2002": 11210.8, "2003": 11181.3, "2004": 11168.3, "2005": 11138.0, "2006": 11112.2, "2007": 11090.9, "2008": 11062.3, "2009": 11040.9, "2010": 11010.2, "2011": 10995.9, "2012": null, "2013": 10942.5, "2014": 10923.2, "2015": 10893.4, "2016": 10869.3, "2017": 10840.6, "2018": 10824.1, "2019": 10793.2, "2020": 10770.4, "2021": 10748.0, "2022": 10724.1, "2023": 10692.5, "2024": 10674.0, "2025": 10653.8, "2026": 10624.7}, "total_retreat_m": 643.8, "speed_m_per_year": -24.49, "r_squared": 1.0, "std_error": 0.09, "ci_95_low": -24.68, "ci_95_high": -24.31, "valid_years": 26, "confidence": "high", "risk_class": "high", "location_ru": "Побережье у Баутино", "anchor": [50.45001654513216, 43.92567838981116]}}, {"type": "Feature", "geometry": {"type": "LineString", "coordinates": [[50.452272862219175, 43.94005103251148], [50.40498505062038, 43.91397685229047]]}, "properties": {"transect_id": 247, "baseline_distance_m": 122814.8, "positions": {"2000": 10073.5, "2001": 10052.5, "2002": 10039.1, "2003": 10025.8, "2004": 10000.2, "2005": 9985.5, "2006": 9964.1, "2007": 9956.0, "2008": 9934.4, "2009": 9914.0, "2010": 9900.4, "2011": 9877.8, "2012": null, "2013": 9843.7, "2014": 9824.6, "2015": 9808.8, "2016": 9801.0, "2017": 9775.3, "2018": 9762.7, "2019": 9740.1, "2020": 9729.1, "2021": 9704.5, "2022": 9691.4, "2023": 9674.0, "2024": 9665.7, "2025": 9641.5, "2026": 9619.2}, "total_retreat_m": 454.3, "speed_m_per_year": -17.29, "r_squared": 0.999, "std_error": 0.09, "ci_95_low": -17.48, "ci_95_high": -17.1, "valid_years": 26, "confidence": "high", "risk_class": "medium", "location_ru": "Залив Комсомолец", "anchor": [50.44439156028604, 43.935705335807974]}}, {"type": "Feature", "geometry": {"type": "LineString", "coordinates": [[50.44683101751984, 43.95008987382762], [50.39917648334434, 43.924692130374396]]}, "properties": {"transect_id": 248, "baseline_distance_m": 123295.8, "positions": {"2000": 12872.5, "2001": 12866.4, "2002": 12859.5, "2003": 12849.5, "2004": 12840.6, "2005": 12827.4, "2006": 12828.9, "2007": 12808.3, "2008": 12803.9, "2009": 12799.6, "2010": 12786.0, "2011": 12772.9, "2012": null, "2013": 12752.9, "2014": 12748.0, "2015": 12736.6, "2016": 12731.2, "2017": 12715.5, "2018": 12715.0, "2019": 12703.0, "2020": 12694.0, "2021": 12689.7, "2022": 12672.9, "2023": 12662.4, "2024": 12653.8, "2025": 12646.0, "2026": 12637.1}, "total_retreat_m": 235.4, "speed_m_per_year": -9.2, "r_squared": 0.998, "std_error": 0.08, "ci_95_low": -9.36, "ci_95_high": -9.03, "valid_years": 26, "confidence": "high", "risk_class": "medium", "location_ru": "Мыс Ракушечный", "anchor": [50.43888859515726, 43.94585691658542]}}, {"type": "Feature", "geometry": {"type": "LineString", "coordinates": [[50.44150886645389, 43.96024489422795], [50.393509071952245, 43.93550586175293]]}, "properties": {"transect_id": 249, "baseline_distance_m": 123776.9, "positions": {"2000": 11377.1, "2001": 11358.0, "2002": 11334.4, "2003": 11315.8, "2004": 11296.1, "2005": 11268.6, "2006": 11248.3, "2007": 11223.1, "2008": 11204.1, "2009": 11181.9, "2010": 11155.5, "2011": 11131.8, "2012": null, "2013": 11082.6, "2014": 11060.5, "2015": 11036.6, "2016": 11017.7, "2017": 10989.5, "2018": 10968.9, "2019": 10937.5, "2020": 10931.0, "2021": 10900.5, "2022": 10880.4, "2023": 10861.7, "2024": 10834.3, "2025": 10816.1, "2026": 10782.6}, "total_retreat_m": 594.5, "speed_m_per_year": -22.89, "r_squared": 1.0, "std_error": 0.1, "ci_95_low": -23.1, "ci_95_high": -22.68, "valid_years": 26, "confidence": "high", "risk_class": "high", "location_ru": "Северный Бузачи", "anchor": [50.433508900703615, 43.95612172214878]}}, {"type": "Feature", "geometry": {"type": "LineString", "coordinates": [[50.43630787800119, 43.97050432377002], [50.387982782487924, 43.946406914290286]]}, "properties": {"transect_id": 250, "baseline_distance_m": 124258.0, "positions": {"2000": 12036.6, "2001": 12046.0, "2002": 12040.1, "2003": 12048.1, "2004": 12059.5, "2005": 12050.8, "2006": 12065.0, "2007": 12069.4, "2008": 12079.6, "2009": 12069.9, "2010": 12087.2, "2011": 12083.0, "2012": null, "2013": 12092.5, "2014": 12093.9, "2015": 12098.9, "2016": 12109.4, "2017": 12107.8, "2018": 12119.7, "2019": 12118.6, "2020": 12120.9, "2021": 12128.2, "2022": 12136.1, "2023": 12138.2, "2024": 12143.9, "2025": 12151.1, "2026": 12157.1}, "total_retreat_m": -120.5, "speed_m_per_year": 4.47, "r_squared": 0.987, "std_error": 0.11, "ci_95_low": 4.25, "ci_95_high": 4.69, "valid_years": 26, "confidence": "high", "risk_class": "low", "location_ru": "Прибрежная зона Каламкас", "anchor": [50.42825369541564, 43.966488088856735]}}, {"type": "Feature", "geometry": {"type": "LineString", "coordinates": [[50.43122947438902, 43.98085615311154], [50.38259761802942, 43.95738398774447]]}, "properties": {"transect_id": 251, "baseline_distance_m": 124739.1, "positions": {"2000": 12150.7, "2001": 12134.2, "2002": 12108.5, "2003": 12092.7, "2004": 12075.4, "2005": 12059.4, "2006": 12039.1, "2007": 12027.0, "2008": 11999.7, "2009": 11981.8, "2010": 11968.7, "2011": 11951.3, "2012": null, "2013": 11910.1, "2014": 11895.5, "2015": 11878.3, "2016": 11860.3, "2017": 11844.4, "2018": 11823.1, "2019": 11813.7, "2020": 11791.7, "2021": 11768.5, "2022": 11754.0, "2023": 11736.1, "2024": 11722.4, "2025": 11697.2, "2026": 11684.6}, "total_retreat_m": 466.1, "speed_m_per_year": -17.88, "r_squared": 1.0, "std_error": 0.08, "ci_95_low": -18.04, "ci_95_high": -17.72, "valid_years": 26, "confidence": "high", "risk_class": "medium", "location_ru": "Севернее водозабора МАЭК", "anchor": [50.423124164995755, 43.97694412555036]}}, {"type": "Feature", "geometry": {"type": "LineString", "coordinates": [[50.42627503108152, 43.99128816168825], [50.37735361686785, 43.96842563270884]]}, "properties": {"transect_id": 252, "baseline_distance_m": 125220.1, "positions": {"2000": 15898.4, "2001": 15879.2, "2002": 15862.5, "2003": 15850.8, "2004": 15833.2, "2005": 15825.8, "2006": 15804.5, "2007": 15787.8, "2008": 15772.7, "2009": 15754.9, "2010": 15747.1, "2011": 15726.8, "2012": null, "2013": 15704.8, "2014": 15680.4, "2015": 15671.2, "2016": 15660.5, "2017": 15632.5, "2018": 15634.3, "2019": 15609.7, "2020": 15597.1, "2021": 15584.0, "2022": 15569.8, "2023": 15553.2, "2024": 15541.2, "2025": 15524.5, "2026": 15514.6}, "total_retreat_m": 383.8, "speed_m_per_year": -14.76, "r_squared": 0.999, "std_error": 0.1, "ci_95_low": -14.96, "ci_95_high": -14.55, "valid_years": 26, "confidence": "high", "risk_class": "medium", "location_ru": "Бухта Курык", "anchor": [50.41812146204591, 43.987477740191686]}}, {"type": "Feature", "geometry": {"type": "LineString", "coordinates": [[50.4214458769041, 44.00178794606013], [50.37225085006369, 43.97952027141343]]}, "properties": {"transect_id": 253, "baseline_distance_m": 125701.2, "positions": {"2000": 11336.0, "2001": 11314.7, "2002": 11321.9, "2003": 11298.7, "2004": 11296.5, "2005": 11280.1, "2006": 11273.8, "2007": 11256.3, "2008": 11251.1, "2009": 11237.1, "2010": 11233.9, "2011": 11218.9, "2012": null, "2013": 11199.9, "2014": 11177.1, "2015": 11174.9, "2016": 11166.4, "2017": 11155.2, "2018": 11147.7, "2019": 11131.9, "2020": 11123.1, "2021": 11117.1, "2022": 11092.8, "2023": 11093.8, "2024": 11079.6, "2025": 11066.9, "2026": 11061.4}, "total_retreat_m": 274.6, "speed_m_per_year": -10.6, "r_squared": 0.997, "std_error": 0.11, "ci_95_low": -10.83, "ci_95_high": -10.37, "valid_years": 26, "confidence": "high", "risk_class": "medium", "location_ru": "Тюб-Караганский залив", "anchor": [50.41324670576403, 43.99807666695235]}}, {"type": "Feature", "geometry": {"type": "LineString", "coordinates": [[50.41674329426718, 44.01234294838188], [50.3672894185596, 43.99065622024]]}, "properties": {"transect_id": 254, "baseline_distance_m": 126182.3, "positions": {"2000": 10305.2, "2001": 10305.1, "2002": 10301.0, "2003": 10293.1, "2004": 10286.5, "2005": 10282.7, "2006": 10284.4, "2007": 10276.8, "2008": 10268.7, "2009": 10262.0, "2010": 10268.0, "2011": 10258.4, "2012": null, "2013": 10253.7, "2014": 10253.2, "2015": 10238.9, "2016": 10239.9, "2017": 10235.3, "2018": 10233.4, "2019": 10232.7, "2020": 10218.3, "2021": 10221.8, "2022": 10219.5, "2023": 10210.6, "2024": 10206.7, "2025": 10204.8, "2026": 10200.4}, "total_retreat_m": 104.8, "speed_m_per_year": -4.06, "r_squared": 0.99, "std_error": 0.08, "ci_95_low": -4.23, "ci_95_high": -3.89, "valid_years": 26, "confidence": "high", "risk_class": "low", "location_ru": "Мыс Меловой", "anchor": [50.40850098164925, 44.008728493691564]}}, {"type": "Feature", "geometry": {"type": "LineString", "coordinates": [[50.41216851946063, 44.0229404849501], [50.36246944999279, 44.001821713820355]]}, "properties": {"transect_id": 255, "baseline_distance_m": 126663.4, "positions": {"2000": 10696.4, "2001": 10694.5, "2002": 10685.5, "2003": 10671.8, "2004": 10655.4, "2005": 10651.2, "2006": 10642.7, "2007": 10627.6, "2008": 10621.0, "2009": 10607.0, "2010": 10605.4, "2011": 10593.9, "2012": null, "2013": 10567.1, "2014": 10565.4, "2015": 10554.0, "2016": 10546.6, "2017": 10533.2, "2018": 10521.8, "2019": 10512.2, "2020": 10503.4, "2021": 10495.9, "2022": 10486.7, "2023": 10475.6, "2024": 10464.9, "2025": 10455.5, "2026": 10457.1}, "total_retreat_m": 239.3, "speed_m_per_year": -9.68, "r_squared": 0.998, "std_error": 0.09, "ci_95_low": -9.87, "ci_95_high": -9.5, "valid_years": 26, "confidence": "high", "risk_class": "medium", "location_ru": "Южная коса Актау", "anchor": [50.40388534121599, 44.01942068976181]}}, {"type": "Feature", "geometry": {"type": "LineString", "coordinates": [[50.40772274299296, 44.03356777478335], [50.35779109533749, 44.01300493056349]]}, "properties": {"transect_id": 256, "baseline_distance_m": 127144.4, "positions": {"2000": 11048.2, "2001": 11015.1, "2002": 10986.2, "2003": 10973.5, "2004": 10944.8, "2005": 10930.4, "2006": 10904.3, "2007": 10881.7, "2008": 10868.2, "2009": 10842.4, "2010": 10822.4, "2011": 10798.5, "2012": null, "2013": 10751.7, "2014": 10734.3, "2015": 10715.0, "2016": 10689.0, "2017": 10674.1, "2018": 10648.6, "2019": 10624.4, "2020": 10602.9, "2021": 10580.8, "2022": 10553.5, "2023": 10536.5, "2024": 10516.1, "2025": 10491.9, "2026": 10473.3}, "total_retreat_m": 574.9, "speed_m_per_year": -21.76, "r_squared": 1.0, "std_error": 0.1, "ci_95_low": -21.96, "ci_95_high": -21.56, "valid_years": 26, "confidence": "high", "risk_class": "high", "location_ru": "Побережье у Баутино", "anchor": [50.39940080171705, 44.03014063408004]}}, {"type": "Feature", "geometry": {"type": "LineString", "coordinates": [[50.4034071099569, 44.044211968180875], [50.35325452546919, 44.02419401950468]]}, "properties": {"transect_id": 257, "baseline_distance_m": 127625.5, "positions": {"2000": 10329.3, "2001": 10312.8, "2002": 10292.2, "2003": 10290.4, "2004": 10268.2, "2005": 10253.9, "2006": 10238.4, "2007": 10223.3, "2008": 10217.0, "2009": 10201.9, "2010": 10183.6, "2011": 10166.9, "2012": null, "2013": 10140.9, "2014": 10124.2, "2015": 10108.7, "2016": 10096.3, "2017": 10078.7, "2018": 10067.0, "2019": 10052.4, "2020": 10039.5, "2021": 10020.1, "2022": 10010.9, "2023": 9990.0, "2024": 9976.9, "2025": 9962.6, "2026": 9945.9}, "total_retreat_m": 383.4, "speed_m_per_year": -14.6, "r_squared": 0.999, "std_error": 0.07, "ci_95_low": -14.75, "ci_95_high": -14.45, "valid_years": 26, "confidence": "high", "risk_class": "medium", "location_ru": "Залив Комсомолец", "anchor": [50.395048345875615, 44.040875643401506]}}, {"type": "Feature", "geometry": {"type": "LineString", "coordinates": [[50.39922272040387, 44.05486017520991], [50.34885992773964, 44.035377128347086]]}, "properties": {"transect_id": 258, "baseline_distance_m": 128106.6, "positions": {"2000": 15039.3, "2001": 15041.6, "2002": 15028.8, "2003": 15024.8, "2004": 15016.1, "2005": 15018.0, "2006": 15012.5, "2007": 15006.6, "2008": 15000.3, "2009": 14993.0, "2010": 14985.1, "2011": 14978.4, "2012": null, "2013": 14975.9, "2014": 14968.3, "2015": 14957.0, "2016": 14954.4, "2017": 14947.6, "2018": 14938.8, "2019": 14938.5, "2020": 14930.7, "2021": 14923.0, "2022": 14915.4, "2023": 14909.6, "2024": 14908.9, "2025": 14904.6, "2026": 14895.9}, "total_retreat_m": 143.4, "speed_m_per_year": -5.65, "r_squared": 0.996, "std_error": 0.07, "ci_95_low": -5.81, "ci_95_high": -5.5, "valid_years": 26, "confidence": "high", "risk_class": "low", "location_ru": "Мыс Ракушечный", "anchor": [50.3908289216265, 44.05161300073277]}}, {"type": "Feature", "geometry": {"type": "LineString", "coordinates": [[50.39517062971406, 44.065499494064184], [50.344607502628264, 44.04654243260136]]}, "properties": {"transect_id": 259, "baseline_distance_m": 128587.7, "positions": {"2000": 11530.9, "2001": 11519.3, "2002": 11508.3, "2003": 11503.3, "2004": 11489.3, "2005": 11487.9, "2006": 11473.4, "2007": 11472.2, "2008": 11458.6, "2009": 11455.7, "2010": 11438.3, "2011": 11431.5, "2012": null, "2013": 11418.6, "2014": 11413.2, "2015": 11406.6, "2016": 11391.5, "2017": 11390.1, "2018": 11373.0, "2019": 11370.0, "2020": 11353.3, "2021": 11350.1, "2022": 11330.5, "2023": 11326.8, "2024": 11324.6, "2025": 11308.9, "2026": 11307.3}, "total_retreat_m": 223.6, "speed_m_per_year": -8.61, "r_squared": 0.997, "std_error": 0.1, "ci_95_low": -8.82, "ci_95_high": -8.39, "valid_years": 26, "confidence": "high", "risk_class": "medium", "location_ru": "Северный Бузачи", "anchor": [50.38674344186643, 44.06233998382038]}}, {"type": "Feature", "geometry": {"type": "LineString", "coordinates": [[50.39125184895043, 44.076117039234944], [50.34049746052952, 44.057678165733044]]}, "properties": {"transect_id": 260, "baseline_distance_m": 129068.7, "positions": {"2000": 15569.8, "2001": 15565.6, "2002": 15557.5, "2003": 15554.8, "2004": 15549.5, "2005": 15541.7, "2006": 15543.5, "2007": 15527.8, "2008": 15530.1, "2009": 15514.2, "2010": 15512.5, "2011": 15510.8, "2012": null, "2013": 15498.3, "2014": 15486.0, "2015": 15483.8, "2016": 15477.1, "2017": 15467.1, "2018": 15465.6, "2019": 15464.4, "2020": 15452.7, "2021": 15447.0, "2022": 15441.3, "2023": 15426.6, "2024": 15428.1, "2025": 15416.1, "2026": 15411.6}, "total_retreat_m": 158.2, "speed_m_per_year": -6.1, "r_squared": 0.995, "std_error": 0.09, "ci_95_low": -6.29, "ci_95_high": -5.91, "valid_years": 26, "confidence": "high", "risk_class": "low", "location_ru": "Прибрежная зона Каламкас", "anchor": [50.38279278421361, 44.073043893651295]}}, {"type": "Feature", "geometry": {"type": "LineString", "coordinates": [[50.38746734518679, 44.08669996943128], [50.336530018725576, 44.068772650251226]]}, "properties": {"transect_id": 261, "baseline_distance_m": 129549.8, "positions": {"2000": 13915.8, "2001": 13927.9, "2002": 13924.0, "2003": 13930.5, "2004": 13941.7, "2005": 13941.4, "2006": 13939.5, "2007": 13952.4, "2008": 13953.2, "2009": 13965.4, "2010": 13961.3, "2011": 13972.5, "2012": null, "2013": 13984.4, "2014": 13978.3, "2015": 13985.5, "2016": 13992.3, "2017": 13991.8, "2018": 14000.8, "2019": 14003.3, "2020": 14007.8, "2021": 14013.4, "2022": 14018.0, "2023": 14022.9, "2024": 14024.4, "2025": 14029.0, "2026": 14035.3}, "total_retreat_m": -119.5, "speed_m_per_year": 4.46, "r_squared": 0.992, "std_error": 0.08, "ci_95_low": 4.29, "ci_95_high": 4.63, "valid_years": 26, "confidence": "high", "risk_class": "low", "location_ru": "Севернее водозабора МАЭК", "anchor": [50.37897779077659, 44.08371208290127]}}, {"type": "Feature", "geometry": {"type": "LineString", "coordinates": [[50.38381804180051, 44.09723551518427], [50.33270539859221, 44.079814329683266]]}, "properties": {"transect_id": 262, "baseline_distance_m": 130030.9, "positions": {"2000": 10965.7, "2001": 10942.9, "2002": 10932.9, "2003": 10920.5, "2004": 10903.9, "2005": 10899.6, "2006": 10878.9, "2007": 10865.3, "2008": 10848.4, "2009": 10836.0, "2010": 10817.0, "2011": 10806.9, "2012": null, "2013": 10775.3, "2014": 10763.7, "2015": 10740.3, "2016": 10731.8, "2017": 10727.9, "2018": 10711.2, "2019": 10698.9, "2020": 10684.9, "2021": 10667.8, "2022": 10649.0, "2023": 10632.4, "2024": 10626.9, "2025": 10608.3, "2026": 10603.8}, "total_retreat_m": 361.9, "speed_m_per_year": -14.05, "r_squared": 0.999, "std_error": 0.11, "ci_95_low": -14.27, "ci_95_high": -13.82, "valid_years": 26, "confidence": "high", "risk_class": "medium", "location_ru": "Бухта Курык", "anchor": [50.37529926793246, 44.09433198426744]}}, {"type": "Feature", "geometry": {"type": "LineString", "coordinates": [[50.38030481872103, 44.107711006064484], [50.329023823081656, 44.09079180140721]]}, "properties": {"transect_id": 263, "baseline_distance_m": 130512.0, "positions": {"2000": 12175.4, "2001": 12164.4, "2002": 12148.9, "2003": 12121.1, "2004": 12106.4, "2005": 12087.3, "2006": 12069.6, "2007": 12060.2, "2008": 12039.9, "2009": 12024.0, "2010": 12009.1, "2011": 11982.5, "2012": null, "2013": 11961.2, "2014": 11937.8, "2015": 11924.4, "2016": 11907.8, "2017": 11893.9, "2018": 11871.1, "2019": 11846.1, "2020": 11837.9, "2021": 11821.6, "2022": 11799.7, "2023": 11787.5, "2024": 11768.6, "2025": 11747.7, "2026": 11738.9}, "total_retreat_m": 436.5, "speed_m_per_year": -16.98, "r_squared": 0.999, "std_error": 0.1, "ci_95_low": -17.18, "ci_95_high": -16.77, "valid_years": 26, "confidence": "high", "risk_class": "medium", "location_ru": "Тюб-Караганский залив", "anchor": [50.37175798611447, 44.1048911386216]}}, {"type": "Feature", "geometry": {"type": "LineString", "coordinates": [[50.376928512624744, 44.11811389743963], [50.325485514530726, 44.10169385032951]]}, "properties": {"transect_id": 264, "baseline_distance_m": 130993.0, "positions": {"2000": 13189.8, "2001": 13178.1, "2002": 13154.5, "2003": 13136.5, "2004": 13116.0, "2005": 13101.1, "2006": 13086.2, "2007": 13064.9, "2008": 13046.5, "2009": 13027.7, "2010": 13001.3, "2011": 12984.8, "2012": null, "2013": 12950.5, "2014": 12929.9, "2015": 12910.1, "2016": 12888.4, "2017": 12872.0, "2018": 12857.9, "2019": 12840.1, "2020": 12818.7, "2021": 12803.7, "2022": 12783.2, "2023": 12770.8, "2024": 12747.3, "2025": 12732.2, "2026": 12711.8}, "total_retreat_m": 478.0, "speed_m_per_year": -18.55, "r_squared": 1.0, "std_error": 0.08, "ci_95_low": -18.72, "ci_95_high": -18.38, "valid_years": 26, "confidence": "high", "risk_class": "medium", "location_ru": "Мыс Меловой", "anchor": [50.36835467960908, 44.115377222921275]}}, {"type": "Feature", "geometry": {"type": "LineString", "coordinates": [[50.37368991706598, 44.12843179669414], [50.32209069284588, 44.11250948342364]]}, "properties": {"transect_id": 265, "baseline_distance_m": 131474.1, "positions": {"2000": 10047.3, "2001": 10026.1, "2002": 9997.8, "2003": 9976.6, "2004": 9943.9, "2005": 9923.6, "2006": 9900.1, "2007": 9875.7, "2008": 9843.2, "2009": 9820.6, "2010": 9795.5, "2011": 9775.2, "2012": null, "2013": 9711.6, "2014": 9688.1, "2015": 9677.2, "2016": 9639.2, "2017": 9607.0, "2018": 9586.4, "2019": 9551.9, "2020": 9538.2, "2021": 9514.8, "2022": 9482.1, "2023": 9458.1, "2024": 9438.0, "2025": 9401.5, "2026": 9377.5}, "total_retreat_m": 669.8, "speed_m_per_year": -25.83, "r_squared": 0.999, "std_error": 0.12, "ci_95_low": -26.07, "ci_95_high": -25.58, "valid_years": 26, "confidence": "high", "risk_class": "high", "location_ru": "Южная коса Актау", "anchor": [50.36509004636263, 44.125778077815724]}}, {"type": "Feature", "geometry": {"type": "LineString", "coordinates": [[50.37058978253124, 44.13865248882953], [50.31883957412852, 44.12322796516509]]}, "properties": {"transect_id": 266, "baseline_distance_m": 131955.2, "positions": {"2000": 13442.0, "2001": 13423.0, "2002": 13413.8, "2003": 13397.3, "2004": 13385.0, "2005": 13368.5, "2006": 13353.4, "2007": 13331.7, "2008": 13324.4, "2009": 13306.0, "2010": 13291.5, "2011": 13281.3, "2012": null, "2013": 13244.0, "2014": 13237.2, "2015": 13222.5, "2016": 13204.6, "2017": 13182.6, "2018": 13162.6, "2019": 13160.6, "2020": 13141.6, "2021": 13123.1, "2022": 13115.7, "2023": 13092.5, "2024": 13079.1, "2025": 13067.8, "2026": 13046.1}, "total_retreat_m": 395.9, "speed_m_per_year": -15.1, "r_squared": 0.999, "std_error": 0.09, "ci_95_low": -15.3, "ci_95_high": -14.91, "valid_years": 26, "confidence": "high", "risk_class": "medium", "location_ru": "Побережье у Баутино", "anchor": [50.36196474779745, 44.13608173488546]}}, {"type": "Feature", "geometry": {"type": "LineString", "coordinates": [[50.36762881640264, 44.14876396135644], [50.31573236981292, 44.13383885394108]]}, "properties": {"transect_id": 267, "baseline_distance_m": 132436.3, "positions": {"2000": 14212.6, "2001": 14202.9, "2002": 14188.6, "2003": 14170.3, "2004": 14147.1, "2005": 14138.2, "2006": 14131.8, "2007": 14108.7, "2008": 14099.8, "2009": 14088.6, "2010": 14079.3, "2011": 14057.3, "2012": null, "2013": 14029.3, "2014": 14017.9, "2015": 14005.6, "2016": 13989.8, "2017": 13980.8, "2018": 13959.5, "2019": 13949.4, "2020": 13936.8, "2021": 13919.6, "2022": 13910.7, "2023": 13894.1, "2024": 13882.9, "2025": 13866.6, "2026": 13853.5}, "total_retreat_m": 359.1, "speed_m_per_year": -13.77, "r_squared": 0.999, "std_error": 0.09, "ci_95_low": -13.95, "ci_95_high": -13.59, "valid_years": 26, "confidence": "high", "risk_class": "medium", "location_ru": "Залив Комсомолец", "anchor": [50.35897940863769, 44.14627644345388]}}, {"type": "Feature", "geometry": {"type": "LineString", "coordinates": [[50.36480768281082, 44.15875442838822], [50.31276928641437, 44.14433203952624]]}, "properties": {"transect_id": 268, "baseline_distance_m": 132917.4, "positions": {"2000": 12541.1, "2001": 12520.5, "2002": 12495.6, "2003": 12482.1, "2004": 12453.6, "2005": 12442.5, "2006": 12430.4, "2007": 12407.8, "2008": 12390.5, "2009": 12359.7, "2010": 12351.9, "2011": 12336.5, "2012": null, "2013": 12300.5, "2014": 12284.2, "2015": 12261.2, "2016": 12243.1, "2017": 12220.1, "2018": 12206.4, "2019": 12183.9, "2020": 12163.2, "2021": 12148.0, "2022": 12140.1, "2023": 12114.7, "2024": 12098.4, "2025": 12077.2, "2026": 12053.8}, "total_retreat_m": 487.3, "speed_m_per_year": -18.36, "r_squared": 0.999, "std_error": 0.11, "ci_95_low": -18.59, "ci_95_high": -18.13, "valid_years": 26, "confidence": "high", "risk_class": "medium", "location_ru": "Мыс Ракушечный", "anchor": [50.35613461674475, 44.156350696911225]}}, {"type": "Feature", "geometry": {"type": "LineString", "coordinates": [[50.362127002354256, 44.168612353835144], [50.309950526003604, 44.15469778177453]]}, "properties": {"transect_id": 269, "baseline_distance_m": 133398.4, "positions": {"2000": 12242.1, "2001": 12239.9, "2002": 12237.0, "2003": 12229.0, "2004": 12220.5, "2005": 12220.5, "2006": 12216.6, "2007": 12212.4, "2008": 12215.3, "2009": 12202.4, "2010": 12204.4, "2011": 12199.7, "2012": null, "2013": 12194.7, "2014": 12186.2, "2015": 12185.8, "2016": 12177.8, "2017": 12176.1, "2018": 12164.3, "2019": 12155.6, "2020": 12163.6, "2021": 12159.7, "2022": 12155.7, "2023": 12147.6, "2024": 12151.6, "2025": 12139.7, "2026": 12139.1}, "total_retreat_m": 103.0, "speed_m_per_year": -4.0, "r_squared": 0.987, "std_error": 0.09, "ci_95_low": -4.19, "ci_95_high": -3.81, "valid_years": 26, "confidence": "high", "risk_class": "low", "location_ru": "Северный Бузачи", "anchor": [50.35343092296248, 44.166293258491706]}}, {"type": "Feature", "geometry": {"type": "LineString", "coordinates": [[50.35958735165392, 44.17832647359529], [50.30727628756289, 44.16492675070024]]}, "properties": {"transect_id": 270, "baseline_distance_m": 133879.5, "positions": {"2000": 14984.0, "2001": 14975.7, "2002": 14965.4, "2003": 14970.7, "2004": 14959.2, "2005": 14952.4, "2006": 14956.1, "2007": 14938.0, "2008": 14924.6, "2009": 14922.0, "2010": 14912.0, "2011": 14907.4, "2012": null, "2013": 14893.5, "2014": 14885.8, "2015": 14875.6, "2016": 14880.6, "2017": 14868.5, "2018": 14859.5, "2019": 14856.5, "2020": 14848.4, "2021": 14840.7, "2022": 14835.4, "2023": 14826.2, "2024": 14821.4, "2025": 14814.8, "2026": 14805.5}, "total_retreat_m": 178.5, "speed_m_per_year": -6.87, "r_squared": 0.995, "std_error": 0.1, "ci_95_low": -7.07, "ci_95_high": -6.66, "valid_years": 26, "confidence": "high", "risk_class": "low", "location_ru": "Прибрежная зона Каламкас", "anchor": [50.35086884097208, 44.17609318644612]}}, {"type": "Feature", "geometry": {"type": "LineString", "coordinates": [[50.35718926270454, 44.187885816627066], [50.304746769418124, 44.17501006818651]]}, "properties": {"transect_id": 271, "baseline_distance_m": 134360.6, "positions": {"2000": 13494.8, "2001": 13484.3, "2002": 13470.4, "2003": 13452.3, "2004": 13437.5, "2005": 13425.4, "2006": 13410.8, "2007": 13393.0, "2008": 13382.2, "2009": 13371.9, "2010": 13361.9, "2011": 13345.1, "2012": null, "2013": 13304.5, "2014": 13303.5, "2015": 13284.7, "2016": 13274.8, "2017": 13258.9, "2018": 13244.2, "2019": 13230.6, "2020": 13216.9, "2021": 13208.4, "2022": 13189.0, "2023": 13179.4, "2024": 13164.9, "2025": 13149.8, "2026": 13126.0}, "total_retreat_m": 368.8, "speed_m_per_year": -13.89, "r_squared": 0.999, "std_error": 0.09, "ci_95_low": -14.08, "ci_95_high": -13.7, "valid_years": 26, "confidence": "high", "risk_class": "medium", "location_ru": "Севернее водозабора МАЭК", "anchor": [50.3484488471568, 44.18573985855364]}}, {"type": "Feature", "geometry": {"type": "LineString", "coordinates": [[50.35493322197127, 44.19727972478182], [50.302362173002614, 44.184939351597244]]}, "properties": {"transect_id": 272, "baseline_distance_m": 134841.7, "positions": {"2000": 15718.6, "2001": 15710.0, "2002": 15707.2, "2003": 15718.0, "2004": 15704.4, "2005": 15710.9, "2006": 15705.0, "2007": 15700.9, "2008": 15700.6, "2009": 15693.7, "2010": 15696.9, "2011": 15690.8, "2012": null, "2013": 15689.8, "2014": 15693.2, "2015": 15688.6, "2016": 15679.8, "2017": 15687.3, "2018": 15681.9, "2019": 15677.9, "2020": 15681.2, "2021": 15675.7, "2022": 15669.8, "2023": 15680.0, "2024": 15670.7, "2025": 15668.5, "2026": 15665.4}, "total_retreat_m": 53.2, "speed_m_per_year": -1.86, "r_squared": 0.942, "std_error": 0.09, "ci_95_low": -2.05, "ci_95_high": -1.66, "valid_years": 26, "confidence": "high", "risk_class": "low", "location_ru": "Бухта Курык", "anchor": [50.3461713804765, 44.195222995917725]}}, {"type": "Feature", "geometry": {"type": "LineString", "coordinates": [[50.35281966916663, 44.206497871262535], [50.30012270827871, 44.194706759645]]}, "properties": {"transect_id": 273, "baseline_distance_m": 135322.7, "positions": {"2000": 14818.8, "2001": 14821.2, "2002": 14828.1, "2003": 14825.0, "2004": 14819.6, "2005": 14825.0, "2006": 14821.4, "2007": 14816.2, "2008": 14815.5, "2009": 14816.4, "2010": 14810.6, "2011": 14812.9, "2012": null, "2013": 14811.9, "2014": 14802.8, "2015": 14807.7, "2016": 14806.1, "2017": 14810.3, "2018": 14797.7, "2019": 14802.5, "2020": 14801.0, "2021": 14805.6, "2022": 14800.5, "2023": 14806.8, "2024": 14801.1, "2025": 14795.7, "2026": 14797.2}, "total_retreat_m": 21.6, "speed_m_per_year": -1.08, "r_squared": 0.847, "std_error": 0.09, "ci_95_low": -1.27, "ci_95_high": -0.88, "valid_years": 26, "confidence": "high", "risk_class": "low", "location_ru": "Тюб-Караганский залив", "anchor": [50.344036842351976, 44.204532685992945]}}, {"type": "Feature", "geometry": {"type": "LineString", "coordinates": [[50.35084899562241, 44.215530277564945], [50.29802860124383, 44.204305040921945]]}, "properties": {"transect_id": 274, "baseline_distance_m": 135803.8, "positions": {"2000": 11109.0, "2001": 11096.5, "2002": 11087.1, "2003": 11075.6, "2004": 11047.3, "2005": 11047.1, "2006": 11026.5, "2007": 11004.9, "2008": 10985.9, "2009": 10977.2, "2010": 10968.7, "2011": 10954.0, "2012": null, "2013": 10927.6, "2014": 10908.4, "2015": 10891.6, "2016": 10879.8, "2017": 10867.0, "2018": 10853.2, "2019": 10834.6, "2020": 10826.8, "2021": 10806.2, "2022": 10790.6, "2023": 10777.4, "2024": 10769.3, "2025": 10749.9, "2026": 10733.1}, "total_retreat_m": 375.9, "speed_m_per_year": -14.47, "r_squared": 0.999, "std_error": 0.11, "ci_95_low": -14.69, "ci_95_high": -14.25, "valid_years": 26, "confidence": "high", "risk_class": "medium", "location_ru": "Мыс Меловой", "anchor": [50.34204559655931, 44.21365940479111]}}, {"type": "Feature", "geometry": {"type": "LineString", "coordinates": [[50.34902154214648, 44.22436732874392], [50.296080104071486, 44.213727585582006]]}, "properties": {"transect_id": 275, "baseline_distance_m": 136284.9, "positions": {"2000": 11454.2, "2001": 11455.3, "2002": 11451.6, "2003": 11442.0, "2004": 11441.6, "2005": 11433.4, "2006": 11434.7, "2007": 11430.1, "2008": 11428.0, "2009": 11423.7, "2010": 11422.5, "2011": 11422.8, "2012": null, "2013": 11414.3, "2014": 11404.4, "2015": 11405.9, "2016": 11399.8, "2017": 11403.9, "2018": 11402.0, "2019": 11398.0, "2020": 11390.9, "2021": 11392.0, "2022": 11386.2, "2023": 11380.5, "2024": 11385.1, "2025": 11382.4, "2026": 11380.0}, "total_retreat_m": 74.2, "speed_m_per_year": -2.95, "r_squared": 0.982, "std_error": 0.08, "ci_95_low": -3.12, "ci_95_high": -2.78, "valid_years": 26, "confidence": "high", "risk_class": "low", "location_ru": "Южная коса Актау", "anchor": [50.34019796913398, 44.22259403821693]}}, {"type": "Feature", "geometry": {"type": "LineString", "coordinates": [[50.34733759622155, 44.232999786833915], [50.29427750860277, 44.22296848074312]]}, "properties": {"transect_id": 276, "baseline_distance_m": 136766.0, "positions": {"2000": 11314.1, "2001": 11302.3, "2002": 11281.2, "2003": 11265.9, "2004": 11240.7, "2005": 11232.7, "2006": 11217.8, "2007": 11199.4, "2008": 11191.6, "2009": 11163.5, "2010": 11149.5, "2011": 11131.7, "2012": null, "2013": 11100.2, "2014": 11090.1, "2015": 11075.5, "2016": 11050.3, "2017": 11033.8, "2018": 11015.6, "2019": 11009.0, "2020": 10991.9, "2021": 10970.5, "2022": 10948.9, "2023": 10932.9, "2024": 10922.3, "2025": 10907.4, "2026": 10880.5}, "total_retreat_m": 433.6, "speed_m_per_year": -16.45, "r_squared": 0.999, "std_error": 0.11, "ci_95_low": -16.67, "ci_95_high": -16.23, "valid_years": 26, "confidence": "high", "risk_class": "medium", "location_ru": "Побережье у Баутино", "anchor": [50.33849424828509, 44.23132790248545]}}, {"type": "Feature", "geometry": {"type": "LineString", "coordinates": [[50.34579738835889, 44.2414188022426], [50.29262116412144, 44.232022570239906]]}, "properties": {"transect_id": 277, "baseline_distance_m": 137247.0, "positions": {"2000": 15881.4, "2001": 15874.6, "2002": 15857.5, "2003": 15836.9, "2004": 15826.3, "2005": 15813.3, "2006": 15796.3, "2007": 15782.5, "2008": 15778.8, "2009": 15755.1, "2010": 15749.6, "2011": 15729.9, "2012": null, "2013": 15704.1, "2014": 15692.8, "2015": 15674.5, "2016": 15665.4, "2017": 15641.3, "2018": 15637.5, "2019": 15612.2, "2020": 15607.5, "2021": 15598.1, "2022": 15583.5, "2023": 15562.1, "2024": 15548.9, "2025": 15537.1, "2026": 15526.9}, "total_retreat_m": 354.5, "speed_m_per_year": -13.8, "r_squared": 0.999, "std_error": 0.1, "ci_95_low": -14.0, "ci_95_high": -13.59, "valid_years": 26, "confidence": "high", "risk_class": "medium", "location_ru": "Залив Комсомолец", "anchor": [50.33693468431932, 44.239852763575485]}}, {"type": "Feature", "geometry": {"type": "LineString", "coordinates": [[50.344401087365746, 44.249615922919915], [50.29111150062202, 44.24088551945367]]}, "properties": {"transect_id": 278, "baseline_distance_m": 137728.1, "positions": {"2000": 11506.7, "2001": 11475.6, "2002": 11450.1, "2003": 11420.1, "2004": 11388.3, "2005": 11354.0, "2006": 11333.5, "2007": 11300.4, "2008": 11273.2, "2009": 11248.7, "2010": 11223.7, "2011": 11189.1, "2012": null, "2013": 11134.0, "2014": 11097.2, "2015": 11075.3, "2016": 11045.3, "2017": 11021.7, "2018": 10985.9, "2019": 10958.3, "2020": 10934.8, "2021": 10901.4, "2022": 10868.6, "2023": 10854.5, "2024": 10811.3, "2025": 10786.6, "2026": 10759.5}, "total_retreat_m": 747.2, "speed_m_per_year": -28.68, "r_squared": 1.0, "std_error": 0.09, "ci_95_low": -28.88, "ci_95_high": -28.48, "valid_years": 26, "confidence": "high", "risk_class": "high", "location_ru": "Мыс Ракушечный", "anchor": [50.33551948957513, 44.24816085567554]}}, {"type": "Feature", "geometry": {"type": "LineString", "coordinates": [[50.343148794209746, 44.257583101104004], [50.28974905915194, 44.24955388596453]]}, "properties": {"transect_id": 279, "baseline_distance_m": 138209.2, "positions": {"2000": 10083.9, "2001": 10075.6, "2002": 10064.0, "2003": 10068.9, "2004": 10051.3, "2005": 10046.5, "2006": 10034.6, "2007": 10026.5, "2008": 10017.9, "2009": 10005.5, "2010": 10002.9, "2011": 9993.8, "2012": null, "2013": 9983.9, "2014": 9966.3, "2015": 9960.7, "2016": 9951.3, "2017": 9952.5, "2018": 9935.2, "2019": 9932.8, "2020": 9926.3, "2021": 9913.7, "2022": 9900.7, "2023": 9892.6, "2024": 9893.4, "2025": 9876.8, "2026": 9875.3}, "total_retreat_m": 208.6, "speed_m_per_year": -8.15, "r_squared": 0.997, "std_error": 0.1, "ci_95_low": -8.34, "ci_95_high": -7.95, "valid_years": 26, "confidence": "high", "risk_class": "medium", "location_ru": "Северный Бузачи", "anchor": [50.334248838366776, 44.25624489858076]}}, {"type": "Feature", "geometry": {"type": "LineString", "coordinates": [[50.34204053406987, 44.265312697441814], [50.28853453128096, 44.25802519680347]]}, "properties": {"transect_id": 280, "baseline_distance_m": 138690.3, "positions": {"2000": 10157.8, "2001": 10142.8, "2002": 10133.3, "2003": 10130.8, "2004": 10116.1, "2005": 10098.3, "2006": 10102.6, "2007": 10086.5, "2008": 10083.2, "2009": 10077.6, "2010": 10062.8, "2011": 10057.4, "2012": null, "2013": 10035.4, "2014": 10031.8, "2015": 10011.9, "2016": 10006.8, "2017": 10000.2, "2018": 9987.4, "2019": 9983.4, "2020": 9967.8, "2021": 9968.5, "2022": 9959.4, "2023": 9942.7, "2024": 9934.5, "2025": 9927.7, "2026": 9908.9}, "total_retreat_m": 248.9, "speed_m_per_year": -9.13, "r_squared": 0.997, "std_error": 0.11, "ci_95_low": -9.35, "ci_95_high": -8.91, "valid_years": 26, "confidence": "high", "risk_class": "medium", "location_ru": "Прибрежная зона Каламкас", "anchor": [50.33312286693838, 44.26409811400209]}}, {"type": "Feature", "geometry": {"type": "LineString", "coordinates": [[50.341076246038966, 44.27279748230372], [50.28746881037388, 44.266298032987535]]}, "properties": {"transect_id": 281, "baseline_distance_m": 139171.3, "positions": {"2000": 12190.1, "2001": 12166.2, "2002": 12145.3, "2003": 12113.9, "2004": 12100.8, "2005": 12076.7, "2006": 12061.5, "2007": 12039.9, "2008": 12016.4, "2009": 11993.8, "2010": 11964.4, "2011": 11950.9, "2012": null, "2013": 11907.3, "2014": 11887.9, "2015": 11869.5, "2016": 11832.4, "2017": 11815.8, "2018": 11792.5, "2019": 11774.3, "2020": 11751.8, "2021": 11728.9, "2022": 11712.1, "2023": 11681.7, "2024": 11660.1, "2025": 11638.3, "2026": 11619.1}, "total_retreat_m": 571.0, "speed_m_per_year": -21.91, "r_squared": 0.999, "std_error": 0.1, "ci_95_low": -22.12, "ci_95_high": -21.7, "valid_years": 26, "confidence": "high", "risk_class": "high", "location_ru": "Севернее водозабора МАЭК", "anchor": [50.33214167342812, 44.271714240751024]}}, {"type": "Feature", "geometry": {"type": "LineString", "coordinates": [[50.340255769783425, 44.280030634153945], [50.28655305813648, 44.274372121826076]]}, "properties": {"transect_id": 282, "baseline_distance_m": 139652.4, "positions": {"2000": 15291.1, "2001": 15267.6, "2002": 15253.2, "2003": 15228.5, "2004": 15212.0, "2005": 15186.0, "2006": 15165.7, "2007": 15142.6, "2008": 15123.8, "2009": 15105.7, "2010": 15080.2, "2011": 15063.0, "2012": null, "2013": 15015.7, "2014": 15001.0, "2015": 14974.6, "2016": 14959.4, "2017": 14935.2, "2018": 14920.1, "2019": 14888.4, "2020": 14866.1, "2021": 14848.6, "2022": 14824.5, "2023": 14803.5, "2024": 14790.6, "2025": 14767.1, "2026": 14744.2}, "total_retreat_m": 546.9, "speed_m_per_year": -21.09, "r_squared": 1.0, "std_error": 0.08, "ci_95_low": -21.25, "ci_95_high": -20.92, "valid_years": 26, "confidence": "high", "risk_class": "high", "location_ru": "Бухта Курык", "anchor": [50.331305317842265, 44.279087548765965]}}, {"type": "Feature", "geometry": {"type": "LineString", "coordinates": [[50.33957882826218, 44.28700573493335], [50.28578879092613, 44.282248437025295]]}, "properties": {"transect_id": 283, "baseline_distance_m": 140133.5, "positions": {"2000": 11044.5, "2001": 11021.6, "2002": 11005.9, "2003": 11001.0, "2004": 10983.6, "2005": 10979.2, "2006": 10955.6, "2007": 10947.7, "2008": 10935.3, "2009": 10915.5, "2010": 10901.3, "2011": 10893.8, "2012": null, "2013": 10866.4, "2014": 10845.1, "2015": 10832.9, "2016": 10813.9, "2017": 10813.0, "2018": 10796.2, "2019": 10783.3, "2020": 10763.8, "2021": 10752.8, "2022": 10741.9, "2023": 10727.7, "2024": 10717.5, "2025": 10706.0, "2026": 10699.4}, "total_retreat_m": 345.1, "speed_m_per_year": -13.44, "r_squared": 0.998, "std_error": 0.12, "ci_95_low": -13.68, "ci_95_high": -13.2, "valid_years": 26, "confidence": "high", "risk_class": "medium", "location_ru": "Тюб-Караганский залив", "anchor": [50.3306138220395, 44.286212851948676]}}, {"type": "Feature", "geometry": {"type": "LineString", "coordinates": [[50.33904500535163, 44.29371676257441], [50.28517799159233, 44.28992930582146]]}, "properties": {"transect_id": 284, "baseline_distance_m": 140614.6, "positions": {"2000": 15622.9, "2001": 15609.6, "2002": 15604.9, "2003": 15589.9, "2004": 15586.3, "2005": 15573.2, "2006": 15558.5, "2007": 15563.3, "2008": 15544.2, "2009": 15529.8, "2010": 15529.9, "2011": 15513.4, "2012": null, "2013": 15500.7, "2014": 15483.4, "2015": 15474.2, "2016": 15467.8, "2017": 15458.8, "2018": 15449.5, "2019": 15436.1, "2020": 15428.5, "2021": 15419.4, "2022": 15407.2, "2023": 15395.9, "2024": 15380.7, "2025": 15378.9, "2026": 15366.7}, "total_retreat_m": 256.2, "speed_m_per_year": -9.81, "r_squared": 0.998, "std_error": 0.09, "ci_95_low": -9.99, "ci_95_high": -9.62, "valid_years": 26, "confidence": "high", "risk_class": "medium", "location_ru": "Мыс Меловой", "anchor": [50.330067169725076, 44.29308551978225]}}, {"type": "Feature", "geometry": {"type": "LineString", "coordinates": [[50.33865371691052, 44.30015808105268], [50.284723254178274, 44.29741852096291]]}, "properties": {"transect_id": 285, "baseline_distance_m": 141095.7, "positions": {"2000": 12022.4, "2001": 12021.3, "2002": 12001.2, "2003": 11989.2, "2004": 11972.9, "2005": 11954.5, "2006": 11947.2, "2007": 11935.7, "2008": 11923.6, "2009": 11906.8, "2010": 11885.4, "2011": 11874.6, "2012": null, "2013": 11862.2, "2014": 11836.2, "2015": 11832.9, "2016": 11810.1, "2017": 11799.7, "2018": 11789.5, "2019": 11770.3, "2020": 11766.6, "2021": 11747.1, "2022": 11735.3, "2023": 11719.0, "2024": 11709.3, "2025": 11699.6, "2026": 11679.3}, "total_retreat_m": 343.1, "speed_m_per_year": -13.26, "r_squared": 0.998, "std_error": 0.11, "ci_95_low": -13.49, "ci_95_high": -13.04, "valid_years": 26, "confidence": "high", "risk_class": "medium", "location_ru": "Южная коса Актау", "anchor": [50.32966530645515, 44.29970148770438]}}, {"type": "Feature", "geometry": {"type": "LineString", "coordinates": [[50.33840417345077, 44.3063244288502], [50.28442797065262, 44.304721453025856]]}, "properties": {"transect_id": 286, "baseline_distance_m": 141576.7, "positions": {"2000": 14143.1, "2001": 14146.5, "2002": 14144.8, "2003": 14154.4, "2004": 14158.1, "2005": 14159.1, "2006": 14168.5, "2007": 14172.1, "2008": 14175.8, "2009": 14180.3, "2010": 14184.7, "2011": 14188.1, "2012": null, "2013": 14199.1, "2014": 14200.5, "2015": 14218.2, "2016": 14206.4, "2017": 14214.2, "2018": 14219.0, "2019": 14233.7, "2020": 14224.8, "2021": 14236.3, "2022": 14240.0, "2023": 14244.9, "2024": 14253.0, "2025": 14257.4, "2026": 14255.2}, "total_retreat_m": -112.1, "speed_m_per_year": 4.57, "r_squared": 0.99, "std_error": 0.09, "ci_95_low": 4.37, "ci_95_high": 4.76, "valid_years": 26, "confidence": "high", "risk_class": "low", "location_ru": "Побережье у Баутино", "anchor": [50.32940813965108, 44.30605726621281]}}, {"type": "Feature", "geometry": {"type": "LineString", "coordinates": [[50.33829533217862, 44.312210907451906], [50.28429657085002, 44.311845154835645]]}, "properties": {"transect_id": 287, "baseline_distance_m": 142057.8, "positions": {"2000": 15885.8, "2001": 15874.4, "2002": 15869.0, "2003": 15855.2, "2004": 15855.7, "2005": 15839.5, "2006": 15839.1, "2007": 15825.7, "2008": 15819.4, "2009": 15819.6, "2010": 15809.5, "2011": 15803.9, "2012": null, "2013": 15789.9, "2014": 15772.8, "2015": 15774.0, "2016": 15754.4, "2017": 15755.4, "2018": 15742.6, "2019": 15733.0, "2020": 15731.4, "2021": 15724.9, "2022": 15716.9, "2023": 15706.3, "2024": 15698.1, "2025": 15691.9, "2026": 15683.2}, "total_retreat_m": 202.6, "speed_m_per_year": -7.66, "r_squared": 0.997, "std_error": 0.09, "ci_95_low": -7.85, "ci_95_high": -7.47, "valid_years": 26, "confidence": "high", "risk_class": "low", "location_ru": "Залив Комсомолец", "anchor": [50.32929553862385, 44.31214994868253]}}, {"type": "Feature", "geometry": {"type": "LineString", "coordinates": [[50.338325835789966, 44.317812972672094], [50.284334828701255, 44.318798443902814]]}, "properties": {"transect_id": 288, "baseline_distance_m": 142538.9, "positions": {"2000": 13936.7, "2001": 13922.1, "2002": 13923.5, "2003": 13913.8, "2004": 13915.7, "2005": 13916.5, "2006": 13903.4, "2007": 13901.1, "2008": 13899.0, "2009": 13883.0, "2010": 13884.5, "2011": 13883.4, "2012": null, "2013": 13861.0, "2014": 13864.0, "2015": 13867.6, "2016": 13862.5, "2017": 13855.4, "2018": 13852.7, "2019": 13845.4, "2020": 13842.1, "2021": 13833.9, "2022": 13830.9, "2023": 13823.3, "2024": 13826.2, "2025": 13822.5, "2026": 13817.3}, "total_retreat_m": 119.4, "speed_m_per_year": -4.49, "r_squared": 0.986, "std_error": 0.11, "ci_95_low": -4.72, "ci_95_high": -4.27, "valid_years": 26, "confidence": "high", "risk_class": "low", "location_ru": "Мыс Ракушечный", "anchor": [50.329327334608514, 44.317977217877214]}}, {"type": "Feature", "geometry": {"type": "LineString", "coordinates": [[50.33849393516996, 44.323126433381894], [50.28455024900142, 44.3255919399323]]}, "properties": {"transect_id": 289, "baseline_distance_m": 143020.0, "positions": {"2000": 11497.8, "2001": 11480.1, "2002": 11475.9, "2003": 11459.9, "2004": 11446.0, "2005": 11429.1, "2006": 11420.2, "2007": 11401.1, "2008": 11394.9, "2009": 11384.8, "2010": 11372.7, "2011": 11356.0, "2012": null, "2013": 11321.4, "2014": 11314.7, "2015": 11309.4, "2016": 11284.2, "2017": 11274.4, "2018": 11267.2, "2019": 11250.9, "2020": 11245.3, "2021": 11219.4, "2022": 11205.3, "2023": 11201.1, "2024": 11178.3, "2025": 11169.2, "2026": 11156.7}, "total_retreat_m": 341.1, "speed_m_per_year": -13.1, "r_squared": 0.998, "std_error": 0.11, "ci_95_low": -13.32, "ci_95_high": -12.88, "valid_years": 26, "confidence": "high", "risk_class": "medium", "location_ru": "Северный Бузачи", "anchor": [50.329503320808534, 44.323537351140295]}}, {"type": "Feature", "geometry": {"type": "LineString", "coordinates": [[50.338797393306706, 44.328147464845564], [50.284952548168846, 44.33223802129664]]}, "properties": {"transect_id": 290, "baseline_distance_m": 143501.0, "positions": {"2000": 11007.9, "2001": 11004.2, "2002": 11010.5, "2003": 11021.6, "2004": 11008.0, "2005": 11005.5, "2006": 10999.7, "2007": 11002.1, "2008": 11003.6, "2009": 11002.1, "2010": 11004.0, "2011": 11011.0, "2012": null, "2013": 11008.5, "2014": 11002.6, "2015": 10998.3, "2016": 11008.2, "2017": 11002.5, "2018": 10995.6, "2019": 11005.1, "2020": 11006.2, "2021": 10992.2, "2022": 10998.4, "2023": 11001.1, "2024": 11004.2, "2025": 10999.0, "2026": 10997.6}, "total_retreat_m": 10.3, "speed_m_per_year": -0.4, "r_squared": 0.304, "std_error": 0.12, "ci_95_low": -0.65, "ci_95_high": -0.14, "valid_years": 26, "confidence": "low", "risk_class": "low", "location_ru": "Прибрежная зона Каламкас", "anchor": [50.329823252450396, 44.32882922425408]}}, {"type": "Feature", "geometry": {"type": "LineString", "coordinates": [[50.339233368733254, 44.33287264760905], [50.2855542374214, 44.33875064570402]]}, "properties": {"transect_id": 291, "baseline_distance_m": 143982.1, "positions": {"2000": 13285.7, "2001": 13276.1, "2002": 13272.2, "2003": 13277.7, "2004": 13272.8, "2005": 13272.5, "2006": 13263.8, "2007": 13259.8, "2008": 13265.5, "2009": 13251.0, "2010": 13259.2, "2011": 13256.6, "2012": null, "2013": 13248.9, "2014": 13239.7, "2015": 13236.3, "2016": 13235.8, "2017": 13228.5, "2018": 13226.9, "2019": 13230.4, "2020": 13227.5, "2021": 13217.8, "2022": 13221.7, "2023": 13217.9, "2024": 13219.2, "2025": 13212.5, "2026": 13211.6}, "total_retreat_m": 74.1, "speed_m_per_year": -2.83, "r_squared": 0.973, "std_error": 0.1, "ci_95_low": -3.03, "ci_95_high": -2.63, "valid_years": 26, "confidence": "high", "risk_class": "low", "location_ru": "Севернее водозабора МАЭК", "anchor": [50.33028684684795, 44.33385231395821]}}, {"type": "Feature", "geometry": {"type": "LineString", "coordinates": [[50.33979827943881, 44.33729904792021], [50.28637130366765, 44.34514495513021]]}, "properties": {"transect_id": 292, "baseline_distance_m": 144463.2, "positions": {"2000": 12123.6, "2001": 12123.1, "2002": 12118.3, "2003": 12112.3, "2004": 12109.9, "2005": 12105.5, "2006": 12099.4, "2007": 12092.0, "2008": 12084.6, "2009": 12086.8, "2010": 12078.6, "2011": 12068.0, "2012": null, "2013": 12061.0, "2014": 12049.6, "2015": 12051.6, "2016": 12045.5, "2017": 12038.8, "2018": 12042.3, "2019": 12026.2, "2020": 12028.5, "2021": 12029.2, "2022": 12019.6, "2023": 12010.1, "2024": 12000.5, "2025": 11994.4, "2026": 11993.1}, "total_retreat_m": 130.5, "speed_m_per_year": -5.14, "r_squared": 0.992, "std_error": 0.1, "ci_95_low": -5.34, "ci_95_high": -4.95, "valid_years": 26, "confidence": "high", "risk_class": "low", "location_ru": "Бухта Курык", "anchor": [50.33089378347695, 44.338606699121875]}}, {"type": "Feature", "geometry": {"type": "LineString", "coordinates": [[50.34048765366511, 44.34142436186084], [50.287423956031084, 44.35143655409854]]}, "properties": {"transect_id": 293, "baseline_distance_m": 144944.3, "positions": {"2000": 11234.5, "2001": 11219.8, "2002": 11206.7, "2003": 11184.2, "2004": 11170.9, "2005": 11157.5, "2006": 11141.8, "2007": 11134.4, "2008": 11112.5, "2009": 11089.5, "2010": 11082.1, "2011": 11067.1, "2012": null, "2013": 11033.4, "2014": 11013.5, "2015": 11009.9, "2016": 10983.0, "2017": 10974.4, "2018": 10957.0, "2019": 10943.1, "2020": 10932.0, "2021": 10911.9, "2022": 10891.9, "2023": 10883.0, "2024": 10860.5, "2025": 10848.2, "2026": 10826.8}, "total_retreat_m": 407.7, "speed_m_per_year": -15.48, "r_squared": 0.999, "std_error": 0.09, "ci_95_low": -15.68, "ci_95_high": -15.28, "valid_years": 26, "confidence": "high", "risk_class": "medium", "location_ru": "Тюб-Караганский залив", "anchor": [50.33164370405944, 44.34309306056712]}}, {"type": "Feature", "geometry": {"type": "LineString", "coordinates": [[50.34129598407327, 44.34524715182574], [50.28873735558214, 44.3576403181335]]}, "properties": {"transect_id": 294, "baseline_distance_m": 145425.3, "positions": {"2000": 13024.2, "2001": 12997.3, "2002": 12987.4, "2003": 12963.5, "2004": 12953.3, "2005": 12928.1, "2006": 12906.4, "2007": 12892.6, "2008": 12869.9, "2009": 12860.0, "2010": 12836.3, "2011": 12817.1, "2012": null, "2013": 12782.8, "2014": 12757.7, "2015": 12738.0, "2016": 12726.1, "2017": 12701.4, "2018": 12682.8, "2019": 12671.9, "2020": 12652.0, "2021": 12626.3, "2022": 12610.2, "2023": 12590.4, "2024": 12582.5, "2025": 12560.3, "2026": 12536.4}, "total_retreat_m": 487.8, "speed_m_per_year": -18.61, "r_squared": 0.999, "std_error": 0.09, "ci_95_low": -18.8, "ci_95_high": -18.41, "valid_years": 26, "confidence": "high", "risk_class": "medium", "location_ru": "Мыс Меловой", "anchor": [50.332536212658084, 44.3473126795437]}}, {"type": "Feature", "geometry": {"type": "LineString", "coordinates": [[50.34221661845866, 44.3487672081603], [50.29034216238993, 44.363768568351084]]}, "properties": {"transect_id": 295, "baseline_distance_m": 145906.4, "positions": {"2000": 15781.8, "2001": 15780.6, "2002": 15777.6, "2003": 15771.1, "2004": 15768.1, "2005": 15763.1, "2006": 15757.7, "2007": 15752.8, "2008": 15748.0, "2009": 15746.2, "2010": 15742.6, "2011": 15737.4, "2012": null, "2013": 15723.2, "2014": 15719.5, "2015": 15720.7, "2016": 15720.7, "2017": 15711.0, "2018": 15704.4, "2019": 15702.6, "2020": 15692.8, "2021": 15698.2, "2022": 15689.4, "2023": 15681.6, "2024": 15679.2, "2025": 15673.4, "2026": 15676.4}, "total_retreat_m": 105.4, "speed_m_per_year": -4.33, "r_squared": 0.994, "std_error": 0.07, "ci_95_low": -4.47, "ci_95_high": -4.18, "valid_years": 26, "confidence": "high", "risk_class": "low", "location_ru": "Южная коса Актау", "anchor": [50.33357087578054, 44.35126743485876]}}, {"type": "Feature", "geometry": {"type": "LineString", "coordinates": [[50.34324174484121, 44.35198606530996], [50.29227461075514, 44.36982846545828]]}, "properties": {"transect_id": 296, "baseline_distance_m": 146387.5, "positions": {"2000": 13936.6, "2001": 13920.0, "2002": 13912.4, "2003": 13901.4, "2004": 13882.8, "2005": 13878.6, "2006": 13866.1, "2007": 13855.5, "2008": 13843.7, "2009": 13833.3, "2010": 13826.2, "2011": 13804.8, "2012": null, "2013": 13785.5, "2014": 13778.2, "2015": 13766.1, "2016": 13754.7, "2017": 13752.5, "2018": 13732.6, "2019": 13723.3, "2020": 13706.2, "2021": 13692.1, "2022": 13683.5, "2023": 13676.3, "2024": 13663.7, "2025": 13652.3, "2026": 13638.5}, "total_retreat_m": 298.1, "speed_m_per_year": -11.27, "r_squared": 0.999, "std_error": 0.08, "ci_95_low": -11.45, "ci_95_high": -11.1, "valid_years": 26, "confidence": "high", "risk_class": "medium", "location_ru": "Побережье у Баутино", "anchor": [50.33474722249353, 44.35495979866801]}}, {"type": "Feature", "geometry": {"type": "LineString", "coordinates": [[50.344362559542965, 44.3549076815444], [50.294575669567, 44.375818577903026]]}, "properties": {"transect_id": 297, "baseline_distance_m": 146868.6, "positions": {"2000": 15654.7, "2001": 15642.2, "2002": 15621.9, "2003": 15616.0, "2004": 15597.4, "2005": 15588.9, "2006": 15573.3, "2007": 15567.4, "2008": 15546.6, "2009": 15536.0, "2010": 15524.8, "2011": 15505.9, "2012": null, "2013": 15483.2, "2014": 15469.5, "2015": 15455.6, "2016": 15442.9, "2017": 15436.2, "2018": 15416.4, "2019": 15408.1, "2020": 15394.2, "2021": 15374.4, "2022": 15369.1, "2023": 15348.4, "2024": 15343.6, "2025": 15326.1, "2026": 15315.3}, "total_retreat_m": 339.4, "speed_m_per_year": -13.03, "r_squared": 0.999, "std_error": 0.08, "ci_95_low": -13.19, "ci_95_high": -12.88, "valid_years": 26, "confidence": "high", "risk_class": "medium", "location_ru": "Залив Комсомолец", "anchor": [50.336064744546974, 44.358392830937504]}}, {"type": "Feature", "geometry": {"type": "LineString", "coordinates": [[50.345569734272345, 44.35753924192818], [50.297288707684764, 44.38172482589155]]}, "properties": {"transect_id": 298, "baseline_distance_m": 147349.6, "positions": {"2000": 12367.9, "2001": 12339.7, "2002": 12319.3, "2003": 12302.3, "2004": 12281.2, "2005": 12248.3, "2006": 12244.9, "2007": 12217.7, "2008": 12197.2, "2009": 12172.6, "2010": 12144.5, "2011": 12133.4, "2012": null, "2013": 12086.0, "2014": 12069.2, "2015": 12045.0, "2016": 12025.6, "2017": 12000.3, "2018": 11985.6, "2019": 11956.2, "2020": 11948.7, "2021": 11927.5, "2022": 11903.8, "2023": 11881.2, "2024": 11854.5, "2025": 11838.3, "2026": 11812.0}, "total_retreat_m": 555.9, "speed_m_per_year": -21.06, "r_squared": 0.999, "std_error": 0.11, "ci_95_low": -21.29, "ci_95_high": -20.82, "valid_years": 26, "confidence": "high", "risk_class": "high", "location_ru": "Мыс Ракушечный", "anchor": [50.33752289650775, 44.36157017258874]}}, {"type": "Feature", "geometry": {"type": "LineString", "coordinates": [[50.34685429949688, 44.35989195630666], [50.300455077936235, 44.387516442520266]]}, "properties": {"transect_id": 299, "baseline_distance_m": 147830.7, "positions": {"2000": 15849.6, "2001": 15821.3, "2002": 15792.9, "2003": 15771.8, "2004": 15743.3, "2005": 15730.7, "2006": 15696.9, "2007": 15680.8, "2008": 15652.7, "2009": 15626.7, "2010": 15609.7, "2011": 15583.8, "2012": null, "2013": 15541.3, "2014": 15509.2, "2015": 15487.6, "2016": 15457.5, "2017": 15434.7, "2018": 15427.0, "2019": 15404.5, "2020": 15372.9, "2021": 15345.6, "2022": 15324.1, "2023": 15305.1, "2024": 15275.9, "2025": 15255.3, "2026": 15230.7}, "total_retreat_m": 618.9, "speed_m_per_year": -23.55, "r_squared": 0.999, "std_error": 0.12, "ci_95_low": -23.78, "ci_95_high": -23.31, "valid_years": 26, "confidence": "high", "risk_class": "high", "location_ru": "Северный Бузачи", "anchor": [50.339121095903444, 44.36449603734226]}}, {"type": "Feature", "geometry": {"type": "LineString", "coordinates": [[50.34820899946914, 44.361981606091355], [50.30410734290859, 44.39314318321151]]}, "properties": {"transect_id": 300, "baseline_distance_m": 148311.8, "positions": {"2000": 14816.2, "2001": 14796.2, "2002": 14786.9, "2003": 14768.2, "2004": 14755.7, "2005": 14745.7, "2006": 14724.5, "2007": 14713.9, "2008": 14688.1, "2009": 14678.4, "2010": 14665.4, "2011": 14658.0, "2012": null, "2013": 14612.5, "2014": 14605.0, "2015": 14596.2, "2016": 14572.3, "2017": 14559.6, "2018": 14546.8, "2019": 14531.2, "2020": 14521.8, "2021": 14502.3, "2022": 14490.9, "2023": 14469.2, "2024": 14452.7, "2025": 14439.7, "2026": 14421.0}, "total_retreat_m": 395.2, "speed_m_per_year": -14.98, "r_squared": 0.999, "std_error": 0.1, "ci_95_low": -15.19, "ci_95_high": -14.78, "valid_years": 26, "confidence": "high", "risk_class": "medium", "location_ru": "Прибрежная зона Каламкас", "anchor": [50.34085872337572, 44.36717520227805]}}, {"type": "Feature", "geometry": {"type": "LineString", "coordinates": [[50.34963001349272, 44.36382849344435], [50.30826066959685, 44.39853551558145]]}, "properties": {"transect_id": 301, "baseline_distance_m": 148792.9, "positions": {"2000": 13215.3, "2001": 13214.3, "2002": 13202.0, "2003": 13203.9, "2004": 13193.2, "2005": 13194.0, "2006": 13182.1, "2007": 13180.4, "2008": 13172.9, "2009": 13169.4, "2010": 13161.1, "2011": 13148.3, "2012": null, "2013": 13147.5, "2014": 13137.4, "2015": 13135.2, "2016": 13129.0, "2017": 13117.5, "2018": 13111.2, "2019": 13111.7, "2020": 13102.1, "2021": 13101.4, "2022": 13091.2, "2023": 13090.2, "2024": 13082.1, "2025": 13075.8, "2026": 13067.4}, "total_retreat_m": 147.9, "speed_m_per_year": -5.69, "r_squared": 0.996, "std_error": 0.08, "ci_95_low": -5.85, "ci_95_high": -5.54, "valid_years": 26, "confidence": "high", "risk_class": "low", "location_ru": "Севернее водозабора МАЭК", "anchor": [50.34273512284341, 44.36961299713387]}}, {"type": "Feature", "geometry": {"type": "LineString", "coordinates": [[50.35111868694577, 44.365456459703964], [50.31290417532365, 44.403609455673916]]}, "properties": {"transect_id": 302, "baseline_distance_m": 149273.9, "positions": {"2000": 15187.8, "2001": 15182.0, "2002": 15172.0, "2003": 15164.2, "2004": 15162.5, "2005": 15152.3, "2006": 15139.7, "2007": 15132.1, "2008": 15120.3, "2009": 15114.4, "2010": 15108.2, "2011": 15102.2, "2012": null, "2013": 15085.6, "2014": 15070.1, "2015": 15070.3, "2016": 15058.0, "2017": 15046.3, "2018": 15047.5, "2019": 15039.9, "2020": 15027.0, "2021": 15020.6, "2022": 15012.8, "2023": 15007.2, "2024": 14996.4, "2025": 14980.1, "2026": 14985.3}, "total_retreat_m": 202.5, "speed_m_per_year": -8.04, "r_squared": 0.997, "std_error": 0.09, "ci_95_low": -8.22, "ci_95_high": -7.86, "valid_years": 26, "confidence": "high", "risk_class": "medium", "location_ru": "Бухта Курык", "anchor": [50.34474960167542, 44.371815292365625]}}, {"type": "Feature", "geometry": {"type": "LineString", "coordinates": [[50.352682679926936, 44.366890866162144], [50.31799518560348, 44.40827658516714]]}, "properties": {"transect_id": 303, "baseline_distance_m": 149755.0, "positions": {"2000": 12941.8, "2001": 12947.1, "2002": 12943.1, "2003": 12944.7, "2004": 12945.5, "2005": 12939.4, "2006": 12936.4, "2007": 12941.6, "2008": 12937.1, "2009": 12938.9, "2010": 12932.1, "2011": 12935.7, "2012": null, "2013": 12937.9, "2014": 12936.6, "2015": 12930.2, "2016": 12927.8, "2017": 12931.7, "2018": 12933.1, "2019": 12931.6, "2020": 12927.1, "2021": 12929.5, "2022": 12933.5, "2023": 12927.5, "2024": 12919.3, "2025": 12925.8, "2026": 12932.3}, "total_retreat_m": 9.5, "speed_m_per_year": -0.73, "r_squared": 0.755, "std_error": 0.08, "ci_95_low": -0.91, "ci_95_high": -0.56, "valid_years": 26, "confidence": "medium", "risk_class": "low", "location_ru": "Тюб-Караганский залив", "anchor": [50.346901430873025, 44.37378848599631]}}, {"type": "Feature", "geometry": {"type": "LineString", "coordinates": [[50.35433591756411, 44.368155862812245], [50.323459483751456, 44.41245762163753]]}, "properties": {"transect_id": 304, "baseline_distance_m": 150236.1, "positions": {"2000": 10763.7, "2001": 10743.0, "2002": 10721.5, "2003": 10703.3, "2004": 10677.2, "2005": 10660.0, "2006": 10632.5, "2007": 10609.6, "2008": 10586.4, "2009": 10559.9, "2010": 10546.3, "2011": 10531.5, "2012": null, "2013": 10481.3, "2014": 10460.2, "2015": 10433.9, "2016": 10412.7, "2017": 10395.6, "2018": 10377.8, "2019": 10353.8, "2020": 10329.1, "2021": 10304.1, "2022": 10282.9, "2023": 10257.1, "2024": 10232.4, "2025": 10211.7, "2026": 10194.5}, "total_retreat_m": 569.2, "speed_m_per_year": -21.98, "r_squared": 1.0, "std_error": 0.1, "ci_95_low": -22.18, "ci_95_high": -21.79, "valid_years": 26, "confidence": "high", "risk_class": "high", "location_ru": "Мыс Меловой", "anchor": [50.349189845261996, 44.37553948928313]}}, {"type": "Feature", "geometry": {"type": "LineString", "coordinates": [[50.3560970633647, 44.36927170363414], [50.32919894534074, 44.416095749238615]]}, "properties": {"transect_id": 305, "baseline_distance_m": 150717.2, "positions": {"2000": 14293.9, "2001": 14279.5, "2002": 14262.9, "2003": 14252.8, "2004": 14239.8, "2005": 14225.4, "2006": 14218.3, "2007": 14193.7, "2008": 14180.2, "2009": 14174.9, "2010": 14162.0, "2011": 14150.0, "2012": null, "2013": 14119.7, "2014": 14105.0, "2015": 14095.4, "2016": 14080.4, "2017": 14075.1, "2018": 14054.4, "2019": 14042.2, "2020": 14039.1, "2021": 14015.2, "2022": 14004.9, "2023": 13992.1, "2024": 13979.2, "2025": 13964.1, "2026": 13950.5}, "total_retreat_m": 343.4, "speed_m_per_year": -13.03, "r_squared": 0.999, "std_error": 0.08, "ci_95_low": -13.21, "ci_95_high": -12.86, "valid_years": 26, "confidence": "high", "risk_class": "medium", "location_ru": "Южная коса Актау", "anchor": [50.35161404369404, 44.37707571123489]}}, {"type": "Feature", "geometry": {"type": "LineString", "coordinates": [[50.35798683913128, 44.37025298248049], [50.33510493989083, 44.41916533968345]]}, "properties": {"transect_id": 306, "baseline_distance_m": 151198.3, "positions": {"2000": 13961.6, "2001": 13958.5, "2002": 13945.3, "2003": 13931.7, "2004": 13924.0, "2005": 13907.2, "2006": 13899.7, "2007": 13894.6, "2008": 13886.9, "2009": 13867.9, "2010": 13859.1, "2011": 13859.9, "2012": null, "2013": 13831.7, "2014": 13828.6, "2015": 13812.3, "2016": 13802.5, "2017": 13790.4, "2018": 13785.4, "2019": 13777.2, "2020": 13757.7, "2021": 13750.5, "2022": 13745.6, "2023": 13731.5, "2024": 13720.1, "2025": 13716.2, "2026": 13706.7}, "total_retreat_m": 254.9, "speed_m_per_year": -9.98, "r_squared": 0.998, "std_error": 0.09, "ci_95_low": -10.17, "ci_95_high": -9.8, "valid_years": 26, "confidence": "high", "risk_class": "medium", "location_ru": "Побережье у Баутино", "anchor": [50.35417318925787, 44.378405042014315]}}, {"type": "Feature", "geometry": {"type": "LineString", "coordinates": [[50.36002502218426, 44.37110831095764], [50.3410733460762, 44.421673456786515]]}, "properties": {"transect_id": 307, "baseline_distance_m": 151679.3, "positions": {"2000": 10469.6, "2001": 10455.8, "2002": 10444.9, "2003": 10429.5, "2004": 10410.5, "2005": 10396.5, "2006": 10380.1, "2007": 10371.2, "2008": 10346.5, "2009": 10335.3, "2010": 10316.9, "2011": 10311.0, "2012": null, "2013": 10272.1, "2014": 10264.5, "2015": 10255.9, "2016": 10241.0, "2017": 10212.1, "2018": 10205.5, "2019": 10185.4, "2020": 10169.6, "2021": 10158.9, "2022": 10149.2, "2023": 10131.7, "2024": 10111.5, "2025": 10102.1, "2026": 10075.3}, "total_retreat_m": 394.3, "speed_m_per_year": -14.91, "r_squared": 0.999, "std_error": 0.11, "ci_95_low": -15.14, "ci_95_high": -14.68, "valid_years": 26, "confidence": "high", "risk_class": "medium", "location_ru": "Залив Комсомолец", "anchor": [50.35686640949958, 44.37953583526245]}}, {"type": "Feature", "geometry": {"type": "LineString", "coordinates": [[50.36222802343792, 44.37184134509705], [50.347016662725245, 44.42365461082379]]}, "properties": {"transect_id": 308, "baseline_distance_m": 152160.4, "positions": {"2000": 13601.9, "2001": 13582.9, "2002": 13565.2, "2003": 13547.2, "2004": 13530.1, "2005": 13514.3, "2006": 13494.8, "2007": 13475.2, "2008": 13460.0, "2009": 13443.8, "2010": 13420.4, "2011": 13404.5, "2012": null, "2013": 13373.6, "2014": 13346.7, "2015": 13340.4, "2016": 13309.9, "2017": 13296.0, "2018": 13275.7, "2019": 13270.4, "2020": 13241.7, "2021": 13223.8, "2022": 13206.4, "2023": 13190.4, "2024": 13170.8, "2025": 13153.7, "2026": 13122.2}, "total_retreat_m": 479.7, "speed_m_per_year": -18.04, "r_squared": 0.999, "std_error": 0.1, "ci_95_low": -18.25, "ci_95_high": -17.82, "valid_years": 26, "confidence": "high", "risk_class": "medium", "location_ru": "Мыс Ракушечный", "anchor": [50.359692796652475, 44.380476889384845]}}, {"type": "Feature", "geometry": {"type": "LineString", "coordinates": [[50.364607579293946, 44.372452589004745], [50.35287055078718, 44.42516162202406]]}, "properties": {"transect_id": 309, "baseline_distance_m": 152641.5, "positions": {"2000": 15259.2, "2001": 15249.4, "2002": 15232.6, "2003": 15225.7, "2004": 15207.2, "2005": 15203.7, "2006": 15187.5, "2007": 15174.2, "2008": 15167.3, "2009": 15162.8, "2010": 15147.0, "2011": 15141.4, "2012": null, "2013": 15110.7, "2014": 15107.0, "2015": 15089.3, "2016": 15081.9, "2017": 15071.0, "2018": 15061.9, "2019": 15049.4, "2020": 15034.5, "2021": 15030.1, "2022": 15022.7, "2023": 15002.5, "2024": 14986.6, "2025": 14985.1, "2026": 14970.9}, "total_retreat_m": 288.3, "speed_m_per_year": -10.95, "r_squared": 0.998, "std_error": 0.09, "ci_95_low": -11.14, "ci_95_high": -10.76, "valid_years": 26, "confidence": "high", "risk_class": "medium", "location_ru": "Северный Бузачи", "anchor": [50.36265140787615, 44.3812374278413]}}, {"type": "Feature", "geometry": {"type": "LineString", "coordinates": [[50.367170574879914, 44.372941299130446], [50.35859471862914, 44.42625597524844]]}, "properties": {"transect_id": 310, "baseline_distance_m": 153122.6, "positions": {"2000": 13583.0, "2001": 13571.0, "2002": 13559.0, "2003": 13552.5, "2004": 13534.0, "2005": 13516.1, "2006": 13503.6, "2007": 13496.1, "2008": 13478.3, "2009": 13463.8, "2010": 13459.9, "2011": 13447.3, "2012": null, "2013": 13417.6, "2014": 13407.5, "2015": 13394.3, "2016": 13383.2, "2017": 13370.5, "2018": 13344.9, "2019": 13341.6, "2020": 13331.8, "2021": 13315.4, "2022": 13304.4, "2023": 13294.5, "2024": 13279.1, "2025": 13272.0, "2026": 13257.7}, "total_retreat_m": 325.3, "speed_m_per_year": -12.62, "r_squared": 0.999, "std_error": 0.09, "ci_95_low": -12.81, "ci_95_high": -12.43, "valid_years": 26, "confidence": "high", "risk_class": "medium", "location_ru": "Прибрежная зона Каламкас", "anchor": [50.36574126550479, 44.38182707848345]}}, {"type": "Feature", "geometry": {"type": "LineString", "coordinates": [[50.36991966337638, 44.37330701689615], [50.36416982694641, 44.42700002743783]]}, "properties": {"transect_id": 311, "baseline_distance_m": 153603.6, "positions": {"2000": 10136.7, "2001": 10099.5, "2002": 10048.2, "2003": 10007.3, "2004": 9959.9, "2005": 9914.8, "2006": 9870.4, "2007": 9817.5, "2008": 9779.6, "2009": 9724.2, "2010": 9670.8, "2011": 9626.6, "2012": null, "2013": 9533.0, "2014": 9489.6, "2015": 9436.3, "2016": 9391.7, "2017": 9345.0, "2018": 9296.7, "2019": 9254.5, "2020": 9206.6, "2021": 9161.5, "2022": 9108.3, "2023": 9067.3, "2024": 9009.8, "2025": 8962.5, "2026": 8916.0}, "total_retreat_m": 1220.7, "speed_m_per_year": -47.19, "r_squared": 1.0, "std_error": 0.11, "ci_95_low": -47.42, "ci_95_high": -46.96, "valid_years": 26, "confidence": "high", "risk_class": "high", "location_ru": "Севернее водозабора МАЭК", "anchor": [50.36896135730472, 44.38225585198643]}}, {"type": "Feature", "geometry": {"type": "LineString", "coordinates": [[50.37285425605654, 44.373550552311805], [50.369592540163, 44.42745195497843]]}, "properties": {"transect_id": 312, "baseline_distance_m": 154084.7, "positions": {"2000": 13721.5, "2001": 13710.0, "2002": 13699.2, "2003": 13690.4, "2004": 13674.3, "2005": 13662.1, "2006": 13647.0, "2007": 13638.1, "2008": 13633.2, "2009": 13617.0, "2010": 13601.7, "2011": 13597.7, "2012": null, "2013": 13566.6, "2014": 13562.7, "2015": 13550.7, "2016": 13533.4, "2017": 13515.3, "2018": 13518.5, "2019": 13499.0, "2020": 13484.2, "2021": 13477.4, "2022": 13464.5, "2023": 13455.0, "2024": 13435.2, "2025": 13427.2, "2026": 13409.2}, "total_retreat_m": 312.3, "speed_m_per_year": -11.81, "r_squared": 0.998, "std_error": 0.1, "ci_95_low": -12.01, "ci_95_high": -11.61, "valid_years": 26, "confidence": "high", "risk_class": "medium", "location_ru": "Бухта Курык", "anchor": [50.37231063674095, 44.38253411942291]}}, {"type": "Feature", "geometry": {"type": "LineString", "coordinates": [[50.37597154897261, 44.37367446042932], [50.37487039465419, 44.427663232032]]}, "properties": {"transect_id": 313, "baseline_distance_m": 154565.8, "positions": {"2000": 10833.8, "2001": 10824.8, "2002": 10816.8, "2003": 10810.1, "2004": 10801.4, "2005": 10801.7, "2006": 10798.2, "2007": 10783.8, "2008": 10781.9, "2009": 10775.2, "2010": 10767.2, "2011": 10754.8, "2012": null, "2013": 10743.1, "2014": 10738.9, "2015": 10727.2, "2016": 10735.1, "2017": 10724.7, "2018": 10716.8, "2019": 10701.9, "2020": 10697.1, "2021": 10698.1, "2022": 10699.7, "2023": 10682.7, "2024": 10682.7, "2025": 10671.0, "2026": 10666.9}, "total_retreat_m": 166.9, "speed_m_per_year": -6.35, "r_squared": 0.993, "std_error": 0.11, "ci_95_low": -6.58, "ci_95_high": -6.13, "valid_years": 26, "confidence": "high", "risk_class": "low", "location_ru": "Тюб-Караганский залив", "anchor": [50.37578802325287, 44.38267258902977]}}, {"type": "Feature", "geometry": {"type": "LineString", "coordinates": [[50.37926739918216, 44.373683150363554], [50.380017419321995, 44.42767794149927]]}, "properties": {"transect_id": 314, "baseline_distance_m": 155046.9, "positions": {"2000": 15474.8, "2001": 15481.6, "2002": 15474.5, "2003": 15477.1, "2004": 15468.4, "2005": 15475.1, "2006": 15469.0, "2007": 15468.0, "2008": 15465.2, "2009": 15461.1, "2010": 15461.5, "2011": 15458.1, "2012": null, "2013": 15460.5, "2014": 15454.2, "2015": 15447.4, "2016": 15445.1, "2017": 15443.3, "2018": 15451.1, "2019": 15442.4, "2020": 15446.6, "2021": 15444.3, "2022": 15441.9, "2023": 15442.3, "2024": 15439.6, "2025": 15426.5, "2026": 15434.4}, "total_retreat_m": 40.4, "speed_m_per_year": -1.79, "r_squared": 0.939, "std_error": 0.09, "ci_95_low": -1.98, "ci_95_high": -1.6, "valid_years": 26, "confidence": "high", "risk_class": "low", "location_ru": "Мыс Меловой", "anchor": [50.3793924025388, 44.382682282219506]}}, {"type": "Feature", "geometry": {"type": "LineString", "coordinates": [[50.382736985466735, 44.373582774867906], [50.385050833763444, 44.427533179000406]]}, "properties": {"transect_id": 315, "baseline_distance_m": 155527.9, "positions": {"2000": 15023.5, "2001": 15002.4, "2002": 14997.6, "2003": 14983.9, "2004": 14987.4, "2005": 14976.5, "2006": 14965.0, "2007": 14955.4, "2008": 14951.5, "2009": 14941.9, "2010": 14932.9, "2011": 14921.2, "2012": null, "2013": 14900.3, "2014": 14895.9, "2015": 14887.3, "2016": 14874.4, "2017": 14864.9, "2018": 14862.0, "2019": 14855.3, "2020": 14836.8, "2021": 14829.8, "2022": 14823.5, "2023": 14815.2, "2024": 14802.3, "2025": 14803.0, "2026": 14788.4}, "total_retreat_m": 235.1, "speed_m_per_year": -8.82, "r_squared": 0.997, "std_error": 0.09, "ci_95_low": -9.01, "ci_95_high": -8.63, "valid_years": 26, "confidence": "high", "risk_class": "medium", "location_ru": "Южная коса Актау", "anchor": [50.38312262684952, 44.38257450888999]}}, {"type": "Feature", "geometry": {"type": "LineString", "coordinates": [[50.38637526134585, 44.373381015241904], [50.38998878501392, 44.42725997631856]]}, "properties": {"transect_id": 316, "baseline_distance_m": 156009.0, "positions": {"2000": 14335.2, "2001": 14328.5, "2002": 14315.7, "2003": 14312.0, "2004": 14298.6, "2005": 14299.4, "2006": 14290.0, "2007": 14279.1, "2008": 14271.7, "2009": 14267.0, "2010": 14251.3, "2011": 14248.6, "2012": null, "2013": 14234.3, "2014": 14216.3, "2015": 14218.0, "2016": 14200.5, "2017": 14198.6, "2018": 14186.3, "2019": 14188.6, "2020": 14170.1, "2021": 14160.0, "2022": 14159.1, "2023": 14148.8, "2024": 14136.3, "2025": 14136.3, "2026": 14118.1}, "total_retreat_m": 217.1, "speed_m_per_year": -8.19, "r_squared": 0.997, "std_error": 0.1, "ci_95_low": -8.39, "ci_95_high": -8.0, "valid_years": 26, "confidence": "high", "risk_class": "medium", "location_ru": "Побережье у Баутино", "anchor": [50.386977515290525, 44.38236084208801]}}, {"type": "Feature", "geometry": {"type": "LineString", "coordinates": [[50.390177239543064, 44.37308683537716], [50.39484892708309, 44.426884375613945]]}, "properties": {"transect_id": 317, "baseline_distance_m": 156490.1, "positions": {"2000": 15521.0, "2001": 15500.8, "2002": 15477.7, "2003": 15450.4, "2004": 15419.0, "2005": 15408.0, "2006": 15390.1, "2007": 15366.9, "2008": 15341.5, "2009": 15312.6, "2010": 15293.0, "2011": 15280.6, "2012": null, "2013": 15222.7, "2014": 15201.5, "2015": 15187.5, "2016": 15159.8, "2017": 15134.5, "2018": 15123.1, "2019": 15096.5, "2020": 15070.9, "2021": 15045.6, "2022": 15036.1, "2023": 15005.5, "2024": 14988.9, "2025": 14964.6, "2026": 14936.7}, "total_retreat_m": 584.3, "speed_m_per_year": -22.28, "r_squared": 0.999, "std_error": 0.12, "ci_95_low": -22.53, "ci_95_high": -22.04, "valid_years": 26, "confidence": "high", "risk_class": "high", "location_ru": "Залив Комсомолец", "anchor": [50.39095585413307, 44.38205309208329]}}, {"type": "Feature", "geometry": {"type": "LineString", "coordinates": [[50.394138153117254, 44.372710245345864], [50.39964761721696, 44.426428452737156]]}, "properties": {"transect_id": 318, "baseline_distance_m": 156971.2, "positions": {"2000": 12806.1, "2001": 12774.9, "2002": 12766.8, "2003": 12746.3, "2004": 12724.9, "2005": 12712.2, "2006": 12688.0, "2007": 12673.7, "2008": 12654.5, "2009": 12637.9, "2010": 12621.8, "2011": 12600.2, "2012": null, "2013": 12574.9, "2014": 12552.8, "2015": 12540.2, "2016": 12514.5, "2017": 12495.2, "2018": 12486.6, "2019": 12459.4, "2020": 12443.2, "2021": 12429.0, "2022": 12403.3, "2023": 12393.3, "2024": 12375.0, "2025": 12359.9, "2026": 12340.6}, "total_retreat_m": 465.5, "speed_m_per_year": -17.65, "r_squared": 0.999, "std_error": 0.1, "ci_95_low": -17.85, "ci_95_high": -17.45, "valid_years": 26, "confidence": "high", "risk_class": "medium", "location_ru": "Мыс Ракушечный", "anchor": [50.39505639713387, 44.38166327991108]}}, {"type": "Feature", "geometry": {"type": "LineString", "coordinates": [[50.398253532770944, 44.37226209257837], [50.404399531325026, 44.42591119976361]]}, "properties": {"transect_id": 319, "baseline_distance_m": 157452.2, "positions": {"2000": 12285.7, "2001": 12295.7, "2002": 12279.3, "2003": 12277.8, "2004": 12283.9, "2005": 12286.3, "2006": 12278.6, "2007": 12280.0, "2008": 12266.1, "2009": 12270.2, "2010": 12262.9, "2011": 12271.6, "2012": null, "2013": 12258.5, "2014": 12257.7, "2015": 12263.0, "2016": 12263.3, "2017": 12256.5, "2018": 12257.6, "2019": 12255.6, "2020": 12250.7, "2021": 12245.3, "2022": 12250.0, "2023": 12248.3, "2024": 12247.6, "2025": 12243.4, "2026": 12235.6}, "total_retreat_m": 50.1, "speed_m_per_year": -1.84, "r_squared": 0.916, "std_error": 0.11, "ci_95_low": -2.08, "ci_95_high": -1.61, "valid_years": 26, "confidence": "high", "risk_class": "low", "location_ru": "Северный Бузачи", "anchor": [50.39927786586329, 44.381203610442576]}}, {"type": "Feature", "geometry": {"type": "LineString", "coordinates": [[50.40251923058582, 44.3717538856613], [50.40911754732343, 44.42534924195483]]}, "properties": {"transect_id": 320, "baseline_distance_m": 157933.3, "positions": {"2000": 13749.6, "2001": 13742.8, "2002": 13733.7, "2003": 13732.6, "2004": 13715.8, "2005": 13710.0, "2006": 13705.2, "2007": 13705.4, "2008": 13695.7, "2009": 13677.4, "2010": 13681.9, "2011": 13674.4, "2012": null, "2013": 13649.3, "2014": 13636.4, "2015": 13638.7, "2016": 13635.9, "2017": 13630.3, "2018": 13613.0, "2019": 13616.0, "2020": 13592.5, "2021": 13592.5, "2022": 13584.8, "2023": 13583.5, "2024": 13576.6, "2025": 13567.7, "2026": 13551.0}, "total_retreat_m": 198.6, "speed_m_per_year": -7.44, "r_squared": 0.993, "std_error": 0.13, "ci_95_low": -7.7, "ci_95_high": -7.17, "valid_years": 26, "confidence": "high", "risk_class": "low", "location_ru": "Прибрежная зона Каламкас", "anchor": [50.40361895004209, 44.38068644504355]}}, {"type": "Feature", "geometry": {"type": "LineString", "coordinates": [[50.406931411527374, 44.37119764917079], [50.413812789682204, 44.42475739744027]]}, "properties": {"transect_id": 321, "baseline_distance_m": 158414.4, "positions": {"2000": 12376.9, "2001": 12369.2, "2002": 12375.5, "2003": 12364.4, "2004": 12353.8, "2005": 12352.0, "2006": 12348.1, "2007": 12340.2, "2008": 12328.1, "2009": 12335.7, "2010": 12326.1, "2011": 12314.5, "2012": null, "2013": 12302.4, "2014": 12298.8, "2015": 12286.7, "2016": 12286.4, "2017": 12273.6, "2018": 12272.5, "2019": 12261.9, "2020": 12256.0, "2021": 12260.9, "2022": 12248.4, "2023": 12242.8, "2024": 12227.8, "2025": 12227.3, "2026": 12225.4}, "total_retreat_m": 151.5, "speed_m_per_year": -6.11, "r_squared": 0.993, "std_error": 0.11, "ci_95_low": -6.34, "ci_95_high": -5.89, "valid_years": 26, "confidence": "high", "risk_class": "low", "location_ru": "Севернее водозабора МАЭК", "anchor": [50.40807830788651, 44.380124273882366]}}, {"type": "Feature", "geometry": {"type": "LineString", "coordinates": [[50.41148652693619, 44.370605805180894], [50.4184947640893, 44.424149101792196]]}, "properties": {"transect_id": 322, "baseline_distance_m": 158895.5, "positions": {"2000": 12920.9, "2001": 12909.2, "2002": 12900.6, "2003": 12880.6, "2004": 12861.9, "2005": 12854.6, "2006": 12841.9, "2007": 12837.0, "2008": 12810.9, "2009": 12807.7, "2010": 12802.9, "2011": 12784.9, "2012": null, "2013": 12763.9, "2014": 12741.4, "2015": 12729.3, "2016": 12729.2, "2017": 12711.5, "2018": 12699.3, "2019": 12682.1, "2020": 12674.7, "2021": 12657.4, "2022": 12654.4, "2023": 12648.3, "2024": 12627.1, "2025": 12610.3, "2026": 12590.4}, "total_retreat_m": 330.5, "speed_m_per_year": -12.25, "r_squared": 0.997, "std_error": 0.14, "ci_95_low": -12.53, "ci_95_high": -11.97, "valid_years": 26, "confidence": "high", "risk_class": "medium", "location_ru": "Бухта Курык", "anchor": [50.412654566461704, 44.37952968794944]}}, {"type": "Feature", "geometry": {"type": "LineString", "coordinates": [[50.41618127904128, 44.36999107638159], [50.4231715370534, 44.4235367231974]]}, "properties": {"transect_id": 323, "baseline_distance_m": 159376.5, "positions": {"2000": 11997.6, "2001": 11971.1, "2002": 11946.0, "2003": 11920.1, "2004": 11884.2, "2005": 11854.2, "2006": 11826.9, "2007": 11794.9, "2008": 11766.0, "2009": 11740.7, "2010": 11710.6, "2011": 11689.2, "2012": null, "2013": 11624.1, "2014": 11597.8, "2015": 11559.7, "2016": 11536.9, "2017": 11502.7, "2018": 11478.0, "2019": 11450.0, "2020": 11418.3, "2021": 11398.5, "2022": 11365.4, "2023": 11335.2, "2024": 11304.4, "2025": 11279.2, "2026": 11237.2}, "total_retreat_m": 760.4, "speed_m_per_year": -29.04, "r_squared": 1.0, "std_error": 0.1, "ci_95_low": -29.24, "ci_95_high": -28.84, "valid_years": 26, "confidence": "high", "risk_class": "high", "location_ru": "Тюб-Караганский залив", "anchor": [50.4173463220433, 44.37891535085089]}}, {"type": "Feature", "geometry": {"type": "LineString", "coordinates": [[50.42101258199147, 44.3693664060216], [50.42784993296561, 44.422931792528715]]}, "properties": {"transect_id": 324, "baseline_distance_m": 159857.6, "positions": {"2000": 12055.0, "2001": 12057.3, "2002": 12057.9, "2003": 12046.2, "2004": 12046.6, "2005": 12046.8, "2006": 12043.6, "2007": 12045.6, "2008": 12053.7, "2009": 12039.5, "2010": 12032.7, "2011": 12028.3, "2012": null, "2013": 12027.9, "2014": 12023.3, "2015": 12026.7, "2016": 12024.5, "2017": 12018.7, "2018": 12026.3, "2019": 12013.3, "2020": 12013.6, "2021": 12014.5, "2022": 12013.3, "2023": 12012.7, "2024": 12007.1, "2025": 12007.5, "2026": 11998.4}, "total_retreat_m": 56.6, "speed_m_per_year": -2.1, "r_squared": 0.943, "std_error": 0.11, "ci_95_low": -2.32, "ci_95_high": -1.89, "valid_years": 26, "confidence": "high", "risk_class": "low", "location_ru": "Мыс Меловой", "anchor": [50.42215214048716, 44.37829397043945]}}, {"type": "Feature", "geometry": {"type": "LineString", "coordinates": [[50.425977522592184, 44.36874489055723], [50.43253573268147, 44.422345169291816]]}, "properties": {"transect_id": 325, "baseline_distance_m": 160338.7, "positions": {"2000": 15561.2, "2001": 15542.2, "2002": 15538.9, "2003": 15539.5, "2004": 15519.2, "2005": 15525.5, "2006": 15521.4, "2007": 15508.5, "2008": 15502.7, "2009": 15493.8, "2010": 15489.7, "2011": 15483.5, "2012": null, "2013": 15470.0, "2014": 15463.5, "2015": 15459.0, "2016": 15452.6, "2017": 15454.9, "2018": 15439.5, "2019": 15436.1, "2020": 15426.1, "2021": 15419.7, "2022": 15408.9, "2023": 15403.1, "2024": 15398.2, "2025": 15397.4, "2026": 15394.7}, "total_retreat_m": 166.5, "speed_m_per_year": -6.35, "r_squared": 0.993, "std_error": 0.11, "ci_95_low": -6.57, "ci_95_high": -6.13, "valid_years": 26, "confidence": "high", "risk_class": "low", "location_ru": "Южная коса Актау", "anchor": [50.42707055760707, 44.37767827034633]}}, {"type": "Feature", "geometry": {"type": "LineString", "coordinates": [[50.43107332249774, 44.368139721634414], [50.437233864873605, 44.421787160693846]]}, "properties": {"transect_id": 326, "baseline_distance_m": 160819.8, "positions": {"2000": 15562.9, "2001": 15536.7, "2002": 15511.5, "2003": 15474.9, "2004": 15445.9, "2005": 15421.4, "2006": 15386.8, "2007": 15351.4, "2008": 15324.5, "2009": 15290.0, "2010": 15264.5, "2011": 15234.3, "2012": null, "2013": 15165.6, "2014": 15141.3, "2015": 15109.5, "2016": 15081.6, "2017": 15052.2, "2018": 15020.2, "2019": 14986.6, "2020": 14961.0, "2021": 14923.2, "2022": 14890.8, "2023": 14852.8, "2024": 14834.7, "2025": 14801.2, "2026": 14775.5}, "total_retreat_m": 787.4, "speed_m_per_year": -30.65, "r_squared": 1.0, "std_error": 0.1, "ci_95_low": -30.85, "ci_95_high": -30.45, "valid_years": 26, "confidence": "high", "risk_class": "high", "location_ru": "Побережье у Баутино", "anchor": [50.432100079560385, 44.37708096147765]}}, {"type": "Feature", "geometry": {"type": "LineString", "coordinates": [[50.43629730276039, 44.36756413472247], [50.4419485856472, 44.42126760762444]]}, "properties": {"transect_id": 327, "baseline_distance_m": 161300.9, "positions": {"2000": 12526.3, "2001": 12487.9, "2002": 12461.4, "2003": 12425.2, "2004": 12394.9, "2005": 12365.1, "2006": 12334.2, "2007": 12298.4, "2008": 12262.5, "2009": 12231.6, "2010": 12203.6, "2011": 12164.7, "2012": null, "2013": 12103.4, "2014": 12070.2, "2015": 12039.0, "2016": 12003.0, "2017": 11967.3, "2018": 11944.5, "2019": 11913.9, "2020": 11870.6, "2021": 11846.9, "2022": 11817.4, "2023": 11783.1, "2024": 11746.8, "2025": 11712.3, "2026": 11684.1}, "total_retreat_m": 842.2, "speed_m_per_year": -32.36, "r_squared": 1.0, "std_error": 0.08, "ci_95_low": -32.52, "ci_95_high": -32.19, "valid_years": 26, "confidence": "high", "risk_class": "high", "location_ru": "Залив Комсомолец", "anchor": [50.43723918324152, 44.376514713539464]}}, {"type": "Feature", "geometry": {"type": "LineString", "coordinates": [[50.441646851153, 44.36703136231126], [50.44668364433341, 44.42079594837362]]}, "properties": {"transect_id": 328, "baseline_distance_m": 161781.9, "positions": {"2000": 14577.5, "2001": 14561.2, "2002": 14554.5, "2003": 14542.0, "2004": 14528.2, "2005": 14515.1, "2006": 14508.7, "2007": 14486.8, "2008": 14481.7, "2009": 14460.9, "2010": 14455.6, "2011": 14443.4, "2012": null, "2013": 14411.9, "2014": 14407.0, "2015": 14389.5, "2016": 14371.4, "2017": 14360.7, "2018": 14354.0, "2019": 14340.5, "2020": 14319.9, "2021": 14310.8, "2022": 14299.5, "2023": 14284.0, "2024": 14282.7, "2025": 14261.5, "2026": 14247.6}, "total_retreat_m": 329.9, "speed_m_per_year": -12.68, "r_squared": 0.999, "std_error": 0.09, "ci_95_low": -12.87, "ci_95_high": -12.49, "valid_years": 26, "confidence": "high", "risk_class": "medium", "location_ru": "Мыс Ракушечный", "anchor": [50.44248631668307, 44.375992126654985]}}, {"type": "Feature", "geometry": {"type": "LineString", "coordinates": [[50.447119392462255, 44.3665545900709], [50.45144243447614, 44.42038126847247]]}, "properties": {"transect_id": 329, "baseline_distance_m": 162263.0, "positions": {"2000": 13321.1, "2001": 13306.0, "2002": 13306.4, "2003": 13308.0, "2004": 13305.7, "2005": 13291.9, "2006": 13287.0, "2007": 13288.4, "2008": 13279.2, "2009": 13276.2, "2010": 13276.4, "2011": 13266.3, "2012": null, "2013": 13251.8, "2014": 13250.0, "2015": 13250.8, "2016": 13238.9, "2017": 13240.8, "2018": 13232.0, "2019": 13239.7, "2020": 13237.4, "2021": 13220.0, "2022": 13220.9, "2023": 13211.6, "2024": 13209.8, "2025": 13213.8, "2026": 13200.3}, "total_retreat_m": 120.8, "speed_m_per_year": -4.41, "r_squared": 0.983, "std_error": 0.12, "ci_95_low": -4.65, "ci_95_high": -4.16, "valid_years": 26, "confidence": "high", "risk_class": "low", "location_ru": "Северный Бузачи", "anchor": [50.44783989946457, 44.375525703137825]}}, {"type": "Feature", "geometry": {"type": "LineString", "coordinates": [[50.452712361858076, 44.36614691477534], [50.456228129482014, 44.42003234302839]]}, "properties": {"transect_id": 330, "baseline_distance_m": 162744.1, "positions": {"2000": 13416.3, "2001": 13381.0, "2002": 13374.6, "2003": 13358.5, "2004": 13338.4, "2005": 13326.8, "2006": 13310.5, "2007": 13282.4, "2008": 13278.8, "2009": 13247.0, "2010": 13240.2, "2011": 13218.0, "2012": null, "2013": 13180.1, "2014": 13162.8, "2015": 13146.6, "2016": 13129.9, "2017": 13107.7, "2018": 13092.8, "2019": 13073.0, "2020": 13053.6, "2021": 13037.5, "2022": 13018.5, "2023": 13003.8, "2024": 12989.5, "2025": 12970.6, "2026": 12960.4}, "total_retreat_m": 455.9, "speed_m_per_year": -17.63, "r_squared": 0.999, "std_error": 0.12, "ci_95_low": -17.87, "ci_95_high": -17.39, "valid_years": 26, "confidence": "high", "risk_class": "medium", "location_ru": "Прибрежная зона Каламкас", "anchor": [50.453298323128735, 44.375127819484184]}}, {"type": "Feature", "geometry": {"type": "LineString", "coordinates": [[50.4584231814452, 44.365821303126346], [50.46104380240509, 44.41975767625047]]}, "properties": {"transect_id": 331, "baseline_distance_m": 163225.2, "positions": {"2000": 15653.1, "2001": 15621.5, "2002": 15586.2, "2003": 15547.8, "2004": 15514.3, "2005": 15475.8, "2006": 15446.3, "2007": 15401.5, "2008": 15377.2, "2009": 15339.2, "2010": 15302.4, "2011": 15268.6, "2012": null, "2013": 15199.1, "2014": 15170.1, "2015": 15143.0, "2016": 15100.0, "2017": 15058.0, "2018": 15027.9, "2019": 14993.2, "2020": 14952.0, "2021": 14915.8, "2022": 14885.7, "2023": 14854.3, "2024": 14809.7, "2025": 14778.4, "2026": 14748.7}, "total_retreat_m": 904.4, "speed_m_per_year": -34.92, "r_squared": 1.0, "std_error": 0.11, "ci_95_low": -35.13, "ci_95_high": -34.7, "valid_years": 26, "confidence": "high", "risk_class": "high", "location_ru": "Севернее водозабора МАЭК", "anchor": [50.45885995160518, 44.37481069864703]}}, {"type": "Feature", "geometry": {"type": "LineString", "coordinates": [[50.46424924014297, 44.36559055090138], [50.46589252913239, 44.41956554141826]]}, "properties": {"transect_id": 332, "baseline_distance_m": 163706.2, "positions": {"2000": 11923.3, "2001": 11923.5, "2002": 11893.0, "2003": 11876.2, "2004": 11869.2, "2005": 11850.0, "2006": 11839.4, "2007": 11824.4, "2008": 11809.0, "2009": 11791.5, "2010": 11781.7, "2011": 11763.9, "2012": null, "2013": 11739.7, "2014": 11719.7, "2015": 11701.7, "2016": 11683.9, "2017": 11675.1, "2018": 11655.8, "2019": 11640.6, "2020": 11633.2, "2021": 11609.1, "2022": 11606.9, "2023": 11587.0, "2024": 11571.3, "2025": 11552.4, "2026": 11544.7}, "total_retreat_m": 378.6, "speed_m_per_year": -14.85, "r_squared": 0.999, "std_error": 0.11, "ci_95_low": -15.07, "ci_95_high": -14.63, "valid_years": 26, "confidence": "high", "risk_class": "medium", "location_ru": "Бухта Курык", "anchor": [50.46452312164121, 44.37458638265419]}}, {"type": "Feature", "geometry": {"type": "LineString", "coordinates": [[50.47018787708771, 44.36546724210532], [50.4707774740013, 44.41946402326382]]}, "properties": {"transect_id": 333, "baseline_distance_m": 164187.3, "positions": {"2000": 13423.2, "2001": 13400.4, "2002": 13385.2, "2003": 13371.9, "2004": 13362.4, "2005": 13345.7, "2006": 13334.5, "2007": 13311.3, "2008": 13301.9, "2009": 13283.8, "2010": 13265.2, "2011": 13255.1, "2012": null, "2013": 13222.6, "2014": 13205.0, "2015": 13192.4, "2016": 13176.3, "2017": 13160.9, "2018": 13144.5, "2019": 13125.6, "2020": 13115.8, "2021": 13096.9, "2022": 13080.7, "2023": 13068.5, "2024": 13057.0, "2025": 13039.5, "2026": 13021.3}, "total_retreat_m": 401.9, "speed_m_per_year": -15.31, "r_squared": 0.999, "std_error": 0.07, "ci_95_low": -15.45, "ci_95_high": -15.16, "valid_years": 26, "confidence": "high", "risk_class": "medium", "location_ru": "Тюб-Караганский залив", "anchor": [50.470286143239974, 44.37446670563173]}}, {"type": "Feature", "geometry": {"type": "LineString", "coordinates": [[50.47623636878295, 44.36546370803889], [50.47570195671865, 44.41946106356438]]}, "properties": {"transect_id": 334, "baseline_distance_m": 164668.4, "positions": {"2000": 15494.3, "2001": 15486.6, "2002": 15455.5, "2003": 15436.9, "2004": 15420.0, "2005": 15410.3, "2006": 15387.9, "2007": 15363.6, "2008": 15341.7, "2009": 15312.4, "2010": 15300.0, "2011": 15276.8, "2012": null, "2013": 15234.8, "2014": 15218.2, "2015": 15195.3, "2016": 15180.2, "2017": 15148.5, "2018": 15136.1, "2019": 15111.9, "2020": 15093.3, "2021": 15075.7, "2022": 15049.6, "2023": 15034.3, "2024": 15012.3, "2025": 14990.1, "2026": 14970.4}, "total_retreat_m": 523.9, "speed_m_per_year": -20.45, "r_squared": 0.999, "std_error": 0.11, "ci_95_low": -20.68, "ci_95_high": -20.22, "valid_years": 26, "confidence": "high", "risk_class": "high", "location_ru": "Мыс Меловой", "anchor": [50.476147300105566, 44.37446326729314]}}, {"type": "Feature", "geometry": {"type": "LineString", "coordinates": [[50.48239192023157, 44.36559198641107], [50.480669499412386, 44.419564509666166]]}, "properties": {"transect_id": 335, "baseline_distance_m": 165149.5, "positions": {"2000": 10344.1, "2001": 10326.1, "2002": 10308.1, "2003": 10300.1, "2004": 10278.6, "2005": 10258.7, "2006": 10244.0, "2007": 10222.6, "2008": 10208.2, "2009": 10191.9, "2010": 10171.4, "2011": 10161.2, "2012": null, "2013": 10124.1, "2014": 10107.9, "2015": 10090.3, "2016": 10087.6, "2017": 10056.4, "2018": 10034.0, "2019": 10019.1, "2020": 10011.8, "2021": 9997.3, "2022": 9972.5, "2023": 9963.6, "2024": 9944.7, "2025": 9924.2, "2026": 9907.1}, "total_retreat_m": 437.0, "speed_m_per_year": -16.73, "r_squared": 0.999, "std_error": 0.11, "ci_95_low": -16.95, "ci_95_high": -16.51, "valid_years": 26, "confidence": "high", "risk_class": "medium", "location_ru": "Южная коса Актау", "anchor": [50.48210485009504, 44.37458740695359]}}, {"type": "Feature", "geometry": {"type": "LineString", "coordinates": [[50.48865166024323, 44.365863780815715], [50.4856838528476, 44.41978216468674]]}, "properties": {"transect_id": 336, "baseline_distance_m": 165630.5, "positions": {"2000": 14347.9, "2001": 14329.8, "2002": 14318.1, "2003": 14312.9, "2004": 14292.2, "2005": 14280.9, "2006": 14265.8, "2007": 14250.9, "2008": 14236.5, "2009": 14225.8, "2010": 14211.3, "2011": 14195.7, "2012": null, "2013": 14164.3, "2014": 14154.8, "2015": 14139.2, "2016": 14124.5, "2017": 14122.6, "2018": 14092.0, "2019": 14088.2, "2020": 14067.1, "2021": 14057.3, "2022": 14053.2, "2023": 14025.3, "2024": 14012.5, "2025": 14001.5, "2026": 13984.4}, "total_retreat_m": 363.5, "speed_m_per_year": -13.89, "r_squared": 0.999, "std_error": 0.1, "ci_95_low": -14.1, "ci_95_high": -13.68, "valid_years": 26, "confidence": "high", "risk_class": "medium", "location_ru": "Побережье у Баутино", "anchor": [50.48815702567729, 44.37485017812755]}}, {"type": "Feature", "geometry": {"type": "LineString", "coordinates": [[50.49501264102677, 44.366290421057705], [50.49074900125742, 44.420121837311754]]}, "properties": {"transect_id": 337, "baseline_distance_m": 166111.6, "positions": {"2000": 11010.3, "2001": 10994.8, "2002": 10985.4, "2003": 10984.2, "2004": 10971.3, "2005": 10976.1, "2006": 10956.4, "2007": 10950.8, "2008": 10949.1, "2009": 10937.6, "2010": 10926.3, "2011": 10933.0, "2012": null, "2013": 10905.8, "2014": 10901.5, "2015": 10893.9, "2016": 10890.1, "2017": 10881.6, "2018": 10868.9, "2019": 10863.4, "2020": 10856.2, "2021": 10852.6, "2022": 10837.4, "2023": 10842.6, "2024": 10824.0, "2025": 10819.5, "2026": 10807.3}, "total_retreat_m": 203.0, "speed_m_per_year": -7.44, "r_squared": 0.995, "std_error": 0.11, "ci_95_low": -7.66, "ci_95_high": -7.21, "valid_years": 26, "confidence": "high", "risk_class": "low", "location_ru": "Залив Комсомолец", "anchor": [50.494302034398544, 44.37526232376671]}}, {"type": "Feature", "geometry": {"type": "LineString", "coordinates": [[50.50147184204661, 44.36688282493952], [50.49586914589406, 44.42059138846363]]}, "properties": {"transect_id": 338, "baseline_distance_m": 166592.7, "positions": {"2000": 15094.4, "2001": 15069.7, "2002": 15040.5, "2003": 15020.3, "2004": 14987.5, "2005": 14960.1, "2006": 14935.2, "2007": 14913.8, "2008": 14883.7, "2009": 14855.5, "2010": 14823.3, "2011": 14797.5, "2012": null, "2013": 14743.1, "2014": 14726.5, "2015": 14696.5, "2016": 14664.0, "2017": 14638.2, "2018": 14610.3, "2019": 14583.1, "2020": 14561.5, "2021": 14531.6, "2022": 14514.2, "2023": 14483.9, "2024": 14457.2, "2025": 14427.7, "2026": 14396.4}, "total_retreat_m": 698.0, "speed_m_per_year": -26.75, "r_squared": 1.0, "std_error": 0.09, "ci_95_low": -26.93, "ci_95_high": -26.56, "valid_years": 26, "confidence": "high", "risk_class": "high", "location_ru": "Мыс Ракушечный", "anchor": [50.50053805935452, 44.37583425219354]}}, {"type": "Feature", "geometry": {"type": "LineString", "coordinates": [[50.50802617795889, 44.36765146219631], [50.501048668219035, 44.42119877172564]]}, "properties": {"transect_id": 339, "baseline_distance_m": 167073.8, "positions": {"2000": 10173.2, "2001": 10158.3, "2002": 10147.7, "2003": 10137.1, "2004": 10133.6, "2005": 10110.9, "2006": 10113.9, "2007": 10095.8, "2008": 10080.9, "2009": 10073.5, "2010": 10059.9, "2011": 10059.1, "2012": null, "2013": 10032.2, "2014": 10027.0, "2015": 10020.9, "2016": 10003.6, "2017": 9995.2, "2018": 9981.1, "2019": 9974.7, "2020": 9976.5, "2021": 9959.3, "2022": 9945.1, "2023": 9933.7, "2024": 9926.0, "2025": 9916.6, "2026": 9904.4}, "total_retreat_m": 268.8, "speed_m_per_year": -10.1, "r_squared": 0.997, "std_error": 0.11, "ci_95_low": -10.32, "ci_95_high": -9.87, "valid_years": 26, "confidence": "high", "risk_class": "medium", "location_ru": "Северный Бузачи", "anchor": [50.50686325966891, 44.37657601378453]}}, {"type": "Feature", "geometry": {"type": "LineString", "coordinates": [[50.51467251023998, 44.3686063212833], [50.50629207466961, 44.421952064315434]]}, "properties": {"transect_id": 340, "baseline_distance_m": 167554.8, "positions": {"2000": 13671.9, "2001": 13666.6, "2002": 13649.9, "2003": 13646.9, "2004": 13633.3, "2005": 13615.5, "2006": 13612.7, "2007": 13594.9, "2008": 13593.8, "2009": 13579.5, "2010": 13577.3, "2011": 13563.6, "2012": null, "2013": 13533.9, "2014": 13519.5, "2015": 13514.0, "2016": 13501.5, "2017": 13503.2, "2018": 13485.2, "2019": 13478.4, "2020": 13463.0, "2021": 13452.8, "2022": 13442.8, "2023": 13436.8, "2024": 13423.0, "2025": 13407.0, "2026": 13407.1}, "total_retreat_m": 264.8, "speed_m_per_year": -10.45, "r_squared": 0.997, "std_error": 0.11, "ci_95_low": -10.68, "ci_95_high": -10.23, "valid_years": 26, "confidence": "high", "risk_class": "medium", "location_ru": "Прибрежная зона Каламкас", "anchor": [50.513275770978254, 44.37749727845532]}}, {"type": "Feature", "geometry": {"type": "LineString", "coordinates": [[50.52140766193803, 44.369756879673126], [50.5116039258479, 44.42285948562307]]}, "properties": {"transect_id": 341, "baseline_distance_m": 168035.9, "positions": {"2000": 11071.3, "2001": 11067.3, "2002": 11047.3, "2003": 11029.5, "2004": 11009.6, "2005": 10991.1, "2006": 10974.1, "2007": 10959.6, "2008": 10942.4, "2009": 10921.1, "2010": 10908.0, "2011": 10886.0, "2012": null, "2013": 10848.7, "2014": 10833.6, "2015": 10809.6, "2016": 10798.1, "2017": 10773.1, "2018": 10757.4, "2019": 10735.6, "2020": 10725.1, "2021": 10714.4, "2022": 10689.6, "2023": 10674.8, "2024": 10663.8, "2025": 10638.2, "2026": 10615.7}, "total_retreat_m": 455.6, "speed_m_per_year": -17.74, "r_squared": 0.999, "std_error": 0.11, "ci_95_low": -17.96, "ci_95_high": -17.52, "valid_years": 26, "confidence": "high", "risk_class": "medium", "location_ru": "Севернее водозабора МАЭК", "anchor": [50.51977370592301, 44.37860731399812]}}, {"type": "Feature", "geometry": {"type": "LineString", "coordinates": [[50.528228434784076, 44.37111207820724], [50.51698875394714, 44.42392940088346]]}, "properties": {"transect_id": 342, "baseline_distance_m": 168517.0, "positions": {"2000": 11498.0, "2001": 11477.5, "2002": 11462.9, "2003": 11442.4, "2004": 11410.9, "2005": 11393.5, "2006": 11374.2, "2007": 11357.7, "2008": 11339.1, "2009": 11324.6, "2010": 11291.2, "2011": 11270.6, "2012": null, "2013": 11233.2, "2014": 11207.3, "2015": 11188.8, "2016": 11166.9, "2017": 11137.4, "2018": 11127.6, "2019": 11105.6, "2020": 11090.7, "2021": 11064.9, "2022": 11039.1, "2023": 11022.4, "2024": 10994.3, "2025": 10977.1, "2026": 10963.7}, "total_retreat_m": 534.3, "speed_m_per_year": -20.86, "r_squared": 0.999, "std_error": 0.11, "ci_95_low": -21.09, "ci_95_high": -20.63, "valid_years": 26, "confidence": "high", "risk_class": "high", "location_ru": "Бухта Курык", "anchor": [50.526355154644584, 44.37991496531994]}}, {"type": "Feature", "geometry": {"type": "LineString", "coordinates": [[50.535131627772884, 44.37268029988015], [50.52245097286619, 44.42517030836879]]}, "properties": {"transect_id": 343, "baseline_distance_m": 168998.1, "positions": {"2000": 11141.6, "2001": 11131.3, "2002": 11113.1, "2003": 11101.5, "2004": 11083.1, "2005": 11065.7, "2006": 11052.1, "2007": 11027.2, "2008": 11016.7, "2009": 10989.9, "2010": 10972.5, "2011": 10962.6, "2012": null, "2013": 10919.0, "2014": 10910.0, "2015": 10890.9, "2016": 10877.5, "2017": 10855.7, "2018": 10838.9, "2019": 10823.4, "2020": 10801.5, "2021": 10784.0, "2022": 10771.5, "2023": 10752.2, "2024": 10733.4, "2025": 10717.4, "2026": 10706.9}, "total_retreat_m": 434.7, "speed_m_per_year": -17.22, "r_squared": 0.999, "std_error": 0.09, "ci_95_low": -17.41, "ci_95_high": -17.03, "valid_years": 26, "confidence": "high", "risk_class": "medium", "location_ru": "Тюб-Караганский залив", "anchor": [50.533018185288434, 44.38142863462826]}}, {"type": "Feature", "geometry": {"type": "LineString", "coordinates": [[50.542114056233366, 44.37446935322703], [50.527994785909875, 44.42659080951455]]}, "properties": {"transect_id": 344, "baseline_distance_m": 169479.1, "positions": {"2000": 13195.9, "2001": 13183.6, "2002": 13167.5, "2003": 13149.3, "2004": 13127.5, "2005": 13112.0, "2006": 13092.2, "2007": 13074.8, "2008": 13055.4, "2009": 13038.8, "2010": 13012.9, "2011": 12989.4, "2012": null, "2013": 12959.5, "2014": 12941.1, "2015": 12925.3, "2016": 12905.3, "2017": 12889.0, "2018": 12864.8, "2019": 12844.3, "2020": 12819.0, "2021": 12806.8, "2022": 12784.5, "2023": 12768.6, "2024": 12749.1, "2025": 12731.9, "2026": 12710.7}, "total_retreat_m": 485.2, "speed_m_per_year": -18.93, "r_squared": 0.999, "std_error": 0.09, "ci_95_low": -19.11, "ci_95_high": -18.74, "valid_years": 26, "confidence": "high", "risk_class": "medium", "location_ru": "Мыс Меловой", "anchor": [50.539760844512784, 44.38315626260828]}}, {"type": "Feature", "geometry": {"type": "LineString", "coordinates": [[50.54917257040829, 44.37648646026159], [50.53362409597783, 44.428199562497724]]}, "properties": {"transect_id": 345, "baseline_distance_m": 169960.2, "positions": {"2000": 12163.1, "2001": 12160.6, "2002": 12156.8, "2003": 12145.7, "2004": 12143.0, "2005": 12130.4, "2006": 12123.2, "2007": 12118.8, "2008": 12110.1, "2009": 12100.5, "2010": 12095.0, "2011": 12086.1, "2012": null, "2013": 12079.6, "2014": 12071.0, "2015": 12063.0, "2016": 12055.6, "2017": 12053.4, "2018": 12048.0, "2019": 12033.8, "2020": 12026.6, "2021": 12029.1, "2022": 12013.2, "2023": 12014.4, "2024": 12012.1, "2025": 12005.6, "2026": 11995.6}, "total_retreat_m": 167.5, "speed_m_per_year": -6.58, "r_squared": 0.995, "std_error": 0.1, "ci_95_low": -6.78, "ci_95_high": -6.39, "valid_years": 26, "confidence": "high", "risk_class": "low", "location_ru": "Южная коса Актау", "anchor": [50.546581158003214, 44.38510531063428]}}, {"type": "Feature", "geometry": {"type": "LineString", "coordinates": [[50.556304072618836, 44.37873824868958], [50.53934242286115, 44.43000522087926]]}, "properties": {"transect_id": 346, "baseline_distance_m": 170441.3, "positions": {"2000": 15186.6, "2001": 15185.7, "2002": 15182.6, "2003": 15169.4, "2004": 15167.3, "2005": 15153.8, "2006": 15146.0, "2007": 15136.0, "2008": 15126.6, "2009": 15118.1, "2010": 15112.9, "2011": 15100.3, "2012": null, "2013": 15090.4, "2014": 15080.8, "2015": 15074.2, "2016": 15056.8, "2017": 15046.1, "2018": 15044.5, "2019": 15047.7, "2020": 15032.8, "2021": 15017.1, "2022": 15012.6, "2023": 15005.4, "2024": 14988.6, "2025": 14991.1, "2026": 14976.5}, "total_retreat_m": 210.1, "speed_m_per_year": -8.29, "r_squared": 0.996, "std_error": 0.11, "ci_95_low": -8.52, "ci_95_high": -8.07, "valid_years": 26, "confidence": "high", "risk_class": "medium", "location_ru": "Побережье у Баутино", "anchor": [50.553477130992555, 44.387282744054524]}}, {"type": "Feature", "geometry": {"type": "LineString", "coordinates": [[50.56350553222724, 44.381230747932655], [50.545152831581795, 44.43201635986181]]}, "properties": {"transect_id": 347, "baseline_distance_m": 170922.4, "positions": {"2000": 11520.7, "2001": 11497.8, "2002": 11478.6, "2003": 11471.3, "2004": 11446.4, "2005": 11438.0, "2006": 11428.6, "2007": 11410.7, "2008": 11397.2, "2009": 11380.1, "2010": 11371.9, "2011": 11344.5, "2012": null, "2013": 11317.7, "2014": 11298.9, "2015": 11289.1, "2016": 11269.7, "2017": 11261.4, "2018": 11237.0, "2019": 11229.4, "2020": 11210.7, "2021": 11192.8, "2022": 11179.7, "2023": 11163.2, "2024": 11148.2, "2025": 11130.6, "2026": 11113.2}, "total_retreat_m": 407.5, "speed_m_per_year": -15.34, "r_squared": 0.999, "std_error": 0.1, "ci_95_low": -15.54, "ci_95_high": -15.13, "valid_years": 26, "confidence": "high", "risk_class": "medium", "location_ru": "Залив Комсомолец", "anchor": [50.56044674878633, 44.38969501658752]}}, {"type": "Feature", "geometry": {"type": "LineString", "coordinates": [[50.5707739977934, 44.38396938835255], [50.55105787479333, 44.43424139342342]]}, "properties": {"transect_id": 348, "baseline_distance_m": 171403.5, "positions": {"2000": 11379.4, "2001": 11353.7, "2002": 11340.3, "2003": 11326.4, "2004": 11309.7, "2005": 11281.9, "2006": 11271.2, "2007": 11256.0, "2008": 11236.9, "2009": 11224.7, "2010": 11198.6, "2011": 11176.3, "2012": null, "2013": 11152.9, "2014": 11130.1, "2015": 11107.8, "2016": 11096.7, "2017": 11084.9, "2018": 11057.5, "2019": 11054.5, "2020": 11024.4, "2021": 11010.6, "2022": 10988.0, "2023": 10975.6, "2024": 10957.5, "2025": 10934.7, "2026": 10934.5}, "total_retreat_m": 444.9, "speed_m_per_year": -17.38, "r_squared": 0.999, "std_error": 0.12, "ci_95_low": -17.64, "ci_95_high": -17.12, "valid_years": 26, "confidence": "high", "risk_class": "medium", "location_ru": "Мыс Ракушечный", "anchor": [50.56748797729339, 44.39234805586436]}}, {"type": "Feature", "geometry": {"type": "LineString", "coordinates": [[50.578106606036705, 44.38695900297848], [50.55705955118615, 44.43668848600533]]}, "properties": {"transect_id": 349, "baseline_distance_m": 171884.5, "positions": {"2000": 13203.0, "2001": 13187.7, "2002": 13166.3, "2003": 13138.3, "2004": 13125.3, "2005": 13098.2, "2006": 13090.7, "2007": 13061.8, "2008": 13046.5, "2009": 13031.0, "2010": 13014.1, "2011": 12992.6, "2012": null, "2013": 12962.4, "2014": 12940.5, "2015": 12921.5, "2016": 12895.3, "2017": 12888.4, "2018": 12859.7, "2019": 12851.1, "2020": 12833.6, "2021": 12808.9, "2022": 12792.3, "2023": 12757.1, "2024": 12750.0, "2025": 12736.5, "2026": 12717.1}, "total_retreat_m": 485.9, "speed_m_per_year": -18.64, "r_squared": 0.999, "std_error": 0.13, "ci_95_low": -18.91, "ci_95_high": -18.37, "valid_years": 26, "confidence": "high", "risk_class": "medium", "location_ru": "Северный Бузачи", "anchor": [50.57459876356161, 44.39524725014962]}}, {"type": "Feature", "geometry": {"type": "LineString", "coordinates": [[50.585500587443434, 44.39020383101883], [50.56315928069486, 44.439365462529246]]}, "properties": {"transect_id": 350, "baseline_distance_m": 172365.6, "positions": {"2000": 10981.9, "2001": 10968.8, "2002": 10934.6, "2003": 10921.7, "2004": 10897.0, "2005": 10865.4, "2006": 10844.4, "2007": 10816.5, "2008": 10793.4, "2009": 10762.8, "2010": 10745.0, "2011": 10711.0, "2012": null, "2013": 10660.3, "2014": 10642.1, "2015": 10616.8, "2016": 10593.8, "2017": 10565.2, "2018": 10550.3, "2019": 10518.5, "2020": 10493.8, "2021": 10468.7, "2022": 10447.0, "2023": 10420.3, "2024": 10394.8, "2025": 10371.0, "2026": 10335.8}, "total_retreat_m": 646.1, "speed_m_per_year": -24.84, "r_squared": 1.0, "std_error": 0.11, "ci_95_low": -25.06, "ci_95_high": -24.62, "valid_years": 26, "confidence": "high", "risk_class": "high", "location_ru": "Прибрежная зона Каламкас", "anchor": [50.58177703631867, 44.398397436270564]}}, {"type": "Feature", "geometry": {"type": "LineString", "coordinates": [[50.59295326857147, 44.39370752247172], [50.569357896247666, 44.442279720331214]]}, "properties": {"transect_id": 351, "baseline_distance_m": 172846.7, "positions": {"2000": 10774.5, "2001": 10747.7, "2002": 10715.7, "2003": 10688.1, "2004": 10650.9, "2005": 10626.1, "2006": 10590.9, "2007": 10568.0, "2008": 10529.1, "2009": 10508.2, "2010": 10471.1, "2011": 10445.6, "2012": null, "2013": 10391.0, "2014": 10358.5, "2015": 10321.2, "2016": 10295.3, "2017": 10262.1, "2018": 10231.5, "2019": 10208.9, "2020": 10180.9, "2021": 10150.6, "2022": 10121.4, "2023": 10089.1, "2024": 10058.2, "2025": 10025.2, "2026": 9997.9}, "total_retreat_m": 776.6, "speed_m_per_year": -29.85, "r_squared": 1.0, "std_error": 0.09, "ci_95_low": -30.03, "ci_95_high": -29.67, "valid_years": 26, "confidence": "high", "risk_class": "high", "location_ru": "Севернее водозабора МАЭК", "anchor": [50.5890207065175, 44.40180288878164]}}, {"type": "Feature", "geometry": {"type": "LineString", "coordinates": [[50.6004620712896, 44.39747314323366], [50.575655650871624, 44.44543814616336]]}, "properties": {"transect_id": 352, "baseline_distance_m": 173327.8, "positions": {"2000": 11038.4, "2001": 11012.1, "2002": 10999.3, "2003": 10956.2, "2004": 10935.6, "2005": 10904.9, "2006": 10883.5, "2007": 10858.2, "2008": 10837.5, "2009": 10806.8, "2010": 10782.3, "2011": 10755.8, "2012": null, "2013": 10701.0, "2014": 10678.5, "2015": 10654.0, "2016": 10630.4, "2017": 10606.8, "2018": 10578.1, "2019": 10552.5, "2020": 10521.2, "2021": 10504.7, "2022": 10474.3, "2023": 10454.5, "2024": 10431.3, "2025": 10399.8, "2026": 10370.9}, "total_retreat_m": 667.5, "speed_m_per_year": -25.53, "r_squared": 1.0, "std_error": 0.1, "ci_95_low": -25.74, "ci_95_high": -25.33, "valid_years": 26, "confidence": "high", "risk_class": "high", "location_ru": "Бухта Курык", "anchor": [50.596327667886605, 44.40546731038861]}}, {"type": "Feature", "geometry": {"type": "LineString", "coordinates": [[50.60802450932825, 44.40150318022148], [50.582052238266996, 44.44884704081523]]}, "properties": {"transect_id": 353, "baseline_distance_m": 173808.8, "positions": {"2000": 15742.3, "2001": 15727.6, "2002": 15718.4, "2003": 15704.4, "2004": 15687.3, "2005": 15668.4, "2006": 15663.2, "2007": 15644.6, "2008": 15634.8, "2009": 15620.8, "2010": 15599.0, "2011": 15593.2, "2012": null, "2013": 15567.5, "2014": 15554.3, "2015": 15538.5, "2016": 15516.4, "2017": 15515.8, "2018": 15498.6, "2019": 15478.4, "2020": 15466.4, "2021": 15456.8, "2022": 15444.9, "2023": 15426.5, "2024": 15418.1, "2025": 15393.9, "2026": 15383.2}, "total_retreat_m": 359.1, "speed_m_per_year": -13.73, "r_squared": 0.999, "std_error": 0.09, "ci_95_low": -13.92, "ci_95_high": -13.54, "valid_years": 26, "confidence": "high", "risk_class": "medium", "location_ru": "Тюб-Караганский залив", "anchor": [50.60369579748471, 44.40939382365377]}}, {"type": "Feature", "geometry": {"type": "LineString", "coordinates": [[50.61563818261313, 44.40579954615841], [50.588546824494294, 44.45251205321248]]}, "properties": {"transect_id": 354, "baseline_distance_m": 174289.9, "positions": {"2000": 11792.2, "2001": 11762.7, "2002": 11723.7, "2003": 11688.4, "2004": 11658.4, "2005": 11629.4, "2006": 11589.6, "2007": 11561.8, "2008": 11538.1, "2009": 11496.5, "2010": 11465.9, "2011": 11437.2, "2012": null, "2013": 11374.9, "2014": 11339.5, "2015": 11310.6, "2016": 11281.0, "2017": 11254.7, "2018": 11214.6, "2019": 11183.2, "2020": 11157.8, "2021": 11117.7, "2022": 11082.9, "2023": 11057.5, "2024": 11029.0, "2025": 10994.5, "2026": 10960.9}, "total_retreat_m": 831.3, "speed_m_per_year": -31.75, "r_squared": 1.0, "std_error": 0.1, "ci_95_low": -31.95, "ci_95_high": -31.55, "valid_years": 26, "confidence": "high", "risk_class": "high", "location_ru": "Мыс Меловой", "anchor": [50.61112295625999, 44.413584964000755]}}, {"type": "Feature", "geometry": {"type": "LineString", "coordinates": [[50.623300769898776, 44.41036358381297], [50.595138088186445, 44.45643812514297]]}, "properties": {"transect_id": 355, "baseline_distance_m": 174771.0, "positions": {"2000": 10052.1, "2001": 10016.2, "2002": 9994.1, "2003": 9967.5, "2004": 9940.2, "2005": 9918.0, "2006": 9892.7, "2007": 9866.6, "2008": 9834.9, "2009": 9806.2, "2010": 9787.8, "2011": 9758.7, "2012": null, "2013": 9716.0, "2014": 9690.1, "2015": 9664.5, "2016": 9626.8, "2017": 9606.8, "2018": 9581.9, "2019": 9555.4, "2020": 9524.9, "2021": 9505.4, "2022": 9474.3, "2023": 9448.7, "2024": 9416.0, "2025": 9398.7, "2026": 9369.1}, "total_retreat_m": 683.0, "speed_m_per_year": -25.98, "r_squared": 1.0, "std_error": 0.1, "ci_95_low": -26.19, "ci_95_high": -25.77, "valid_years": 26, "confidence": "high", "risk_class": "high", "location_ru": "Южная коса Актау", "anchor": [50.61860698961339, 44.41804267403464]}}, {"type": "Feature", "geometry": {"type": "LineString", "coordinates": [[50.63101002022103, 44.415196069607084], [50.60182426669171, 44.46062944710564]]}, "properties": {"transect_id": 356, "baseline_distance_m": 175252.1, "positions": {"2000": 15357.4, "2001": 15347.7, "2002": 15342.2, "2003": 15329.5, "2004": 15315.6, "2005": 15314.9, "2006": 15300.6, "2007": 15289.7, "2008": 15282.1, "2009": 15278.6, "2010": 15268.2, "2011": 15251.3, "2012": null, "2013": 15240.7, "2014": 15238.1, "2015": 15222.8, "2016": 15215.1, "2017": 15211.1, "2018": 15201.3, "2019": 15193.4, "2020": 15169.4, "2021": 15178.7, "2022": 15165.5, "2023": 15163.9, "2024": 15142.2, "2025": 15129.4, "2026": 15127.7}, "total_retreat_m": 229.7, "speed_m_per_year": -8.73, "r_squared": 0.995, "std_error": 0.12, "ci_95_low": -8.98, "ci_95_high": -8.48, "valid_years": 26, "confidence": "high", "risk_class": "medium", "location_ru": "Побережье у Баутино", "anchor": [50.62614572796614, 44.422768299190174]}}, {"type": "Feature", "geometry": {"type": "LineString", "coordinates": [[50.6387637436597, 44.42029721662133], [50.60860320568881, 44.46508942519945]]}, "properties": {"transect_id": 357, "baseline_distance_m": 175733.1, "positions": {"2000": 10598.9, "2001": 10579.1, "2002": 10563.3, "2003": 10551.1, "2004": 10532.8, "2005": 10517.3, "2006": 10507.6, "2007": 10493.3, "2008": 10477.4, "2009": 10457.2, "2010": 10434.2, "2011": 10426.9, "2012": null, "2013": 10394.1, "2014": 10381.4, "2015": 10364.1, "2016": 10351.5, "2017": 10332.2, "2018": 10316.1, "2019": 10310.9, "2020": 10287.0, "2021": 10275.7, "2022": 10264.3, "2023": 10248.9, "2024": 10233.3, "2025": 10216.1, "2026": 10202.6}, "total_retreat_m": 396.3, "speed_m_per_year": -15.18, "r_squared": 0.999, "std_error": 0.09, "ci_95_low": -15.36, "ci_95_high": -14.99, "valid_years": 26, "confidence": "high", "risk_class": "medium", "location_ru": "Залив Комсомолец", "anchor": [50.63373698733122, 44.427762584717684]}}, {"type": "Feature", "geometry": {"type": "LineString", "coordinates": [[50.646559801844944, 44.42566667711091], [50.61547241010616, 44.46982065852686]]}, "properties": {"transect_id": 358, "baseline_distance_m": 176214.2, "positions": {"2000": 14430.2, "2001": 14435.1, "2002": 14439.7, "2003": 14434.1, "2004": 14442.8, "2005": 14435.8, "2006": 14436.0, "2007": 14439.9, "2008": 14434.4, "2009": 14435.5, "2010": 14438.1, "2011": 14428.3, "2012": null, "2013": 14432.4, "2014": 14436.6, "2015": 14433.2, "2016": 14438.5, "2017": 14426.0, "2018": 14425.3, "2019": 14434.8, "2020": 14434.9, "2021": 14430.3, "2022": 14432.4, "2023": 14433.5, "2024": 14426.9, "2025": 14427.1, "2026": 14430.3}, "total_retreat_m": -0.1, "speed_m_per_year": -0.3, "r_squared": 0.282, "std_error": 0.1, "ci_95_low": -0.5, "ci_95_high": -0.1, "valid_years": 26, "confidence": "low", "risk_class": "low", "location_ru": "Мыс Ракушечный", "anchor": [50.64137856988848, 44.43302567401357]}}, {"type": "Feature", "geometry": {"type": "LineString", "coordinates": [[50.65439609857238, 44.43130354470764], [50.62242909451989, 44.47482492625634]]}, "properties": {"transect_id": 359, "baseline_distance_m": 176695.3, "positions": {"2000": 14148.7, "2001": 14144.3, "2002": 14142.6, "2003": 14136.7, "2004": 14130.2, "2005": 14133.1, "2006": 14121.7, "2007": 14118.4, "2008": 14109.0, "2009": 14108.2, "2010": 14108.9, "2011": 14103.8, "2012": null, "2013": 14096.4, "2014": 14091.9, "2015": 14093.8, "2016": 14078.2, "2017": 14070.4, "2018": 14068.5, "2019": 14065.6, "2020": 14060.2, "2021": 14060.2, "2022": 14060.6, "2023": 14057.5, "2024": 14049.1, "2025": 14051.3, "2026": 14037.1}, "total_retreat_m": 111.6, "speed_m_per_year": -4.16, "r_squared": 0.986, "std_error": 0.1, "ci_95_low": -4.37, "ci_95_high": -3.96, "valid_years": 26, "confidence": "high", "risk_class": "low", "location_ru": "Северный Бузачи", "anchor": [50.64906826456363, 44.43855710829909]}}, {"type": "Feature", "geometry": {"type": "LineString", "coordinates": [[50.6622705708164, 44.437206356521514], [50.62947023158084, 44.480103183280974]]}, "properties": {"transect_id": 360, "baseline_distance_m": 177176.4, "positions": {"2000": 12621.8, "2001": 12599.5, "2002": 12577.9, "2003": 12548.8, "2004": 12521.8, "2005": 12491.2, "2006": 12469.3, "2007": 12446.7, "2008": 12416.1, "2009": 12386.1, "2010": 12357.8, "2011": 12332.9, "2012": null, "2013": 12284.5, "2014": 12257.6, "2015": 12226.4, "2016": 12194.1, "2017": 12178.0, "2018": 12146.1, "2019": 12125.8, "2020": 12093.4, "2021": 12065.9, "2022": 12043.8, "2023": 12026.0, "2024": 11992.9, "2025": 11963.8, "2026": 11938.1}, "total_retreat_m": 683.7, "speed_m_per_year": -26.48, "r_squared": 1.0, "std_error": 0.09, "ci_95_low": -26.67, "ci_95_high": -26.29, "valid_years": 26, "confidence": "high", "risk_class": "high", "location_ru": "Прибрежная зона Каламкас", "anchor": [50.656803847610476, 44.44435582764809]}}, {"type": "Feature", "geometry": {"type": "LineString", "coordinates": [[50.67018118035576, 44.44337309537143], [50.63659259740144, 44.485655563311695]]}, "properties": {"transect_id": 361, "baseline_distance_m": 177657.4, "positions": {"2000": 13424.6, "2001": 13414.1, "2002": 13385.8, "2003": 13353.8, "2004": 13325.3, "2005": 13291.1, "2006": 13268.9, "2007": 13249.5, "2008": 13215.3, "2009": 13185.1, "2010": 13152.8, "2011": 13137.9, "2012": null, "2013": 13077.1, "2014": 13042.9, "2015": 13018.8, "2016": 12989.9, "2017": 12967.0, "2018": 12940.8, "2019": 12910.5, "2020": 12888.2, "2021": 12857.9, "2022": 12834.3, "2023": 12801.2, "2024": 12787.3, "2025": 12745.4, "2026": 12716.5}, "total_retreat_m": 708.1, "speed_m_per_year": -27.45, "r_squared": 0.999, "std_error": 0.13, "ci_95_low": -27.71, "ci_95_high": -27.18, "valid_years": 26, "confidence": "high", "risk_class": "high", "location_ru": "Севернее водозабора МАЭК", "anchor": [50.66458308319671, 44.45042017336147]}}, {"type": "Feature", "geometry": {"type": "LineString", "coordinates": [[50.67812590615623, 44.44980119237416], [50.64379281317518, 44.491481388227285]]}, "properties": {"transect_id": 362, "baseline_distance_m": 178138.5, "positions": {"2000": 14625.3, "2001": 14612.5, "2002": 14582.9, "2003": 14570.3, "2004": 14543.4, "2005": 14526.5, "2006": 14509.6, "2007": 14495.6, "2008": 14461.2, "2009": 14444.1, "2010": 14421.0, "2011": 14399.6, "2012": null, "2013": 14358.6, "2014": 14343.9, "2015": 14317.8, "2016": 14308.0, "2017": 14279.8, "2018": 14253.3, "2019": 14235.0, "2020": 14212.5, "2021": 14198.0, "2022": 14167.5, "2023": 14147.8, "2024": 14130.0, "2025": 14114.3, "2026": 14095.7}, "total_retreat_m": 529.6, "speed_m_per_year": -20.73, "r_squared": 0.999, "std_error": 0.11, "ci_95_low": -20.96, "ci_95_high": -20.5, "valid_years": 26, "confidence": "high", "risk_class": "high", "location_ru": "Бухта Курык", "anchor": [50.67240372399272, 44.456747891683015]}}, {"type": "Feature", "geometry": {"type": "LineString", "coordinates": [[50.68610273759338, 44.45648753010572], [50.65106738261441, 44.4975791825609]]}, "properties": {"transect_id": 363, "baseline_distance_m": 178619.6, "positions": {"2000": 11410.7, "2001": 11415.0, "2002": 11408.1, "2003": 11406.1, "2004": 11416.0, "2005": 11411.0, "2006": 11415.6, "2007": 11417.1, "2008": 11418.4, "2009": 11422.0, "2010": 11422.4, "2011": 11420.6, "2012": null, "2013": 11419.7, "2014": 11422.7, "2015": 11420.6, "2016": 11423.0, "2017": 11435.1, "2018": 11426.2, "2019": 11428.0, "2020": 11424.2, "2021": 11431.9, "2022": 11431.7, "2023": 11432.5, "2024": 11431.1, "2025": 11435.2, "2026": 11436.9}, "total_retreat_m": -26.2, "speed_m_per_year": 0.99, "r_squared": 0.863, "std_error": 0.08, "ci_95_low": 0.83, "ci_95_high": 1.16, "valid_years": 26, "confidence": "high", "risk_class": "low", "location_ru": "Тюб-Караганский залив", "anchor": [50.68026351176355, 44.46333613884825]}}, {"type": "Feature", "geometry": {"type": "LineString", "coordinates": [[50.69410966855219, 44.463428446529896], [50.65841272502088, 44.50394669208079]]}, "properties": {"transect_id": 364, "baseline_distance_m": 179100.7, "positions": {"2000": 15405.1, "2001": 15389.1, "2002": 15381.1, "2003": 15375.0, "2004": 15359.5, "2005": 15361.0, "2006": 15345.0, "2007": 15338.2, "2008": 15330.5, "2009": 15322.7, "2010": 15312.4, "2011": 15304.8, "2012": null, "2013": 15287.3, "2014": 15277.0, "2015": 15266.9, "2016": 15265.5, "2017": 15244.0, "2018": 15242.8, "2019": 15233.0, "2020": 15227.8, "2021": 15211.5, "2022": 15206.6, "2023": 15199.4, "2024": 15195.3, "2025": 15183.6, "2026": 15168.8}, "total_retreat_m": 236.3, "speed_m_per_year": -8.76, "r_squared": 0.998, "std_error": 0.08, "ci_95_low": -8.93, "ci_95_high": -8.59, "valid_years": 26, "confidence": "high", "risk_class": "medium", "location_ru": "Мыс Меловой", "anchor": [50.68816017796364, 44.470181487455044]}}, {"type": "Feature", "geometry": {"type": "LineString", "coordinates": [[50.70214469239493, 44.470619739856524], [50.66582520403124, 44.51058090556775]]}, "properties": {"transect_id": 365, "baseline_distance_m": 179581.7, "positions": {"2000": 12550.4, "2001": 12539.4, "2002": 12524.2, "2003": 12507.3, "2004": 12504.2, "2005": 12476.3, "2006": 12464.3, "2007": 12444.0, "2008": 12433.8, "2009": 12419.7, "2010": 12398.5, "2011": 12385.2, "2012": null, "2013": 12350.9, "2014": 12334.5, "2015": 12327.8, "2016": 12306.0, "2017": 12283.1, "2018": 12284.4, "2019": 12258.7, "2020": 12245.5, "2021": 12237.6, "2022": 12215.0, "2023": 12199.5, "2024": 12179.8, "2025": 12162.8, "2026": 12153.2}, "total_retreat_m": 397.2, "speed_m_per_year": -15.52, "r_squared": 0.999, "std_error": 0.11, "ci_95_low": -15.75, "ci_95_high": -15.29, "valid_years": 26, "confidence": "high", "risk_class": "medium", "location_ru": "Южная коса Актау", "anchor": [50.696091444334314, 44.47727993414173]}}, {"type": "Feature", "geometry": {"type": "LineString", "coordinates": [[50.710205797764836, 44.47805667446592], [50.67330115219905, 44.51747807900285]]}, "properties": {"transect_id": 366, "baseline_distance_m": 180062.8, "positions": {"2000": 11045.0, "2001": 11039.4, "2002": 11024.2, "2003": 11025.8, "2004": 11016.9, "2005": 11016.4, "2006": 11000.9, "2007": 10989.4, "2008": 10985.3, "2009": 10976.5, "2010": 10971.9, "2011": 10962.6, "2012": null, "2013": 10942.1, "2014": 10932.9, "2015": 10932.8, "2016": 10929.6, "2017": 10916.7, "2018": 10912.0, "2019": 10905.1, "2020": 10894.4, "2021": 10882.4, "2022": 10878.8, "2023": 10875.1, "2024": 10864.7, "2025": 10857.9, "2026": 10845.4}, "total_retreat_m": 199.6, "speed_m_per_year": -7.58, "r_squared": 0.997, "std_error": 0.09, "ci_95_low": -7.76, "ci_95_high": -7.4, "valid_years": 26, "confidence": "high", "risk_class": "low", "location_ru": "Побережье у Баутино", "anchor": [50.70405502350387, 44.484626908555406]}}, {"type": "Feature", "geometry": {"type": "LineString", "coordinates": [[50.718290965170084, 44.48573398800422], [50.68083689168958, 44.52463376152178]]}, "properties": {"transect_id": 367, "baseline_distance_m": 180543.9, "positions": {"2000": 13810.7, "2001": 13803.1, "2002": 13776.5, "2003": 13773.5, "2004": 13760.5, "2005": 13742.8, "2006": 13738.4, "2007": 13720.3, "2008": 13709.3, "2009": 13705.6, "2010": 13689.7, "2011": 13675.4, "2012": null, "2013": 13649.6, "2014": 13634.8, "2015": 13631.0, "2016": 13613.7, "2017": 13594.9, "2018": 13579.8, "2019": 13575.1, "2020": 13560.1, "2021": 13542.1, "2022": 13537.0, "2023": 13521.6, "2024": 13512.3, "2025": 13499.4, "2026": 13482.7}, "total_retreat_m": 328.0, "speed_m_per_year": -12.52, "r_squared": 0.998, "std_error": 0.1, "ci_95_low": -12.73, "ci_95_high": -12.31, "valid_years": 26, "confidence": "high", "risk_class": "medium", "location_ru": "Залив Комсомолец", "anchor": [50.71204861959, 44.49221728359048]}}, {"type": "Feature", "geometry": {"type": "LineString", "coordinates": [[50.726398164279075, 44.493645899724775], [50.688428751431616, 44.532042822622564]]}, "properties": {"transect_id": 368, "baseline_distance_m": 181025.0, "positions": {"2000": 12442.8, "2001": 12437.5, "2002": 12439.2, "2003": 12428.6, "2004": 12430.3, "2005": 12427.0, "2006": 12412.0, "2007": 12398.4, "2008": 12409.3, "2009": 12398.8, "2010": 12391.8, "2011": 12388.0, "2012": null, "2013": 12378.8, "2014": 12380.8, "2015": 12371.3, "2016": 12370.8, "2017": 12362.8, "2018": 12354.6, "2019": 12349.4, "2020": 12348.2, "2021": 12344.4, "2022": 12340.1, "2023": 12330.2, "2024": 12327.0, "2025": 12323.7, "2026": 12314.9}, "total_retreat_m": 127.9, "speed_m_per_year": -4.87, "r_squared": 0.99, "std_error": 0.1, "ci_95_low": -5.08, "ci_95_high": -4.67, "valid_years": 26, "confidence": "high", "risk_class": "low", "location_ru": "Мыс Ракушечный", "anchor": [50.7200699288045, 44.500045386874405]}}, {"type": "Feature", "geometry": {"type": "LineString", "coordinates": [[50.734525351853975, 44.50178612012713], [50.69607308109017, 44.5396994802144]]}, "properties": {"transect_id": 369, "baseline_distance_m": 181506.1, "positions": {"2000": 10960.7, "2001": 10943.8, "2002": 10925.7, "2003": 10894.7, "2004": 10877.3, "2005": 10857.7, "2006": 10841.8, "2007": 10816.0, "2008": 10795.9, "2009": 10771.5, "2010": 10758.6, "2011": 10735.5, "2012": null, "2013": 10692.6, "2014": 10673.6, "2015": 10658.7, "2016": 10629.7, "2017": 10609.8, "2018": 10597.7, "2019": 10572.5, "2020": 10554.4, "2021": 10532.8, "2022": 10510.5, "2023": 10488.8, "2024": 10473.0, "2025": 10453.8, "2026": 10433.0}, "total_retreat_m": 527.7, "speed_m_per_year": -20.37, "r_squared": 1.0, "std_error": 0.08, "ci_95_low": -20.54, "ci_95_high": -20.21, "valid_years": 26, "confidence": "high", "risk_class": "high", "location_ru": "Северный Бузачи", "anchor": [50.72811664006001, 44.50810501347501]}}, {"type": "Feature", "geometry": {"type": "LineString", "coordinates": [[50.742670470244676, 44.510147861919165], [50.703766262249296, 44.54759732920846]]}, "properties": {"transect_id": 370, "baseline_distance_m": 181987.1, "positions": {"2000": 13412.2, "2001": 13389.8, "2002": 13371.3, "2003": 13354.5, "2004": 13332.6, "2005": 13308.6, "2006": 13292.2, "2007": 13268.6, "2008": 13244.9, "2009": 13223.6, "2010": 13207.3, "2011": 13184.5, "2012": null, "2013": 13137.8, "2014": 13125.8, "2015": 13099.7, "2016": 13087.2, "2017": 13054.5, "2018": 13038.6, "2019": 13015.7, "2020": 12993.8, "2021": 12974.9, "2022": 12963.2, "2023": 12935.9, "2024": 12911.3, "2025": 12886.4, "2026": 12866.0}, "total_retreat_m": 546.2, "speed_m_per_year": -20.92, "r_squared": 1.0, "std_error": 0.09, "ci_95_low": -21.1, "ci_95_high": -20.73, "valid_years": 26, "confidence": "high", "risk_class": "high", "location_ru": "Прибрежная зона Каламкас", "anchor": [50.73618643557878, 44.51638943980071]}}, {"type": "Feature", "geometry": {"type": "LineString", "coordinates": [[50.75083144636889, 44.51872385231063], [50.711504717173916, 44.555729370423805]]}, "properties": {"transect_id": 371, "baseline_distance_m": 182468.2, "positions": {"2000": 10424.1, "2001": 10401.0, "2002": 10394.9, "2003": 10384.5, "2004": 10372.0, "2005": 10343.0, "2006": 10332.5, "2007": 10317.4, "2008": 10306.5, "2009": 10286.2, "2010": 10282.9, "2011": 10261.5, "2012": null, "2013": 10231.1, "2014": 10223.1, "2015": 10201.7, "2016": 10188.5, "2017": 10169.1, "2018": 10151.7, "2019": 10139.9, "2020": 10136.2, "2021": 10115.1, "2022": 10098.8, "2023": 10078.9, "2024": 10071.5, "2025": 10047.6, "2026": 10031.9}, "total_retreat_m": 392.2, "speed_m_per_year": -14.86, "r_squared": 0.998, "std_error": 0.12, "ci_95_low": -15.11, "ci_95_high": -14.62, "valid_years": 26, "confidence": "high", "risk_class": "medium", "location_ru": "Севернее водозабора МАЭК", "anchor": [50.744276991503064, 44.52489143866283]}}, {"type": "Feature", "geometry": {"type": "LineString", "coordinates": [[50.75900619110691, 44.52750634662776], [50.71928491550867, 44.5640880396565]]}, "properties": {"transect_id": 372, "baseline_distance_m": 182949.3, "positions": {"2000": 15138.3, "2001": 15113.9, "2002": 15098.1, "2003": 15079.3, "2004": 15071.2, "2005": 15056.6, "2006": 15044.1, "2007": 15029.7, "2008": 15010.3, "2009": 14998.4, "2010": 14978.4, "2011": 14968.4, "2012": null, "2013": 14934.3, "2014": 14923.2, "2015": 14908.0, "2016": 14891.8, "2017": 14879.7, "2018": 14855.3, "2019": 14842.4, "2020": 14830.6, "2021": 14811.0, "2022": 14800.2, "2023": 14785.4, "2024": 14777.1, "2025": 14757.5, "2026": 14746.1}, "total_retreat_m": 392.2, "speed_m_per_year": -14.97, "r_squared": 0.999, "std_error": 0.09, "ci_95_low": -15.16, "ci_95_high": -14.79, "valid_years": 26, "confidence": "high", "risk_class": "medium", "location_ru": "Бухта Курык", "anchor": [50.752385978507206, 44.53360329546588]}}, {"type": "Feature", "geometry": {"type": "LineString", "coordinates": [[50.767192599044876, 44.53648714322528], [50.72710337924258, 44.572665236813016]]}, "properties": {"transect_id": 373, "baseline_distance_m": 183430.4, "positions": {"2000": 14187.7, "2001": 14183.0, "2002": 14177.6, "2003": 14165.2, "2004": 14151.9, "2005": 14144.5, "2006": 14142.9, "2007": 14127.7, "2008": 14137.0, "2009": 14125.1, "2010": 14113.0, "2011": 14103.9, "2012": null, "2013": 14098.1, "2014": 14082.4, "2015": 14075.6, "2016": 14069.4, "2017": 14065.8, "2018": 14060.6, "2019": 14055.7, "2020": 14048.0, "2021": 14036.6, "2022": 14033.5, "2023": 14019.6, "2024": 14007.8, "2025": 14005.2, "2026": 13997.5}, "total_retreat_m": 190.2, "speed_m_per_year": -7.19, "r_squared": 0.994, "std_error": 0.11, "ci_95_low": -7.42, "ci_95_high": -6.96, "valid_years": 26, "confidence": "high", "risk_class": "low", "location_ru": "Тюб-Караганский залив", "anchor": [50.76051106241116, 44.542516825489905]}}, {"type": "Feature", "geometry": {"type": "LineString", "coordinates": [[50.77538854850772, 44.545657599661894], [50.734956686232785, 44.58145235504561]]}, "properties": {"transect_id": 374, "baseline_distance_m": 183911.4, "positions": {"2000": 14185.4, "2001": 14174.3, "2002": 14163.3, "2003": 14134.2, "2004": 14120.6, "2005": 14107.2, "2006": 14098.0, "2007": 14078.8, "2008": 14061.3, "2009": 14051.7, "2010": 14037.3, "2011": 14018.0, "2012": null, "2013": 13984.1, "2014": 13973.1, "2015": 13955.7, "2016": 13940.3, "2017": 13923.8, "2018": 13914.2, "2019": 13896.1, "2020": 13883.9, "2021": 13869.7, "2022": 13850.8, "2023": 13831.6, "2024": 13822.4, "2025": 13804.7, "2026": 13797.9}, "total_retreat_m": 387.5, "speed_m_per_year": -15.18, "r_squared": 0.999, "std_error": 0.09, "ci_95_low": -15.36, "ci_95_high": -15.0, "valid_years": 26, "confidence": "high", "risk_class": "medium", "location_ru": "Мыс Меловой", "anchor": [50.76864990479523, 44.55162339222585]}}, {"type": "Feature", "geometry": {"type": "LineString", "coordinates": [[50.78359190182782, 44.555008650094386], [50.74284147255702, 44.59044030986704]]}, "properties": {"transect_id": 375, "baseline_distance_m": 184392.5, "positions": {"2000": 13689.2, "2001": 13680.8, "2002": 13673.2, "2003": 13668.6, "2004": 13662.6, "2005": 13658.2, "2006": 13647.9, "2007": 13637.9, "2008": 13631.6, "2009": 13620.7, "2010": 13625.7, "2011": 13610.0, "2012": null, "2013": 13602.3, "2014": 13592.6, "2015": 13585.8, "2016": 13577.2, "2017": 13567.7, "2018": 13560.0, "2019": 13563.9, "2020": 13550.6, "2021": 13547.7, "2022": 13541.8, "2023": 13527.8, "2024": 13524.2, "2025": 13515.8, "2026": 13504.1}, "total_retreat_m": 185.1, "speed_m_per_year": -6.9, "r_squared": 0.997, "std_error": 0.08, "ci_95_low": -7.07, "ci_95_high": -6.73, "valid_years": 26, "confidence": "high", "risk_class": "low", "location_ru": "Южная коса Актау", "anchor": [50.77680016361602, 44.56091392672316]}}, {"type": "Feature", "geometry": {"type": "LineString", "coordinates": [[50.79180050580338, 44.56453082384038], [50.75075443392237, 44.59961956823425]]}, "properties": {"transect_id": 376, "baseline_distance_m": 184873.6, "positions": {"2000": 10163.9, "2001": 10153.4, "2002": 10142.7, "2003": 10140.6, "2004": 10113.6, "2005": 10111.7, "2006": 10097.5, "2007": 10084.7, "2008": 10074.9, "2009": 10067.5, "2010": 10056.5, "2011": 10043.1, "2012": null, "2013": 10024.3, "2014": 10013.7, "2015": 10000.7, "2016": 9984.0, "2017": 9976.9, "2018": 9965.7, "2019": 9949.2, "2020": 9935.0, "2021": 9922.0, "2022": 9919.1, "2023": 9908.8, "2024": 9891.6, "2025": 9889.3, "2026": 9874.5}, "total_retreat_m": 289.4, "speed_m_per_year": -11.27, "r_squared": 0.998, "std_error": 0.1, "ci_95_low": -11.47, "ci_95_high": -11.07, "valid_years": 26, "confidence": "high", "risk_class": "medium", "location_ru": "Побережье у Баутино", "anchor": [50.78495949382321, 44.57037894790602]}}, {"type": "Feature", "geometry": {"type": "LineString", "coordinates": [[50.80001219230597, 44.57421426505314], [50.7586923263339, 44.608980177612004]]}, "properties": {"transect_id": 377, "baseline_distance_m": 185354.7, "positions": {"2000": 10196.0, "2001": 10204.6, "2002": 10207.9, "2003": 10205.6, "2004": 10204.5, "2005": 10213.1, "2006": 10211.2, "2007": 10222.2, "2008": 10218.6, "2009": 10229.6, "2010": 10216.7, "2011": 10228.2, "2012": null, "2013": 10238.4, "2014": 10231.6, "2015": 10237.0, "2016": 10238.6, "2017": 10239.9, "2018": 10246.2, "2019": 10242.5, "2020": 10249.7, "2021": 10254.7, "2022": 10254.3, "2023": 10253.6, "2024": 10264.3, "2025": 10265.6, "2026": 10261.0}, "total_retreat_m": -65.0, "speed_m_per_year": 2.51, "r_squared": 0.966, "std_error": 0.1, "ci_95_low": 2.31, "ci_95_high": 2.71, "valid_years": 26, "confidence": "high", "risk_class": "low", "location_ru": "Залив Комсомолец", "anchor": [50.79312554797729, 44.580008583812955]}}, {"type": "Feature", "geometry": {"type": "LineString", "coordinates": [[50.80822477900278, 44.584048753448364], [50.76665196619265, 44.618511795029946]]}, "properties": {"transect_id": 378, "baseline_distance_m": 185835.7, "positions": {"2000": 10613.0, "2001": 10590.9, "2002": 10572.0, "2003": 10546.5, "2004": 10523.2, "2005": 10509.6, "2006": 10482.7, "2007": 10464.7, "2008": 10436.7, "2009": 10419.7, "2010": 10405.0, "2011": 10377.1, "2012": null, "2013": 10341.3, "2014": 10307.7, "2015": 10293.8, "2016": 10274.4, "2017": 10261.1, "2018": 10228.4, "2019": 10214.8, "2020": 10195.4, "2021": 10167.3, "2022": 10147.7, "2023": 10128.8, "2024": 10101.3, "2025": 10084.4, "2026": 10070.4}, "total_retreat_m": 542.6, "speed_m_per_year": -21.0, "r_squared": 0.999, "std_error": 0.1, "ci_95_low": -21.21, "ci_95_high": -20.8, "valid_years": 26, "confidence": "high", "risk_class": "high", "location_ru": "Мыс Ракушечный", "anchor": [50.801295976867756, 44.58979259371196]}}, {"type": "Feature", "geometry": {"type": "LineString", "coordinates": [[50.816436070163896, 44.594023726018904], [50.774630229971855, 44.62820371615696]]}, "properties": {"transect_id": 379, "baseline_distance_m": 186316.8, "positions": {"2000": 14562.8, "2001": 14559.9, "2002": 14555.9, "2003": 14545.8, "2004": 14549.4, "2005": 14543.7, "2006": 14536.4, "2007": 14525.5, "2008": 14520.0, "2009": 14518.0, "2010": 14514.8, "2011": 14502.7, "2012": null, "2013": 14502.2, "2014": 14500.6, "2015": 14493.0, "2016": 14483.2, "2017": 14477.9, "2018": 14477.5, "2019": 14471.0, "2020": 14468.6, "2021": 14464.4, "2022": 14461.6, "2023": 14447.9, "2024": 14448.6, "2025": 14441.5, "2026": 14437.7}, "total_retreat_m": 125.1, "speed_m_per_year": -4.84, "r_squared": 0.993, "std_error": 0.08, "ci_95_low": -5.01, "ci_95_high": -4.67, "valid_years": 26, "confidence": "high", "risk_class": "low", "location_ru": "Северный Бузачи", "anchor": [50.809468430131886, 44.59972039104191]}}, {"type": "Feature", "geometry": {"type": "LineString", "coordinates": [[50.82464385753011, 44.604128299672034], [50.78262405359219, 44.63804490441098]]}, "properties": {"transect_id": 380, "baseline_distance_m": 186797.9, "positions": {"2000": 14054.4, "2001": 14048.8, "2002": 14044.9, "2003": 14042.6, "2004": 14035.0, "2005": 14045.6, "2006": 14037.2, "2007": 14038.8, "2008": 14037.8, "2009": 14028.4, "2010": 14028.0, "2011": 14036.1, "2012": null, "2013": 14027.7, "2014": 14022.5, "2015": 14022.6, "2016": 14025.7, "2017": 14023.4, "2018": 14012.1, "2019": 14022.8, "2020": 14018.4, "2021": 14012.2, "2022": 14006.3, "2023": 14013.6, "2024": 14009.6, "2025": 14000.1, "2026": 14003.3}, "total_retreat_m": 51.1, "speed_m_per_year": -1.75, "r_squared": 0.925, "std_error": 0.1, "ci_95_low": -1.96, "ci_95_high": -1.54, "valid_years": 26, "confidence": "high", "risk_class": "low", "location_ru": "Прибрежная зона Каламкас", "anchor": [50.81764055687379, 44.60978106712852]}}, {"type": "Feature", "geometry": {"type": "LineString", "coordinates": [[50.832845921220816, 44.61435129472214], [50.79063043159721, 44.648024020121774]]}, "properties": {"transect_id": 381, "baseline_distance_m": 187279.0, "positions": {"2000": 12261.4, "2001": 12264.8, "2002": 12280.4, "2003": 12281.2, "2004": 12288.0, "2005": 12287.8, "2006": 12296.3, "2007": 12292.4, "2008": 12301.0, "2009": 12306.0, "2010": 12314.9, "2011": 12315.1, "2012": null, "2013": 12320.3, "2014": 12327.6, "2015": 12325.1, "2016": 12327.0, "2017": 12344.2, "2018": 12343.8, "2019": 12348.8, "2020": 12357.7, "2021": 12364.4, "2022": 12365.5, "2023": 12375.5, "2024": 12374.3, "2025": 12378.0, "2026": 12382.3}, "total_retreat_m": -120.9, "speed_m_per_year": 4.53, "r_squared": 0.987, "std_error": 0.1, "ci_95_low": 4.31, "ci_95_high": 4.74, "valid_years": 26, "confidence": "high", "risk_class": "low", "location_ru": "Севернее водозабора МАЭК", "anchor": [50.82581000628355, 44.61996341562208]}}, {"type": "Feature", "geometry": {"type": "LineString", "coordinates": [[50.841040030664466, 44.624681259169556], [50.79864641621629, 44.658129449763656]]}, "properties": {"transect_id": 382, "baseline_distance_m": 187760.0, "positions": {"2000": 12550.5, "2001": 12537.1, "2002": 12518.7, "2003": 12494.6, "2004": 12475.1, "2005": 12463.4, "2006": 12439.6, "2007": 12411.6, "2008": 12391.6, "2009": 12367.5, "2010": 12354.6, "2011": 12329.9, "2012": null, "2013": 12281.4, "2014": 12268.8, "2015": 12249.3, "2016": 12230.5, "2017": 12205.5, "2018": 12183.5, "2019": 12172.1, "2020": 12143.3, "2021": 12125.3, "2022": 12099.4, "2023": 12083.5, "2024": 12054.1, "2025": 12037.2, "2026": 12013.4}, "total_retreat_m": 537.1, "speed_m_per_year": -20.8, "r_squared": 0.999, "std_error": 0.11, "ci_95_low": -21.01, "ci_95_high": -20.58, "valid_years": 26, "confidence": "high", "risk_class": "high", "location_ru": "Бухта Курык", "anchor": [50.83397442825644, 44.630255957601904]}}, {"type": "Feature", "geometry": {"type": "LineString", "coordinates": [[50.84922394553764, 44.63510649369659], [50.8066691163828, 44.66834933526591]]}, "properties": {"transect_id": 383, "baseline_distance_m": 188241.1, "positions": {"2000": 15762.2, "2001": 15752.7, "2002": 15741.0, "2003": 15720.0, "2004": 15709.3, "2005": 15692.7, "2006": 15676.2, "2007": 15663.9, "2008": 15653.4, "2009": 15628.7, "2010": 15612.6, "2011": 15597.6, "2012": null, "2013": 15576.0, "2014": 15561.7, "2015": 15540.2, "2016": 15519.0, "2017": 15510.0, "2018": 15500.1, "2019": 15482.8, "2020": 15469.0, "2021": 15451.4, "2022": 15442.7, "2023": 15425.2, "2024": 15411.4, "2025": 15394.9, "2026": 15381.5}, "total_retreat_m": 380.7, "speed_m_per_year": -14.86, "r_squared": 0.999, "std_error": 0.09, "ci_95_low": -15.05, "ci_95_high": -14.68, "valid_years": 26, "confidence": "high", "risk_class": "medium", "location_ru": "Тюб-Караганский залив", "anchor": [50.84213147401183, 44.640646967291474]}}, {"type": "Feature", "geometry": {"type": "LineString", "coordinates": [[50.85739541670105, 44.64561507731068], [50.81469569676614, 44.67867160340584]]}, "properties": {"transect_id": 384, "baseline_distance_m": 188722.2, "positions": {"2000": 13649.9, "2001": 13646.1, "2002": 13642.2, "2003": 13633.9, "2004": 13623.0, "2005": 13618.2, "2006": 13614.3, "2007": 13611.4, "2008": 13604.8, "2009": 13595.4, "2010": 13590.0, "2011": 13580.7, "2012": null, "2013": 13565.9, "2014": 13572.4, "2015": 13576.8, "2016": 13569.4, "2017": 13552.9, "2018": 13552.0, "2019": 13540.1, "2020": 13535.4, "2021": 13530.4, "2022": 13528.9, "2023": 13523.7, "2024": 13520.1, "2025": 13516.3, "2026": 13506.9}, "total_retreat_m": 143.0, "speed_m_per_year": -5.44, "r_squared": 0.989, "std_error": 0.12, "ci_95_low": -5.68, "ci_95_high": -5.19, "valid_years": 26, "confidence": "high", "risk_class": "low", "location_ru": "Мыс Меловой", "anchor": [50.8502787967119, 44.65112449832654]}}, {"type": "Feature", "geometry": {"type": "LineString", "coordinates": [[50.86555218712339, 44.65619489356524], [50.822723376860914, 44.68908399527844]]}, "properties": {"transect_id": 385, "baseline_distance_m": 189203.3, "positions": {"2000": 15806.0, "2001": 15796.2, "2002": 15795.6, "2003": 15782.5, "2004": 15767.1, "2005": 15765.2, "2006": 15751.2, "2007": 15753.7, "2008": 15735.5, "2009": 15731.3, "2010": 15723.8, "2011": 15706.4, "2012": null, "2013": 15692.1, "2014": 15684.8, "2015": 15673.9, "2016": 15665.7, "2017": 15649.7, "2018": 15648.0, "2019": 15634.7, "2020": 15628.8, "2021": 15621.9, "2022": 15611.7, "2023": 15601.2, "2024": 15593.2, "2025": 15584.2, "2026": 15578.2}, "total_retreat_m": 227.8, "speed_m_per_year": -8.96, "r_squared": 0.998, "std_error": 0.08, "ci_95_low": -9.13, "ci_95_high": -8.79, "valid_years": 26, "confidence": "high", "risk_class": "medium", "location_ru": "Южная коса Актау", "anchor": [50.858414052079645, 44.661676410517444]}}, {"type": "Feature", "geometry": {"type": "LineString", "coordinates": [[50.873691992784735, 44.66683365728712], [50.83074943017493, 44.69957409583799]]}, "properties": {"transect_id": 386, "baseline_distance_m": 189684.3, "positions": {"2000": 11582.8, "2001": 11567.2, "2002": 11553.9, "2003": 11551.3, "2004": 11538.7, "2005": 11524.8, "2006": 11521.7, "2007": 11515.5, "2008": 11493.4, "2009": 11494.1, "2010": 11470.0, "2011": 11468.7, "2012": null, "2013": 11457.8, "2014": 11439.3, "2015": 11431.1, "2016": 11423.9, "2017": 11404.0, "2018": 11401.3, "2019": 11391.4, "2020": 11388.7, "2021": 11366.4, "2022": 11359.9, "2023": 11347.9, "2024": 11337.5, "2025": 11336.3, "2026": 11322.0}, "total_retreat_m": 260.8, "speed_m_per_year": -9.88, "r_squared": 0.997, "std_error": 0.11, "ci_95_low": -10.12, "ci_95_high": -9.64, "valid_years": 26, "confidence": "high", "risk_class": "medium", "location_ru": "Побережье у Баутино", "anchor": [50.866534899016436, 44.6722903970456]}}, {"type": "Feature", "geometry": {"type": "LineString", "coordinates": [[50.88181256355361, 44.677518941741425], [50.83877118354302, 44.71012936349251]]}, "properties": {"transect_id": 387, "baseline_distance_m": 190165.4, "positions": {"2000": 10487.3, "2001": 10473.0, "2002": 10455.3, "2003": 10444.7, "2004": 10429.7, "2005": 10413.4, "2006": 10402.5, "2007": 10388.2, "2008": 10370.4, "2009": 10357.5, "2010": 10352.1, "2011": 10337.3, "2012": null, "2013": 10295.4, "2014": 10281.3, "2015": 10266.1, "2016": 10260.0, "2017": 10239.5, "2018": 10227.5, "2019": 10219.9, "2020": 10197.3, "2021": 10185.5, "2022": 10170.2, "2023": 10151.1, "2024": 10143.1, "2025": 10120.8, "2026": 10115.0}, "total_retreat_m": 372.3, "speed_m_per_year": -14.46, "r_squared": 0.999, "std_error": 0.1, "ci_95_low": -14.66, "ci_95_high": -14.26, "valid_years": 26, "confidence": "high", "risk_class": "medium", "location_ru": "Залив Комсомолец", "anchor": [50.87463900021851, 44.68295401203327]}}, {"type": "Feature", "geometry": {"type": "LineString", "coordinates": [[50.88991162403203, 44.68823820616293], [50.84678601659562, 44.720737159734405]]}, "properties": {"transect_id": 388, "baseline_distance_m": 190646.5, "positions": {"2000": 13538.1, "2001": 13523.8, "2002": 13510.8, "2003": 13487.8, "2004": 13481.6, "2005": 13465.5, "2006": 13455.7, "2007": 13439.2, "2008": 13419.7, "2009": 13405.7, "2010": 13391.6, "2011": 13383.5, "2012": null, "2013": 13344.3, "2014": 13329.7, "2015": 13313.1, "2016": 13296.7, "2017": 13288.9, "2018": 13273.5, "2019": 13262.8, "2020": 13246.9, "2021": 13237.3, "2022": 13212.4, "2023": 13196.7, "2024": 13177.5, "2025": 13170.5, "2026": 13153.2}, "total_retreat_m": 384.9, "speed_m_per_year": -14.8, "r_squared": 0.999, "std_error": 0.1, "ci_95_low": -15.0, "ci_95_high": -14.6, "valid_years": 26, "confidence": "high", "risk_class": "medium", "location_ru": "Мыс Ракушечный", "anchor": [50.88272402279263, 44.693654698424844]}}, {"type": "Feature", "geometry": {"type": "LineString", "coordinates": [[50.897986894364905, 44.69897882358559], [50.8547913613988, 44.731384778775556]]}, "properties": {"transect_id": 389, "baseline_distance_m": 191127.6, "positions": {"2000": 12179.7, "2001": 12175.1, "2002": 12170.7, "2003": 12163.4, "2004": 12166.8, "2005": 12166.2, "2006": 12149.4, "2007": 12152.7, "2008": 12134.2, "2009": 12144.3, "2010": 12130.1, "2011": 12131.4, "2012": null, "2013": 12120.1, "2014": 12120.5, "2015": 12120.6, "2016": 12105.7, "2017": 12107.7, "2018": 12103.0, "2019": 12107.3, "2020": 12098.6, "2021": 12088.1, "2022": 12086.9, "2023": 12090.9, "2024": 12083.5, "2025": 12072.9, "2026": 12071.4}, "total_retreat_m": 108.3, "speed_m_per_year": -4.09, "r_squared": 0.98, "std_error": 0.12, "ci_95_low": -4.33, "ci_95_high": -3.84, "valid_years": 26, "confidence": "high", "risk_class": "low", "location_ru": "Северный Бузачи", "anchor": [50.890787638870556, 44.70437981611725]}}, {"type": "Feature", "geometry": {"type": "LineString", "coordinates": [[50.90603609100976, 44.709728108900435], [50.86278470228362, 44.742059477155735]]}, "properties": {"transect_id": 390, "baseline_distance_m": 191608.7, "positions": {"2000": 14090.5, "2001": 14082.5, "2002": 14078.7, "2003": 14059.5, "2004": 14048.6, "2005": 14037.5, "2006": 14033.7, "2007": 14012.8, "2008": 14005.1, "2009": 13986.2, "2010": 13975.5, "2011": 13964.5, "2012": null, "2013": 13937.2, "2014": 13927.4, "2015": 13919.7, "2016": 13900.8, "2017": 13892.0, "2018": 13882.7, "2019": 13864.5, "2020": 13860.1, "2021": 13843.9, "2022": 13830.9, "2023": 13811.5, "2024": 13805.9, "2025": 13796.8, "2026": 13790.2}, "total_retreat_m": 300.3, "speed_m_per_year": -12.06, "r_squared": 0.998, "std_error": 0.1, "ci_95_low": -12.26, "ci_95_high": -11.86, "valid_years": 26, "confidence": "high", "risk_class": "medium", "location_ru": "Прибрежная зона Каламкас", "anchor": [50.89882752622207, 44.715116670276316]}}, {"type": "Feature", "geometry": {"type": "LineString", "coordinates": [[50.91405692746367, 44.720473347072975], [50.87076357588199, 44.75274850328987]]}, "properties": {"transect_id": 391, "baseline_distance_m": 192089.7, "positions": {"2000": 15735.0, "2001": 15734.2, "2002": 15734.6, "2003": 15721.1, "2004": 15723.4, "2005": 15717.4, "2006": 15710.5, "2007": 15703.1, "2008": 15695.4, "2009": 15701.3, "2010": 15691.7, "2011": 15685.5, "2012": null, "2013": 15672.3, "2014": 15669.1, "2015": 15664.5, "2016": 15660.4, "2017": 15656.7, "2018": 15645.5, "2019": 15637.7, "2020": 15638.9, "2021": 15626.5, "2022": 15627.1, "2023": 15621.3, "2024": 15620.3, "2025": 15621.2, "2026": 15600.4}, "total_retreat_m": 134.6, "speed_m_per_year": -5.14, "r_squared": 0.991, "std_error": 0.1, "ci_95_low": -5.35, "ci_95_high": -4.94, "valid_years": 26, "confidence": "high", "risk_class": "low", "location_ru": "Севернее водозабора МАЭК", "anchor": [50.90684136886672, 44.725852539775794]}}, {"type": "Feature", "geometry": {"type": "LineString", "coordinates": [[50.92204711494453, 44.73120182145239], [50.87872557137957, 44.76343912690971]]}, "properties": {"transect_id": 392, "baseline_distance_m": 192570.8, "positions": {"2000": 14010.6, "2001": 14008.0, "2002": 14022.2, "2003": 14022.8, "2004": 14026.9, "2005": 14023.9, "2006": 14036.5, "2007": 14044.0, "2008": 14044.2, "2009": 14054.4, "2010": 14058.7, "2011": 14056.1, "2012": null, "2013": 14074.0, "2014": 14072.3, "2015": 14076.9, "2016": 14081.6, "2017": 14085.9, "2018": 14079.6, "2019": 14093.9, "2020": 14093.7, "2021": 14110.2, "2022": 14114.5, "2023": 14116.1, "2024": 14116.2, "2025": 14117.6, "2026": 14123.5}, "total_retreat_m": -112.9, "speed_m_per_year": 4.49, "r_squared": 0.986, "std_error": 0.11, "ci_95_low": 4.26, "ci_95_high": 4.71, "valid_years": 26, "confidence": "high", "risk_class": "low", "location_ru": "Бухта Курык", "anchor": [50.91482685768371, 44.736574705695276]}}, {"type": "Feature", "geometry": {"type": "LineString", "coordinates": [[50.93000436302515, 44.74190084210582], [50.8866683309951, 44.77411866834986]]}, "properties": {"transect_id": 393, "baseline_distance_m": 193051.9, "positions": {"2000": 10361.1, "2001": 10379.2, "2002": 10385.5, "2003": 10390.7, "2004": 10392.7, "2005": 10397.8, "2006": 10397.7, "2007": 10393.7, "2008": 10406.6, "2009": 10413.5, "2010": 10415.0, "2011": 10419.3, "2012": null, "2013": 10425.2, "2014": 10429.5, "2015": 10445.4, "2016": 10450.0, "2017": 10447.0, "2018": 10452.7, "2019": 10452.1, "2020": 10463.1, "2021": 10472.1, "2022": 10463.4, "2023": 10475.9, "2024": 10480.7, "2025": 10485.1, "2026": 10494.1}, "total_retreat_m": -133.0, "speed_m_per_year": 4.56, "r_squared": 0.983, "std_error": 0.12, "ci_95_low": 4.31, "ci_95_high": 4.81, "valid_years": 26, "confidence": "high", "risk_class": "low", "location_ru": "Тюб-Караганский залив", "anchor": [50.92278169102014, 44.74727047981316]}}, {"type": "Feature", "geometry": {"type": "LineString", "coordinates": [[50.93792638021624, 44.75255777411013], [50.89458955070193, 44.78477452763447]]}, "properties": {"transect_id": 394, "baseline_distance_m": 193533.0, "positions": {"2000": 11619.3, "2001": 11621.5, "2002": 11623.1, "2003": 11631.2, "2004": 11637.3, "2005": 11640.0, "2006": 11640.1, "2007": 11646.3, "2008": 11650.8, "2009": 11653.8, "2010": 11662.9, "2011": 11667.8, "2012": null, "2013": 11679.0, "2014": 11676.2, "2015": 11681.8, "2016": 11694.8, "2017": 11692.5, "2018": 11697.7, "2019": 11701.4, "2020": 11711.2, "2021": 11715.8, "2022": 11720.1, "2023": 11720.2, "2024": 11721.1, "2025": 11736.8, "2026": 11737.0}, "total_retreat_m": -117.7, "speed_m_per_year": 4.63, "r_squared": 0.994, "std_error": 0.08, "ci_95_low": 4.47, "ci_95_high": 4.78, "valid_years": 26, "confidence": "high", "risk_class": "low", "location_ru": "Мыс Меловой", "anchor": [50.93070357529719, 44.757927233030856]}}, {"type": "Feature", "geometry": {"type": "LineString", "coordinates": [[50.945810874497425, 44.76316006573665], [50.9024869811981, 44.795394213303915]]}, "properties": {"transect_id": 395, "baseline_distance_m": 194014.0, "positions": {"2000": 15587.1, "2001": 15580.1, "2002": 15565.5, "2003": 15541.1, "2004": 15532.3, "2005": 15518.3, "2006": 15510.8, "2007": 15482.6, "2008": 15476.5, "2009": 15456.0, "2010": 15436.1, "2011": 15425.8, "2012": null, "2013": 15396.7, "2014": 15377.6, "2015": 15368.3, "2016": 15356.1, "2017": 15338.4, "2018": 15320.5, "2019": 15307.2, "2020": 15293.0, "2021": 15279.1, "2022": 15267.8, "2023": 15249.6, "2024": 15228.1, "2025": 15216.7, "2026": 15204.8}, "total_retreat_m": 382.3, "speed_m_per_year": -14.94, "r_squared": 0.999, "std_error": 0.09, "ci_95_low": -15.13, "ci_95_high": -14.75, "valid_years": 26, "confidence": "high", "risk_class": "medium", "location_ru": "Южная коса Актау", "anchor": [50.938590225614206, 44.768532423664524]}}, {"type": "Feature", "geometry": {"type": "LineString", "coordinates": [[50.953655553793574, 44.77369527646467], [50.910358429135464, 44.805965370922856]]}, "properties": {"transect_id": 396, "baseline_distance_m": 194495.1, "positions": {"2000": 11341.1, "2001": 11333.6, "2002": 11335.2, "2003": 11325.4, "2004": 11332.0, "2005": 11325.1, "2006": 11328.2, "2007": 11339.6, "2008": 11327.8, "2009": 11322.2, "2010": 11326.4, "2011": 11321.8, "2012": null, "2013": 11318.1, "2014": 11329.5, "2015": 11324.4, "2016": 11320.6, "2017": 11316.7, "2018": 11316.1, "2019": 11322.6, "2020": 11316.7, "2021": 11302.3, "2022": 11323.4, "2023": 11313.5, "2024": 11313.2, "2025": 11315.3, "2026": 11311.8}, "total_retreat_m": 29.3, "speed_m_per_year": -0.91, "r_squared": 0.672, "std_error": 0.13, "ci_95_low": -1.18, "ci_95_high": -0.64, "valid_years": 26, "confidence": "medium", "risk_class": "low", "location_ru": "Побережье у Баутино", "anchor": [50.94643936635055, 44.77907362554104]}}, {"type": "Feature", "geometry": {"type": "LineString", "coordinates": [[50.9614581263938, 44.78415110476017], [50.91820175862028, 44.8164758112096]]}, "properties": {"transect_id": 397, "baseline_distance_m": 194976.2, "positions": {"2000": 11169.3, "2001": 11170.9, "2002": 11171.0, "2003": 11158.3, "2004": 11153.5, "2005": 11156.8, "2006": 11145.6, "2007": 11141.3, "2008": 11137.0, "2009": 11133.8, "2010": 11123.3, "2011": 11123.0, "2012": null, "2013": 11117.1, "2014": 11112.6, "2015": 11111.9, "2016": 11110.1, "2017": 11104.4, "2018": 11097.5, "2019": 11088.8, "2020": 11082.4, "2021": 11080.5, "2022": 11078.3, "2023": 11074.8, "2024": 11069.5, "2025": 11062.1, "2026": 11061.3}, "total_retreat_m": 108.0, "speed_m_per_year": -4.33, "r_squared": 0.991, "std_error": 0.08, "ci_95_low": -4.5, "ci_95_high": -4.16, "valid_years": 26, "confidence": "high", "risk_class": "low", "location_ru": "Залив Комсомолец", "anchor": [50.95424873176488, 44.78953855583507]}}, {"type": "Feature", "geometry": {"type": "LineString", "coordinates": [[50.969216301311526, 44.794515415558784], [50.92601489299414, 44.82691353771724]]}, "properties": {"transect_id": 398, "baseline_distance_m": 195457.3, "positions": {"2000": 12604.4, "2001": 12601.1, "2002": 12600.9, "2003": 12601.5, "2004": 12605.2, "2005": 12606.2, "2006": 12598.3, "2007": 12601.9, "2008": 12604.8, "2009": 12600.1, "2010": 12605.4, "2011": 12602.3, "2012": null, "2013": 12600.5, "2014": 12603.5, "2015": 12604.8, "2016": 12599.7, "2017": 12602.1, "2018": 12604.8, "2019": 12599.8, "2020": 12596.2, "2021": 12596.6, "2022": 12600.9, "2023": 12597.3, "2024": 12601.1, "2025": 12609.0, "2026": 12596.8}, "total_retreat_m": 7.6, "speed_m_per_year": -0.12, "r_squared": 0.083, "std_error": 0.08, "ci_95_low": -0.28, "ci_95_high": 0.05, "valid_years": 26, "confidence": "low", "risk_class": "low", "location_ru": "Мыс Ракушечный", "anchor": [50.962016066591964, 44.799915102585196]}}, {"type": "Feature", "geometry": {"type": "LineString", "coordinates": [[50.97692778858256, 44.80477626739312], [50.93379581690695, 44.83726677399697]]}, "properties": {"transect_id": 399, "baseline_distance_m": 195938.3, "positions": {"2000": 15869.2, "2001": 15852.1, "2002": 15838.9, "2003": 15827.2, "2004": 15818.3, "2005": 15795.3, "2006": 15780.4, "2007": 15763.9, "2008": 15755.8, "2009": 15735.7, "2010": 15725.5, "2011": 15709.7, "2012": null, "2013": 15689.6, "2014": 15669.2, "2015": 15658.8, "2016": 15636.8, "2017": 15629.7, "2018": 15610.4, "2019": 15599.4, "2020": 15596.0, "2021": 15576.8, "2022": 15558.6, "2023": 15557.8, "2024": 15527.4, "2025": 15521.7, "2026": 15496.9}, "total_retreat_m": 372.3, "speed_m_per_year": -13.94, "r_squared": 0.998, "std_error": 0.12, "ci_95_low": -14.19, "ci_95_high": -13.7, "valid_years": 26, "confidence": "high", "risk_class": "medium", "location_ru": "Северный Бузачи", "anchor": [50.969739126636625, 44.8101913518271]}}, {"type": "Feature", "geometry": {"type": "LineString", "coordinates": [[50.98459029949917, 44.81492193910633], [50.94154257869354, 44.847523990168206]]}, "properties": {"transect_id": 400, "baseline_distance_m": 196419.4, "positions": {"2000": 10445.9, "2001": 10431.2, "2002": 10415.9, "2003": 10407.6, "2004": 10387.1, "2005": 10376.8, "2006": 10364.9, "2007": 10341.8, "2008": 10330.8, "2009": 10320.2, "2010": 10308.6, "2011": 10297.9, "2012": null, "2013": 10263.6, "2014": 10249.3, "2015": 10233.2, "2016": 10224.1, "2017": 10207.7, "2018": 10193.9, "2019": 10180.8, "2020": 10169.5, "2021": 10151.1, "2022": 10136.4, "2023": 10127.3, "2024": 10099.6, "2025": 10095.4, "2026": 10079.4}, "total_retreat_m": 366.5, "speed_m_per_year": -14.05, "r_squared": 0.999, "std_error": 0.08, "ci_95_low": -14.22, "ci_95_high": -13.88, "valid_years": 26, "confidence": "high", "risk_class": "medium", "location_ru": "Прибрежная зона Каламкас", "anchor": [50.977415679364896, 44.82035561428331]}}, {"type": "Feature", "geometry": {"type": "LineString", "coordinates": [[50.99220154677769, 44.82494095609676], [50.94925329306322, 44.85767392881353]]}, "properties": {"transect_id": 401, "baseline_distance_m": 196900.5, "positions": {"2000": 10317.3, "2001": 10318.1, "2002": 10314.7, "2003": 10314.3, "2004": 10315.1, "2005": 10311.8, "2006": 10310.5, "2007": 10307.0, "2008": 10305.2, "2009": 10308.9, "2010": 10308.6, "2011": 10300.5, "2012": null, "2013": 10306.8, "2014": 10305.6, "2015": 10305.3, "2016": 10301.4, "2017": 10301.5, "2018": 10306.5, "2019": 10295.3, "2020": 10291.2, "2021": 10288.0, "2022": 10299.9, "2023": 10298.8, "2024": 10286.8, "2025": 10286.4, "2026": 10286.8}, "total_retreat_m": 30.5, "speed_m_per_year": -1.1, "r_squared": 0.844, "std_error": 0.1, "ci_95_low": -1.3, "ci_95_high": -0.9, "valid_years": 26, "confidence": "high", "risk_class": "low", "location_ru": "Севернее водозабора МАЭК", "anchor": [50.98504350449195, 44.830396451549554]}}, {"type": "Feature", "geometry": {"type": "LineString", "coordinates": [[50.999759244656566, 44.83482211603897], [50.95692614411852, 44.867705630119694]]}, "properties": {"transect_id": 402, "baseline_distance_m": 197381.6, "positions": {"2000": 15215.8, "2001": 15231.1, "2002": 15222.5, "2003": 15221.8, "2004": 15218.0, "2005": 15219.4, "2006": 15210.3, "2007": 15211.7, "2008": 15214.3, "2009": 15203.5, "2010": 15210.2, "2011": 15208.7, "2012": null, "2013": 15206.5, "2014": 15204.3, "2015": 15201.3, "2016": 15196.7, "2017": 15203.4, "2018": 15200.3, "2019": 15194.8, "2020": 15199.3, "2021": 15196.7, "2022": 15194.8, "2023": 15186.8, "2024": 15196.9, "2025": 15188.0, "2026": 15192.0}, "total_retreat_m": 23.8, "speed_m_per_year": -1.32, "r_squared": 0.879, "std_error": 0.1, "ci_95_low": -1.52, "ci_95_high": -1.11, "valid_years": 26, "confidence": "high", "risk_class": "low", "location_ru": "Бухта Курык", "anchor": [50.99262039456689, 44.84030270171909]}}, {"type": "Feature", "geometry": {"type": "LineString", "coordinates": [[51.00726110892392, 44.84455451403247], [50.964559388705865, 44.877608456163756]]}, "properties": {"transect_id": 403, "baseline_distance_m": 197862.6, "positions": {"2000": 15921.0, "2001": 15899.0, "2002": 15881.8, "2003": 15859.1, "2004": 15839.8, "2005": 15811.6, "2006": 15797.9, "2007": 15778.7, "2008": 15765.0, "2009": 15738.6, "2010": 15722.1, "2011": 15702.4, "2012": null, "2013": 15667.1, "2014": 15642.4, "2015": 15626.7, "2016": 15597.1, "2017": 15577.9, "2018": 15555.7, "2019": 15548.4, "2020": 15528.4, "2021": 15509.8, "2022": 15484.0, "2023": 15464.9, "2024": 15447.1, "2025": 15433.9, "2026": 15415.3}, "total_retreat_m": 505.7, "speed_m_per_year": -19.55, "r_squared": 0.999, "std_error": 0.11, "ci_95_low": -19.77, "ci_95_high": -19.33, "valid_years": 26, "confidence": "high", "risk_class": "medium", "location_ru": "Тюб-Караганский залив", "anchor": [51.000144155554246, 44.850063504387684]}}, {"type": "Feature", "geometry": {"type": "LineString", "coordinates": [[51.01470485687123, 44.85412756712847], [50.97215136011405, 44.887372114256344]]}, "properties": {"transect_id": 404, "baseline_distance_m": 198343.7, "positions": {"2000": 13540.8, "2001": 13529.0, "2002": 13522.9, "2003": 13518.5, "2004": 13509.6, "2005": 13507.4, "2006": 13498.1, "2007": 13501.2, "2008": 13493.8, "2009": 13491.8, "2010": 13474.1, "2011": 13482.8, "2012": null, "2013": 13457.9, "2014": 13453.9, "2015": 13450.8, "2016": 13453.0, "2017": 13443.2, "2018": 13435.8, "2019": 13428.1, "2020": 13420.3, "2021": 13424.9, "2022": 13418.1, "2023": 13414.8, "2024": 13405.5, "2025": 13387.8, "2026": 13387.9}, "total_retreat_m": 152.9, "speed_m_per_year": -5.56, "r_squared": 0.989, "std_error": 0.12, "ci_95_low": -5.8, "ci_95_high": -5.31, "valid_years": 26, "confidence": "high", "risk_class": "low", "location_ru": "Мыс Меловой", "anchor": [51.007612607411694, 44.85966832498312]}}, {"type": "Feature", "geometry": {"type": "LineString", "coordinates": [[51.02208820717213, 44.86353103819084], [50.979700472125636, 44.89698667923428]]}, "properties": {"transect_id": 405, "baseline_distance_m": 198824.8, "positions": {"2000": 14834.1, "2001": 14823.3, "2002": 14822.9, "2003": 14812.3, "2004": 14803.8, "2005": 14790.7, "2006": 14785.3, "2007": 14770.6, "2008": 14766.8, "2009": 14748.6, "2010": 14743.8, "2011": 14740.2, "2012": null, "2013": 14733.7, "2014": 14708.4, "2015": 14702.0, "2016": 14699.2, "2017": 14696.8, "2018": 14681.9, "2019": 14675.3, "2020": 14662.6, "2021": 14653.2, "2022": 14647.0, "2023": 14635.4, "2024": 14632.3, "2025": 14614.4, "2026": 14615.7}, "total_retreat_m": 218.4, "speed_m_per_year": -8.56, "r_squared": 0.996, "std_error": 0.11, "ci_95_low": -8.79, "ci_95_high": -8.33, "valid_years": 26, "confidence": "high", "risk_class": "medium", "location_ru": "Южная коса Актау", "anchor": [51.015023584664384, 44.86910697836475]}}, {"type": "Feature", "geometry": {"type": "LineString", "coordinates": [[51.02940887968571, 44.87275505905094], [50.987205223422464, 44.90644261458727]]}, "properties": {"transect_id": 406, "baseline_distance_m": 199305.9, "positions": {"2000": 11568.1, "2001": 11558.2, "2002": 11554.3, "2003": 11536.0, "2004": 11525.4, "2005": 11508.1, "2006": 11498.9, "2007": 11480.9, "2008": 11474.2, "2009": 11462.6, "2010": 11449.8, "2011": 11432.3, "2012": null, "2013": 11409.3, "2014": 11400.2, "2015": 11384.6, "2016": 11371.7, "2017": 11367.8, "2018": 11343.8, "2019": 11339.3, "2020": 11317.8, "2021": 11312.4, "2022": 11300.0, "2023": 11282.5, "2024": 11267.0, "2025": 11251.4, "2026": 11244.2}, "total_retreat_m": 323.9, "speed_m_per_year": -12.63, "r_squared": 0.999, "std_error": 0.09, "ci_95_low": -12.82, "ci_95_high": -12.43, "valid_years": 26, "confidence": "high", "risk_class": "medium", "location_ru": "Побережье у Баутино", "anchor": [51.02237493697517, 44.87836965164033]}}, {"type": "Feature", "geometry": {"type": "LineString", "coordinates": [[51.03666459518363, 44.88179015291851], [50.99466420234814, 44.91573079230059]]}, "properties": {"transect_id": 407, "baseline_distance_m": 199787.0, "positions": {"2000": 14067.4, "2001": 14052.7, "2002": 14049.1, "2003": 14037.0, "2004": 14032.8, "2005": 14022.6, "2006": 14011.4, "2007": 14005.0, "2008": 13995.4, "2009": 13985.4, "2010": 13986.5, "2011": 13972.2, "2012": null, "2013": 13947.9, "2014": 13945.7, "2015": 13943.4, "2016": 13928.2, "2017": 13928.7, "2018": 13910.8, "2019": 13907.8, "2020": 13901.4, "2021": 13890.6, "2022": 13874.8, "2023": 13868.1, "2024": 13868.0, "2025": 13851.6, "2026": 13850.3}, "total_retreat_m": 217.1, "speed_m_per_year": -8.33, "r_squared": 0.997, "std_error": 0.09, "ci_95_low": -8.53, "ci_95_high": -8.14, "valid_years": 26, "confidence": "high", "risk_class": "medium", "location_ru": "Залив Комсомолец", "anchor": [51.02966452971105, 44.88744692614886]}}, {"type": "Feature", "geometry": {"type": "LineString", "coordinates": [[51.0438530750032, 44.89062725601704], [51.00207609201603, 44.92484251127679]]}, "properties": {"transect_id": 408, "baseline_distance_m": 200268.0, "positions": {"2000": 10868.6, "2001": 10854.5, "2002": 10836.3, "2003": 10823.5, "2004": 10805.7, "2005": 10790.0, "2006": 10769.0, "2007": 10750.0, "2008": 10737.3, "2009": 10715.2, "2010": 10706.5, "2011": 10684.5, "2012": null, "2013": 10649.2, "2014": 10635.2, "2015": 10615.8, "2016": 10592.3, "2017": 10577.5, "2018": 10568.8, "2019": 10547.7, "2020": 10523.4, "2021": 10514.3, "2022": 10493.5, "2023": 10475.0, "2024": 10456.7, "2025": 10448.1, "2026": 10419.1}, "total_retreat_m": 449.5, "speed_m_per_year": -17.24, "r_squared": 0.999, "std_error": 0.09, "ci_95_low": -17.42, "ci_95_high": -17.06, "valid_years": 26, "confidence": "high", "risk_class": "medium", "location_ru": "Мыс Ракушечный", "anchor": [51.03689024450534, 44.89632979856033]}}, {"type": "Feature", "geometry": {"type": "LineString", "coordinates": [[51.05097204062903, 44.89925773841509], [51.00943967574876, 44.93376951419455]]}, "properties": {"transect_id": 409, "baseline_distance_m": 200749.1, "positions": {"2000": 11618.4, "2001": 11593.3, "2002": 11566.6, "2003": 11555.1, "2004": 11522.6, "2005": 11508.0, "2006": 11487.9, "2007": 11461.4, "2008": 11446.7, "2009": 11420.8, "2010": 11404.6, "2011": 11373.4, "2012": null, "2013": 11340.1, "2014": 11316.1, "2015": 11301.3, "2016": 11275.5, "2017": 11259.7, "2018": 11235.7, "2019": 11212.1, "2020": 11194.7, "2021": 11173.7, "2022": 11151.4, "2023": 11119.3, "2024": 11103.6, "2025": 11092.0, "2026": 11060.4}, "total_retreat_m": 558.0, "speed_m_per_year": -21.1, "r_squared": 0.999, "std_error": 0.11, "ci_95_low": -21.32, "ci_95_high": -20.88, "valid_years": 26, "confidence": "high", "risk_class": "high", "location_ru": "Северный Бузачи", "anchor": [51.04404997981565, 44.905009701044996]}}, {"type": "Feature", "geometry": {"type": "LineString", "coordinates": [[51.05801921320999, 44.90767342403257], [51.016753842814126, 44.94250400263949]]}, "properties": {"transect_id": 410, "baseline_distance_m": 201230.2, "positions": {"2000": 15215.6, "2001": 15204.6, "2002": 15204.4, "2003": 15209.1, "2004": 15191.5, "2005": 15185.8, "2006": 15179.1, "2007": 15182.0, "2008": 15170.3, "2009": 15162.9, "2010": 15165.1, "2011": 15155.9, "2012": null, "2013": 15138.1, "2014": 15130.9, "2015": 15134.6, "2016": 15124.1, "2017": 15111.9, "2018": 15105.1, "2019": 15101.8, "2020": 15095.4, "2021": 15086.3, "2022": 15084.2, "2023": 15079.0, "2024": 15074.9, "2025": 15077.6, "2026": 15063.9}, "total_retreat_m": 151.7, "speed_m_per_year": -5.96, "r_squared": 0.991, "std_error": 0.11, "ci_95_low": -6.19, "ci_95_high": -5.72, "valid_years": 26, "confidence": "high", "risk_class": "low", "location_ru": "Прибрежная зона Каламкас", "anchor": [51.051141651477344, 44.91347852046706]}}, {"type": "Feature", "geometry": {"type": "LineString", "coordinates": [[51.06499231301864, 44.91586660980268], [51.02401759442194, 44.95103865034515]]}, "properties": {"transect_id": 411, "baseline_distance_m": 201711.3, "positions": {"2000": 15416.2, "2001": 15403.3, "2002": 15387.4, "2003": 15371.3, "2004": 15366.5, "2005": 15343.6, "2006": 15320.2, "2007": 15310.6, "2008": 15290.5, "2009": 15280.0, "2010": 15257.3, "2011": 15242.9, "2012": null, "2013": 15217.9, "2014": 15205.0, "2015": 15187.6, "2016": 15173.6, "2017": 15156.2, "2018": 15140.0, "2019": 15121.9, "2020": 15111.7, "2021": 15097.1, "2022": 15077.3, "2023": 15061.7, "2024": 15053.0, "2025": 15031.2, "2026": 15016.1}, "total_retreat_m": 400.1, "speed_m_per_year": -15.41, "r_squared": 0.999, "std_error": 0.09, "ci_95_low": -15.59, "ci_95_high": -15.23, "valid_years": 26, "confidence": "high", "risk_class": "medium", "location_ru": "Севернее водозабора МАЭК", "anchor": [51.058163193252526, 44.921728616559754]}}, {"type": "Feature", "geometry": {"type": "LineString", "coordinates": [[51.07188905886895, 44.923830083981834], [51.031230049900536, 44.95936661433731]]}, "properties": {"transect_id": 412, "baseline_distance_m": 202192.3, "positions": {"2000": 13890.7, "2001": 13885.7, "2002": 13874.2, "2003": 13871.9, "2004": 13857.9, "2005": 13842.6, "2006": 13838.0, "2007": 13826.5, "2008": 13820.7, "2009": 13803.6, "2010": 13796.6, "2011": 13785.7, "2012": null, "2013": 13766.7, "2014": 13753.1, "2015": 13749.1, "2016": 13738.7, "2017": 13732.3, "2018": 13717.3, "2019": 13705.9, "2020": 13700.9, "2021": 13684.8, "2022": 13682.5, "2023": 13672.6, "2024": 13663.5, "2025": 13650.2, "2026": 13636.9}, "total_retreat_m": 253.8, "speed_m_per_year": -9.79, "r_squared": 0.999, "std_error": 0.08, "ci_95_low": -9.94, "ci_95_high": -9.63, "valid_years": 26, "confidence": "high", "risk_class": "medium", "location_ru": "Бухта Курык", "anchor": [51.06511255737421, 44.92975283904108]}}, {"type": "Feature", "geometry": {"type": "LineString", "coordinates": [[51.078707167508284, 44.93155714360016], [51.03839045297266, 44.96748154379074]]}, "properties": {"transect_id": 413, "baseline_distance_m": 202673.4, "positions": {"2000": 12454.2, "2001": 12448.4, "2002": 12432.1, "2003": 12412.9, "2004": 12410.7, "2005": 12390.2, "2006": 12372.1, "2007": 12359.9, "2008": 12355.8, "2009": 12343.8, "2010": 12327.3, "2011": 12315.2, "2012": null, "2013": 12288.1, "2014": 12272.2, "2015": 12257.9, "2016": 12245.5, "2017": 12232.9, "2018": 12213.7, "2019": 12206.3, "2020": 12195.9, "2021": 12175.9, "2022": 12162.1, "2023": 12152.0, "2024": 12134.2, "2025": 12118.2, "2026": 12114.7}, "total_retreat_m": 339.5, "speed_m_per_year": -13.38, "r_squared": 0.999, "std_error": 0.1, "ci_95_low": -13.57, "ci_95_high": -13.18, "valid_years": 26, "confidence": "high", "risk_class": "medium", "location_ru": "Тюб-Караганский залив", "anchor": [51.07198771508568, 44.93754454363192]}}, {"type": "Feature", "geometry": {"type": "LineString", "coordinates": [[51.08544435301132, 44.93904161105642], [51.04549817799238, 44.97537758636129]]}, "properties": {"transect_id": 414, "baseline_distance_m": 203154.5, "positions": {"2000": 10758.2, "2001": 10747.3, "2002": 10727.1, "2003": 10704.3, "2004": 10682.1, "2005": 10666.9, "2006": 10652.1, "2007": 10632.2, "2008": 10613.4, "2009": 10595.3, "2010": 10579.0, "2011": 10557.4, "2012": null, "2013": 10522.4, "2014": 10498.2, "2015": 10493.9, "2016": 10464.1, "2017": 10447.6, "2018": 10430.6, "2019": 10408.2, "2020": 10391.4, "2021": 10372.9, "2022": 10350.8, "2023": 10337.8, "2024": 10310.9, "2025": 10306.1, "2026": 10283.8}, "total_retreat_m": 474.4, "speed_m_per_year": -18.45, "r_squared": 0.999, "std_error": 0.09, "ci_95_low": -18.64, "ci_95_high": -18.26, "valid_years": 26, "confidence": "high", "risk_class": "medium", "location_ru": "Мыс Меловой", "anchor": [51.07878665717483, 44.945097606940564]}}, {"type": "Feature", "geometry": {"type": "LineString", "coordinates": [[51.09209832620811, 44.946277849864224], [51.05255273597938, 44.98304939176093]]}, "properties": {"transect_id": 415, "baseline_distance_m": 203635.6, "positions": {"2000": 13699.4, "2001": 13699.2, "2002": 13701.3, "2003": 13680.6, "2004": 13671.0, "2005": 13660.1, "2006": 13645.7, "2007": 13644.1, "2008": 13626.8, "2009": 13617.5, "2010": 13608.3, "2011": 13608.4, "2012": null, "2013": 13586.5, "2014": 13578.2, "2015": 13568.8, "2016": 13555.5, "2017": 13548.4, "2018": 13539.7, "2019": 13527.6, "2020": 13522.3, "2021": 13511.1, "2022": 13508.8, "2023": 13500.2, "2024": 13483.5, "2025": 13478.6, "2026": 13478.3}, "total_retreat_m": 221.1, "speed_m_per_year": -9.1, "r_squared": 0.996, "std_error": 0.12, "ci_95_low": -9.35, "ci_95_high": -8.84, "valid_years": 26, "confidence": "high", "risk_class": "medium", "location_ru": "Южная коса Актау", "anchor": [51.085507394503324, 44.95240644018034]}}, {"type": "Feature", "geometry": {"type": "LineString", "coordinates": [[51.09866679419248, 44.95326077956526], [51.05955378022092, 44.990492112311486]]}, "properties": {"transect_id": 416, "baseline_distance_m": 204116.6, "positions": {"2000": 14775.9, "2001": 14756.3, "2002": 14729.7, "2003": 14703.3, "2004": 14681.8, "2005": 14658.4, "2006": 14634.3, "2007": 14605.9, "2008": 14592.7, "2009": 14568.5, "2010": 14536.6, "2011": 14516.1, "2012": null, "2013": 14469.5, "2014": 14442.3, "2015": 14416.0, "2016": 14397.3, "2017": 14375.1, "2018": 14347.3, "2019": 14330.3, "2020": 14310.8, "2021": 14286.0, "2022": 14258.7, "2023": 14228.4, "2024": 14215.1, "2025": 14189.4, "2026": 14167.0}, "total_retreat_m": 608.9, "speed_m_per_year": -23.51, "r_squared": 1.0, "std_error": 0.09, "ci_95_low": -23.69, "ci_95_high": -23.32, "valid_years": 26, "confidence": "high", "risk_class": "high", "location_ru": "Побережье у Баутино", "anchor": [51.09214795853055, 44.959466001689634]}}, {"type": "Feature", "geometry": {"type": "LineString", "coordinates": [[51.105147459966744, 44.95998588982833], [51.06650111115861, 44.99770140021597]]}, "properties": {"transect_id": 417, "baseline_distance_m": 204597.7, "positions": {"2000": 12637.9, "2001": 12647.5, "2002": 12656.1, "2003": 12656.6, "2004": 12654.0, "2005": 12655.5, "2006": 12662.2, "2007": 12661.0, "2008": 12670.4, "2009": 12669.1, "2010": 12670.6, "2011": 12672.4, "2012": null, "2013": 12681.2, "2014": 12682.7, "2015": 12685.7, "2016": 12688.0, "2017": 12689.4, "2018": 12687.9, "2019": 12691.5, "2020": 12695.2, "2021": 12707.4, "2022": 12696.1, "2023": 12702.2, "2024": 12706.6, "2025": 12707.4, "2026": 12715.3}, "total_retreat_m": -77.4, "speed_m_per_year": 2.56, "r_squared": 0.973, "std_error": 0.09, "ci_95_low": 2.38, "ci_95_high": 2.74, "valid_years": 26, "confidence": "high", "risk_class": "low", "location_ru": "Залив Комсомолец", "anchor": [51.098706401832054, 44.966271808226274]}}, {"type": "Feature", "geometry": {"type": "LineString", "coordinates": [[51.11153802229617, 44.966449253758306], [51.07339468019394, 45.004673401273614]]}, "properties": {"transect_id": 418, "baseline_distance_m": 205078.8, "positions": {"2000": 12632.7, "2001": 12618.9, "2002": 12599.6, "2003": 12575.7, "2004": 12558.3, "2005": 12541.0, "2006": 12523.7, "2007": 12502.0, "2008": 12491.4, "2009": 12470.7, "2010": 12452.0, "2011": 12429.4, "2012": null, "2013": 12399.3, "2014": 12373.7, "2015": 12361.2, "2016": 12343.6, "2017": 12329.3, "2018": 12317.9, "2019": 12295.0, "2020": 12280.8, "2021": 12259.8, "2022": 12244.0, "2023": 12229.2, "2024": 12201.1, "2025": 12183.2, "2026": 12171.3}, "total_retreat_m": 461.4, "speed_m_per_year": -17.73, "r_squared": 0.999, "std_error": 0.1, "ci_95_low": -17.93, "ci_95_high": -17.52, "valid_years": 26, "confidence": "high", "risk_class": "medium", "location_ru": "Мыс Ракушечный", "anchor": [51.105180798612466, 44.972819945010855]}}, {"type": "Feature", "geometry": {"type": "LineString", "coordinates": [[51.11783617586512, 44.972647540442416], [51.08023459195085, 45.011404744768036]]}, "properties": {"transect_id": 419, "baseline_distance_m": 205559.9, "positions": {"2000": 15315.3, "2001": 15298.8, "2002": 15292.5, "2003": 15266.5, "2004": 15258.6, "2005": 15242.8, "2006": 15219.3, "2007": 15207.2, "2008": 15192.7, "2009": 15182.5, "2010": 15163.7, "2011": 15149.7, "2012": null, "2013": 15114.0, "2014": 15114.0, "2015": 15089.9, "2016": 15076.5, "2017": 15057.2, "2018": 15041.7, "2019": 15036.8, "2020": 15006.4, "2021": 15000.1, "2022": 14979.0, "2023": 14967.1, "2024": 14951.1, "2025": 14934.6, "2026": 14923.5}, "total_retreat_m": 391.8, "speed_m_per_year": -15.17, "r_squared": 0.999, "std_error": 0.1, "ci_95_low": -15.38, "ci_95_high": -14.95, "valid_years": 26, "confidence": "high", "risk_class": "medium", "location_ru": "Северный Бузачи", "anchor": [51.11156924521274, 44.97910707449669]}}, {"type": "Feature", "geometry": {"type": "LineString", "coordinates": [[51.12403961184605, 44.97857802675787], [51.08702110443883, 45.01789252928991]]}, "properties": {"transect_id": 420, "baseline_distance_m": 206040.9, "positions": {"2000": 15447.3, "2001": 15404.2, "2002": 15377.7, "2003": 15331.2, "2004": 15294.6, "2005": 15255.2, "2006": 15219.2, "2007": 15186.7, "2008": 15153.4, "2009": 15108.4, "2010": 15071.8, "2011": 15036.3, "2012": null, "2013": 14954.4, "2014": 14921.6, "2015": 14880.5, "2016": 14839.9, "2017": 14802.7, "2018": 14756.0, "2019": 14726.4, "2020": 14681.0, "2021": 14642.7, "2022": 14611.9, "2023": 14568.7, "2024": 14535.1, "2025": 14497.7, "2026": 14459.8}, "total_retreat_m": 987.5, "speed_m_per_year": -38.14, "r_squared": 1.0, "std_error": 0.11, "ci_95_low": -38.36, "ci_95_high": -37.92, "valid_years": 26, "confidence": "high", "risk_class": "high", "location_ru": "Прибрежная зона Каламкас", "anchor": [51.11786986061151, 44.98513044384654]}}, {"type": "Feature", "geometry": {"type": "LineString", "coordinates": [[51.13014601901965, 44.98423860846279], [51.09375462642505, 45.02413430428359]]}, "properties": {"transect_id": 421, "baseline_distance_m": 206522.0, "positions": {"2000": 15206.4, "2001": 15185.3, "2002": 15155.4, "2003": 15136.2, "2004": 15118.0, "2005": 15094.2, "2006": 15063.9, "2007": 15041.6, "2008": 15016.5, "2009": 14994.6, "2010": 14968.3, "2011": 14950.1, "2012": null, "2013": 14906.6, "2014": 14877.6, "2015": 14857.1, "2016": 14833.3, "2017": 14815.1, "2018": 14785.2, "2019": 14762.0, "2020": 14737.7, "2021": 14713.2, "2022": 14696.6, "2023": 14670.6, "2024": 14648.1, "2025": 14629.7, "2026": 14606.6}, "total_retreat_m": 599.8, "speed_m_per_year": -23.21, "r_squared": 1.0, "std_error": 0.08, "ci_95_low": -23.37, "ci_95_high": -23.04, "valid_years": 26, "confidence": "high", "risk_class": "high", "location_ru": "Севернее водозабора МАЭК", "anchor": [51.12408078692055, 44.99088789109959]}}, {"type": "Feature", "geometry": {"type": "LineString", "coordinates": [[51.13615308560889, 44.989627810579904], [51.100435711200014, 45.030128047188306]]}, "properties": {"transect_id": 422, "baseline_distance_m": 207003.1, "positions": {"2000": 14766.4, "2001": 14733.7, "2002": 14706.9, "2003": 14668.7, "2004": 14651.5, "2005": 14617.8, "2006": 14582.3, "2007": 14553.4, "2008": 14519.0, "2009": 14494.6, "2010": 14464.0, "2011": 14430.7, "2012": null, "2013": 14379.2, "2014": 14351.2, "2015": 14316.1, "2016": 14285.0, "2017": 14258.0, "2018": 14226.2, "2019": 14192.0, "2020": 14163.8, "2021": 14135.3, "2022": 14107.5, "2023": 14076.6, "2024": 14047.4, "2025": 14010.5, "2026": 13989.3}, "total_retreat_m": 777.1, "speed_m_per_year": -29.94, "r_squared": 1.0, "std_error": 0.09, "ci_95_low": -30.12, "ci_95_high": -29.76, "valid_years": 26, "confidence": "high", "risk_class": "high", "location_ru": "Бухта Курык", "anchor": [51.130200189874074, 44.99637785001464]}}, {"type": "Feature", "geometry": {"type": "LineString", "coordinates": [[51.142058502020966, 44.99474479706636], [51.107065045766475, 45.03587213614106]]}, "properties": {"transect_id": 423, "baseline_distance_m": 207484.2, "positions": {"2000": 11426.7, "2001": 11414.2, "2002": 11408.9, "2003": 11383.0, "2004": 11366.7, "2005": 11347.7, "2006": 11342.4, "2007": 11316.4, "2008": 11307.4, "2009": 11288.5, "2010": 11274.3, "2011": 11254.0, "2012": null, "2013": 11234.5, "2014": 11212.7, "2015": 11193.6, "2016": 11188.1, "2017": 11165.8, "2018": 11153.8, "2019": 11140.5, "2020": 11123.8, "2021": 11097.8, "2022": 11094.0, "2023": 11075.5, "2024": 11059.3, "2025": 11044.8, "2026": 11023.5}, "total_retreat_m": 403.2, "speed_m_per_year": -15.45, "r_squared": 0.999, "std_error": 0.11, "ci_95_low": -15.67, "ci_95_high": -15.23, "valid_years": 26, "confidence": "high", "risk_class": "medium", "location_ru": "Тюб-Караганский залив", "anchor": [51.13622625931188, 45.00159935357881]}}, {"type": "Feature", "geometry": {"type": "LineString", "coordinates": [[51.147859964717725, 44.999589379733465], [51.11364343434789, 45.041365318375824]]}, "properties": {"transect_id": 424, "baseline_distance_m": 207965.2, "positions": {"2000": 12055.6, "2001": 12043.7, "2002": 12033.7, "2003": 12012.4, "2004": 12007.8, "2005": 11992.1, "2006": 11973.0, "2007": 11956.6, "2008": 11941.6, "2009": 11934.8, "2010": 11917.1, "2011": 11911.1, "2012": null, "2013": 11876.3, "2014": 11861.7, "2015": 11852.6, "2016": 11835.2, "2017": 11824.3, "2018": 11814.6, "2019": 11797.4, "2020": 11783.8, "2021": 11770.5, "2022": 11749.2, "2023": 11743.9, "2024": 11729.3, "2025": 11718.5, "2026": 11703.7}, "total_retreat_m": 351.9, "speed_m_per_year": -13.65, "r_squared": 0.999, "std_error": 0.08, "ci_95_low": -13.83, "ci_95_high": -13.48, "valid_years": 26, "confidence": "high", "risk_class": "medium", "location_ru": "Мыс Меловой", "anchor": [51.142157209656084, 45.00655203617386]}}, {"type": "Feature", "geometry": {"type": "LineString", "coordinates": [[51.153555181464085, 45.00416202634245], [51.120171774968085, 45.04660667465908]]}, "properties": {"transect_id": 425, "baseline_distance_m": 208446.3, "positions": {"2000": 11181.0, "2001": 11166.0, "2002": 11146.5, "2003": 11132.4, "2004": 11111.9, "2005": 11102.8, "2006": 11087.1, "2007": 11065.3, "2008": 11050.8, "2009": 11021.3, "2010": 11004.5, "2011": 10991.7, "2012": null, "2013": 10958.8, "2014": 10940.7, "2015": 10917.7, "2016": 10911.7, "2017": 10898.5, "2018": 10877.8, "2019": 10859.8, "2020": 10839.2, "2021": 10817.7, "2022": 10804.2, "2023": 10795.1, "2024": 10768.1, "2025": 10750.5, "2026": 10739.6}, "total_retreat_m": 441.4, "speed_m_per_year": -17.15, "r_squared": 0.999, "std_error": 0.11, "ci_95_low": -17.38, "ci_95_high": -16.92, "valid_years": 26, "confidence": "high", "risk_class": "medium", "location_ru": "Южная коса Актау", "anchor": [51.14799128038142, 45.01123613439522]}}, {"type": "Feature", "geometry": {"type": "LineString", "coordinates": [[51.159141878226755, 45.00846386774987], [51.126651027739946, 45.05159558038274]]}, "properties": {"transect_id": 426, "baseline_distance_m": 208927.4, "positions": {"2000": 12635.4, "2001": 12629.5, "2002": 12626.8, "2003": 12626.0, "2004": 12613.4, "2005": 12616.0, "2006": 12607.1, "2007": 12611.1, "2008": 12598.1, "2009": 12591.5, "2010": 12589.2, "2011": 12580.6, "2012": null, "2013": 12564.9, "2014": 12566.1, "2015": 12561.1, "2016": 12550.8, "2017": 12551.9, "2018": 12539.0, "2019": 12540.9, "2020": 12538.3, "2021": 12532.8, "2022": 12525.8, "2023": 12522.2, "2024": 12514.4, "2025": 12512.6, "2026": 12507.9}, "total_retreat_m": 127.5, "speed_m_per_year": -5.07, "r_squared": 0.993, "std_error": 0.09, "ci_95_low": -5.25, "ci_95_high": -4.89, "valid_years": 26, "confidence": "high", "risk_class": "low", "location_ru": "Побережье у Баутино", "anchor": [51.15372673647895, 45.015652486522015]}}, {"type": "Feature", "geometry": {"type": "LineString", "coordinates": [[51.16461780800504, 45.012496703905555], [51.13308217345276, 45.05633166430687]]}, "properties": {"transect_id": 427, "baseline_distance_m": 209408.5, "positions": {"2000": 13119.5, "2001": 13094.4, "2002": 13081.3, "2003": 13047.7, "2004": 13023.7, "2005": 12999.7, "2006": 12974.1, "2007": 12957.4, "2008": 12928.5, "2009": 12905.6, "2010": 12882.3, "2011": 12857.1, "2012": null, "2013": 12807.2, "2014": 12789.0, "2015": 12770.9, "2016": 12744.8, "2017": 12726.9, "2018": 12700.2, "2019": 12675.9, "2020": 12658.0, "2021": 12626.7, "2022": 12603.9, "2023": 12580.2, "2024": 12563.0, "2025": 12533.5, "2026": 12507.5}, "total_retreat_m": 612.0, "speed_m_per_year": -23.33, "r_squared": 1.0, "std_error": 0.1, "ci_95_low": -23.53, "ci_95_high": -23.13, "valid_years": 26, "confidence": "high", "risk_class": "high", "location_ru": "Залив Комсомолец", "anchor": [51.159361868912995, 45.019802530639105]}}, {"type": "Feature", "geometry": {"type": "LineString", "coordinates": [[51.16998076187339, 45.0162630084223], [51.13946616106092, 45.06081476638151]]}, "properties": {"transect_id": 428, "baseline_distance_m": 209889.6, "positions": {"2000": 10449.8, "2001": 10439.2, "2002": 10426.6, "2003": 10419.5, "2004": 10401.2, "2005": 10397.6, "2006": 10385.0, "2007": 10388.2, "2008": 10367.2, "2009": 10354.1, "2010": 10340.8, "2011": 10341.4, "2012": null, "2013": 10314.6, "2014": 10302.7, "2015": 10297.0, "2016": 10288.2, "2017": 10278.0, "2018": 10265.4, "2019": 10255.8, "2020": 10246.0, "2021": 10236.3, "2022": 10226.5, "2023": 10219.0, "2024": 10204.8, "2025": 10191.1, "2026": 10183.7}, "total_retreat_m": 266.1, "speed_m_per_year": -10.13, "r_squared": 0.998, "std_error": 0.09, "ci_95_low": -10.31, "ci_95_high": -9.95, "valid_years": 26, "confidence": "high", "risk_class": "medium", "location_ru": "Мыс Ракушечный", "anchor": [51.164894995071315, 45.023688301415504]}}, {"type": "Feature", "geometry": {"type": "LineString", "coordinates": [[51.17522858248754, 45.01976593133635], [51.14580384281148, 45.06504489659613]]}, "properties": {"transect_id": 429, "baseline_distance_m": 210370.6, "positions": {"2000": 12805.7, "2001": 12807.9, "2002": 12801.7, "2003": 12781.9, "2004": 12778.8, "2005": 12768.1, "2006": 12760.1, "2007": 12753.7, "2008": 12738.7, "2009": 12730.9, "2010": 12725.5, "2011": 12717.5, "2012": null, "2013": 12696.4, "2014": 12695.4, "2015": 12682.0, "2016": 12673.4, "2017": 12667.6, "2018": 12657.3, "2019": 12652.6, "2020": 12636.9, "2021": 12626.4, "2022": 12622.2, "2023": 12615.0, "2024": 12601.2, "2025": 12592.0, "2026": 12589.7}, "total_retreat_m": 216.0, "speed_m_per_year": -8.66, "r_squared": 0.998, "std_error": 0.08, "ci_95_low": -8.83, "ci_95_high": -8.49, "valid_years": 26, "confidence": "high", "risk_class": "medium", "location_ru": "Северный Бузачи", "anchor": [51.170324459208196, 45.02731242554631]}}, {"type": "Feature", "geometry": {"type": "LineString", "coordinates": [[51.18035918024328, 45.02300929956175], [51.152095896067486, 45.06902219740137]]}, "properties": {"transect_id": 430, "baseline_distance_m": 210851.7, "positions": {"2000": 12039.2, "2001": 12010.8, "2002": 11995.9, "2003": 11969.4, "2004": 11948.5, "2005": 11924.4, "2006": 11892.7, "2007": 11876.7, "2008": 11858.8, "2009": 11838.7, "2010": 11808.1, "2011": 11793.0, "2012": null, "2013": 11744.7, "2014": 11728.2, "2015": 11705.1, "2016": 11686.2, "2017": 11665.5, "2018": 11641.0, "2019": 11620.6, "2020": 11593.8, "2021": 11584.5, "2022": 11546.3, "2023": 11527.1, "2024": 11510.8, "2025": 11488.2, "2026": 11465.1}, "total_retreat_m": 574.1, "speed_m_per_year": -21.87, "r_squared": 0.999, "std_error": 0.11, "ci_95_low": -22.09, "ci_95_high": -21.65, "valid_years": 26, "confidence": "high", "risk_class": "high", "location_ru": "Прибрежная зона Каламкас", "anchor": [51.175648632880645, 45.030678115868355]}}, {"type": "Feature", "geometry": {"type": "LineString", "coordinates": [[51.18537055217443, 45.025997614424476], [51.15834273139106, 45.07274691285453]]}, "properties": {"transect_id": 431, "baseline_distance_m": 211332.8, "positions": {"2000": 15158.6, "2001": 15142.3, "2002": 15138.9, "2003": 15116.6, "2004": 15116.6, "2005": 15104.1, "2006": 15099.5, "2007": 15089.3, "2008": 15080.3, "2009": 15065.4, "2010": 15060.2, "2011": 15050.6, "2012": null, "2013": 15034.9, "2014": 15027.7, "2015": 15015.2, "2016": 15000.3, "2017": 14996.6, "2018": 14997.5, "2019": 14984.4, "2020": 14956.8, "2021": 14959.7, "2022": 14954.0, "2023": 14940.4, "2024": 14930.1, "2025": 14921.7, "2026": 14915.8}, "total_retreat_m": 242.8, "speed_m_per_year": -9.2, "r_squared": 0.996, "std_error": 0.12, "ci_95_low": -9.43, "ci_95_high": -8.96, "valid_years": 26, "confidence": "high", "risk_class": "medium", "location_ru": "Севернее водозабора МАЭК", "anchor": [51.180865915377204, 45.03378916416282]}}, {"type": "Feature", "geometry": {"type": "LineString", "coordinates": [[51.19026080352461, 45.0287360455485], [51.16454438721462, 45.076219368222574]]}, "properties": {"transect_id": 432, "baseline_distance_m": 211813.9, "positions": {"2000": 15244.5, "2001": 15215.6, "2002": 15198.5, "2003": 15162.5, "2004": 15141.2, "2005": 15115.8, "2006": 15101.3, "2007": 15064.7, "2008": 15033.5, "2009": 15014.4, "2010": 14993.2, "2011": 14969.2, "2012": null, "2013": 14924.5, "2014": 14895.7, "2015": 14865.5, "2016": 14835.9, "2017": 14820.6, "2018": 14787.3, "2019": 14760.8, "2020": 14736.5, "2021": 14707.8, "2022": 14685.6, "2023": 14661.2, "2024": 14639.8, "2025": 14610.0, "2026": 14581.1}, "total_retreat_m": 663.4, "speed_m_per_year": -25.35, "r_squared": 1.0, "std_error": 0.11, "ci_95_low": -25.58, "ci_95_high": -25.12, "valid_years": 26, "confidence": "high", "risk_class": "high", "location_ru": "Бухта Курык", "anchor": [51.18597473413961, 45.03664993266084]}}, {"type": "Feature", "geometry": {"type": "LineString", "coordinates": [[51.195028171709716, 45.03123042027165], [51.17070041251309, 45.0794399642694]]}, "properties": {"transect_id": 433, "baseline_distance_m": 212294.9, "positions": {"2000": 14680.3, "2001": 14648.5, "2002": 14619.6, "2003": 14593.7, "2004": 14568.4, "2005": 14530.5, "2006": 14504.6, "2007": 14478.8, "2008": 14442.6, "2009": 14416.4, "2010": 14387.0, "2011": 14352.6, "2012": null, "2013": 14300.0, "2014": 14270.2, "2015": 14243.0, "2016": 14206.7, "2017": 14182.2, "2018": 14158.4, "2019": 14131.9, "2020": 14099.5, "2021": 14060.4, "2022": 14037.6, "2023": 14004.6, "2024": 13978.4, "2025": 13944.8, "2026": 13911.8}, "total_retreat_m": 768.5, "speed_m_per_year": -29.31, "r_squared": 1.0, "std_error": 0.09, "ci_95_low": -29.5, "ci_95_high": -29.12, "valid_years": 26, "confidence": "high", "risk_class": "high", "location_ru": "Тюб-Караганский залив", "anchor": [51.190973545176945, 45.03926534427127]}}, {"type": "Feature", "geometry": {"type": "LineString", "coordinates": [[51.19967105212792, 45.03348720772575], [51.176809740194145, 45.08240919068502]]}, "properties": {"transect_id": 434, "baseline_distance_m": 212776.0, "positions": {"2000": 11242.3, "2001": 11224.7, "2002": 11206.0, "2003": 11188.8, "2004": 11171.4, "2005": 11150.2, "2006": 11133.6, "2007": 11122.3, "2008": 11098.0, "2009": 11079.6, "2010": 11061.9, "2011": 11042.6, "2012": null, "2013": 11005.8, "2014": 10990.4, "2015": 10969.6, "2016": 10953.1, "2017": 10932.5, "2018": 10918.2, "2019": 10902.1, "2020": 10881.0, "2021": 10855.8, "2022": 10848.3, "2023": 10828.4, "2024": 10806.0, "2025": 10795.1, "2026": 10768.4}, "total_retreat_m": 473.9, "speed_m_per_year": -18.11, "r_squared": 1.0, "std_error": 0.07, "ci_95_low": -18.25, "ci_95_high": -17.97, "valid_years": 26, "confidence": "high", "risk_class": "medium", "location_ru": "Мыс Меловой", "anchor": [51.19586083347229, 45.041640871552296]}}, {"type": "Feature", "geometry": {"type": "LineString", "coordinates": [[51.204188024947335, 45.03551349673349], [51.182870555554054, 45.0851276630438]]}, "properties": {"transect_id": 435, "baseline_distance_m": 213257.1, "positions": {"2000": 13014.5, "2001": 13018.9, "2002": 13011.0, "2003": 13005.0, "2004": 12998.8, "2005": 12995.7, "2006": 12988.8, "2007": 12977.9, "2008": 12984.9, "2009": 12973.4, "2010": 12966.0, "2011": 12958.9, "2012": null, "2013": 12955.6, "2014": 12941.8, "2015": 12942.1, "2016": 12933.7, "2017": 12928.5, "2018": 12920.7, "2019": 12917.2, "2020": 12914.2, "2021": 12909.7, "2022": 12900.1, "2023": 12897.4, "2024": 12895.9, "2025": 12880.2, "2026": 12881.3}, "total_retreat_m": 133.2, "speed_m_per_year": -5.4, "r_squared": 0.995, "std_error": 0.08, "ci_95_low": -5.57, "ci_95_high": -5.23, "valid_years": 26, "confidence": "high", "risk_class": "low", "location_ru": "Южная коса Актау", "anchor": [51.200635113381786, 45.04378252445188]}}, {"type": "Feature", "geometry": {"type": "LineString", "coordinates": [[51.20857788166572, 45.03731696679956], [51.18888016582665, 45.08759618706721]]}, "properties": {"transect_id": 436, "baseline_distance_m": 213738.2, "positions": {"2000": 15059.2, "2001": 15032.9, "2002": 15007.1, "2003": 14994.2, "2004": 14969.4, "2005": 14934.9, "2006": 14913.7, "2007": 14898.8, "2008": 14872.2, "2009": 14856.3, "2010": 14829.6, "2011": 14805.2, "2012": null, "2013": 14753.8, "2014": 14736.7, "2015": 14706.5, "2016": 14693.8, "2017": 14667.1, "2018": 14639.0, "2019": 14622.4, "2020": 14605.1, "2021": 14572.1, "2022": 14552.1, "2023": 14525.1, "2024": 14504.0, "2025": 14474.6, "2026": 14457.5}, "total_retreat_m": 601.7, "speed_m_per_year": -23.07, "r_squared": 0.999, "std_error": 0.11, "ci_95_low": -23.29, "ci_95_high": -22.86, "valid_years": 26, "confidence": "high", "risk_class": "high", "location_ru": "Побережье у Баутино", "anchor": [51.205294929025875, 45.045696836844165]}}, {"type": "Feature", "geometry": {"type": "LineString", "coordinates": [[51.21283964988956, 45.03890585171158], [51.19483487858916, 45.08981585279604]]}, "properties": {"transect_id": 437, "baseline_distance_m": 214219.2, "positions": {"2000": 12918.1, "2001": 12910.0, "2002": 12902.2, "2003": 12882.0, "2004": 12868.1, "2005": 12851.4, "2006": 12836.9, "2007": 12819.2, "2008": 12809.9, "2009": 12794.3, "2010": 12784.7, "2011": 12766.9, "2012": null, "2013": 12739.9, "2014": 12725.9, "2015": 12713.5, "2016": 12697.4, "2017": 12681.2, "2018": 12671.7, "2019": 12661.5, "2020": 12643.6, "2021": 12626.6, "2022": 12614.4, "2023": 12592.6, "2024": 12586.1, "2025": 12571.0, "2026": 12554.7}, "total_retreat_m": 363.4, "speed_m_per_year": -14.09, "r_squared": 0.999, "std_error": 0.08, "ci_95_low": -14.25, "ci_95_high": -13.93, "valid_years": 26, "confidence": "high", "risk_class": "medium", "location_ru": "Залив Комсомолец", "anchor": [51.209838854672824, 45.047390851892324]}}, {"type": "Feature", "geometry": {"type": "LineString", "coordinates": [[51.21697261450906, 45.04028889564841], [51.200729898139585, 45.091788159380435]]}, "properties": {"transect_id": 438, "baseline_distance_m": 214700.3, "positions": {"2000": 12408.7, "2001": 12388.0, "2002": 12358.9, "2003": 12339.5, "2004": 12318.6, "2005": 12302.8, "2006": 12279.1, "2007": 12257.8, "2008": 12238.6, "2009": 12213.0, "2010": 12199.8, "2011": 12173.3, "2012": null, "2013": 12127.8, "2014": 12109.3, "2015": 12094.1, "2016": 12066.5, "2017": 12050.9, "2018": 12023.6, "2019": 12002.0, "2020": 11986.7, "2021": 11959.5, "2022": 11945.2, "2023": 11922.3, "2024": 11896.4, "2025": 11878.6, "2026": 11855.6}, "total_retreat_m": 553.1, "speed_m_per_year": -21.11, "r_squared": 1.0, "std_error": 0.07, "ci_95_low": -21.26, "ci_95_high": -20.96, "valid_years": 26, "confidence": "high", "risk_class": "high", "location_ru": "Мыс Ракушечный", "anchor": [51.21426549511415, 45.048872106270416]}}, {"type": "Feature", "geometry": {"type": "LineString", "coordinates": [[51.22097633328395, 45.041475302200055], [51.20655924977328, 45.09351516867804]]}, "properties": {"transect_id": 439, "baseline_distance_m": 215181.4, "positions": {"2000": 10487.7, "2001": 10480.3, "2002": 10467.2, "2003": 10456.1, "2004": 10444.3, "2005": 10430.4, "2006": 10424.1, "2007": 10410.6, "2008": 10397.1, "2009": 10393.7, "2010": 10378.9, "2011": 10366.6, "2012": null, "2013": 10350.7, "2014": 10326.9, "2015": 10328.3, "2016": 10308.6, "2017": 10301.9, "2018": 10287.6, "2019": 10275.2, "2020": 10273.1, "2021": 10264.2, "2022": 10244.8, "2023": 10236.0, "2024": 10223.8, "2025": 10219.4, "2026": 10193.0}, "total_retreat_m": 294.7, "speed_m_per_year": -11.03, "r_squared": 0.998, "std_error": 0.1, "ci_95_low": -11.24, "ci_95_high": -10.82, "valid_years": 26, "confidence": "high", "risk_class": "medium", "location_ru": "Северный Бузачи", "anchor": [51.21857348603217, 45.05014861327972]}}, {"type": "Feature", "geometry": {"type": "LineString", "coordinates": [[51.224850644880874, 45.04247467731275], [51.21231574175137, 45.09499968281997]]}, "properties": {"transect_id": 440, "baseline_distance_m": 215662.5, "positions": {"2000": 12524.7, "2001": 12522.0, "2002": 12520.2, "2003": 12499.5, "2004": 12494.7, "2005": 12485.7, "2006": 12470.2, "2007": 12460.1, "2008": 12442.1, "2009": 12435.4, "2010": 12431.3, "2011": 12417.3, "2012": null, "2013": 12397.2, "2014": 12385.6, "2015": 12383.2, "2016": 12362.1, "2017": 12359.6, "2018": 12343.1, "2019": 12338.7, "2020": 12316.3, "2021": 12311.3, "2022": 12298.4, "2023": 12289.9, "2024": 12283.6, "2025": 12269.5, "2026": 12262.3}, "total_retreat_m": 262.4, "speed_m_per_year": -10.5, "r_squared": 0.998, "std_error": 0.11, "ci_95_low": -10.72, "ci_95_high": -10.28, "valid_years": 26, "confidence": "high", "risk_class": "medium", "location_ru": "Прибрежная зона Каламкас", "anchor": [51.22276149435929, 45.05122884489728]}}, {"type": "Feature", "geometry": {"type": "LineString", "coordinates": [[51.22859566767975, 45.04329696782314], [51.21799097337588, 45.0962454376662]]}, "properties": {"transect_id": 441, "baseline_distance_m": 216143.5, "positions": {"2000": 11224.6, "2001": 11204.6, "2002": 11184.3, "2003": 11161.4, "2004": 11150.2, "2005": 11124.2, "2006": 11111.6, "2007": 11086.2, "2008": 11068.9, "2009": 11048.8, "2010": 11023.5, "2011": 11008.4, "2012": null, "2013": 10975.1, "2014": 10948.6, "2015": 10931.5, "2016": 10910.8, "2017": 10889.5, "2018": 10869.2, "2019": 10850.9, "2020": 10832.0, "2021": 10803.7, "2022": 10790.4, "2023": 10768.9, "2024": 10748.2, "2025": 10735.2, "2026": 10707.3}, "total_retreat_m": 517.3, "speed_m_per_year": -19.79, "r_squared": 1.0, "std_error": 0.08, "ci_95_low": -19.95, "ci_95_high": -19.63, "valid_years": 26, "confidence": "high", "risk_class": "medium", "location_ru": "Севернее водозабора МАЭК", "anchor": [51.2268282186291, 45.05212171279698]}}, {"type": "Feature", "geometry": {"type": "LineString", "coordinates": [[51.2322117882093, 45.04395239784458], [51.22357539486892, 45.09725730109062]]}, "properties": {"transect_id": 442, "baseline_distance_m": 216624.6, "positions": {"2000": 15710.6, "2001": 15682.5, "2002": 15667.8, "2003": 15638.8, "2004": 15614.0, "2005": 15584.3, "2006": 15554.5, "2007": 15529.2, "2008": 15506.8, "2009": 15476.8, "2010": 15457.1, "2011": 15427.9, "2012": null, "2013": 15378.4, "2014": 15352.3, "2015": 15327.2, "2016": 15301.6, "2017": 15272.2, "2018": 15248.2, "2019": 15222.4, "2020": 15185.7, "2021": 15172.0, "2022": 15143.9, "2023": 15119.5, "2024": 15086.1, "2025": 15063.9, "2026": 15034.8}, "total_retreat_m": 675.8, "speed_m_per_year": -26.0, "r_squared": 1.0, "std_error": 0.09, "ci_95_low": -26.18, "ci_95_high": -25.81, "valid_years": 26, "confidence": "high", "risk_class": "high", "location_ru": "Бухта Курык", "anchor": [51.230772389319235, 45.052836548385585]}}, {"type": "Feature", "geometry": {"type": "LineString", "coordinates": [[51.23569963887862, 45.04445140571294], [51.229058420720676, 45.098041462825975]]}, "properties": {"transect_id": 443, "baseline_distance_m": 217105.7, "positions": {"2000": 15715.2, "2001": 15714.3, "2002": 15702.8, "2003": 15694.8, "2004": 15695.3, "2005": 15688.7, "2006": 15681.0, "2007": 15674.7, "2008": 15663.5, "2009": 15656.8, "2010": 15648.3, "2011": 15644.7, "2012": null, "2013": 15628.3, "2014": 15621.9, "2015": 15619.2, "2016": 15614.8, "2017": 15604.8, "2018": 15603.6, "2019": 15586.8, "2020": 15575.5, "2021": 15578.9, "2022": 15566.1, "2023": 15561.3, "2024": 15548.5, "2025": 15545.2, "2026": 15536.0}, "total_retreat_m": 179.2, "speed_m_per_year": -6.94, "r_squared": 0.996, "std_error": 0.09, "ci_95_low": -7.13, "ci_95_high": -6.75, "valid_years": 26, "confidence": "high", "risk_class": "low", "location_ru": "Тюб-Караганский залив", "anchor": [51.23459276918563, 45.053383081898446]}}, {"type": "Feature", "geometry": {"type": "LineString", "coordinates": [[51.23906006569667, 45.04480458438737], [51.23442859304759, 45.09860560167423]]}, "properties": {"transect_id": 444, "baseline_distance_m": 217586.8, "positions": {"2000": 10875.4, "2001": 10862.9, "2002": 10843.6, "2003": 10817.3, "2004": 10809.1, "2005": 10790.0, "2006": 10772.1, "2007": 10755.3, "2008": 10739.1, "2009": 10718.4, "2010": 10703.4, "2011": 10691.7, "2012": null, "2013": 10650.0, "2014": 10631.6, "2015": 10618.3, "2016": 10597.0, "2017": 10577.5, "2018": 10565.9, "2019": 10556.0, "2020": 10532.9, "2021": 10516.7, "2022": 10490.4, "2023": 10483.6, "2024": 10465.1, "2025": 10445.0, "2026": 10431.2}, "total_retreat_m": 444.2, "speed_m_per_year": -17.18, "r_squared": 0.999, "std_error": 0.09, "ci_95_low": -17.37, "ci_95_high": -17.0, "valid_years": 26, "confidence": "high", "risk_class": "medium", "location_ru": "Мыс Меловой", "anchor": [51.23828815358849, 45.05377142060185]}}, {"type": "Feature", "geometry": {"type": "LineString", "coordinates": [[51.24229408777932, 45.04502262804574], [51.23967378596037, 45.0989590166751]]}, "properties": {"transect_id": 445, "baseline_distance_m": 218067.8, "positions": {"2000": 14400.0, "2001": 14391.9, "2002": 14374.7, "2003": 14360.6, "2004": 14351.9, "2005": 14344.5, "2006": 14324.6, "2007": 14320.3, "2008": 14303.8, "2009": 14296.0, "2010": 14281.2, "2011": 14269.7, "2012": null, "2013": 14255.0, "2014": 14231.8, "2015": 14227.9, "2016": 14221.3, "2017": 14205.6, "2018": 14186.1, "2019": 14174.7, "2020": 14165.3, "2021": 14157.5, "2022": 14146.2, "2023": 14128.7, "2024": 14118.8, "2025": 14107.5, "2026": 14098.6}, "total_retreat_m": 301.4, "speed_m_per_year": -11.63, "r_squared": 0.999, "std_error": 0.09, "ci_95_low": -11.81, "ci_95_high": -11.44, "valid_years": 26, "confidence": "high", "risk_class": "medium", "location_ru": "Южная коса Актау", "anchor": [51.2418573708095, 45.05401202615064]}}, {"type": "Feature", "geometry": {"type": "LineString", "coordinates": [[51.245402851523416, 45.04511628709236], [51.244781436545786, 45.09911271145014]]}, "properties": {"transect_id": 446, "baseline_distance_m": 218548.9, "positions": {"2000": 12054.8, "2001": 12058.7, "2002": 12070.3, "2003": 12072.1, "2004": 12073.1, "2005": 12079.8, "2006": 12082.6, "2007": 12091.4, "2008": 12105.5, "2009": 12101.4, "2010": 12103.4, "2011": 12105.6, "2012": null, "2013": 12111.8, "2014": 12124.7, "2015": 12128.9, "2016": 12128.9, "2017": 12140.1, "2018": 12139.8, "2019": 12147.3, "2020": 12149.9, "2021": 12152.5, "2022": 12153.9, "2023": 12161.6, "2024": 12170.1, "2025": 12169.2, "2026": 12177.5}, "total_retreat_m": -122.7, "speed_m_per_year": 4.57, "r_squared": 0.991, "std_error": 0.09, "ci_95_low": 4.39, "ci_95_high": 4.75, "valid_years": 26, "confidence": "high", "risk_class": "low", "location_ru": "Побережье у Баутино", "anchor": [51.24529928236048, 45.05411569115199]}}, {"type": "Feature", "geometry": {"type": "LineString", "coordinates": [[51.24838758321762, 45.04509633293283], [51.24973878361105, 45.099079425262715]]}, "properties": {"transect_id": 447, "baseline_distance_m": 219030.0, "positions": {"2000": 11984.3, "2001": 11956.0, "2002": 11937.7, "2003": 11920.0, "2004": 11889.0, "2005": 11867.5, "2006": 11849.3, "2007": 11835.9, "2008": 11802.4, "2009": 11784.8, "2010": 11761.6, "2011": 11736.0, "2012": null, "2013": 11694.5, "2014": 11669.8, "2015": 11647.9, "2016": 11620.4, "2017": 11604.7, "2018": 11586.2, "2019": 11560.6, "2020": 11542.5, "2021": 11518.2, "2022": 11493.4, "2023": 11468.9, "2024": 11447.2, "2025": 11421.0, "2026": 11403.6}, "total_retreat_m": 580.7, "speed_m_per_year": -22.27, "r_squared": 1.0, "std_error": 0.09, "ci_95_low": -22.45, "ci_95_high": -22.09, "valid_years": 26, "confidence": "high", "risk_class": "high", "location_ru": "Залив Комсомолец", "anchor": [51.24861278328319, 45.05409351498781]}}]}