{
  "type": "FeatureCollection",
  "crs": {
    "type": "name",
    "properties": {
      "name": "EPSG:4326"
    }
  },
  "features": [
    {
      "type": "Feature",
      "geometry": {
        "type": "LineString",
        "coordinates": [
          [
            51.33333956944183,
            43.503286298620225
          ],
          [
            51.333430053830085,
            43.50316752097135
          ],
          [
            51.333522192515716,
            43.50304987723212
          ],
          [
            51.333615830027945,
            43.502933260837764
          ],
          [
            51.333710810895994,
            43.502817565223516
          ],
          [
            51.333806979649076,
            43.5027026838246
          ],
          [
            51.333904180816404,
            43.502588510076244
          ],
          [
            51.3340022589272,
            43.50247493741369
          ],
          [
            51.33410105851068,
            43.50236185927215
          ],
          [
            51.33420042409606,
            43.502249169086866
          ],
          [
            51.33430020021255,
            43.50213676029307
          ],
          [
            51.33440023138939,
            43.502024526325975
          ],
          [
            51.334500362155765,
            43.50191236062083
          ],
          [
            51.33460043704092,
            43.50180015661286
          ],
          [
            51.33470030057405,
            43.501687807737284
          ],
          [
            51.334799797283154,
            43.50157520742832
          ],
          [
            51.33489875691905,
            43.50146223899196
          ],
          [
            51.33499691222271,
            43.501348719239914
          ],
          [
            51.335094030057974,
            43.50123448837303
          ],
          [
            51.335189904209116,
            43.50111940504429
          ],
          [
            51.33528435538088,
            43.50100334635884
          ],
          [
            51.335377231198365,
            43.50088620787395
          ],
          [
            51.335468406207156,
            43.500767903599005
          ],
          [
            51.3355577818732,
            43.50064836599561
          ],
          [
            51.33564528658293,
            43.500527545977405
          ],
          [
            51.335730875643165,
            43.50040541291026
          ],
          [
            51.33581453128116,
            43.50028195461215
          ],
          [
            51.335896262644596,
            43.50015717735318
          ],
          [
            51.33597610580158,
            43.50003110585562
          ],
          [
            51.336054123740624,
            43.49990378329387
          ],
          [
            51.336130406370685,
            43.49977527129447
          ],
          [
            51.33620507052115,
            43.49964564993609
          ],
          [
            51.33627825994181,
            43.49951501774958
          ],
          [
            51.33635014530288,
            43.49938349171789
          ],
          [
            51.336420924195025,
            43.49925120727612
          ],
          [
            51.336490821129296,
            43.49911831831153
          ],
          [
            51.336560087537215,
            43.498984997163504
          ],
          [
            51.33662900177069,
            43.49885143462359
          ],
          [
            51.33669786910207,
            43.49871783993542
          ],
          [
            51.336767021724114,
            43.498584440794836
          ],
          [
            51.33683681875003,
            43.49845148334977
          ],
          [
            51.33690764621343,
            43.498319232200345
          ],
          [
            51.336979777530026,
            43.49818746290881
          ],
          [
            51.33705363864874,
            43.4980562481373
          ],
          [
            51.337128495610116,
            43.497925352601555
          ],
          [
            51.33720366699002,
            43.49779455785847
          ],
          [
            51.33727852389957,
            43.497663662306095
          ],
          [
            51.337352489985165,
            43.49753248118365
          ],
          [
            51.33742504142847,
            43.4974008465715
          ],
          [
            51.33749570694643,
            43.497268607391156
          ],
          [
            51.33756406779129,
            43.49713562940528
          ],
          [
            51.33762975775056,
            43.497001795217685
          ],
          [
            51.33769246314698,
            43.49686700427337
          ],
          [
            51.33775192283865,
            43.49673117285844
          ],
          [
            51.33780792821888,
            43.49659423410018
          ],
          [
            51.33786032321629,
            43.49645613796702
          ],
          [
            51.33790900429475,
            43.496316851268574
          ],
          [
            51.337953920453444,
            43.49617635765554
          ],
          [
            51.33799507322679,
            43.496034657619845
          ],
          [
            51.338032516684514,
            43.49589176849451
          ],
          [
            51.33806635743162,
            43.49574772445374
          ],
          [
            51.338096754608344,
            43.49560257651291
          ],
          [
            51.33812391989026,
            43.49545639252849
          ],
          [
            51.33814811748818,
            43.495309257198166
          ],
          [
            51.3381696641482,
            43.49516127206073
          ],
          [
            51.338188929151684,
            43.495012555496146
          ],
          [
            51.3382063343153,
            43.494863242725565
          ],
          [
            51.33822235399096,
            43.49471348581122
          ],
          [
            51.33823751506588,
            43.49456345365655
          ],
          [
            51.338252396962524,
            43.49441333200613
          ],
          [
            51.33826763163867,
            43.494263323445686
          ],
          [
            51.33828390358733,
            43.49411364740212
          ],
          [
            51.33830194983683,
            43.493964540143445
          ],
          [
            51.338321000254226,
            43.49381575478933
          ],
          [
            51.338340050671626,
            43.49366696943523
          ],
          [
            51.33835910108901,
            43.49351818408112
          ],
          [
            51.33837815150641,
            43.493369398727005
          ],
          [
            51.338397201923804,
            43.493220613372905
          ],
          [
            51.3384162523412,
            43.493071828018785
          ],
          [
            51.33843530275858,
            43.492923042664685
          ],
          [
            51.33845435317598,
            43.49277425731057
          ],
          [
            51.338473403593376,
            43.492625471956465
          ],
          [
            51.33849245401077,
            43.49247668660236
          ],
          [
            51.33851150442817,
            43.49232790124825
          ],
          [
            51.33853055484556,
            43.49217911589414
          ],
          [
            51.338549605262955,
            43.49203033054003
          ],
          [
            51.338568655680355,
            43.49188154518592
          ],
          [
            51.33858770609775,
            43.49173275983182
          ],
          [
            51.33860675651514,
            43.49158397447771
          ],
          [
            51.33862580693253,
            43.49143518912361
          ],
          [
            51.33864485734993,
            43.49128640376949
          ],
          [
            51.33866390776732,
            43.491137618415394
          ],
          [
            51.338682958184705,
            43.49098883306128
          ],
          [
            51.33870200860211,
            43.490840047707174
          ],
          [
            51.338721059019505,
            43.49069126235306
          ],
          [
            51.3387401094369,
            43.490542476998954
          ],
          [
            51.338759159854305,
            43.49039369164485
          ],
          [
            51.33877821027169,
            43.490244906290734
          ],
          [
            51.338797260689084,
            43.49009612093663
          ],
          [
            51.33881631110648,
            43.48994733558252
          ],
          [
            51.33883536152388,
            43.48979855022841
          ],
          [
            51.33885441194127,
            43.48964976487431
          ],
          [
            51.338873462358656,
            43.48950097952019
          ],
          [
            51.33889251277605,
            43.48935219416609
          ],
          [
            51.33891331888915,
            43.48920320724262
          ],
          [
            51.33893642624439,
            43.489053956116265
          ],
          [
            51.33896083227254,
            43.48890455589081
          ],
          [
            51.338985606529384,
            43.488755113389445
          ],
          [
            51.33900989069576,
            43.488605727154784
          ],
          [
            51.339032898577535,
            43.488456487448865
          ],
          [
            51.339053916105605,
            43.4883074762531
          ],
          [
            51.33907230133589,
            43.48815876726834
          ],
          [
            51.33908748444935,
            43.48801042591484
          ],
          [
            51.33909896775198,
            43.487862509332246
          ],
          [
            51.33910632567481,
            43.48771506637964
          ],
          [
            51.33910920477389,
            43.48756813763552
          ],
          [
            51.339107323730325,
            43.487421755397754
          ],
          [
            51.339100473350214,
            43.487275943683656
          ],
          [
            51.33908851656473,
            43.48713071822994
          ],
          [
            51.33907138843006,
            43.48698608649273
          ],
          [
            51.339049096127404,
            43.48684204764754
          ],
          [
            51.33902171896304,
            43.48669859258934
          ],
          [
            51.33898940836824,
            43.48655570393247
          ],
          [
            51.33895238789932,
            43.48641335601069
          ],
          [
            51.33891095323765,
            43.48627151487716
          ],
          [
            51.33886547218959,
            43.4861301383045
          ],
          [
            51.33881638468657,
            43.48598917578466
          ],
          [
            51.33876420278503,
            43.48584856852907
          ],
          [
            51.33870951066643,
            43.485708249468544
          ],
          [
            51.33865296463734,
            43.485568143253296
          ],
          [
            51.33859529312925,
            43.485428166252966
          ],
          [
            51.338537296698775,
            43.485288226556584
          ],
          [
            51.33847984802749,
            43.48514822397263
          ],
          [
            51.338423891922076,
            43.48500805002894
          ],
          [
            51.338370445314176,
            43.48486758797279
          ],
          [
            51.3383181712869,
            43.48472699129405
          ],
          [
            51.33826589725964,
            43.48458639461531
          ],
          [
            51.33821362323236,
            43.48444579793658
          ],
          [
            51.338161349205095,
            43.48430520125783
          ],
          [
            51.33810907517781,
            43.48416460457909
          ],
          [
            51.338056801150536,
            43.48402400790035
          ],
          [
            51.33800452712326,
            43.48388341122161
          ],
          [
            51.337952253095985,
            43.483742814542886
          ],
          [
            51.33789763158321,
            43.483602444167246
          ],
          [
            51.3378406983638,
            43.483462296645556
          ],
          [
            51.3377825206516,
            43.48332226909589
          ],
          [
            51.337724088071944,
            43.483182266116046
          ],
          [
            51.337666312661575,
            43.48304219978354
          ],
          [
            51.33761002886879,
            43.482901989655595
          ],
          [
            51.33755599355327,
            43.48276156276918
          ],
          [
            51.33750488598623,
            43.482620853640924
          ],
          [
            51.33745730785032,
            43.48247980426726
          ],
          [
            51.3374137832397,
            43.48233836412423
          ],
          [
            51.33737475865993,
            43.48219649016768
          ],
          [
            51.33734060302812,
            43.48205414683312
          ],
          [
            51.33731160767279,
            43.48191130603582
          ],
          [
            51.33728798633396,
            43.48176794717071
          ],
          [
            51.337269875163116,
            43.4816240571125
          ],
          [
            51.33725733272322,
            43.48147963021555
          ],
          [
            51.33725033998869,
            43.481334668314005
          ],
          [
            51.33724880034543,
            43.48118918072166
          ],
          [
            51.33725253959078,
            43.48104318423208
          ],
          [
            51.3372613059336,
            43.4808967031185
          ],
          [
            51.33727476999418,
            43.48074976913393
          ],
          [
            51.337292524804326,
            43.48060242151104
          ],
          [
            51.33731408580724,
            43.48045470696221
          ],
          [
            51.33733889085768,
            43.48030667967963
          ],
          [
            51.33736630022182,
            43.48015840133508
          ],
          [
            51.337395596577295,
            43.48000994108015
          ],
          [
            51.337425985013255,
            43.47986137554609
          ],
          [
            51.33745659303028,
            43.479712788843905
          ],
          [
            51.33748647054047,
            43.479564272564296
          ],
          [
            51.3375180976801,
            43.479414287812325
          ],
          [
            51.337551915612856,
            43.47926221903673
          ],
          [
            51.337587819066236,
            43.4791088790289
          ],
          [
            51.33762459988266,
            43.47895512933837
          ],
          [
            51.337660402641355,
            43.47880183634969
          ],
          [
            51.33769352726716,
            43.47864979390921
          ],
          [
            51.33772242903051,
            43.47849972332493
          ],
          [
            51.337745718547474,
            43.47835227336659
          ],
          [
            51.33776216177969,
            43.47820802026565
          ],
          [
            51.33777068003445,
            43.47806746771525
          ],
          [
            51.33777034996462,
            43.4779310468703
          ],
          [
            51.337760403568666,
            43.47779911634738
          ],
          [
            51.337740228190704,
            43.47767196222481
          ],
          [
            51.33770936652043,
            43.47754979804261
          ],
          [
            51.337667516593136,
            43.47743276480251
          ],
          [
            51.33761453178977,
            43.477320930967984
          ],
          [
            51.337550420836834,
            43.47721429246417
          ],
          [
            51.33747534780646,
            43.477112772677984
          ],
          [
            51.337389632116405,
            43.477016222458
          ],
          [
            51.33729374853,
            43.476924420114536
          ],
          [
            51.33718832715623,
            43.47683707141964
          ],
          [
            51.337074153449635,
            43.47675380960701
          ],
          [
            51.3369521682104,
            43.47667419537215
          ],
          [
            51.33682346758431,
            43.476597716872206
          ],
          [
            51.336689303062755,
            43.47652378972605
          ],
          [
            51.336551081482725,
            43.476451757014324
          ],
          [
            51.33641036502683,
            43.476380889279305
          ],
          [
            51.3362688712233,
            43.476310384525036
          ],
          [
            51.336128472945944,
            43.476239368217264
          ],
          [
            51.335991198414206,
            43.47616689328344
          ],
          [
            51.335859231193105,
            43.47609194011274
          ],
          [
            51.33573006319093,
            43.47601567985303
          ],
          [
            51.33560089518875,
            43.475939419593296
          ],
          [
            51.335471727186565,
            43.475863159333564
          ],
          [
            51.3353425591844,
            43.475786899073846
          ],
          [
            51.335213391182215,
            43.47571063881411
          ],
          [
            51.33508422318003,
            43.47563437855438
          ],
          [
            51.33495505517787,
            43.475558118294664
          ],
          [
            51.33482588717569,
            43.47548185803493
          ],
          [
            51.33469671917352,
            43.4754055977752
          ],
          [
            51.33456755117133,
            43.475329337515475
          ],
          [
            51.33443838316915,
            43.47525307725575
          ],
          [
            51.334309215166975,
            43.47517681699602
          ],
          [
            51.3341800471648,
            43.4751005567363
          ],
          [
            51.33405087916263,
            43.47502429647657
          ],
          [
            51.33392171116045,
            43.474948036216844
          ],
          [
            51.333792543158275,
            43.47487177595712
          ],
          [
            51.3336633751561,
            43.474795515697394
          ],
          [
            51.333534207153924,
            43.47471925543766
          ],
          [
            51.333405039151735,
            43.47464299517794
          ],
          [
            51.33327587114957,
            43.4745667349182
          ],
          [
            51.333146703147385,
            43.47449047465848
          ],
          [
            51.33301753514521,
            43.474414214398756
          ],
          [
            51.33288836714303,
            43.474337954139024
          ],
          [
            51.33275919914086,
            43.4742616938793
          ],
          [
            51.332630031138685,
            43.474185433619574
          ],
          [
            51.3325008631365,
            43.47410917335984
          ],
          [
            51.33237169513433,
            43.47403291310012
          ],
          [
            51.332242527132145,
            43.47395665284039
          ],
          [
            51.33211335912996,
            43.47388039258066
          ],
          [
            51.331984191127795,
            43.47380413232093
          ],
          [
            51.33185502312561,
            43.47372787206122
          ],
          [
            51.33172585512345,
            43.47365161180148
          ],
          [
            51.33159668712126,
            43.473575351541754
          ],
          [
            51.331467519119094,
            43.47349909128203
          ],
          [
            51.33133835111691,
            43.473422831022305
          ],
          [
            51.33120918311474,
            43.47334657076258
          ],
          [
            51.331080015112555,
            43.47327031050285
          ],
          [
            51.33095084711038,
            43.47319405024312
          ],
          [
            51.3308216791082,
            43.47311778998339
          ],
          [
            51.33069251110602,
            43.47304152972366
          ],
          [
            51.330563343103854,
            43.47296526946394
          ],
          [
            51.33043417510167,
            43.472889009204216
          ],
          [
            51.3303050070995,
            43.472812748944484
          ],
          [
            51.330175839097315,
            43.47273648868476
          ],
          [
            51.33004667109515,
            43.47266022842503
          ],
          [
            51.32991750309296,
            43.4725839681653
          ],
          [
            51.32978833509079,
            43.47250770790558
          ],
          [
            51.32965916708861,
            43.472431447645846
          ],
          [
            51.32952999908643,
            43.47235518738612
          ],
          [
            51.329400831084264,
            43.472278927126396
          ],
          [
            51.329271663082075,
            43.47220266686667
          ],
          [
            51.32914249507991,
            43.47212640660694
          ],
          [
            51.32901332707773,
            43.472050146347215
          ],
          [
            51.32888415907555,
            43.47197388608749
          ],
          [
            51.328754991073374,
            43.47189762582775
          ],
          [
            51.3286258230712,
            43.47182136556803
          ],
          [
            51.328496655069024,
            43.47174510530831
          ],
          [
            51.32836748706684,
            43.471668845048576
          ],
          [
            51.32823831906467,
            43.47159258478886
          ],
          [
            51.328109151062485,
            43.47151632452913
          ],
          [
            51.32797998306032,
            43.471440064269395
          ],
          [
            51.327850815058135,
            43.47136380400968
          ],
          [
            51.32772164705596,
            43.471287543749945
          ],
          [
            51.32759247905378,
            43.47121128349021
          ],
          [
            51.32746331105161,
            43.47113502323049
          ],
          [
            51.327334143049434,
            43.47105876297076
          ],
          [
            51.32720497504725,
            43.47098250271104
          ],
          [
            51.327075807045084,
            43.470906242451306
          ],
          [
            51.326946639042895,
            43.47082998219159
          ],
          [
            51.32681747104072,
            43.47075372193186
          ],
          [
            51.326688303038544,
            43.47067746167213
          ],
          [
            51.32655913503637,
            43.47060120141239
          ],
          [
            51.326429967034194,
            43.470524941152675
          ],
          [
            51.32630079903201,
            43.47044868089294
          ],
          [
            51.326171631029844,
            43.47037242063322
          ],
          [
            51.32604246302766,
            43.47029616037349
          ],
          [
            51.32591329502549,
            43.47021990011377
          ],
          [
            51.325784127023304,
            43.470143639854044
          ],
          [
            51.32565495902113,
            43.47006737959431
          ],
          [
            51.32552579101895,
            43.469991119334594
          ],
          [
            51.325396623016786,
            43.469914859074855
          ],
          [
            51.325267455014604,
            43.46983859881513
          ],
          [
            51.32513828701243,
            43.469762338555405
          ],
          [
            51.32500911901025,
            43.46968607829567
          ],
          [
            51.324879951008064,
            43.46960981803595
          ],
          [
            51.324750783005896,
            43.46953355777622
          ],
          [
            51.32462161500371,
            43.46945729751649
          ],
          [
            51.324492447001546,
            43.46938103725677
          ],
          [
            51.32436327899936,
            43.46930477699704
          ],
          [
            51.32423411099718,
            43.46922851673732
          ],
          [
            51.32410494299501,
            43.469152256477585
          ],
          [
            51.323975774992824,
            43.46907599621785
          ],
          [
            51.32384660699065,
            43.468999735958135
          ],
          [
            51.323717438988474,
            43.4689234756984
          ],
          [
            51.3235882709863,
            43.46884721543868
          ],
          [
            51.323459102984124,
            43.46877095517895
          ],
          [
            51.32332993498195,
            43.46869469491923
          ],
          [
            51.323200766979774,
            43.468618434659504
          ],
          [
            51.3230715989776,
            43.468542174399765
          ],
          [
            51.32294243097542,
            43.46846591414005
          ],
          [
            51.32281326297324,
            43.468389653880315
          ],
          [
            51.32268409497106,
            43.46831339362058
          ],
          [
            51.32255492696888,
            43.46823713336086
          ],
          [
            51.32242575896671,
            43.468160873101134
          ],
          [
            51.32229659096453,
            43.46808461284141
          ],
          [
            51.32216742296236,
            43.468008352581684
          ],
          [
            51.32203825496018,
            43.46793209232195
          ],
          [
            51.321909086957994,
            43.46785583206223
          ],
          [
            51.321779918955826,
            43.4677795718025
          ],
          [
            51.32165075095364,
            43.46770331154276
          ],
          [
            51.32152158295147,
            43.46762705128305
          ],
          [
            51.321392414949294,
            43.46755079102332
          ],
          [
            51.32126324694711,
            43.46747453076358
          ],
          [
            51.32113407894494,
            43.467398270503864
          ],
          [
            51.32100491094276,
            43.46732201024414
          ],
          [
            51.32087574294058,
            43.46724574998441
          ],
          [
            51.32074657493841,
            43.46716948972469
          ],
          [
            51.32061740693623,
            43.46709322946496
          ],
          [
            51.320488238934054,
            43.46701696920523
          ],
          [
            51.32035907093188,
            43.4669407089455
          ],
          [
            51.3202299029297,
            43.466864448685776
          ],
          [
            51.32010073492753,
            43.466788188426044
          ],
          [
            51.31997156692535,
            43.46671192816632
          ],
          [
            51.31984239892317,
            43.466635667906594
          ],
          [
            51.319713230920996,
            43.46655940764687
          ],
          [
            51.319584062918814,
            43.46648314738714
          ],
          [
            51.31945489491664,
            43.46640688712742
          ],
          [
            51.319325726914464,
            43.46633062686769
          ],
          [
            51.319196558912296,
            43.466254366607956
          ],
          [
            51.31906739091012,
            43.466178106348224
          ],
          [
            51.31893822290793,
            43.466101846088506
          ],
          [
            51.318809054905756,
            43.46602558582878
          ],
          [
            51.318679886903574,
            43.46594932556905
          ],
          [
            51.31855071890141,
            43.465873065309324
          ],
          [
            51.318421550899224,
            43.4657968050496
          ],
          [
            51.31829238289705,
            43.46572054478987
          ],
          [
            51.318163214894874,
            43.46564428453014
          ],
          [
            51.3180340468927,
            43.46556802427042
          ],
          [
            51.31790487889053,
            43.465491764010686
          ],
          [
            51.31777571088835,
            43.46541550375096
          ],
          [
            51.317646542886166,
            43.46533924349124
          ],
          [
            51.317517374883984,
            43.465262983231504
          ],
          [
            51.31738820688181,
            43.46518672297178
          ],
          [
            51.31725903887963,
            43.46511046271205
          ],
          [
            51.31712987087746,
            43.46503420245233
          ],
          [
            51.317000702875276,
            43.4649579421926
          ],
          [
            51.31687153487311,
            43.46488168193287
          ],
          [
            51.316742366870926,
            43.46480542167315
          ],
          [
            51.316613198868744,
            43.46472916141342
          ],
          [
            51.316484030866576,
            43.464652901153684
          ],
          [
            51.31635486286439,
            43.46457664089396
          ],
          [
            51.31622569486222,
            43.46450038063424
          ],
          [
            51.31609652686004,
            43.46442412037451
          ],
          [
            51.31596735885786,
            43.46434786011478
          ],
          [
            51.315838190855686,
            43.46427159985505
          ],
          [
            51.31570902285351,
            43.46419533959533
          ],
          [
            51.315579854851336,
            43.464119079335596
          ],
          [
            51.315450686849154,
            43.46404281907587
          ],
          [
            51.31532151884698,
            43.463966558816146
          ],
          [
            51.315192350844804,
            43.46389029855642
          ],
          [
            51.31506318284263,
            43.4638140382967
          ],
          [
            51.31493401484045,
            43.46373777803697
          ],
          [
            51.31480484683828,
            43.46366151777724
          ],
          [
            51.31467567883609,
            43.463585257517515
          ],
          [
            51.31454651083392,
            43.46350899725779
          ],
          [
            51.314417342831746,
            43.46343273699806
          ],
          [
            51.31428817482957,
            43.463356476738326
          ],
          [
            51.314159006827396,
            43.4632802164786
          ],
          [
            51.31402983882521,
            43.46320395621888
          ],
          [
            51.31390067082304,
            43.46312769595915
          ],
          [
            51.313771502820856,
            43.46305143569942
          ],
          [
            51.31364233481869,
            43.462975175439695
          ],
          [
            51.313513166816506,
            43.46289891517997
          ],
          [
            51.313383998814324,
            43.46282265492024
          ],
          [
            51.313254830812156,
            43.46274639466051
          ],
          [
            51.313119680434205,
            43.462672076321105
          ],
          [
            51.312978910359135,
            43.46259958217403
          ],
          [
            51.31283514333059,
            43.46252806085866
          ],
          [
            51.312690811051375,
            43.46245672302756
          ],
          [
            51.31254815418337,
            43.46238484134644
          ],
          [
            51.3124092223476,
            43.462311750494244
          ],
          [
            51.312275874124175,
            43.462236847163084
          ],
          [
            51.31214977705237,
            43.462159590058235
          ],
          [
            51.31203240763052,
            43.462079499898195
          ],
          [
            51.3119250513161,
            43.46199615941461
          ],
          [
            51.31182880252571,
            43.46190921335236
          ],
          [
            51.311744564635056,
            43.46181836846942
          ],
          [
            51.31167304997895,
            43.46172339353706
          ],
          [
            51.31161477985133,
            43.461624119339675
          ],
          [
            51.31157008450528,
            43.461520438674825
          ],
          [
            51.311539103152946,
            43.46141230635331
          ],
          [
            51.3115217839656,
            43.46129973919908
          ],
          [
            51.311517884073666,
            43.461182816049266
          ],
          [
            51.31152696956665,
            43.46106167775421
          ],
          [
            51.31154841549319,
            43.46093652717741
          ],
          [
            51.311581405861034,
            43.46080762919557
          ],
          [
            51.311624933637034,
            43.46067531069857
          ],
          [
            51.31167780074718,
            43.46053996058948
          ],
          [
            51.31173861807657,
            43.46040202978455
          ],
          [
            51.31180580546939,
            43.46026203121322
          ],
          [
            51.311877591729015,
            43.4601205398181
          ],
          [
            51.31195201461784,
            43.45997819255501
          ],
          [
            51.31202692085744,
            43.459835688392936
          ],
          [
            51.3121002990151,
            43.45969390185162
          ],
          [
            51.312170105385626,
            43.45955382361517
          ],
          [
            51.312233284827926,
            43.45941622656879
          ],
          [
            51.312294880684924,
            43.4592792702426
          ],
          [
            51.3123563845751,
            43.4591422825493
          ],
          [
            51.31241753747,
            43.45900517514209
          ],
          [
            51.312478103578364,
            43.45886786759968
          ],
          [
            51.31253787034612,
            43.45873028742629
          ],
          [
            51.31259664845637,
            43.45859237005162
          ],
          [
            51.3126542718294,
            43.458454058830895
          ],
          [
            51.31271059762268,
            43.458315305044835
          ],
          [
            51.31276550623089,
            43.458176067899664
          ],
          [
            51.31281890128585,
            43.458036314527114
          ],
          [
            51.312870709656615,
            43.4578960199844
          ],
          [
            51.31292088144937,
            43.45775516725428
          ],
          [
            51.31296939000754,
            43.45761374724496
          ],
          [
            51.3130162319117,
            43.45747175879022
          ],
          [
            51.31306142697962,
            43.45732920864926
          ],
          [
            51.313105018266256,
            43.45718611150686
          ],
          [
            51.31314707206374,
            43.45704248997327
          ],
          [
            51.31318767790141,
            43.45689837458421
          ],
          [
            51.31322694854577,
            43.45675380380098
          ],
          [
            51.313265020000514,
            43.45660882401032
          ],
          [
            51.31330205150652,
            43.45646348952449
          ],
          [
            51.31333822554184,
            43.456317862581244
          ],
          [
            51.31337374782175,
            43.456172013343895
          ],
          [
            51.31340884729866,
            43.45602601990118
          ],
          [
            51.31344377616221,
            43.455879968267396
          ],
          [
            51.31347880983918,
            43.4557339523823
          ],
          [
            51.313514635399414,
            43.45558815137057
          ],
          [
            51.31355166738497,
            43.45544269345057
          ],
          [
            51.31358957918306,
            43.45529749732989
          ],
          [
            51.31362756373835,
            43.455152315681644
          ],
          [
            51.313665439803735,
            43.45500711245322
          ],
          [
            51.31370304139718,
            43.45486185462847
          ],
          [
            51.31374021780177,
            43.454716512227705
          ],
          [
            51.313776833565704,
            43.454571058307614
          ],
          [
            51.31381276850226,
            43.45442546896141
          ],
          [
            51.31384791768983,
            43.45427972331869
          ],
          [
            51.313882191471876,
            43.45413380354551
          ],
          [
            51.31391551545702,
            43.4539876948444
          ],
          [
            51.313947830518934,
            43.45384138545429
          ],
          [
            51.31397909279644,
            43.45369486665055
          ],
          [
            51.31400927369338,
            43.453548132745055
          ],
          [
            51.314038359878786,
            43.453401181086036
          ],
          [
            51.314066353286755,
            43.453254012058245
          ],
          [
            51.31409327111646,
            43.45310662908284
          ],
          [
            51.31411914583222,
            43.4529590386174
          ],
          [
            51.314144025163415,
            43.452811250155996
          ],
          [
            51.314167972104556,
            43.452663276229124
          ],
          [
            51.31419106491525,
            43.4525151324037
          ],
          [
            51.31421339712019,
            43.4523668372831
          ],
          [
            51.31423507750919,
            43.452218412507165
          ],
          [
            51.31425623013713,
            43.452069882752134
          ],
          [
            51.31427699432404,
            43.451921275730726
          ],
          [
            51.314297524655,
            43.4517726221921
          ],
          [
            51.31431799098024,
            43.451623955921825
          ],
          [
            51.31433857841509,
            43.45147531374196
          ],
          [
            51.31435981004202,
            43.451326754106965
          ],
          [
            51.314382537639716,
            43.451178356569514
          ],
          [
            51.314406079776155,
            43.45103003865864
          ],
          [
            51.31442985589552,
            43.45088173423123
          ],
          [
            51.31445354325466,
            43.45073342468894
          ],
          [
            51.31447684556567,
            43.45058509295791
          ],
          [
            51.31449949299606,
            43.450436723488785
          ],
          [
            51.31452124216861,
            43.450288302256745
          ],
          [
            51.31454187616139,
            43.45013981676146
          ],
          [
            51.31456120450784,
            43.44999125602712
          ],
          [
            51.3145790631967,
            43.449842610602424
          ],
          [
            51.31459531467204,
            43.44969387256059
          ],
          [
            51.314609847833246,
            43.44954503549936
          ],
          [
            51.314622578035014,
            43.449396094540944
          ],
          [
            51.31463344708739,
            43.449247046332125
          ],
          [
            51.314642423255705,
            43.44909788904415
          ],
          [
            51.31464950126062,
            43.44894862237277
          ],
          [
            51.31465470227813,
            43.44879924753831
          ],
          [
            51.31465807393957,
            43.44864976728554
          ],
          [
            51.31465969033154,
            43.44850018588377
          ],
          [
            51.31465965199599,
            43.44835050912684
          ],
          [
            51.31465808593019,
            43.44820074433307
          ],
          [
            51.314655145586755,
            43.44805090034531
          ],
          [
            51.314651010873575,
            43.44790098753089
          ],
          [
            51.31464588815389,
            43.44775101778172
          ],
          [
            51.31464001024625,
            43.44760100451416
          ],
          [
            51.31463363642455,
            43.4474509626691
          ],
          [
            51.314627052417954,
            43.44730090871194
          ],
          [
            51.31462057041099,
            43.44715086063261
          ],
          [
            51.31461452904349,
            43.44700083794552
          ],
          [
            51.314609293410626,
            43.446850861689626
          ],
          [
            51.314604765734096,
            43.44670092866861
          ],
          [
            51.31459986713445,
            43.44655099509847
          ],
          [
            51.31459473455382,
            43.44640106118196
          ],
          [
            51.314589495416286,
            43.44625112710769
          ],
          [
            51.314584267627865,
            43.446101193050225
          ],
          [
            51.3145791595765,
            43.445951259170016
          ],
          [
            51.314574270132134,
            43.44580132561344
          ],
          [
            51.31456968864661,
            43.44565139251277
          ],
          [
            51.31456549495373,
            43.44550145998619
          ],
          [
            51.31456175936924,
            43.4453515281378
          ],
          [
            51.31455854269086,
            43.445201597057604
          ],
          [
            51.31455589619823,
            43.44505166682153
          ],
          [
            51.31455386165294,
            43.44490173749138
          ],
          [
            51.314552471298526,
            43.44475180911489
          ],
          [
            51.31455174786049,
            43.444601881725724
          ],
          [
            51.314551704546254,
            43.444451955343425
          ],
          [
            51.3145523450452,
            43.44430202997344
          ],
          [
            51.31455366352867,
            43.44415210560715
          ],
          [
            51.31455564464993,
            43.44400218222185
          ],
          [
            51.31455826354421,
            43.443852259780705
          ],
          [
            51.314561485828655,
            43.44370233823284
          ],
          [
            51.314565267602426,
            43.44355241751324
          ],
          [
            51.314569555446546,
            43.44340249754284
          ],
          [
            51.31457428642404,
            43.44325257822845
          ],
          [
            51.31457938807988,
            43.44310265946283
          ],
          [
            51.31458477844096,
            43.4429527411246
          ],
          [
            51.31459036601612,
            43.44280282307834
          ],
          [
            51.31459604979619,
            43.44265290517449
          ],
          [
            51.31460171925388,
            43.44250298724945
          ],
          [
            51.314607254343905,
            43.44235306912549
          ],
          [
            51.31461252550291,
            43.44220315061079
          ],
          [
            51.3146173493784,
            43.442053226942775
          ],
          [
            51.31462206703196,
            43.44190329854264
          ],
          [
            51.31462672713236,
            43.44175336757853
          ],
          [
            51.314631374814745,
            43.44160343606122
          ],
          [
            51.31463605168068,
            43.441453505844
          ],
          [
            51.31464079579812,
            43.44130357862281
          ],
          [
            51.31464564170143,
            43.44115365593612
          ],
          [
            51.314650620391376,
            43.441003739165005
          ],
          [
            51.31465575933511,
            43.44085382953311
          ],
          [
            51.31466108246622,
            43.44070392810665
          ],
          [
            51.31466661018465,
            43.44055403579445
          ],
          [
            51.31467235935676,
            43.44040415334789
          ],
          [
            51.31467834331535,
            43.440254281360936
          ],
          [
            51.314684571859566,
            43.44010442027013
          ],
          [
            51.31469105125498,
            43.4399545703546
          ],
          [
            51.31469778423357,
            43.43980473173607
          ],
          [
            51.3147047699937,
            43.43965490437882
          ],
          [
            51.31471200420015,
            43.43950508808971
          ],
          [
            51.3147194789841,
            43.43935528251819
          ],
          [
            51.31472718294313,
            43.4392054871563
          ],
          [
            51.31473510114118,
            43.43905570133863
          ],
          [
            51.31474321510868,
            43.438905924242384
          ],
          [
            51.31475150284237,
            43.438756154887336
          ],
          [
            51.314759938805445,
            43.43860639213582
          ],
          [
            51.314768493927495,
            43.438456634692756
          ],
          [
            51.314777135604494,
            43.43830688110569
          ],
          [
            51.31478582769882,
            43.43815712976466
          ],
          [
            51.314794530539274,
            43.43800737890238
          ],
          [
            51.31480320092101,
            43.43785762659409
          ],
          [
            51.314811792105665,
            43.437707870757606
          ],
          [
            51.31482005594773,
            43.4375580926764
          ],
          [
            51.31482802115232,
            43.43740829124495
          ],
          [
            51.3148358399319,
            43.437258477620674
          ],
          [
            51.31484361718189,
            43.43710866053823
          ],
          [
            51.3148514496667,
            43.43695884805519
          ],
          [
            51.31485942601962,
            43.43680904755206
          ],
          [
            51.31486762674296,
            43.43665926573226
          ],
          [
            51.31487612420794,
            43.43650950862217
          ],
          [
            51.31488498265474,
            43.43635978157105
          ],
          [
            51.31489425819251,
            43.43621008925112
          ],
          [
            51.31490399879933,
            43.436060435657524
          ],
          [
            51.31491424432223,
            43.43591082410832
          ],
          [
            51.314925026477205,
            43.4357612572445
          ],
          [
            51.31493636884921,
            43.435611737029994
          ],
          [
            51.3149482868921,
            43.435462264751635
          ],
          [
            51.314960787928754,
            43.43531284101921
          ],
          [
            51.31497387115095,
            43.43516346576541
          ],
          [
            51.31498752761943,
            43.435014138245855
          ],
          [
            51.31500174026388,
            43.434864857039116
          ],
          [
            51.31501648388298,
            43.43471562004667
          ],
          [
            51.31503172514431,
            43.43456642449292
          ],
          [
            51.315047422584406,
            43.43441726692521
          ],
          [
            51.31506352660879,
            43.4342681432138
          ],
          [
            51.31507997949191,
            43.43411904855187
          ],
          [
            51.31509671537717,
            43.43396997745556
          ],
          [
            51.315113660276914,
            43.43382092376389
          ],
          [
            51.31513073207245,
            43.43367188063883
          ],
          [
            51.31514784051404,
            43.4335228405653
          ],
          [
            51.3151648872209,
            43.43337379535113
          ],
          [
            51.315181765681174,
            43.43322473612704
          ],
          [
            51.31519836125198,
            43.43307565334673
          ],
          [
            51.31521482457567,
            43.43292655955418
          ],
          [
            51.31523128789936,
            43.432777465761646
          ],
          [
            51.31524775122306,
            43.432628371969116
          ],
          [
            51.31526421454675,
            43.43247927817657
          ],
          [
            51.31528067787045,
            43.432330184384035
          ],
          [
            51.31529714119412,
            43.4321810905915
          ],
          [
            51.31531360451782,
            43.43203199679897
          ],
          [
            51.31533006784151,
            43.431882903006425
          ],
          [
            51.315346531165204,
            43.431733809213895
          ],
          [
            51.31536299448889,
            43.43158471542136
          ],
          [
            51.31537945781259,
            43.43143562162883
          ],
          [
            51.315395921136286,
            43.43128652783628
          ],
          [
            51.315412384459975,
            43.431137434043755
          ],
          [
            51.315428847783664,
            43.43098834025121
          ],
          [
            51.315445311107354,
            43.430839246458675
          ],
          [
            51.31546177443105,
            43.43069015266613
          ],
          [
            51.31547823775474,
            43.4305410588736
          ],
          [
            51.31549470107843,
            43.43039196508106
          ],
          [
            51.315511164402125,
            43.43024287128853
          ],
          [
            51.315527627725814,
            43.43009377749599
          ],
          [
            51.31554409104951,
            43.429944683703454
          ],
          [
            51.3155605543732,
            43.42979558991092
          ],
          [
            51.31557701769688,
            43.42964649611838
          ],
          [
            51.31559348102058,
            43.42949740232584
          ],
          [
            51.31560994434429,
            43.429348308533314
          ],
          [
            51.31562640766797,
            43.42919921474077
          ],
          [
            51.31564287099166,
            43.42905012094823
          ],
          [
            51.31565933431535,
            43.428901027155696
          ],
          [
            51.31567579763904,
            43.42875193336316
          ],
          [
            51.31569226096274,
            43.42860283957062
          ],
          [
            51.31570872428643,
            43.428453745778086
          ],
          [
            51.31572518761012,
            43.42830465198555
          ],
          [
            51.3157416509338,
            43.42815555819301
          ],
          [
            51.31575811425749,
            43.428006464400475
          ],
          [
            51.315774577581195,
            43.42785737060793
          ],
          [
            51.31579104090489,
            43.4277082768154
          ],
          [
            51.31580750422858,
            43.42755918302286
          ],
          [
            51.31582396755227,
            43.42741008923033
          ],
          [
            51.31584043087596,
            43.42726099543779
          ],
          [
            51.315856894199655,
            43.427111901645254
          ],
          [
            51.31587335752335,
            43.42696280785272
          ],
          [
            51.31588982084705,
            43.42681371406018
          ],
          [
            51.31590628417073,
            43.426664620267644
          ],
          [
            51.31592274749442,
            43.426515526475114
          ],
          [
            51.31593921081811,
            43.42636643268257
          ],
          [
            51.315955674141804,
            43.426217338890034
          ],
          [
            51.315972137465494,
            43.4260682450975
          ],
          [
            51.31598860078919,
            43.42591915130496
          ],
          [
            51.31600506411288,
            43.42577005751242
          ],
          [
            51.316021527436575,
            43.42562096371989
          ],
          [
            51.316037990760265,
            43.42547186992735
          ],
          [
            51.316054454083954,
            43.425322776134806
          ],
          [
            51.31607091740764,
            43.425173682342276
          ],
          [
            51.31608738073135,
            43.42502458854973
          ],
          [
            51.31610384405503,
            43.424875494757195
          ],
          [
            51.316120298882495,
            43.42472639999484
          ],
          [
            51.31613671172267,
            43.4245773004397
          ],
          [
            51.316153098445454,
            43.424428197903325
          ],
          [
            51.31616947381184,
            43.42427909407063
          ],
          [
            51.3161858514739,
            43.42412999049998
          ],
          [
            51.31620224397482,
            43.42398088862317
          ],
          [
            51.316218662748845,
            43.42383178974537
          ],
          [
            51.31623511812135,
            43.42368269504522
          ],
          [
            51.316251619308765,
            43.423533605574754
          ],
          [
            51.31626817441864,
            43.42338452225943
          ],
          [
            51.3162847904496,
            43.42323544589813
          ],
          [
            51.31630147329138,
            43.423086377163166
          ],
          [
            51.3163182277248,
            43.42293731660023
          ],
          [
            51.31633505742175,
            43.422788264628494
          ],
          [
            51.31635196494527,
            43.42263922154051
          ],
          [
            51.31636895174942,
            43.422490187502255
          ],
          [
            51.31638601817939,
            43.422341162553124
          ],
          [
            51.31640316347147,
            43.42219214660596
          ],
          [
            51.31642038575303,
            43.422043139446984
          ],
          [
            51.31643768204253,
            43.42189414073589
          ],
          [
            51.316455048249544,
            43.42174515000573
          ],
          [
            51.31647247917469,
            43.42159616666303
          ],
          [
            51.31648996850973,
            43.42144718998769
          ],
          [
            51.316507508837496,
            43.42129821913308
          ],
          [
            51.316525091631895,
            43.42114925312597
          ],
          [
            51.316542707257966,
            43.421000290866495
          ],
          [
            51.316560344971826,
            43.42085133112832
          ],
          [
            51.31657799292066,
            43.420702372558445
          ],
          [
            51.316595638142765,
            43.420553413677325
          ],
          [
            51.316613266567515,
            43.42040445287881
          ],
          [
            51.316631638187786,
            43.42025552601637
          ],
          [
            51.316650543214806,
            43.420106622619194
          ],
          [
            51.31666973484567,
            43.419957733118714
          ],
          [
            51.31668895060869,
            43.41980884478834
          ],
          [
            51.316707948888855,
            43.41965994591278
          ],
          [
            51.31672650892775,
            43.419511025788
          ],
          [
            51.31674443082361,
            43.41936207472126
          ],
          [
            51.316761535531306,
            43.41921308403113
          ],
          [
            51.316777664862364,
            43.419064046047446
          ],
          [
            51.316792681484905,
            43.418914954111315
          ],
          [
            51.316806468923716,
            43.418765802575166
          ],
          [
            51.31681893156022,
            43.41861658680268
          ],
          [
            51.316829994632464,
            43.418467303168846
          ],
          [
            51.316839604235135,
            43.418317949059926
          ],
          [
            51.316847727319555,
            43.418168522873486
          ],
          [
            51.316854351693706,
            43.41801902401834
          ],
          [
            51.31685948602217,
            43.41786945291464
          ],
          [
            51.31686315982617,
            43.41771981099378
          ],
          [
            51.31686542348359,
            43.41757010069846
          ],
          [
            51.316866348228935,
            43.41742032548265
          ],
          [
            51.316866026153356,
            43.41727048981165
          ],
          [
            51.316864570204615,
            43.41712059916198
          ],
          [
            51.31686211418713,
            43.4169706600215
          ],
          [
            51.316858812761964,
            43.41682067988932
          ],
          [
            51.3168548414468,
            43.416670667275866
          ],
          [
            51.31685039661595,
            43.416520631702824
          ],
          [
            51.31684569550039,
            43.416370583703184
          ],
          [
            51.31684097618769,
            43.41622053482122
          ],
          [
            51.31683649762212,
            43.41607049761246
          ],
          [
            51.316832539604526,
            43.415920485643774
          ],
          [
            51.3168294027924,
            43.41577051349327
          ],
          [
            51.31682456256015,
            43.415619747461086
          ],
          [
            51.316815544028906,
            43.41546710450987
          ],
          [
            51.31680402213496,
            43.41531333703189
          ],
          [
            51.31679155328658,
            43.415159144175824
          ],
          [
            51.31677957536402,
            43.41500517184683
          ],
          [
            51.316769407719555,
            43.414852012706504
          ],
          [
            51.31676225117743,
            43.41470020617289
          ],
          [
            51.316759188033856,
            43.41455023842046
          ],
          [
            51.31676118205706,
            43.41440254238018
          ],
          [
            51.316769078487255,
            43.41425749773941
          ],
          [
            51.31678360403662,
            43.41411543094201
          ],
          [
            51.316805366889355,
            43.413976615188254
          ],
          [
            51.316834856701625,
            43.41384127043486
          ],
          [
            51.3168724446016,
            43.413709563395024
          ],
          [
            51.3169183831894,
            43.41358160753835
          ],
          [
            51.316972806537194,
            43.41345746309092
          ],
          [
            51.3170357301891,
            43.41333713703527
          ],
          [
            51.31710705116121,
            43.413220583110366
          ],
          [
            51.31718654794164,
            43.41310770181161
          ],
          [
            51.31727388049048,
            43.41299834039087
          ],
          [
            51.31736859023981,
            43.412892292856476
          ],
          [
            51.317470100093686,
            43.41278929997317
          ],
          [
            51.317577714428175,
            43.41268904926218
          ],
          [
            51.31769061909131,
            43.41259117500115
          ],
          [
            51.31780788140311,
            43.41249525822417
          ],
          [
            51.31792845015561,
            43.41240082672183
          ],
          [
            51.31805115561282,
            43.412307355041094
          ],
          [
            51.318174709510735,
            43.412214264485435
          ],
          [
            51.31829770505733,
            43.412120923114735
          ],
          [
            51.318418616932576,
            43.41202664574536
          ],
          [
            51.318535801288434,
            43.411930693950055
          ],
          [
            51.31864994843421,
            43.411833377820294
          ],
          [
            51.318764095579965,
            43.41173606169052
          ],
          [
            51.31887824272573,
            43.41163874556074
          ],
          [
            51.31899238987148,
            43.411541429430976
          ],
          [
            51.319106537017255,
            43.4114441133012
          ],
          [
            51.319220684163014,
            43.41134679717142
          ],
          [
            51.31933483130879,
            43.41124948104166
          ],
          [
            51.31944897845454,
            43.41115216491188
          ],
          [
            51.319563125600304,
            43.41105484878211
          ],
          [
            51.31967727274607,
            43.41095753265233
          ],
          [
            51.31979141989184,
            43.41086021652256
          ],
          [
            51.3199055670376,
            43.41076290039279
          ],
          [
            51.32001971418337,
            43.410665584263015
          ],
          [
            51.320133861329126,
            43.41056826813325
          ],
          [
            51.320248008474884,
            43.41047095200347
          ],
          [
            51.32036215562066,
            43.4103736358737
          ],
          [
            51.32047630276642,
            43.41027631974393
          ],
          [
            51.32059044991219,
            43.410179003614154
          ],
          [
            51.32070459705794,
            43.41008168748438
          ],
          [
            51.32081874420372,
            43.409984371354604
          ],
          [
            51.32093289134948,
            43.409887055224836
          ],
          [
            51.32104703849524,
            43.40978973909505
          ],
          [
            51.321161185640996,
            43.40969242296528
          ],
          [
            51.32127533278676,
            43.40959510683552
          ],
          [
            51.32138947993252,
            43.409497790705736
          ],
          [
            51.3215036270783,
            43.40940047457597
          ],
          [
            51.32161777422406,
            43.40930315844619
          ],
          [
            51.321731921369825,
            43.40920584231642
          ],
          [
            51.321846068515576,
            43.40910852618666
          ],
          [
            51.32196021566134,
            43.409011210056875
          ],
          [
            51.322074362807115,
            43.4089138939271
          ],
          [
            51.32218850995288,
            43.40881657779733
          ],
          [
            51.32230265709864,
            43.40871926166756
          ],
          [
            51.322416804244405,
            43.40862194553779
          ],
          [
            51.32253095139016,
            43.40852462940801
          ],
          [
            51.32264509853593,
            43.40842731327823
          ],
          [
            51.322759245681695,
            43.40832999714846
          ],
          [
            51.322873392827454,
            43.40823268101869
          ],
          [
            51.32298753997322,
            43.408135364888906
          ],
          [
            51.32310168711898,
            43.408038048759146
          ],
          [
            51.32321583426475,
            43.40794073262938
          ],
          [
            51.32332998141051,
            43.407843416499595
          ],
          [
            51.323444128556275,
            43.40774610036983
          ],
          [
            51.323558275702034,
            43.40764878424005
          ],
          [
            51.32367242284781,
            43.40755146811028
          ],
          [
            51.323786569993565,
            43.40745415198052
          ],
          [
            51.32390071713934,
            43.40735683585073
          ],
          [
            51.3240148642851,
            43.40725951972096
          ],
          [
            51.324129011430855,
            43.407162203591184
          ],
          [
            51.32424315857662,
            43.40706488746141
          ],
          [
            51.32435730572238,
            43.40696757133165
          ],
          [
            51.324471452868146,
            43.406870255201866
          ],
          [
            51.32458560001391,
            43.40677293907209
          ],
          [
            51.32469974715968,
            43.40667562294232
          ],
          [
            51.32481389430545,
            43.406578306812555
          ],
          [
            51.3249280414512,
            43.406480990682766
          ],
          [
            51.32504218859697,
            43.406383674553005
          ],
          [
            51.325156335742726,
            43.40628635842323
          ],
          [
            51.325270482888484,
            43.406189042293455
          ],
          [
            51.325384630034264,
            43.40609172616369
          ],
          [
            51.325498777180016,
            43.405994410033905
          ],
          [
            51.32561292432579,
            43.40589709390414
          ],
          [
            51.32572707147155,
            43.40579977777436
          ],
          [
            51.32584121861731,
            43.40570246164459
          ],
          [
            51.325955365763065,
            43.40560514551482
          ],
          [
            51.32606951290884,
            43.405507829385044
          ],
          [
            51.3261836600546,
            43.405410513255276
          ],
          [
            51.32629780720037,
            43.40531319712551
          ],
          [
            51.32641195434613,
            43.405215880995726
          ],
          [
            51.32652610149189,
            43.40511856486596
          ],
          [
            51.32664024863766,
            43.40502124873618
          ],
          [
            51.326754395783425,
            43.40492393260641
          ],
          [
            51.32686854292918,
            43.40482661647663
          ],
          [
            51.32698269007494,
            43.404729300346865
          ],
          [
            51.327096837220715,
            43.40463198421709
          ],
          [
            51.327210984366474,
            43.404534668087315
          ],
          [
            51.32732513151225,
            43.40443735195755
          ],
          [
            51.327439278658005,
            43.404340035827765
          ],
          [
            51.327553425803764,
            43.404242719698
          ],
          [
            51.32766757294952,
            43.40414540356822
          ],
          [
            51.327781720095295,
            43.40404808743845
          ],
          [
            51.327895867241054,
            43.40395077130868
          ],
          [
            51.32801001438682,
            43.403853455178904
          ],
          [
            51.328124161532585,
            43.40375613904913
          ],
          [
            51.32823830867835,
            43.40365882291937
          ],
          [
            51.32835245582412,
            43.40356150678958
          ],
          [
            51.32846660296987,
            43.40346419065982
          ],
          [
            51.32858075011564,
            43.403366874530036
          ],
          [
            51.328694897261414,
            43.40326955840027
          ],
          [
            51.32880904440717,
            43.40317224227049
          ],
          [
            51.328923191552924,
            43.40307492614072
          ],
          [
            51.3290373386987,
            43.40297761001095
          ],
          [
            51.32915148584445,
            43.402880293881175
          ],
          [
            51.32926563299022,
            43.4027829777514
          ],
          [
            51.329379780135994,
            43.402685661621625
          ],
          [
            51.32949392728176,
            43.40258834549186
          ],
          [
            51.32960807442751,
            43.40249102936208
          ],
          [
            51.32972222157328,
            43.40239371323231
          ],
          [
            51.32983636871904,
            43.40229639710254
          ],
          [
            51.32995051586481,
            43.40219908097276
          ],
          [
            51.33006466301057,
            43.40210176484299
          ],
          [
            51.33017881015633,
            43.40200444871322
          ],
          [
            51.3302929573021,
            43.40190713258344
          ],
          [
            51.33040710444786,
            43.401809816453664
          ],
          [
            51.33052125159363,
            43.401712500323896
          ],
          [
            51.33063539873939,
            43.40161518419412
          ],
          [
            51.33074954588514,
            43.40151786806435
          ],
          [
            51.330863693030906,
            43.40142055193458
          ],
          [
            51.330977840176686,
            43.401323235804796
          ],
          [
            51.33109198732244,
            43.401225919675035
          ],
          [
            51.33120613446821,
            43.40112860354526
          ],
          [
            51.33132028161397,
            43.40103128741548
          ],
          [
            51.331434428759735,
            43.40093397128572
          ],
          [
            51.331548575905494,
            43.400836655155935
          ],
          [
            51.33166272305127,
            43.40073933902617
          ],
          [
            51.331776870197025,
            43.40064202289639
          ],
          [
            51.33189101734279,
            43.40054470676662
          ],
          [
            51.33200516448854,
            43.400447390636856
          ],
          [
            51.332119311634315,
            43.400350074507074
          ],
          [
            51.33223345878008,
            43.4002527583773
          ],
          [
            51.33234760592584,
            43.40015544224754
          ],
          [
            51.332461753071605,
            43.400058126117756
          ],
          [
            51.33257590021737,
            43.39996080998799
          ],
          [
            51.33269004736314,
            43.39986349385821
          ],
          [
            51.332804194508896,
            43.39976617772844
          ],
          [
            51.33291834165466,
            43.39966886159866
          ],
          [
            51.33303248880042,
            43.399571545468895
          ],
          [
            51.333146635946186,
            43.39947422933912
          ],
          [
            51.333260783091944,
            43.399376913209345
          ],
          [
            51.333374930237724,
            43.39927959707958
          ],
          [
            51.33348907738348,
            43.399182280949795
          ],
          [
            51.33360322452925,
            43.39908496482003
          ],
          [
            51.333717371675,
            43.39898764869025
          ],
          [
            51.33383151882077,
            43.39889033256048
          ],
          [
            51.33394566596653,
            43.39879301643071
          ],
          [
            51.3340598131123,
            43.398695700300934
          ],
          [
            51.33417396025806,
            43.39859838417116
          ],
          [
            51.33428810740382,
            43.398501068041384
          ],
          [
            51.33440225454959,
            43.398403751911616
          ],
          [
            51.33451640169535,
            43.39830643578185
          ],
          [
            51.33463054884112,
            43.39820911965207
          ],
          [
            51.33474469598687,
            43.39811180352229
          ],
          [
            51.33485884313264,
            43.39801448739252
          ],
          [
            51.3349729902784,
            43.39791717126275
          ],
          [
            51.335087137424175,
            43.39781985513298
          ],
          [
            51.33520128456994,
            43.397722539003205
          ],
          [
            51.3353154317157,
            43.39762522287342
          ],
          [
            51.33542957886146,
            43.397527906743655
          ],
          [
            51.33554372600722,
            43.39743059061389
          ],
          [
            51.33565787315299,
            43.397333274484104
          ],
          [
            51.33577202029876,
            43.39723595835434
          ],
          [
            51.335886167444514,
            43.39713864222457
          ],
          [
            51.33600031459028,
            43.39704132609479
          ],
          [
            51.336114461736045,
            43.39694400996502
          ],
          [
            51.33622860888181,
            43.39684669383524
          ],
          [
            51.33634275602757,
            43.39674937770547
          ],
          [
            51.33645690317333,
            43.39665206157571
          ],
          [
            51.336571050319094,
            43.396554745445926
          ],
          [
            51.33668519746487,
            43.39645742931616
          ],
          [
            51.336799344610625,
            43.396360113186375
          ],
          [
            51.336913491756384,
            43.39626279705661
          ],
          [
            51.33702763890215,
            43.396165480926825
          ],
          [
            51.337141786047916,
            43.39606816479706
          ],
          [
            51.33725593319369,
            43.39597084866729
          ],
          [
            51.33737008033945,
            43.39587353253751
          ],
          [
            51.33748422748521,
            43.39577621640774
          ],
          [
            51.33759837463097,
            43.395678900277964
          ],
          [
            51.33771252177674,
            43.395581584148196
          ],
          [
            51.33782666892249,
            43.39548426801843
          ],
          [
            51.33794081606826,
            43.395386951888646
          ],
          [
            51.33805496321403,
            43.39528963575888
          ],
          [
            51.33816911035979,
            43.3951923196291
          ],
          [
            51.33828325750555,
            43.39509500349933
          ],
          [
            51.338397404651325,
            43.39499768736956
          ],
          [
            51.33851155179708,
            43.394900371239785
          ],
          [
            51.33862569894284,
            43.39480305511002
          ],
          [
            51.33873984608861,
            43.39470573898024
          ],
          [
            51.33885399323438,
            43.39460842285047
          ],
          [
            51.33896814038014,
            43.3945111067207
          ],
          [
            51.3390822875259,
            43.394413790590924
          ],
          [
            51.33919643467166,
            43.39431647446115
          ],
          [
            51.339310581817415,
            43.394219158331374
          ],
          [
            51.33942472896319,
            43.3941218422016
          ],
          [
            51.33953887610895,
            43.394024526071824
          ],
          [
            51.33965302325472,
            43.393927209942056
          ],
          [
            51.33976717040048,
            43.39382989381228
          ],
          [
            51.33988131754625,
            43.393732577682506
          ],
          [
            51.33999546469201,
            43.39363526155274
          ],
          [
            51.34010961183777,
            43.393537945422956
          ],
          [
            51.340223758983534,
            43.39344062929319
          ],
          [
            51.3403379061293,
            43.39334331316342
          ],
          [
            51.340452053275065,
            43.39324599703364
          ],
          [
            51.34056620042084,
            43.39314868090388
          ],
          [
            51.3406803475666,
            43.393051364774095
          ],
          [
            51.34079449471236,
            43.39295404864432
          ],
          [
            51.34090864185812,
            43.39285673251456
          ],
          [
            51.34102278900388,
            43.39275941638478
          ],
          [
            51.34113693614965,
            43.39266210025501
          ],
          [
            51.34125108329541,
            43.392564784125234
          ],
          [
            51.34136523044118,
            43.39246746799546
          ],
          [
            51.341479377586936,
            43.392370151865684
          ],
          [
            51.3415935247327,
            43.392272835735916
          ],
          [
            51.34170767187847,
            43.39217551960614
          ],
          [
            51.34182181902423,
            43.392078203476366
          ],
          [
            51.34193596616999,
            43.3919808873466
          ],
          [
            51.34205011331576,
            43.391883571216816
          ],
          [
            51.342164260461516,
            43.39178625508705
          ],
          [
            51.342278407607296,
            43.39168893895727
          ],
          [
            51.34239255475305,
            43.3915916228275
          ],
          [
            51.342506701898806,
            43.39149430669773
          ],
          [
            51.34262084904457,
            43.391396990567955
          ],
          [
            51.34273499619033,
            43.39129967443818
          ],
          [
            51.3428491433361,
            43.391202358308405
          ],
          [
            51.34296329048187,
            43.39110504217864
          ],
          [
            51.343077437627635,
            43.39100772604887
          ],
          [
            51.3431915847734,
            43.390910409919094
          ],
          [
            51.34330573191916,
            43.39081309378932
          ],
          [
            51.343419879064925,
            43.39071577765954
          ],
          [
            51.34353402621068,
            43.390618461529776
          ],
          [
            51.34364817335645,
            43.390521145399994
          ],
          [
            51.34376232050221,
            43.390423829270226
          ],
          [
            51.34387646764797,
            43.39032651314045
          ],
          [
            51.343990614793746,
            43.390229197010676
          ],
          [
            51.344104761939505,
            43.39013188088091
          ],
          [
            51.34421890908527,
            43.390034564751126
          ],
          [
            51.34433305623103,
            43.38993724862136
          ],
          [
            51.34444720337679,
            43.3898399324916
          ],
          [
            51.34456135052256,
            43.389742616361815
          ],
          [
            51.34467549766833,
            43.38964530023204
          ],
          [
            51.344789644814085,
            43.38954798410228
          ],
          [
            51.344903791959844,
            43.3894506679725
          ],
          [
            51.34501793910561,
            43.38935335184273
          ],
          [
            51.345132086251375,
            43.389256035712954
          ],
          [
            51.34524623339715,
            43.38915871958317
          ],
          [
            51.34536038054291,
            43.3890614034534
          ],
          [
            51.345474527688665,
            43.388964087323636
          ],
          [
            51.345588674834424,
            43.388866771193854
          ],
          [
            51.3457028219802,
            43.388769455064086
          ],
          [
            51.345816969125956,
            43.38867213893431
          ],
          [
            51.34593111627172,
            43.388574822804536
          ],
          [
            51.34604526341748,
            43.38847750667477
          ],
          [
            51.34615941056326,
            43.388380190544986
          ],
          [
            51.34627355770901,
            43.38828287441522
          ],
          [
            51.346387704854784,
            43.38818555828545
          ],
          [
            51.346501852000536,
            43.388088242155675
          ],
          [
            51.3466159991463,
            43.3879909260259
          ],
          [
            51.34673014629206,
            43.387893609896125
          ],
          [
            51.34684429343784,
            43.38779629376635
          ],
          [
            51.3469584405836,
            43.38769897763659
          ],
          [
            51.34707258772936,
            43.38760166150681
          ],
          [
            51.34718673487512,
            43.38750434537703
          ],
          [
            51.34730088202088,
            43.387407029247264
          ],
          [
            51.34741502916665,
            43.387309713117496
          ],
          [
            51.34752917631241,
            43.38721239698771
          ],
          [
            51.34764332345818,
            43.387115080857946
          ],
          [
            51.347757470603945,
            43.38701776472817
          ],
          [
            51.34787161774971,
            43.386920448598396
          ],
          [
            51.34798576489547,
            43.38682313246863
          ],
          [
            51.34809991204124,
            43.386725816338846
          ],
          [
            51.34821405918699,
            43.38662850020908
          ],
          [
            51.34832820633276,
            43.3865311840793
          ],
          [
            51.34844235347852,
            43.38643386794953
          ],
          [
            51.3485565006243,
            43.38633655181977
          ],
          [
            51.34867064777005,
            43.386239235689985
          ],
          [
            51.348784794915815,
            43.38614191956021
          ],
          [
            51.34889894206158,
            43.38604460343045
          ],
          [
            51.34901308920733,
            43.385947287300674
          ],
          [
            51.34912723635311,
            43.38584997117089
          ],
          [
            51.34924138349887,
            43.385752655041124
          ],
          [
            51.34935553064464,
            43.38565533891135
          ],
          [
            51.349469677790395,
            43.38555802278157
          ],
          [
            51.34958382493616,
            43.385460706651806
          ],
          [
            51.34969797208193,
            43.38536339052203
          ],
          [
            51.349812119227686,
            43.385266074392256
          ],
          [
            51.34992626637345,
            43.38516875826249
          ],
          [
            51.35004041351922,
            43.385071442132705
          ],
          [
            51.35015456066498,
            43.38497412600294
          ],
          [
            51.350268707810756,
            43.38487680987316
          ],
          [
            51.35038285495651,
            43.38477949374339
          ],
          [
            51.35049700210227,
            43.38468217761362
          ],
          [
            51.35061114924803,
            43.38458486148384
          ],
          [
            51.35072529639379,
            43.38448754535408
          ],
          [
            51.35083944353956,
            43.38439022922431
          ],
          [
            51.35095359068533,
            43.38429291309453
          ],
          [
            51.35106773783109,
            43.38419559696476
          ],
          [
            51.351181884976846,
            43.384098280834976
          ],
          [
            51.35129603212262,
            43.3840009647052
          ],
          [
            51.35141017926837,
            43.383903648575426
          ],
          [
            51.35152432641414,
            43.38380633244566
          ],
          [
            51.3516384735599,
            43.38370901631589
          ],
          [
            51.35175262070567,
            43.383611700186115
          ],
          [
            51.35186676785144,
            43.38351438405634
          ],
          [
            51.3519809149972,
            43.383417067926565
          ],
          [
            51.35209506214296,
            43.3833197517968
          ],
          [
            51.35220920928872,
            43.383222435667015
          ],
          [
            51.35232335643448,
            43.38312511953725
          ],
          [
            51.35243750358026,
            43.38302780340748
          ],
          [
            51.35255165072602,
            43.3829304872777
          ],
          [
            51.35266579787178,
            43.38283317114794
          ],
          [
            51.352779945017545,
            43.382735855018154
          ],
          [
            51.352894092163304,
            43.38263853888838
          ],
          [
            51.35300823930908,
            43.38254122275862
          ],
          [
            51.353122386454835,
            43.382443906628836
          ],
          [
            51.3532365336006,
            43.38234659049907
          ],
          [
            51.35335068074636,
            43.38224927436929
          ],
          [
            51.353464827892125,
            43.38215195823952
          ],
          [
            51.35357897503789,
            43.382054642109736
          ],
          [
            51.35369312218365,
            43.381957325979975
          ],
          [
            51.35380726932941,
            43.3818600098502
          ],
          [
            51.35392141647518,
            43.381762693720425
          ],
          [
            51.354035563620954,
            43.38166537759066
          ],
          [
            51.35414971076671,
            43.381568061460875
          ],
          [
            51.35426385791247,
            43.38147074533111
          ],
          [
            51.35437800505823,
            43.38137342920134
          ],
          [
            51.354492152203996,
            43.38127611307156
          ],
          [
            51.35460629934976,
            43.38117879694179
          ],
          [
            51.35472044649553,
            43.38108148081201
          ],
          [
            51.3548345936413,
            43.38098416468224
          ],
          [
            51.35494874078705,
            43.38088684855248
          ],
          [
            51.35506288793282,
            43.380789532422696
          ],
          [
            51.35517703507858,
            43.38069221629293
          ],
          [
            51.35529118222434,
            43.38059490016315
          ],
          [
            51.355405329370114,
            43.38049758403338
          ],
          [
            51.355519476515866,
            43.380400267903596
          ],
          [
            51.35563362366163,
            43.380302951773835
          ],
          [
            51.355747770807405,
            43.38020563564406
          ],
          [
            51.35586191795317,
            43.380108319514285
          ],
          [
            51.35597606509892,
            43.38001100338451
          ],
          [
            51.356090212244695,
            43.379913687254735
          ],
          [
            51.35620435939045,
            43.37981637112497
          ],
          [
            51.356318506536226,
            43.37971905499519
          ],
          [
            51.356432653681985,
            43.37962173886542
          ],
          [
            51.35654680082775,
            43.379524422735656
          ],
          [
            51.35666094797351,
            43.379427106605874
          ],
          [
            51.35677509511927,
            43.3793297904761
          ],
          [
            51.35688924226503,
            43.37923247434634
          ],
          [
            51.3570033894108,
            43.379135158216556
          ],
          [
            51.35711753655657,
            43.37903784208678
          ],
          [
            51.357231683702324,
            43.37894052595701
          ],
          [
            51.3573458308481,
            43.37884320982723
          ],
          [
            51.357459977993855,
            43.37874589369747
          ],
          [
            51.35757412513962,
            43.37864857756769
          ],
          [
            51.35768827228538,
            43.37855126143792
          ],
          [
            51.357802419431145,
            43.378453945308145
          ],
          [
            51.357916566576904,
            43.37835662917837
          ],
          [
            51.358030713722684,
            43.378259313048595
          ],
          [
            51.35814486086844,
            43.37816199691883
          ],
          [
            51.35825900801421,
            43.378064680789045
          ],
          [
            51.35837315515996,
            43.37796736465928
          ],
          [
            51.35848730230572,
            43.37787004852951
          ],
          [
            51.358601449451484,
            43.37777273239973
          ],
          [
            51.35871559659726,
            43.377675416269966
          ],
          [
            51.35882974374302,
            43.377578100140184
          ],
          [
            51.35894389088879,
            43.37748078401041
          ],
          [
            51.35905803803455,
            43.37738346788065
          ],
          [
            51.35917218518031,
            43.377286151750866
          ],
          [
            51.35928633232608,
            43.37718883562109
          ],
          [
            51.35940047947184,
            43.37709151949132
          ],
          [
            51.359514626617596,
            43.376994203361555
          ],
          [
            51.35962877376336,
            43.37689688723178
          ],
          [
            51.359742920909135,
            43.376799571102005
          ],
          [
            51.35985706805489,
            43.37670225497223
          ],
          [
            51.35997121520066,
            43.376604938842455
          ],
          [
            51.36008536234642,
            43.37650762271269
          ],
          [
            51.36019950949218,
            43.376410306582905
          ],
          [
            51.36031365663795,
            43.37631299045314
          ],
          [
            51.360427803783715,
            43.37621567432337
          ],
          [
            51.36054195092947,
            43.37611835819359
          ],
          [
            51.36065609807524,
            43.376021042063826
          ],
          [
            51.360770245221005,
            43.375923725934044
          ],
          [
            51.360884392366756,
            43.37582640980427
          ],
          [
            51.36099853951253,
            43.3757290936745
          ],
          [
            51.361112686658295,
            43.37563177754472
          ],
          [
            51.36122683380406,
            43.37553446141495
          ],
          [
            51.36134098094982,
            43.375437145285176
          ],
          [
            51.361455128095585,
            43.37533982915541
          ],
          [
            51.361569275241344,
            43.37524251302564
          ],
          [
            51.36168342238711,
            43.37514519689586
          ],
          [
            51.361797569532875,
            43.37504788076609
          ],
          [
            51.36191171667865,
            43.374950564636315
          ],
          [
            51.36202586382441,
            43.37485324850655
          ],
          [
            51.36214001097017,
            43.374755932376765
          ],
          [
            51.362254158115924,
            43.374658616247
          ],
          [
            51.36236830526169,
            43.37456130011723
          ],
          [
            51.362482452407455,
            43.37446398398745
          ],
          [
            51.36259659955323,
            43.37436666785768
          ],
          [
            51.36271074669899,
            43.374269351727904
          ],
          [
            51.362824893844746,
            43.374172035598136
          ],
          [
            51.36293904099051,
            43.37407471946836
          ],
          [
            51.36305318813628,
            43.37397740333858
          ],
          [
            51.36316733528203,
            43.37388008720881
          ],
          [
            51.363281482427794,
            43.373782771079036
          ],
          [
            51.36339562957357,
            43.37368545494926
          ],
          [
            51.363509776719326,
            43.373588138819485
          ],
          [
            51.363623923865106,
            43.373490822689725
          ],
          [
            51.363738071010864,
            43.37339350655995
          ],
          [
            51.36385221815662,
            43.373296190430175
          ],
          [
            51.36396636530239,
            43.3731988743004
          ],
          [
            51.36408051244815,
            43.373101558170625
          ],
          [
            51.364194659593906,
            43.37300424204086
          ],
          [
            51.36430880673968,
            43.37290692591108
          ],
          [
            51.36442295388544,
            43.37280960978131
          ],
          [
            51.3645371010312,
            43.37271229365154
          ],
          [
            51.36465124817697,
            43.372614977521756
          ],
          [
            51.36476539532273,
            43.372517661391996
          ],
          [
            51.36487954246849,
            43.37242034526221
          ],
          [
            51.36499368961426,
            43.37232302913244
          ],
          [
            51.365107836760025,
            43.37222571300267
          ],
          [
            51.365221983905776,
            43.372128396872895
          ],
          [
            51.365336131051556,
            43.37203108074313
          ],
          [
            51.36545027819731,
            43.37193376461336
          ],
          [
            51.365564425343074,
            43.37183644848358
          ],
          [
            51.36567857248884,
            43.3717391323538
          ],
          [
            51.3657927196346,
            43.371641816224034
          ],
          [
            51.36590686678038,
            43.37154450009426
          ],
          [
            51.366021013926144,
            43.371447183964484
          ],
          [
            51.366135161071895,
            43.37134986783472
          ],
          [
            51.36624930821766,
            43.37125255170494
          ],
          [
            51.36636345536343,
            43.371155235575166
          ],
          [
            51.36647760250918,
            43.3710579194454
          ],
          [
            51.36659174965495,
            43.370960603315616
          ],
          [
            51.36670589680072,
            43.37086328718585
          ],
          [
            51.36682004394648,
            43.37076597105607
          ],
          [
            51.36693419109224,
            43.3706686549263
          ],
          [
            51.36704833823801,
            43.37057133879653
          ],
          [
            51.367162485383766,
            43.370474022666755
          ],
          [
            51.367276632529524,
            43.37037670653698
          ],
          [
            51.36739077967529,
            43.37027939040722
          ],
          [
            51.36750492682106,
            43.37018207427744
          ],
          [
            51.36761907396683,
            43.37008475814766
          ],
          [
            51.367733221112594,
            43.369987442017894
          ],
          [
            51.36784736825835,
            43.36989012588812
          ],
          [
            51.36796151540412,
            43.369792809758344
          ],
          [
            51.36807566254987,
            43.36969549362857
          ],
          [
            51.36818980969564,
            43.3695981774988
          ],
          [
            51.36830395684141,
            43.369500861369026
          ],
          [
            51.368418103987175,
            43.36940354523926
          ],
          [
            51.36853225113293,
            43.369306229109476
          ],
          [
            51.36864639827869,
            43.36920891297971
          ],
          [
            51.368760545424465,
            43.36911159684993
          ],
          [
            51.36887469257022,
            43.36901428072016
          ],
          [
            51.36898883971599,
            43.36891696459039
          ],
          [
            51.36910298686175,
            43.36881964846061
          ],
          [
            51.36921713400751,
            43.36872233233084
          ],
          [
            51.369331281153286,
            43.36862501620107
          ],
          [
            51.369445428299045,
            43.36852770007129
          ],
          [
            51.36955957544481,
            43.36843038394152
          ],
          [
            51.369673722590576,
            43.36833306781175
          ],
          [
            51.36978786973633,
            43.36823575168197
          ],
          [
            51.36990201688211,
            43.368138435552204
          ],
          [
            51.37001616402787,
            43.36804111942243
          ],
          [
            51.37013031117363,
            43.36794380329266
          ],
          [
            51.370244458319384,
            43.367846487162886
          ],
          [
            51.37035860546515,
            43.36774917103311
          ],
          [
            51.370472752610915,
            43.367651854903336
          ],
          [
            51.370586899756674,
            43.36755453877357
          ],
          [
            51.37070104690245,
            43.367457222643786
          ],
          [
            51.37081519404821,
            43.36735990651402
          ],
          [
            51.370929341193964,
            43.36726259038424
          ],
          [
            51.37104348833974,
            43.36716527425447
          ],
          [
            51.371157635485496,
            43.36706795812471
          ],
          [
            51.37127178263126,
            43.366970641994925
          ],
          [
            51.37138592977703,
            43.36687332586515
          ],
          [
            51.371500076922786,
            43.36677600973539
          ],
          [
            51.37161422406856,
            43.3666786936056
          ],
          [
            51.37172837121432,
            43.36658137747583
          ],
          [
            51.37184251836009,
            43.366484061346064
          ],
          [
            51.371956665505834,
            43.36638674521629
          ],
          [
            51.372070812651614,
            43.366289429086514
          ],
          [
            51.37218495979737,
            43.366192112956746
          ],
          [
            51.37229910694314,
            43.36609479682696
          ],
          [
            51.3724132540889,
            43.365997480697196
          ],
          [
            51.37252740123467,
            43.36590016456743
          ],
          [
            51.37264154838043,
            43.365802848437646
          ],
          [
            51.37275569552619,
            43.36570553230788
          ],
          [
            51.372869842671946,
            43.3656082161781
          ],
          [
            51.37298398981772,
            43.36551090004833
          ],
          [
            51.37309813696348,
            43.36541358391856
          ],
          [
            51.37321228410926,
            43.36531626778878
          ],
          [
            51.37332643125501,
            43.36521895165901
          ],
          [
            51.373440578400775,
            43.365121635529235
          ],
          [
            51.37355472554654,
            43.36502431939946
          ],
          [
            51.3736688726923,
            43.36492700326969
          ],
          [
            51.37378301983807,
            43.36482968713992
          ],
          [
            51.37389716698383,
            43.36473237101014
          ],
          [
            51.374011314129596,
            43.364635054880374
          ],
          [
            51.374125461275355,
            43.3645377387506
          ],
          [
            51.37423960842112,
            43.36444042262083
          ],
          [
            51.37435375556687,
            43.364343106491056
          ],
          [
            51.374467902712645,
            43.36424579036129
          ],
          [
            51.37458204985841,
            43.364148474231506
          ],
          [
            51.374696197004184,
            43.36405115810174
          ],
          [
            51.37481034414995,
            43.363953841971956
          ],
          [
            51.3749244912957,
            43.36385652584219
          ],
          [
            51.37503863844147,
            43.36375920971242
          ],
          [
            51.37515278558722,
            43.36366189358264
          ],
          [
            51.37526693273299,
            43.36356457745288
          ],
          [
            51.37538107987875,
            43.363467261323095
          ],
          [
            51.37549522702453,
            43.36336994519332
          ],
          [
            51.37560937417029,
            43.36327262906355
          ],
          [
            51.37572352131605,
            43.36317531293378
          ],
          [
            51.375837668461806,
            43.36307799680401
          ],
          [
            51.37595181560757,
            43.362980680674234
          ],
          [
            51.37606596275333,
            43.36288336454446
          ],
          [
            51.37618010989911,
            43.36278604841469
          ],
          [
            51.37629425704487,
            43.362688732284916
          ],
          [
            51.376408404190634,
            43.36259141615514
          ],
          [
            51.37652255133639,
            43.362494100025366
          ],
          [
            51.37663669848216,
            43.3623967838956
          ],
          [
            51.37675084562792,
            43.362299467765816
          ],
          [
            51.37686499277369,
            43.362202151636055
          ],
          [
            51.37697913991945,
            43.36210483550628
          ],
          [
            51.37709328706521,
            43.3620075193765
          ],
          [
            51.37720743421098,
            43.36191020324674
          ],
          [
            51.377321581356746,
            43.36181288711695
          ],
          [
            51.377435728502505,
            43.36171557098718
          ],
          [
            51.37754987564826,
            43.36161825485742
          ],
          [
            51.37766402279403,
            43.36152093872763
          ],
          [
            51.377778169939795,
            43.36142362259787
          ],
          [
            51.37789231708556,
            43.361326306468094
          ],
          [
            51.37800646423132,
            43.36122899033831
          ],
          [
            51.378120611377085,
            43.36113167420855
          ],
          [
            51.37823475852285,
            43.361034358078776
          ],
          [
            51.37834890566862,
            43.360937041949
          ],
          [
            51.378463052814375,
            43.360839725819226
          ],
          [
            51.37857719996014,
            43.36074240968945
          ],
          [
            51.3786913471059,
            43.360645093559675
          ],
          [
            51.378805494251665,
            43.36054777742991
          ],
          [
            51.37891964139743,
            43.36045046130013
          ],
          [
            51.37903378854319,
            43.36035314517036
          ],
          [
            51.379147935688955,
            43.36025582904059
          ],
          [
            51.379262082834714,
            43.360158512910814
          ],
          [
            51.379376229980494,
            43.36006119678104
          ],
          [
            51.37949037712625,
            43.35996388065127
          ],
          [
            51.37960452427202,
            43.3598665645215
          ],
          [
            51.37971867141777,
            43.35976924839172
          ],
          [
            51.37983281856354,
            43.35967193226195
          ],
          [
            51.379946965709294,
            43.35957461613218
          ],
          [
            51.38006111285507,
            43.35947730000241
          ],
          [
            51.38017526000083,
            43.35937998387263
          ],
          [
            51.3802894071466,
            43.35928266774285
          ],
          [
            51.38040355429235,
            43.359185351613085
          ],
          [
            51.38051770143812,
            43.35908803548331
          ],
          [
            51.38063184858389,
            43.358990719353535
          ],
          [
            51.38074599572965,
            43.35889340322377
          ],
          [
            51.38086014287541,
            43.35879608709399
          ],
          [
            51.38097429002118,
            43.35869877096422
          ],
          [
            51.381088437166945,
            43.35860145483445
          ],
          [
            51.3812025843127,
            43.35850413870467
          ],
          [
            51.38131673145847,
            43.358406822574906
          ],
          [
            51.38143087860423,
            43.358309506445124
          ],
          [
            51.38154502574999,
            43.35821219031535
          ],
          [
            51.38165917289575,
            43.35811487418559
          ],
          [
            51.38177332004153,
            43.358017558055806
          ],
          [
            51.38188746718729,
            43.35792024192604
          ],
          [
            51.38200161433305,
            43.357822925796256
          ],
          [
            51.38211576147881,
            43.35772560966649
          ],
          [
            51.38222990862458,
            43.35762829353672
          ],
          [
            51.38234405577034,
            43.357530977406945
          ],
          [
            51.38245820291611,
            43.35743366127717
          ],
          [
            51.38257235006187,
            43.357336345147395
          ],
          [
            51.38268649720764,
            43.35723902901763
          ],
          [
            51.382800644353395,
            43.357141712887845
          ],
          [
            51.38291479149916,
            43.357044396758084
          ],
          [
            51.38302893864492,
            43.3569470806283
          ],
          [
            51.383143085790685,
            43.35684976449853
          ],
          [
            51.38325723293645,
            43.356752448368766
          ],
          [
            51.38337138008222,
            43.356655132238984
          ],
          [
            51.38348552722798,
            43.35655781610921
          ],
          [
            51.38359967437374,
            43.35646049997945
          ],
          [
            51.38371382151951,
            43.35636318384966
          ],
          [
            51.38382796866526,
            43.35626586771989
          ],
          [
            51.383942115811024,
            43.35616855159013
          ],
          [
            51.3840562629568,
            43.35607123546035
          ],
          [
            51.38417041010256,
            43.35597391933058
          ],
          [
            51.38428455724832,
            43.355876603200805
          ],
          [
            51.38439870439409,
            43.35577928707102
          ],
          [
            51.38451285153985,
            43.355681970941255
          ],
          [
            51.38462699868562,
            43.35558465481148
          ],
          [
            51.38474114583138,
            43.355487338681705
          ],
          [
            51.384855292977136,
            43.355390022551944
          ],
          [
            51.3849694401229,
            43.35529270642217
          ],
          [
            51.385083587268674,
            43.35519539029239
          ],
          [
            51.38519773441443,
            43.35509807416262
          ],
          [
            51.3853118815602,
            43.35500075803284
          ],
          [
            51.385426028705965,
            43.35490344190307
          ],
          [
            51.385540175851716,
            43.3548061257733
          ],
          [
            51.385654322997496,
            43.35470880964352
          ],
          [
            51.385768470143255,
            43.35461149351375
          ],
          [
            51.38588261728902,
            43.354514177383976
          ],
          [
            51.38599676443478,
            43.3544168612542
          ],
          [
            51.386110911580545,
            43.35431954512444
          ],
          [
            51.38622505872631,
            43.35422222899466
          ],
          [
            51.38633920587207,
            43.35412491286488
          ],
          [
            51.386453353017835,
            43.354027596735115
          ],
          [
            51.3865675001636,
            43.35393028060535
          ],
          [
            51.38668164730936,
            43.353832964475565
          ],
          [
            51.38679579445513,
            43.3537356483458
          ],
          [
            51.38690994160089,
            43.35363833221602
          ],
          [
            51.38702408874665,
            43.35354101608625
          ],
          [
            51.387138235892415,
            43.35344369995648
          ],
          [
            51.387252383038174,
            43.3533463838267
          ],
          [
            51.38736653018395,
            43.35324906769693
          ],
          [
            51.387480677329705,
            43.353151751567154
          ],
          [
            51.38759482447547,
            43.35305443543738
          ],
          [
            51.38770897162124,
            43.35295711930761
          ],
          [
            51.387823118766995,
            43.352859803177836
          ],
          [
            51.387937265912754,
            43.35276248704807
          ],
          [
            51.38805141305853,
            43.3526651709183
          ],
          [
            51.388165560204285,
            43.35256785478852
          ],
          [
            51.38827970735006,
            43.35247053865875
          ],
          [
            51.38839385449582,
            43.35237322252897
          ],
          [
            51.388508001641576,
            43.3522759063992
          ],
          [
            51.38862214878734,
            43.352178590269425
          ],
          [
            51.38873629593311,
            43.35208127413965
          ],
          [
            51.388850443078866,
            43.35198395800988
          ],
          [
            51.388964590224646,
            43.351886641880114
          ],
          [
            51.389078737370404,
            43.35178932575034
          ],
          [
            51.38919288451616,
            43.35169200962056
          ],
          [
            51.38930703166193,
            43.351594693490796
          ],
          [
            51.38942117880769,
            43.351497377361014
          ],
          [
            51.38953532595346,
            43.351400061231246
          ],
          [
            51.38964947309922,
            43.35130274510147
          ],
          [
            51.389763620244985,
            43.351205428971696
          ],
          [
            51.38987776739075,
            43.35110811284192
          ],
          [
            51.38999191453651,
            43.351010796712146
          ],
          [
            51.390106061682275,
            43.35091348058237
          ],
          [
            51.39022020882804,
            43.35081616445261
          ],
          [
            51.390334355973806,
            43.35071884832283
          ],
          [
            51.390448503119565,
            43.35062153219306
          ],
          [
            51.39056265026532,
            43.35052421606328
          ],
          [
            51.390676797411096,
            43.35042689993351
          ],
          [
            51.39079094455686,
            43.35032958380374
          ],
          [
            51.390905091702614,
            43.35023226767397
          ],
          [
            51.39101923884838,
            43.35013495154419
          ],
          [
            51.39113338599414,
            43.35003763541441
          ],
          [
            51.39124753313991,
            43.34994031928465
          ],
          [
            51.39136168028568,
            43.34984300315487
          ],
          [
            51.39147582743144,
            43.349745687025106
          ],
          [
            51.391589974577194,
            43.34964837089533
          ],
          [
            51.39170412172297,
            43.34955105476555
          ],
          [
            51.39181826886873,
            43.34945373863578
          ],
          [
            51.3919324160145,
            43.34935642250601
          ],
          [
            51.39204656316026,
            43.34925910637623
          ],
          [
            51.39216071030602,
            43.34916179024647
          ],
          [
            51.39227485745178,
            43.34906447411669
          ],
          [
            51.392389004597554,
            43.34896715798692
          ],
          [
            51.39250315174331,
            43.348869841857145
          ],
          [
            51.39261729888908,
            43.34877252572738
          ],
          [
            51.39273144603484,
            43.3486752095976
          ],
          [
            51.392845593180596,
            43.34857789346783
          ],
          [
            51.39295974032637,
            43.34848057733806
          ],
          [
            51.393073887472134,
            43.34838326120827
          ],
          [
            51.39318803461789,
            43.34828594507851
          ],
          [
            51.39330218176365,
            43.348188628948726
          ],
          [
            51.39341632890942,
            43.34809131281896
          ],
          [
            51.39353047605518,
            43.3479939966892
          ],
          [
            51.39364462320095,
            43.34789668055941
          ],
          [
            51.39375877034671,
            43.34779936442965
          ],
          [
            51.39387291749248,
            43.347702048299865
          ],
          [
            51.39398706463823,
            43.3476047321701
          ],
          [
            51.39410121178401,
            43.34750741604032
          ],
          [
            51.39421535892977,
            43.34741009991055
          ],
          [
            51.39432950607553,
            43.34731278378078
          ],
          [
            51.39444365322129,
            43.347215467651004
          ],
          [
            51.39455780036707,
            43.34711815152123
          ],
          [
            51.394671947512826,
            43.34702083539146
          ],
          [
            51.394786094658585,
            43.346923519261686
          ],
          [
            51.39490024180435,
            43.34682620313191
          ],
          [
            51.3950143889501,
            43.346728887002136
          ],
          [
            51.39512853609587,
            43.34663157087236
          ],
          [
            51.39524268324165,
            43.346534254742586
          ],
          [
            51.395356830387406,
            43.346436938612825
          ],
          [
            51.395470977533165,
            43.34633962248305
          ],
          [
            51.395585124678924,
            43.34624230635327
          ],
          [
            51.39569927182469,
            43.3461449902235
          ],
          [
            51.395813418970455,
            43.34604767409372
          ],
          [
            51.39592756611622,
            43.34595035796395
          ],
          [
            51.39604171326199,
            43.34585304183418
          ],
          [
            51.396155860407745,
            43.34575572570441
          ],
          [
            51.39627000755352,
            43.34565840957463
          ],
          [
            51.39638415469928,
            43.345561093444864
          ],
          [
            51.396498301845035,
            43.34546377731508
          ],
          [
            51.3966124489908,
            43.34536646118532
          ],
          [
            51.39672659613657,
            43.34526914505554
          ],
          [
            51.396840743282326,
            43.34517182892577
          ],
          [
            51.3969548904281,
            43.345074512795996
          ],
          [
            51.39706903757386,
            43.34497719666623
          ],
          [
            51.39718318471962,
            43.344879880536446
          ],
          [
            51.39729733186538,
            43.34478256440668
          ],
          [
            51.39741147901114,
            43.344685248276896
          ],
          [
            51.39752562615691,
            43.34458793214713
          ],
          [
            51.39763977330267,
            43.34449061601736
          ],
          [
            51.397753920448444,
            43.34439329988758
          ],
          [
            51.397868067594196,
            43.34429598375781
          ],
          [
            51.39798221473997,
            43.344198667628035
          ],
          [
            51.398096361885734,
            43.34410135149826
          ],
          [
            51.39821050903149,
            43.3440040353685
          ],
          [
            51.39832465617726,
            43.343906719238724
          ],
          [
            51.398438803323025,
            43.34380940310895
          ],
          [
            51.39855295046879,
            43.34371208697918
          ],
          [
            51.398667097614556,
            43.343614770849406
          ],
          [
            51.39878124476031,
            43.34351745471962
          ],
          [
            51.39889539190607,
            43.343420138589856
          ],
          [
            51.39900953905184,
            43.34332282246008
          ],
          [
            51.3991236861976,
            43.343225506330306
          ],
          [
            51.39923783334337,
            43.34312819020054
          ],
          [
            51.399351980489136,
            43.343030874070756
          ],
          [
            51.399466127634895,
            43.34293355794098
          ],
          [
            51.399580274780654,
            43.34283624181122
          ],
          [
            51.39969442192643,
            43.34273892568144
          ],
          [
            51.39980856907218,
            43.34264160955167
          ],
          [
            51.39992271621795,
            43.342544293421895
          ],
          [
            51.40003686336372,
            43.34244697729213
          ],
          [
            51.400151010509475,
            43.34234966116236
          ],
          [
            51.40026515765525,
            43.34225234503258
          ],
          [
            51.40037930480101,
            43.34215502890281
          ],
          [
            51.400493451946765,
            43.34205771277303
          ],
          [
            51.400607599092524,
            43.34196039664326
          ],
          [
            51.40072174623829,
            43.34186308051348
          ],
          [
            51.40083589338406,
            43.34176576438371
          ],
          [
            51.40095004052983,
            43.34166844825394
          ],
          [
            51.40106418767559,
            43.341571132124166
          ],
          [
            51.40117833482135,
            43.3414738159944
          ],
          [
            51.401292481967104,
            43.341376499864616
          ],
          [
            51.401406629112884,
            43.34127918373485
          ],
          [
            51.40152077625864,
            43.34118186760507
          ],
          [
            51.40163492340441,
            43.3410845514753
          ],
          [
            51.40174907055016,
            43.34098723534554
          ],
          [
            51.40186321769593,
            43.34088991921575
          ],
          [
            51.4019773648417,
            43.34079260308598
          ],
          [
            51.402091511987464,
            43.34069528695621
          ],
          [
            51.402205659133216,
            43.34059797082643
          ],
          [
            51.40231980627899,
            43.34050065469667
          ],
          [
            51.40243395342476,
            43.340403338566894
          ],
          [
            51.40254810057052,
            43.34030602243712
          ],
          [
            51.40266224771628,
            43.34020870630735
          ],
          [
            51.402776394862045,
            43.34011139017757
          ],
          [
            51.402890542007796,
            43.3400140740478
          ],
          [
            51.40300468915357,
            43.339916757918026
          ],
          [
            51.403118836299335,
            43.33981944178825
          ],
          [
            51.40323298344511,
            43.339722125658476
          ],
          [
            51.403347130590866,
            43.33962480952871
          ],
          [
            51.403461277736625,
            43.33952749339893
          ],
          [
            51.40357542488239,
            43.33943017726916
          ],
          [
            51.40368957202815,
            43.33933286113939
          ],
          [
            51.403803719173915,
            43.339235545009615
          ],
          [
            51.40391786631968,
            43.33913822887984
          ],
          [
            51.40403201346545,
            43.33904091275008
          ],
          [
            51.404146160611205,
            43.3389435966203
          ],
          [
            51.40426030775698,
            43.33884628049053
          ],
          [
            51.40437445490273,
            43.33874896436075
          ],
          [
            51.404488602048495,
            43.33865164823097
          ],
          [
            51.404602749194254,
            43.33855433210121
          ],
          [
            51.404716896340034,
            43.33845701597143
          ],
          [
            51.40483104348579,
            43.33835969984166
          ],
          [
            51.40494519063156,
            43.33826238371188
          ],
          [
            51.40505933777732,
            43.33816506758211
          ],
          [
            51.405173484923075,
            43.338067751452336
          ],
          [
            51.40528763206884,
            43.33797043532257
          ],
          [
            51.40540177921461,
            43.33787311919279
          ],
          [
            51.40551592636037,
            43.33777580306302
          ],
          [
            51.40563007350613,
            43.33767848693325
          ],
          [
            51.4057442206519,
            43.33758117080347
          ],
          [
            51.40585836779766,
            43.33748385467371
          ],
          [
            51.40597251494343,
            43.337386538543925
          ],
          [
            51.40608666208919,
            43.33728922241416
          ],
          [
            51.40620080923496,
            43.33719190628438
          ],
          [
            51.40631495638071,
            43.33709459015461
          ],
          [
            51.406429103526484,
            43.33699727402484
          ],
          [
            51.40654325067225,
            43.336899957895056
          ],
          [
            51.40665739781801,
            43.33680264176529
          ],
          [
            51.40677154496377,
            43.33670532563552
          ],
          [
            51.406885692109526,
            43.336608009505746
          ],
          [
            51.40699983925529,
            43.33651069337596
          ],
          [
            51.407113986401065,
            43.336413377246195
          ],
          [
            51.40722813354683,
            43.33631606111642
          ],
          [
            51.407342280692596,
            43.33621874498665
          ],
          [
            51.407456427838355,
            43.33612142885688
          ],
          [
            51.40757057498412,
            43.3360241127271
          ],
          [
            51.40768472212988,
            43.33592679659733
          ],
          [
            51.407798869275645,
            43.33582948046757
          ],
          [
            51.4079130164214,
            43.33573216433778
          ],
          [
            51.40802716356717,
            43.33563484820801
          ],
          [
            51.40814131071294,
            43.33553753207824
          ],
          [
            51.4082554578587,
            43.335440215948466
          ],
          [
            51.40836960500447,
            43.3353428998187
          ],
          [
            51.408483752150225,
            43.33524558368892
          ],
          [
            51.40859789929599,
            43.33514826755914
          ],
          [
            51.40871204644176,
            43.33505095142938
          ],
          [
            51.40882619358752,
            43.334953635299605
          ],
          [
            51.40894034073328,
            43.33485631916983
          ],
          [
            51.409054487879054,
            43.334759003040055
          ],
          [
            51.409168635024805,
            43.33466168691028
          ],
          [
            51.409282782170564,
            43.33456437078051
          ],
          [
            51.40939692931634,
            43.33446705465073
          ],
          [
            51.409511076462096,
            43.33436973852096
          ],
          [
            51.40962522360787,
            43.33427242239119
          ],
          [
            51.40973937075363,
            43.33417510626142
          ],
          [
            51.4098535178994,
            43.33407779013164
          ],
          [
            51.40996766504516,
            43.33398047400187
          ],
          [
            51.41008181219092,
            43.333883157872094
          ],
          [
            51.41019595933668,
            43.33378584174232
          ],
          [
            51.41031010648244,
            43.33368852561256
          ],
          [
            51.410424253628214,
            43.333591209482776
          ],
          [
            51.41053840077399,
            43.33349389335301
          ],
          [
            51.41065254791974,
            43.33339657722324
          ],
          [
            51.4107666950655,
            43.333299261093465
          ],
          [
            51.41088084221126,
            43.33320194496369
          ],
          [
            51.41099498935702,
            43.33310462883391
          ],
          [
            51.411109136502795,
            43.33300731270413
          ],
          [
            51.41122328364855,
            43.33290999657437
          ],
          [
            51.41133743079432,
            43.3328126804446
          ],
          [
            51.41145157794007,
            43.33271536431482
          ],
          [
            51.41156572508585,
            43.33261804818505
          ],
          [
            51.41167987223161,
            43.33252073205528
          ],
          [
            51.411794019377375,
            43.3324234159255
          ],
          [
            51.41190816652313,
            43.33232609979573
          ],
          [
            51.4120223136689,
            43.332228783665954
          ],
          [
            51.41213646081467,
            43.332131467536186
          ],
          [
            51.41225060796043,
            43.33203415140642
          ],
          [
            51.412364755106196,
            43.33193683527663
          ],
          [
            51.412478902251955,
            43.33183951914687
          ],
          [
            51.412593049397714,
            43.331742203017086
          ],
          [
            51.41270719654349,
            43.33164488688731
          ],
          [
            51.41282134368925,
            43.33154757075755
          ],
          [
            51.41293549083502,
            43.33145025462777
          ],
          [
            51.41304963798078,
            43.331352938498
          ],
          [
            51.41316378512653,
            43.331255622368225
          ],
          [
            51.4132779322723,
            43.33115830623845
          ],
          [
            51.41339207941806,
            43.33106099010868
          ],
          [
            51.41350622656383,
            43.33096367397891
          ],
          [
            51.41362037370959,
            43.33086635784913
          ],
          [
            51.413734520855364,
            43.33076904171936
          ],
          [
            51.41384866800112,
            43.33067172558959
          ],
          [
            51.41396281514689,
            43.33057440945981
          ],
          [
            51.41407696229265,
            43.33047709333004
          ],
          [
            51.414191109438406,
            43.33037977720027
          ],
          [
            51.41430525658417,
            43.33028246107049
          ],
          [
            51.414419403729944,
            43.33018514494073
          ],
          [
            51.4145335508757,
            43.33008782881095
          ],
          [
            51.41464769802147,
            43.32999051268118
          ],
          [
            51.41476184516723,
            43.3298931965514
          ],
          [
            51.414875992312986,
            43.32979588042163
          ],
          [
            51.41499013945876,
            43.32969856429186
          ],
          [
            51.415104286604524,
            43.329601248162085
          ],
          [
            51.41521843375028,
            43.32950393203231
          ],
          [
            51.41533258089605,
            43.32940661590253
          ],
          [
            51.415446728041815,
            43.32930929977277
          ],
          [
            51.41556087518757,
            43.32921198364299
          ],
          [
            51.41567502233334,
            43.32911466751322
          ],
          [
            51.4157891694791,
            43.32901735138345
          ],
          [
            51.41590331662487,
            43.32892003525367
          ],
          [
            51.416017463770636,
            43.3288227191239
          ],
          [
            51.416131610916395,
            43.328725402994124
          ],
          [
            51.41624575806215,
            43.32862808686435
          ],
          [
            51.41635990520792,
            43.32853077073458
          ],
          [
            51.41647405235368,
            43.328433454604806
          ],
          [
            51.41658819949945,
            43.32833613847503
          ],
          [
            51.416702346645216,
            43.32823882234527
          ],
          [
            51.41681649379098,
            43.32814150621549
          ],
          [
            51.416930640936734,
            43.32804419008571
          ],
          [
            51.4170447880825,
            43.32794687395594
          ],
          [
            51.41715893522827,
            43.32784955782616
          ],
          [
            51.417273082374024,
            43.3277522416964
          ],
          [
            51.41738722951979,
            43.32765492556663
          ],
          [
            51.417501376665555,
            43.32755760943685
          ],
          [
            51.41761552381132,
            43.32746029330708
          ],
          [
            51.417729670957094,
            43.32736297717731
          ],
          [
            51.41784381810285,
            43.32726566104753
          ],
          [
            51.41795796524861,
            43.32716834491776
          ],
          [
            51.41807211239438,
            43.32707102878799
          ],
          [
            51.418186259540136,
            43.32697371265821
          ],
          [
            51.418300406685916,
            43.32687639652844
          ],
          [
            51.41841455383167,
            43.326779080398666
          ],
          [
            51.41852870097743,
            43.3266817642689
          ],
          [
            51.41864284812319,
            43.32658444813912
          ],
          [
            51.41875699526896,
            43.32648713200935
          ],
          [
            51.41887114241472,
            43.32638981587957
          ],
          [
            51.41898528956048,
            43.3262924997498
          ],
          [
            51.419099436706254,
            43.32619518362002
          ],
          [
            51.41921358385201,
            43.32609786749026
          ],
          [
            51.419327730997786,
            43.32600055136048
          ],
          [
            51.41944187814355,
            43.32590323523071
          ],
          [
            51.4195560252893,
            43.325805919100944
          ],
          [
            51.41967017243507,
            43.32570860297116
          ],
          [
            51.419784319580835,
            43.32561128684139
          ],
          [
            51.41989846672659,
            43.32551397071162
          ],
          [
            51.42001261387237,
            43.32541665458184
          ],
          [
            51.420126761018125,
            43.32531933845207
          ],
          [
            51.42024090816388,
            43.3252220223223
          ],
          [
            51.42035505530965,
            43.32512470619252
          ],
          [
            51.42046920245541,
            43.32502739006275
          ],
          [
            51.42058334960118,
            43.32493007393299
          ],
          [
            51.420697496746946,
            43.3248327578032
          ],
          [
            51.420811643892705,
            43.32473544167344
          ],
          [
            51.42092579103847,
            43.32463812554366
          ],
          [
            51.42103993818424,
            43.32454080941388
          ],
          [
            51.42115408532999,
            43.32444349328412
          ],
          [
            51.42126823247576,
            43.32434617715435
          ],
          [
            51.42138237962153,
            43.32424886102457
          ],
          [
            51.42149652676729,
            43.3241515448948
          ],
          [
            51.421610673913065,
            43.32405422876502
          ],
          [
            51.42172482105882,
            43.323956912635246
          ],
          [
            51.42183896820458,
            43.32385959650548
          ],
          [
            51.42195311535035,
            43.3237622803757
          ],
          [
            51.4220672624961,
            43.32366496424593
          ],
          [
            51.42218140964188,
            43.32356764811616
          ],
          [
            51.42229555678764,
            43.32347033198638
          ],
          [
            51.4224097039334,
            43.32337301585662
          ],
          [
            51.422523851079156,
            43.323275699726835
          ],
          [
            51.422637998224914,
            43.32317838359706
          ],
          [
            51.42275214537068,
            43.3230810674673
          ],
          [
            51.42286629251645,
            43.32298375133751
          ],
          [
            51.42298043966222,
            43.32288643520774
          ],
          [
            51.423094586807984,
            43.32278911907797
          ],
          [
            51.42320873395374,
            43.32269180294819
          ],
          [
            51.42332288109951,
            43.32259448681843
          ],
          [
            51.423437028245274,
            43.322497170688656
          ],
          [
            51.42355117539103,
            43.32239985455888
          ],
          [
            51.4236653225368,
            43.322302538429106
          ],
          [
            51.42377946968256,
            43.32220522229934
          ],
          [
            51.42389361682833,
            43.322107906169556
          ],
          [
            51.42400776397409,
            43.32201059003979
          ],
          [
            51.424121911119855,
            43.32191327391002
          ],
          [
            51.42423605826561,
            43.321815957780245
          ],
          [
            51.42435020541138,
            43.32171864165047
          ],
          [
            51.42446435255714,
            43.321621325520695
          ],
          [
            51.42457849970291,
            43.32152400939093
          ],
          [
            51.42469264684867,
            43.32142669326115
          ],
          [
            51.42480679399444,
            43.32132937713137
          ],
          [
            51.42492094114019,
            43.32123206100161
          ],
          [
            51.42503508828596,
            43.32113474487183
          ],
          [
            51.425149235431725,
            43.32103742874205
          ],
          [
            51.425263382577484,
            43.32094011261229
          ],
          [
            51.42537752972325,
            43.320842796482516
          ],
          [
            51.425491676869015,
            43.32074548035274
          ],
          [
            51.42560582401478,
            43.32064816422297
          ],
          [
            51.425719971160554,
            43.32055084809319
          ],
          [
            51.425834118306305,
            43.320453531963416
          ],
          [
            51.425948265452064,
            43.32035621583365
          ],
          [
            51.42606241259783,
            43.32025889970387
          ],
          [
            51.426176559743595,
            43.3201615835741
          ],
          [
            51.42629070688936,
            43.32006426744433
          ],
          [
            51.42640485403513,
            43.31996695131455
          ],
          [
            51.42651900118089,
            43.31986963518479
          ],
          [
            51.42663314832666,
            43.31977231905502
          ],
          [
            51.426747295472424,
            43.31967500292523
          ],
          [
            51.42686144261818,
            43.31957768679546
          ],
          [
            51.42697558976395,
            43.31948037066569
          ],
          [
            51.42708973690971,
            43.31938305453592
          ],
          [
            51.42720388405547,
            43.31928573840615
          ],
          [
            51.42731803120124,
            43.31918842227637
          ],
          [
            51.427432178347,
            43.319091106146594
          ],
          [
            51.42754632549276,
            43.318993790016826
          ],
          [
            51.42766047263852,
            43.31889647388705
          ],
          [
            51.42777461978429,
            43.318799157757276
          ],
          [
            51.42788876693006,
            43.31870184162751
          ],
          [
            51.42800291407582,
            43.31860452549773
          ],
          [
            51.428117061221585,
            43.31850720936796
          ],
          [
            51.42823120836735,
            43.31840989323818
          ],
          [
            51.4283453555131,
            43.31831257710841
          ],
          [
            51.42845950265888,
            43.31821526097865
          ],
          [
            51.42857364980463,
            43.318117944848865
          ],
          [
            51.428687796950406,
            43.31802062871909
          ],
          [
            51.428801944096165,
            43.31792331258933
          ],
          [
            51.42891609124193,
            43.31782599645955
          ],
          [
            51.42903023838769,
            43.31772868032978
          ],
          [
            51.429144385533455,
            43.3176313642
          ],
          [
            51.42925853267922,
            43.31753404807023
          ],
          [
            51.429372679824986,
            43.317436731940454
          ],
          [
            51.42948682697075,
            43.317339415810686
          ],
          [
            51.42960097411651,
            43.31724209968091
          ],
          [
            51.42971512126228,
            43.317144783551136
          ],
          [
            51.429829268408035,
            43.31704746742137
          ],
          [
            51.429943415553794,
            43.31695015129159
          ],
          [
            51.43005756269956,
            43.316852835161825
          ],
          [
            51.43017170984534,
            43.31675551903205
          ],
          [
            51.43028585699109,
            43.316658202902275
          ],
          [
            51.43040000413686,
            43.3165608867725
          ],
          [
            51.430514151282615,
            43.316463570642725
          ],
          [
            51.430628298428374,
            43.31636625451296
          ],
          [
            51.43074244557415,
            43.31626893838318
          ],
          [
            51.43085659271991,
            43.31617162225341
          ],
          [
            51.43097073986568,
            43.31607430612364
          ],
          [
            51.431084887011444,
            43.315976989993864
          ],
          [
            51.4311990341572,
            43.31587967386409
          ],
          [
            51.43131318130297,
            43.31578235773432
          ],
          [
            51.431427328448734,
            43.31568504160454
          ],
          [
            51.431541475594486,
            43.31558772547477
          ],
          [
            51.43165562274026,
            43.315490409344996
          ],
          [
            51.431769769886024,
            43.31539309321522
          ],
          [
            51.43188391703179,
            43.31529577708545
          ],
          [
            51.43199806417755,
            43.31519846095568
          ],
          [
            51.43211221132331,
            43.3151011448259
          ],
          [
            51.43222635846907,
            43.31500382869613
          ],
          [
            51.432340505614846,
            43.31490651256636
          ],
          [
            51.432454652760605,
            43.314809196436585
          ],
          [
            51.43256879990637,
            43.31471188030681
          ],
          [
            51.43268294705213,
            43.31461456417704
          ],
          [
            51.432797094197895,
            43.31451724804726
          ],
          [
            51.43291124134366,
            43.3144199319175
          ],
          [
            51.433025388489426,
            43.31432261578772
          ],
          [
            51.433139535635185,
            43.31422529965795
          ],
          [
            51.43325368278094,
            43.31412798352818
          ],
          [
            51.43336782992671,
            43.3140306673984
          ],
          [
            51.43348197707248,
            43.31393335126863
          ],
          [
            51.43359612421824,
            43.31383603513885
          ],
          [
            51.433710271364,
            43.31373871900908
          ],
          [
            51.433824418509765,
            43.31364140287931
          ],
          [
            51.433938565655524,
            43.31354408674953
          ],
          [
            51.434052712801304,
            43.31344677061976
          ],
          [
            51.434166859947055,
            43.31334945448999
          ],
          [
            51.43428100709283,
            43.31325213836021
          ],
          [
            51.43439515423859,
            43.31315482223044
          ],
          [
            51.43450930138435,
            43.31305750610068
          ],
          [
            51.434623448530104,
            43.3129601899709
          ],
          [
            51.43473759567588,
            43.31286287384112
          ],
          [
            51.434851742821635,
            43.31276555771136
          ],
          [
            51.43496588996741,
            43.312668241581584
          ],
          [
            51.43508003711317,
            43.3125709254518
          ],
          [
            51.43519418425894,
            43.31247360932203
          ],
          [
            51.4353083314047,
            43.31237629319226
          ],
          [
            51.43542247855046,
            43.31227897706249
          ],
          [
            51.435536625696216,
            43.312181660932715
          ],
          [
            51.43565077284198,
            43.31208434480293
          ],
          [
            51.435764919987754,
            43.31198702867317
          ],
          [
            51.43587906713352,
            43.3118897125434
          ],
          [
            51.43599321427928,
            43.31179239641362
          ],
          [
            51.43610736142504,
            43.31169508028385
          ],
          [
            51.4362215085708,
            43.31159776415408
          ],
          [
            51.43633565571656,
            43.311500448024304
          ],
          [
            51.436449802862334,
            43.31140313189453
          ],
          [
            51.4365639500081,
            43.31130581576475
          ],
          [
            51.436678097153866,
            43.311208499634986
          ],
          [
            51.436792244299625,
            43.31111118350521
          ],
          [
            51.4369063914454,
            43.311013867375436
          ],
          [
            51.43702053859115,
            43.31091655124567
          ],
          [
            51.437134685736915,
            43.310819235115886
          ],
          [
            51.43724883288267,
            43.31072191898611
          ],
          [
            51.43736298002845,
            43.31062460285635
          ],
          [
            51.43747712717421,
            43.31052728672656
          ],
          [
            51.43759127431997,
            43.3104299705968
          ],
          [
            51.437705421465736,
            43.31033265446703
          ],
          [
            51.43781956861149,
            43.31023533833725
          ],
          [
            51.437933715757254,
            43.31013802220748
          ],
          [
            51.43804786290302,
            43.31004070607771
          ],
          [
            51.43816201004879,
            43.30994338994793
          ],
          [
            51.43827615719455,
            43.30984607381816
          ],
          [
            51.43839030434032,
            43.30974875768839
          ],
          [
            51.43850445148608,
            43.30965144155861
          ],
          [
            51.43861859863185,
            43.309554125428846
          ],
          [
            51.43873274577761,
            43.30945680929907
          ],
          [
            51.43884689292337,
            43.309359493169296
          ],
          [
            51.43896104006913,
            43.30926217703952
          ],
          [
            51.439075187214904,
            43.309164860909746
          ],
          [
            51.43918933436066,
            43.30906754477998
          ],
          [
            51.43930348150642,
            43.3089702286502
          ],
          [
            51.43941762865218,
            43.30887291252043
          ],
          [
            51.439531775797946,
            43.30877559639065
          ],
          [
            51.43964592294371,
            43.30867828026088
          ],
          [
            51.43976007008948,
            43.30858096413111
          ],
          [
            51.43987421723525,
            43.30848364800134
          ],
          [
            51.439988364381016,
            43.30838633187157
          ],
          [
            51.440102511526774,
            43.30828901574179
          ],
          [
            51.440216658672526,
            43.30819169961202
          ],
          [
            51.4403308058183,
            43.30809438348224
          ],
          [
            51.44044495296406,
            43.30799706735247
          ],
          [
            51.44055910010983,
            43.3078997512227
          ],
          [
            51.44067324725559,
            43.307802435092924
          ],
          [
            51.440787394401355,
            43.30770511896315
          ],
          [
            51.44090154154712,
            43.30760780283339
          ],
          [
            51.44101568869287,
            43.307510486703606
          ],
          [
            51.44112983583864,
            43.30741317057383
          ],
          [
            51.4412439829844,
            43.30731585444406
          ],
          [
            51.441358130130176,
            43.30721853831429
          ],
          [
            51.44147227727594,
            43.30712122218451
          ],
          [
            51.4415864244217,
            43.307023906054745
          ],
          [
            51.44170057156746,
            43.30692658992496
          ],
          [
            51.44181471871322,
            43.3068292737952
          ],
          [
            51.44192886585899,
            43.30673195766543
          ],
          [
            51.442043013004756,
            43.30663464153565
          ],
          [
            51.442157160150515,
            43.30653732540588
          ],
          [
            51.44227130729629,
            43.3064400092761
          ],
          [
            51.44238545444204,
            43.30634269314632
          ],
          [
            51.44249960158781,
            43.30624537701656
          ],
          [
            51.442613748733564,
            43.306148060886784
          ],
          [
            51.44272789587934,
            43.30605074475701
          ],
          [
            51.442842043025095,
            43.30595342862724
          ],
          [
            51.442956190170875,
            43.305856112497466
          ],
          [
            51.44307033731663,
            43.3057587963677
          ],
          [
            51.44318448446239,
            43.305661480237916
          ],
          [
            51.44329863160815,
            43.30556416410815
          ],
          [
            51.44341277875391,
            43.30546684797838
          ],
          [
            51.443526925899675,
            43.3053695318486
          ],
          [
            51.44364107304545,
            43.30527221571882
          ],
          [
            51.443755220191214,
            43.30517489958906
          ],
          [
            51.44386936733697,
            43.30507758345928
          ],
          [
            51.44398351448273,
            43.304980267329505
          ],
          [
            51.44409766162849,
            43.30488295119973
          ],
          [
            51.44421180877426,
            43.30478563506996
          ],
          [
            51.44432595592003,
            43.30468831894019
          ],
          [
            51.444440103065794,
            43.30459100281042
          ],
          [
            51.44455425021156,
            43.30449368668063
          ],
          [
            51.444668397357326,
            43.30439637055087
          ],
          [
            51.444782544503084,
            43.3042990544211
          ],
          [
            51.44489669164884,
            43.30420173829132
          ],
          [
            51.44501083879461,
            43.30410442216155
          ],
          [
            51.445124985940375,
            43.304007106031776
          ],
          [
            51.44523913308613,
            43.303909789902
          ],
          [
            51.4453532802319,
            43.30381247377224
          ],
          [
            51.445467427377665,
            43.30371515764245
          ],
          [
            51.44558157452344,
            43.30361784151269
          ],
          [
            51.44569572166919,
            43.30352052538291
          ],
          [
            51.44580986881495,
            43.30342320925314
          ],
          [
            51.44592401596073,
            43.30332589312337
          ],
          [
            51.44603816310648,
            43.3032285769936
          ],
          [
            51.44615231025225,
            43.30313126086382
          ],
          [
            51.44626645739801,
            43.30303394473405
          ],
          [
            51.446380604543776,
            43.30293662860428
          ],
          [
            51.44649475168954,
            43.302839312474504
          ],
          [
            51.4466088988353,
            43.30274199634473
          ],
          [
            51.44672304598106,
            43.302644680214954
          ],
          [
            51.446837193126825,
            43.30254736408518
          ],
          [
            51.4469513402726,
            43.30245004795541
          ],
          [
            51.44706548741836,
            43.30235273182563
          ],
          [
            51.44717963456412,
            43.30225541569586
          ],
          [
            51.44729378170988,
            43.30215809956609
          ],
          [
            51.44740792885564,
            43.30206078343631
          ],
          [
            51.447522076001405,
            43.30196346730655
          ],
          [
            51.44763622314718,
            43.30186615117677
          ],
          [
            51.447750370292944,
            43.30176883504699
          ],
          [
            51.4478645174387,
            43.30167151891723
          ],
          [
            51.44797866458446,
            43.30157420278745
          ],
          [
            51.448092811730234,
            43.30147688665768
          ],
          [
            51.448206958875986,
            43.30137957052791
          ],
          [
            51.44832110602176,
            43.30128225439813
          ],
          [
            51.44843525316751,
            43.301184938268364
          ],
          [
            51.44854940031328,
            43.30108762213858
          ],
          [
            51.44866354745905,
            43.30099030600881
          ],
          [
            51.44877769460482,
            43.30089298987904
          ],
          [
            51.44889184175057,
            43.30079567374927
          ],
          [
            51.44900598889633,
            43.30069835761949
          ],
          [
            51.4491201360421,
            43.30060104148973
          ],
          [
            51.44923428318787,
            43.30050372535995
          ],
          [
            51.449348430333636,
            43.30040640923017
          ],
          [
            51.4494625774794,
            43.30030909310041
          ],
          [
            51.44957672462516,
            43.30021177697062
          ],
          [
            51.44969087177092,
            43.30011446084085
          ],
          [
            51.44980501891668,
            43.30001714471109
          ],
          [
            51.44991916606245,
            43.2999198285813
          ],
          [
            51.450033313208216,
            43.29982251245154
          ],
          [
            51.450147460353975,
            43.29972519632176
          ],
          [
            51.45026160749974,
            43.29962788019199
          ],
          [
            51.4503757546455,
            43.29953056406222
          ],
          [
            51.45048990179127,
            43.29943324793245
          ],
          [
            51.45060404893703,
            43.29933593180267
          ],
          [
            51.450718196082796,
            43.299238615672905
          ],
          [
            51.450832343228555,
            43.29914129954313
          ],
          [
            51.45094649037433,
            43.29904398341335
          ],
          [
            51.45106063752009,
            43.29894666728358
          ],
          [
            51.451174784665845,
            43.298849351153805
          ],
          [
            51.45128893181161,
            43.29875203502404
          ],
          [
            51.45140307895738,
            43.29865471889427
          ],
          [
            51.45151722610314,
            43.29855740276449
          ],
          [
            51.4516313732489,
            43.29846008663471
          ],
          [
            51.451745520394674,
            43.29836277050495
          ],
          [
            51.45185966754043,
            43.29826545437517
          ],
          [
            51.4519738146862,
            43.2981681382454
          ],
          [
            51.45208796183196,
            43.298070822115626
          ],
          [
            51.45220210897772,
            43.29797350598585
          ],
          [
            51.45231625612349,
            43.29787618985608
          ],
          [
            51.452430403269254,
            43.2977788737263
          ],
          [
            51.45254455041501,
            43.29768155759653
          ],
          [
            51.452658697560786,
            43.29758424146676
          ],
          [
            51.45277284470654,
            43.29748692533699
          ],
          [
            51.4528869918523,
            43.29738960920721
          ],
          [
            51.45300113899806,
            43.29729229307745
          ],
          [
            51.45311528614384,
            43.29719497694766
          ],
          [
            51.45322943328959,
            43.29709766081789
          ],
          [
            51.453343580435366,
            43.29700034468812
          ],
          [
            51.453457727581124,
            43.29690302855835
          ],
          [
            51.45357187472689,
            43.29680571242857
          ],
          [
            51.45368602187265,
            43.296708396298804
          ],
          [
            51.453800169018415,
            43.29661108016902
          ],
          [
            51.45391431616418,
            43.29651376403926
          ],
          [
            51.45402846330994,
            43.29641644790948
          ],
          [
            51.454142610455705,
            43.29631913177971
          ],
          [
            51.45425675760147,
            43.296221815649936
          ],
          [
            51.454370904747236,
            43.29612449952016
          ],
          [
            51.454485051892995,
            43.29602718339039
          ],
          [
            51.45459919903876,
            43.29592986726062
          ],
          [
            51.45471334618452,
            43.29583255113084
          ],
          [
            51.4548274933303,
            43.29573523500107
          ],
          [
            51.45494164047605,
            43.2956379188713
          ],
          [
            51.45505578762182,
            43.29554060274152
          ],
          [
            51.455169934767575,
            43.29544328661175
          ],
          [
            51.455284081913334,
            43.295345970481975
          ],
          [
            51.4553982290591,
            43.2952486543522
          ],
          [
            51.45551237620487,
            43.29515133822244
          ],
          [
            51.45562652335063,
            43.29505402209266
          ],
          [
            51.455740670496404,
            43.29495670596289
          ],
          [
            51.45585481764216,
            43.29485938983312
          ],
          [
            51.45596896478793,
            43.29476207370334
          ],
          [
            51.45608311193369,
            43.29466475757357
          ],
          [
            51.456197259079445,
            43.29456744144379
          ],
          [
            51.45631140622521,
            43.29447012531402
          ],
          [
            51.45642555337098,
            43.29437280918425
          ],
          [
            51.45653970051676,
            43.29427549305448
          ],
          [
            51.45665384766251,
            43.2941781769247
          ],
          [
            51.456767994808274,
            43.29408086079493
          ],
          [
            51.45688214195403,
            43.29398354466516
          ],
          [
            51.45699628909979,
            43.29388622853538
          ],
          [
            51.457110436245564,
            43.29378891240562
          ],
          [
            51.45722458339133,
            43.29369159627584
          ],
          [
            51.45733873053709,
            43.29359428014606
          ],
          [
            51.457452877682854,
            43.2934969640163
          ],
          [
            51.45756702482861,
            43.29339964788651
          ],
          [
            51.45768117197437,
            43.29330233175675
          ],
          [
            51.457795319120144,
            43.293205015626974
          ],
          [
            51.4579094662659,
            43.2931076994972
          ],
          [
            51.458023613411676,
            43.29301038336743
          ],
          [
            51.458137760557435,
            43.29291306723765
          ],
          [
            51.4582519077032,
            43.29281575110788
          ],
          [
            51.458366054848966,
            43.29271843497811
          ],
          [
            51.458480201994725,
            43.29262111884833
          ],
          [
            51.45859434914048,
            43.29252380271856
          ],
          [
            51.45870849628625,
            43.29242648658879
          ],
          [
            51.45882264343202,
            43.29232917045901
          ],
          [
            51.45893679057779,
            43.29223185432924
          ],
          [
            51.459050937723546,
            43.29213453819947
          ],
          [
            51.459165084869305,
            43.292037222069695
          ],
          [
            51.459279232015064,
            43.29193990593992
          ],
          [
            51.45939337916083,
            43.29184258981015
          ],
          [
            51.4595075263066,
            43.29174527368037
          ],
          [
            51.45962167345236,
            43.2916479575506
          ],
          [
            51.45973582059813,
            43.29155064142083
          ],
          [
            51.45984996774389,
            43.29145332529105
          ],
          [
            51.45996411488966,
            43.291356009161284
          ],
          [
            51.46007826203542,
            43.29125869303151
          ],
          [
            51.46019240918118,
            43.291161376901734
          ],
          [
            51.46030655632694,
            43.29106406077197
          ],
          [
            51.46042070347272,
            43.29096674464219
          ],
          [
            51.46053485061847,
            43.29086942851242
          ],
          [
            51.46064899776424,
            43.29077211238265
          ],
          [
            51.46076314491,
            43.29067479625287
          ],
          [
            51.46087729205576,
            43.290577480123105
          ],
          [
            51.46099143920152,
            43.29048016399333
          ],
          [
            51.461105586347294,
            43.290382847863555
          ],
          [
            51.46121973349305,
            43.29028553173379
          ],
          [
            51.461333880638826,
            43.29018821560401
          ],
          [
            51.46144802778458,
            43.29009089947423
          ],
          [
            51.461562174930336,
            43.28999358334446
          ],
          [
            51.46167632207611,
            43.28989626721469
          ],
          [
            51.46179046922187,
            43.28979895108492
          ],
          [
            51.46190461636764,
            43.28970163495515
          ],
          [
            51.4620187635134,
            43.28960431882537
          ],
          [
            51.46213291065917,
            43.2895070026956
          ],
          [
            51.46224705780493,
            43.28940968656582
          ],
          [
            51.462361204950696,
            43.28931237043605
          ],
          [
            51.462475352096455,
            43.28921505430628
          ],
          [
            51.46258949924221,
            43.28911773817651
          ],
          [
            51.46270364638798,
            43.28902042204673
          ],
          [
            51.46281779353375,
            43.288923105916965
          ],
          [
            51.46293194067952,
            43.28882578978718
          ],
          [
            51.463046087825276,
            43.288728473657414
          ],
          [
            51.463160234971035,
            43.28863115752764
          ],
          [
            51.46327438211679,
            43.28853384139787
          ],
          [
            51.46338852926256,
            43.2884365252681
          ],
          [
            51.46350267640833,
            43.28833920913832
          ],
          [
            51.4636168235541,
            43.288241893008546
          ],
          [
            51.46373097069986,
            43.28814457687877
          ],
          [
            51.46384511784562,
            43.288047260749
          ],
          [
            51.46395926499139,
            43.28794994461923
          ],
          [
            51.46407341213714,
            43.28785262848946
          ],
          [
            51.464187559282905,
            43.287755312359685
          ],
          [
            51.46430170642868,
            43.28765799622991
          ],
          [
            51.464415853574444,
            43.28756068010014
          ],
          [
            51.46453000072021,
            43.28746336397036
          ],
          [
            51.46464414786596,
            43.28736604784059
          ],
          [
            51.46475829501173,
            43.28726873171082
          ],
          [
            51.464872442157485,
            43.28717141558104
          ],
          [
            51.46498658930326,
            43.28707409945127
          ],
          [
            51.46510073644902,
            43.2869767833215
          ],
          [
            51.46521488359479,
            43.286879467191724
          ],
          [
            51.46532903074055,
            43.28678215106195
          ],
          [
            51.46544317788631,
            43.28668483493218
          ],
          [
            51.46555732503208,
            43.2865875188024
          ],
          [
            51.46567147217784,
            43.28649020267264
          ],
          [
            51.465785619323604,
            43.28639288654287
          ],
          [
            51.46589976646936,
            43.28629557041308
          ],
          [
            51.46601391361513,
            43.28619825428332
          ],
          [
            51.4661280607609,
            43.28610093815354
          ],
          [
            51.46624220790666,
            43.28600362202377
          ],
          [
            51.46635635505242,
            43.28590630589399
          ],
          [
            51.46647050219818,
            43.28580898976423
          ],
          [
            51.46658464934394,
            43.28571167363445
          ],
          [
            51.466698796489716,
            43.28561435750468
          ],
          [
            51.46681294363548,
            43.2855170413749
          ],
          [
            51.46692709078124,
            43.28541972524513
          ],
          [
            51.467041237927006,
            43.28532240911536
          ],
          [
            51.467155385072765,
            43.285225092985584
          ],
          [
            51.46726953221853,
            43.28512777685581
          ],
          [
            51.46738367936429,
            43.28503046072604
          ],
          [
            51.46749782651006,
            43.28493314459626
          ],
          [
            51.46761197365582,
            43.2848358284665
          ],
          [
            51.467726120801586,
            43.284738512336716
          ],
          [
            51.467840267947345,
            43.28464119620695
          ],
          [
            51.46795441509312,
            43.28454388007717
          ],
          [
            51.46806856223887,
            43.2844465639474
          ],
          [
            51.46818270938464,
            43.28434924781762
          ],
          [
            51.4682968565304,
            43.28425193168786
          ],
          [
            51.468411003676174,
            43.28415461555808
          ],
          [
            51.468525150821925,
            43.28405729942831
          ],
          [
            51.4686392979677,
            43.28395998329854
          ],
          [
            51.46875344511346,
            43.283862667168755
          ],
          [
            51.468867592259215,
            43.28376535103899
          ],
          [
            51.46898173940499,
            43.28366803490922
          ],
          [
            51.469095886550754,
            43.283570718779444
          ],
          [
            51.46921003369651,
            43.28347340264967
          ],
          [
            51.46932418084228,
            43.2833760865199
          ],
          [
            51.469438327988044,
            43.28327877039012
          ],
          [
            51.4695524751338,
            43.28318145426035
          ],
          [
            51.46966662227957,
            43.28308413813057
          ],
          [
            51.46978076942533,
            43.2829868220008
          ],
          [
            51.46989491657109,
            43.28288950587103
          ],
          [
            51.47000906371686,
            43.28279218974126
          ],
          [
            51.470123210862624,
            43.28269487361149
          ],
          [
            51.47023735800839,
            43.28259755748171
          ],
          [
            51.47035150515415,
            43.28250024135194
          ],
          [
            51.47046565229991,
            43.28240292522217
          ],
          [
            51.47057979944567,
            43.28230560909239
          ],
          [
            51.470693946591446,
            43.28220829296262
          ],
          [
            51.47080809373721,
            43.28211097683285
          ],
          [
            51.47092224088297,
            43.282013660703065
          ],
          [
            51.47103638802873,
            43.281916344573304
          ],
          [
            51.4711505351745,
            43.28181902844353
          ],
          [
            51.47126468232026,
            43.281721712313754
          ],
          [
            51.471378829466026,
            43.281624396183986
          ],
          [
            51.47149297661178,
            43.28152708005421
          ],
          [
            51.47160712375755,
            43.28142976392443
          ],
          [
            51.47172127090332,
            43.28133244779466
          ],
          [
            51.47183541804908,
            43.28123513166489
          ],
          [
            51.47194956519484,
            43.28113781553511
          ],
          [
            51.472063712340606,
            43.28104049940534
          ],
          [
            51.472177859486365,
            43.28094318327557
          ],
          [
            51.47229200663214,
            43.28084586714579
          ],
          [
            51.4724061537779,
            43.28074855101603
          ],
          [
            51.47252030092366,
            43.28065123488625
          ],
          [
            51.47263444806942,
            43.280553918756475
          ],
          [
            51.47274859521519,
            43.2804566026267
          ],
          [
            51.472862742360945,
            43.28035928649693
          ],
          [
            51.47297688950672,
            43.280261970367164
          ],
          [
            51.47309103665248,
            43.28016465423739
          ],
          [
            51.47320518379824,
            43.280067338107614
          ],
          [
            51.473319330944,
            43.279970021977846
          ],
          [
            51.47343347808977,
            43.27987270584807
          ],
          [
            51.47354762523553,
            43.279775389718296
          ],
          [
            51.47366177238129,
            43.27967807358853
          ],
          [
            51.473775919527064,
            43.279580757458746
          ],
          [
            51.47389006667282,
            43.27948344132897
          ],
          [
            51.474004213818596,
            43.27938612519921
          ],
          [
            51.47411836096436,
            43.27928880906942
          ],
          [
            51.47423250811012,
            43.27919149293966
          ],
          [
            51.47434665525587,
            43.279094176809885
          ],
          [
            51.474460802401644,
            43.2789968606801
          ],
          [
            51.47457494954741,
            43.27889954455034
          ],
          [
            51.474689096693176,
            43.27880222842057
          ],
          [
            51.474803243838934,
            43.27870491229079
          ],
          [
            51.4749173909847,
            43.278607596161024
          ],
          [
            51.47503153813045,
            43.27851028003124
          ],
          [
            51.47514568527623,
            43.278412963901474
          ],
          [
            51.47525983242199,
            43.2783156477717
          ],
          [
            51.47537397956775,
            43.278218331641924
          ],
          [
            51.475488126713515,
            43.27812101551215
          ],
          [
            51.47560227385928,
            43.27802369938238
          ],
          [
            51.475716421005046,
            43.2779263832526
          ],
          [
            51.475830568150805,
            43.27782906712283
          ],
          [
            51.47594471529657,
            43.27773175099306
          ],
          [
            51.47605886244233,
            43.27763443486329
          ],
          [
            51.476173009588095,
            43.27753711873352
          ],
          [
            51.47628715673386,
            43.27743980260374
          ],
          [
            51.47640130387963,
            43.27734248647397
          ],
          [
            51.47651545102539,
            43.2772451703442
          ],
          [
            51.47662959817116,
            43.27714785421442
          ],
          [
            51.47674374531692,
            43.27705053808465
          ],
          [
            51.47685789246268,
            43.276953221954884
          ],
          [
            51.47697203960844,
            43.276855905825094
          ],
          [
            51.477086186754214,
            43.27675858969533
          ],
          [
            51.477200333899965,
            43.27666127356556
          ],
          [
            51.47731448104574,
            43.27656395743578
          ],
          [
            51.477428628191504,
            43.27646664130601
          ],
          [
            51.47754277533726,
            43.27636932517624
          ],
          [
            51.47765692248302,
            43.27627200904646
          ],
          [
            51.477771069628794,
            43.27617469291669
          ],
          [
            51.47788521677455,
            43.27607737678693
          ],
          [
            51.47799936392032,
            43.27598006065714
          ],
          [
            51.478113511066084,
            43.27588274452738
          ],
          [
            51.47822765821184,
            43.2757854283976
          ],
          [
            51.47834180535761,
            43.27568811226783
          ],
          [
            51.47845595250337,
            43.275590796138054
          ],
          [
            51.47857009964914,
            43.27549348000828
          ],
          [
            51.4786842467949,
            43.275396163878504
          ],
          [
            51.47879839394067,
            43.27529884774874
          ],
          [
            51.47891254108642,
            43.27520153161896
          ],
          [
            51.47902668823219,
            43.27510421548919
          ],
          [
            51.479140835377954,
            43.27500689935942
          ],
          [
            51.47925498252372,
            43.27490958322964
          ],
          [
            51.47936912966948,
            43.27481226709987
          ],
          [
            51.479483276815245,
            43.27471495097009
          ],
          [
            51.47959742396102,
            43.27461763484032
          ],
          [
            51.479711571106776,
            43.27452031871056
          ],
          [
            51.479825718252535,
            43.274423002580775
          ],
          [
            51.47993986539829,
            43.27432568645101
          ],
          [
            51.48005401254406,
            43.27422837032124
          ],
          [
            51.48016815968983,
            43.27413105419145
          ],
          [
            51.4802823068356,
            43.27403373806168
          ],
          [
            51.480396453981356,
            43.27393642193191
          ],
          [
            51.480510601127115,
            43.27383910580214
          ],
          [
            51.48062474827288,
            43.27374178967237
          ],
          [
            51.48073889541864,
            43.27364447354259
          ],
          [
            51.480853042564405,
            43.273547157412814
          ],
          [
            51.48096718971017,
            43.27344984128305
          ],
          [
            51.48108133685594,
            43.27335252515327
          ],
          [
            51.4811954840017,
            43.2732552090235
          ],
          [
            51.48130963114747,
            43.27315789289373
          ],
          [
            51.481423778293234,
            43.27306057676395
          ],
          [
            51.48153792543899,
            43.27296326063418
          ],
          [
            51.48165207258475,
            43.27286594450441
          ],
          [
            51.48176621973052,
            43.272768628374635
          ],
          [
            51.48188036687629,
            43.27267131224487
          ],
          [
            51.48199451402205,
            43.27257399611509
          ],
          [
            51.4821086611678,
            43.27247667998532
          ],
          [
            51.48222280831357,
            43.27237936385555
          ],
          [
            51.48233695545934,
            43.27228204772577
          ],
          [
            51.482451102605104,
            43.272184731596
          ],
          [
            51.48256524975087,
            43.27208741546623
          ],
          [
            51.482679396896636,
            43.27199009933644
          ],
          [
            51.482793544042394,
            43.27189278320668
          ],
          [
            51.48290769118815,
            43.27179546707691
          ],
          [
            51.483021838333926,
            43.27169815094713
          ],
          [
            51.483135985479684,
            43.27160083481736
          ],
          [
            51.48325013262544,
            43.27150351868759
          ],
          [
            51.483364279771216,
            43.27140620255781
          ],
          [
            51.483478426916975,
            43.27130888642804
          ],
          [
            51.48359257406275,
            43.27121157029827
          ],
          [
            51.483706721208506,
            43.271114254168495
          ],
          [
            51.483820868354265,
            43.27101693803872
          ],
          [
            51.48393501550003,
            43.27091962190895
          ],
          [
            51.48404916264579,
            43.27082230577917
          ],
          [
            51.48416330979156,
            43.2707249896494
          ],
          [
            51.48427745693732,
            43.27062767351963
          ],
          [
            51.484391604083086,
            43.27053035738985
          ],
          [
            51.484505751228845,
            43.27043304126009
          ],
          [
            51.48461989837461,
            43.27033572513031
          ],
          [
            51.484734045520376,
            43.27023840900054
          ],
          [
            51.48484819266614,
            43.27014109287076
          ],
          [
            51.4849623398119,
            43.27004377674099
          ],
          [
            51.485076486957674,
            43.26994646061122
          ],
          [
            51.48519063410343,
            43.26984914448144
          ],
          [
            51.4853047812492,
            43.26975182835167
          ],
          [
            51.48541892839496,
            43.269654512221905
          ],
          [
            51.48553307554072,
            43.26955719609212
          ],
          [
            51.48564722268648,
            43.269459879962355
          ],
          [
            51.48576136983225,
            43.26936256383258
          ],
          [
            51.48587551697802,
            43.269265247702805
          ],
          [
            51.48598966412378,
            43.26916793157303
          ],
          [
            51.48610381126954,
            43.26907061544326
          ],
          [
            51.4862179584153,
            43.26897329931348
          ],
          [
            51.48633210556106,
            43.26887598318372
          ],
          [
            51.486446252706834,
            43.26877866705395
          ],
          [
            51.4865603998526,
            43.26868135092416
          ],
          [
            51.48667454699836,
            43.2685840347944
          ],
          [
            51.486788694144124,
            43.26848671866462
          ],
          [
            51.48690284128989,
            43.26838940253485
          ],
          [
            51.487016988435656,
            43.26829208640509
          ],
          [
            51.48713113558141,
            43.2681947702753
          ],
          [
            51.48724528272718,
            43.26809745414553
          ],
          [
            51.48735942987294,
            43.26800013801576
          ],
          [
            51.48747357701871,
            43.26790282188598
          ],
          [
            51.48758772416447,
            43.267805505756215
          ],
          [
            51.487701871310236,
            43.26770818962644
          ],
          [
            51.487816018455995,
            43.267610873496665
          ],
          [
            51.48793016560175,
            43.26751355736689
          ],
          [
            51.48804431274752,
            43.26741624123712
          ],
          [
            51.488158459893285,
            43.26731892510734
          ],
          [
            51.48827260703905,
            43.26722160897758
          ],
          [
            51.48838675418481,
            43.26712429284781
          ],
          [
            51.488500901330575,
            43.26702697671803
          ],
          [
            51.48861504847633,
            43.26692966058826
          ],
          [
            51.488729195622106,
            43.26683234445848
          ],
          [
            51.488843342767865,
            43.26673502832871
          ],
          [
            51.48895748991364,
            43.26663771219894
          ],
          [
            51.48907163705941,
            43.26654039606916
          ],
          [
            51.48918578420516,
            43.26644307993939
          ],
          [
            51.48929993135092,
            43.26634576380962
          ],
          [
            51.48941407849668,
            43.26624844767984
          ],
          [
            51.489528225642445,
            43.266151131550075
          ],
          [
            51.48964237278821,
            43.2660538154203
          ],
          [
            51.48975651993399,
            43.265956499290525
          ],
          [
            51.48987066707975,
            43.26585918316075
          ],
          [
            51.48998481422551,
            43.26576186703098
          ],
          [
            51.49009896137127,
            43.2656645509012
          ],
          [
            51.490213108517025,
            43.26556723477143
          ],
          [
            51.4903272556628,
            43.265469918641664
          ],
          [
            51.490441402808564,
            43.26537260251189
          ],
          [
            51.49055554995432,
            43.26527528638211
          ],
          [
            51.49066969710009,
            43.26517797025234
          ],
          [
            51.49078384424585,
            43.26508065412256
          ],
          [
            51.49089799139162,
            43.264983337992795
          ],
          [
            51.49101213853738,
            43.26488602186302
          ],
          [
            51.491126285683144,
            43.264788705733245
          ],
          [
            51.4912404328289,
            43.26469138960348
          ],
          [
            51.49135457997468,
            43.2645940734737
          ],
          [
            51.491468727120434,
            43.264496757343935
          ],
          [
            51.49158287426621,
            43.26439944121415
          ],
          [
            51.49169702141196,
            43.264302125084384
          ],
          [
            51.49181116855771,
            43.26420480895461
          ],
          [
            51.49192531570348,
            43.26410749282484
          ],
          [
            51.49203946284925,
            43.26401017669506
          ],
          [
            51.49215360999502,
            43.26391286056529
          ],
          [
            51.49226775714078,
            43.263815544435516
          ],
          [
            51.492381904286546,
            43.26371822830574
          ],
          [
            51.4924960514323,
            43.26362091217597
          ],
          [
            51.49261019857807,
            43.26352359604619
          ],
          [
            51.492724345723836,
            43.26342627991643
          ],
          [
            51.4928384928696,
            43.26332896378665
          ],
          [
            51.49295264001536,
            43.26323164765687
          ],
          [
            51.493066787161126,
            43.26313433152711
          ],
          [
            51.49318093430689,
            43.26303701539733
          ],
          [
            51.49329508145265,
            43.26293969926756
          ],
          [
            51.49340922859841,
            43.262842383137794
          ],
          [
            51.49352337574418,
            43.26274506700802
          ],
          [
            51.49363752288994,
            43.262647750878244
          ],
          [
            51.49375167003571,
            43.26255043474847
          ],
          [
            51.49386581718147,
            43.262453118618694
          ],
          [
            51.49397996432724,
            43.26235580248892
          ],
          [
            51.494094111473,
            43.26225848635915
          ],
          [
            51.494208258618755,
            43.262161170229376
          ],
          [
            51.49432240576453,
            43.26206385409961
          ],
          [
            51.49443655291029,
            43.26196653796983
          ],
          [
            51.49455070005605,
            43.26186922184005
          ],
          [
            51.49466484720182,
            43.26177190571029
          ],
          [
            51.494778994347584,
            43.26167458958051
          ],
          [
            51.49489314149334,
            43.26157727345074
          ],
          [
            51.49500728863911,
            43.26147995732097
          ],
          [
            51.49512143578487,
            43.26138264119118
          ],
          [
            51.49523558293064,
            43.26128532506142
          ],
          [
            51.495349730076406,
            43.26118800893165
          ],
          [
            51.49546387722217,
            43.26109069280187
          ],
          [
            51.49557802436793,
            43.260993376672104
          ],
          [
            51.49569217151368,
            43.26089606054233
          ],
          [
            51.49580631865945,
            43.260798744412554
          ],
          [
            51.49592046580521,
            43.26070142828278
          ],
          [
            51.496034612950986,
            43.26060411215301
          ],
          [
            51.49614876009675,
            43.26050679602323
          ],
          [
            51.49626290724251,
            43.26040947989346
          ],
          [
            51.49637705438827,
            43.26031216376369
          ],
          [
            51.49649120153404,
            43.26021484763391
          ],
          [
            51.4966053486798,
            43.26011753150415
          ],
          [
            51.49671949582556,
            43.26002021537437
          ],
          [
            51.496833642971325,
            43.2599228992446
          ],
          [
            51.49694779011709,
            43.25982558311482
          ],
          [
            51.497061937262856,
            43.25972826698504
          ],
          [
            51.49717608440862,
            43.25963095085528
          ],
          [
            51.49729023155438,
            43.2595336347255
          ],
          [
            51.49740437870014,
            43.259436318595725
          ],
          [
            51.49751852584591,
            43.259339002465964
          ],
          [
            51.49763267299168,
            43.25924168633618
          ],
          [
            51.497746820137436,
            43.259144370206414
          ],
          [
            51.4978609672832,
            43.25904705407664
          ],
          [
            51.49797511442896,
            43.258949737946864
          ],
          [
            51.49808926157472,
            43.25885242181709
          ],
          [
            51.4982034087205,
            43.25875510568732
          ],
          [
            51.49831755586625,
            43.258657789557546
          ],
          [
            51.49843170301202,
            43.25856047342777
          ],
          [
            51.49854585015778,
            43.258463157298
          ],
          [
            51.49865999730355,
            43.25836584116822
          ],
          [
            51.49877414444931,
            43.25826852503846
          ],
          [
            51.49888829159507,
            43.25817120890868
          ],
          [
            51.49900243874083,
            43.25807389277891
          ],
          [
            51.499116585886604,
            43.25797657664914
          ],
          [
            51.49923073303236,
            43.25787926051936
          ],
          [
            51.499344880178135,
            43.25778194438959
          ],
          [
            51.49945902732389,
            43.257684628259824
          ],
          [
            51.49957317446965,
            43.25758731213004
          ],
          [
            51.49968732161542,
            43.257489996000274
          ],
          [
            51.49980146876118,
            43.2573926798705
          ],
          [
            51.49991561590694,
            43.257295363740724
          ],
          [
            51.50002976305271,
            43.25719804761095
          ],
          [
            51.500143910198474,
            43.25710073148118
          ],
          [
            51.50025805734424,
            43.257003415351406
          ],
          [
            51.500372204490006,
            43.25690609922164
          ],
          [
            51.500486351635764,
            43.256808783091856
          ],
          [
            51.50060049878153,
            43.25671146696209
          ],
          [
            51.50071464592729,
            43.25661415083232
          ],
          [
            51.50082879307306,
            43.25651683470254
          ],
          [
            51.50094294021882,
            43.25641951857277
          ],
          [
            51.50105708736459,
            43.256322202443
          ],
          [
            51.501171234510345,
            43.25622488631322
          ],
          [
            51.50128538165611,
            43.25612757018345
          ],
          [
            51.50139952880187,
            43.256030254053684
          ],
          [
            51.501513675947635,
            43.2559329379239
          ],
          [
            51.5016278230934,
            43.25583562179413
          ],
          [
            51.50174197023917,
            43.25573830566436
          ],
          [
            51.50185611738493,
            43.255640989534584
          ],
          [
            51.5019702645307,
            43.25554367340481
          ],
          [
            51.50208441167646,
            43.25544635727504
          ],
          [
            51.50219855882222,
            43.255349041145266
          ],
          [
            51.50231270596798,
            43.25525172501549
          ],
          [
            51.50242685311375,
            43.255154408885716
          ],
          [
            51.50254100025951,
            43.25505709275594
          ],
          [
            51.50265514740528,
            43.25495977662617
          ],
          [
            51.502769294551044,
            43.25486246049639
          ],
          [
            51.5028834416968,
            43.25476514436662
          ],
          [
            51.50299758884257,
            43.25466782823685
          ],
          [
            51.50311173598833,
            43.25457051210707
          ],
          [
            51.50322588313409,
            43.25447319597731
          ],
          [
            51.503340030279865,
            43.25437587984754
          ],
          [
            51.503454177425624,
            43.25427856371776
          ],
          [
            51.50356832457138,
            43.254181247587994
          ],
          [
            51.50368247171715,
            43.25408393145821
          ],
          [
            51.50379661886291,
            43.253986615328444
          ],
          [
            51.50391076600868,
            43.25388929919867
          ],
          [
            51.504024913154446,
            43.25379198306889
          ],
          [
            51.50413906030021,
            43.253694666939126
          ],
          [
            51.50425320744597,
            43.25359735080935
          ],
          [
            51.50436735459173,
            43.253500034679575
          ],
          [
            51.5044815017375,
            43.2534027185498
          ],
          [
            51.50459564888325,
            43.25330540242003
          ],
          [
            51.50470979602902,
            43.25320808629026
          ],
          [
            51.504823943174785,
            43.25311077016048
          ],
          [
            51.50493809032056,
            43.25301345403071
          ],
          [
            51.50505223746631,
            43.25291613790093
          ],
          [
            51.50516638461208,
            43.25281882177117
          ],
          [
            51.50528053175784,
            43.25272150564139
          ],
          [
            51.5053946789036,
            43.25262418951162
          ],
          [
            51.50550882604937,
            43.25252687338185
          ],
          [
            51.50562297319514,
            43.25242955725207
          ],
          [
            51.505737120340896,
            43.2523322411223
          ],
          [
            51.50585126748666,
            43.25223492499253
          ],
          [
            51.50596541463242,
            43.25213760886275
          ],
          [
            51.50607956177818,
            43.25204029273298
          ],
          [
            51.506193708923945,
            43.25194297660321
          ],
          [
            51.50630785606971,
            43.251845660473435
          ],
          [
            51.50642200321548,
            43.25174834434367
          ],
          [
            51.50653615036124,
            43.251651028213885
          ],
          [
            51.50665029750701,
            43.25155371208412
          ],
          [
            51.506764444652774,
            43.25145639595435
          ],
          [
            51.50687859179853,
            43.25135907982457
          ],
          [
            51.50699273894429,
            43.2512617636948
          ],
          [
            51.50710688609006,
            43.25116444756503
          ],
          [
            51.50722103323583,
            43.25106713143525
          ],
          [
            51.507335180381595,
            43.25096981530548
          ],
          [
            51.50744932752735,
            43.2508724991757
          ],
          [
            51.50756347467311,
            43.25077518304593
          ],
          [
            51.50767762181887,
            43.25067786691616
          ],
          [
            51.50779176896464,
            43.25058055078639
          ],
          [
            51.5079059161104,
            43.25048323465661
          ],
          [
            51.50802006325617,
            43.25038591852684
          ],
          [
            51.508134210401934,
            43.25028860239707
          ],
          [
            51.508248357547686,
            43.250191286267295
          ],
          [
            51.508362504693466,
            43.25009397013752
          ],
          [
            51.50847665183922,
            43.24999665400775
          ],
          [
            51.50859079898498,
            43.24989933787797
          ],
          [
            51.50870494613075,
            43.2498020217482
          ],
          [
            51.508819093276514,
            43.24970470561843
          ],
          [
            51.50893324042228,
            43.24960738948865
          ],
          [
            51.509047387568046,
            43.249510073358884
          ],
          [
            51.50916153471381,
            43.2494127572291
          ],
          [
            51.509275681859556,
            43.24931544109934
          ],
          [
            51.50938982900533,
            43.24921812496956
          ],
          [
            51.5095039761511,
            43.24912080883979
          ],
          [
            51.50961812329687,
            43.249023492710016
          ],
          [
            51.509732270442626,
            43.24892617658024
          ],
          [
            51.509846417588385,
            43.24882886045047
          ],
          [
            51.50996056473414,
            43.2487315443207
          ],
          [
            51.510074711879916,
            43.24863422819092
          ],
          [
            51.510188859025675,
            43.248536912061155
          ],
          [
            51.51030300617145,
            43.24843959593137
          ],
          [
            51.5104171533172,
            43.248342279801605
          ],
          [
            51.51053130046298,
            43.24824496367184
          ],
          [
            51.51064544760873,
            43.24814764754206
          ],
          [
            51.510759594754504,
            43.24805033141228
          ],
          [
            51.510873741900255,
            43.24795301528252
          ],
          [
            51.51098788904603,
            43.247855699152744
          ],
          [
            51.51110203619179,
            43.24775838302297
          ],
          [
            51.51121618333756,
            43.247661066893194
          ],
          [
            51.51133033048332,
            43.24756375076342
          ],
          [
            51.511444477629084,
            43.24746643463365
          ],
          [
            51.511558624774835,
            43.24736911850388
          ],
          [
            51.5116727719206,
            43.2472718023741
          ],
          [
            51.511786919066374,
            43.24717448624433
          ],
          [
            51.51190106621214,
            43.24707717011456
          ],
          [
            51.5120152133579,
            43.24697985398478
          ],
          [
            51.512129360503664,
            43.246882537855015
          ],
          [
            51.51224350764943,
            43.24678522172524
          ],
          [
            51.51235765479519,
            43.246687905595465
          ],
          [
            51.512471801940954,
            43.2465905894657
          ],
          [
            51.51258594908671,
            43.246493273335915
          ],
          [
            51.512700096232486,
            43.24639595720615
          ],
          [
            51.512814243378244,
            43.24629864107637
          ],
          [
            51.51292839052402,
            43.2462013249466
          ],
          [
            51.513042537669776,
            43.24610400881683
          ],
          [
            51.513156684815534,
            43.246006692687054
          ],
          [
            51.5132708319613,
            43.24590937655728
          ],
          [
            51.51338497910706,
            43.245812060427504
          ],
          [
            51.51349912625283,
            43.24571474429774
          ],
          [
            51.5136132733986,
            43.245617428167954
          ],
          [
            51.51372742054435,
            43.24552011203819
          ],
          [
            51.513841567690115,
            43.24542279590842
          ],
          [
            51.51395571483589,
            43.24532547977864
          ],
          [
            51.514069861981646,
            43.245228163648875
          ],
          [
            51.51418400912741,
            43.2451308475191
          ],
          [
            51.51429815627317,
            43.245033531389325
          ],
          [
            51.514412303418936,
            43.24493621525955
          ],
          [
            51.514526450564695,
            43.24483889912978
          ],
          [
            51.51464059771047,
            43.24474158300001
          ],
          [
            51.514754744856226,
            43.24464426687023
          ],
          [
            51.51486889200199,
            43.24454695074046
          ],
          [
            51.51498303914775,
            43.24444963461068
          ],
          [
            51.515097186293524,
            43.244352318480914
          ],
          [
            51.51521133343928,
            43.24425500235114
          ],
          [
            51.51532548058505,
            43.244157686221364
          ],
          [
            51.51543962773081,
            43.24406037009159
          ],
          [
            51.51555377487657,
            43.243963053961814
          ],
          [
            51.51566792202234,
            43.243865737832046
          ],
          [
            51.5157820691681,
            43.24376842170227
          ],
          [
            51.51589621631386,
            43.2436711055725
          ],
          [
            51.51601036345963,
            43.243573789442735
          ],
          [
            51.516124510605394,
            43.24347647331295
          ],
          [
            51.51623865775116,
            43.24337915718318
          ],
          [
            51.51635280489692,
            43.24328184105341
          ],
          [
            51.51646695204268,
            43.243184524923635
          ],
          [
            51.51658109918844,
            43.24308720879386
          ],
          [
            51.51669524633421,
            43.24298989266409
          ],
          [
            51.516809393479974,
            43.24289257653432
          ],
          [
            51.51692354062574,
            43.24279526040455
          ],
          [
            51.5170376877715,
            43.242697944274774
          ],
          [
            51.51715183491726,
            43.24260062814499
          ],
          [
            51.51726598206302,
            43.24250331201523
          ],
          [
            51.517380129208796,
            43.24240599588545
          ],
          [
            51.517494276354554,
            43.24230867975567
          ],
          [
            51.51760842350032,
            43.24221136362591
          ],
          [
            51.517722570646086,
            43.24211404749613
          ],
          [
            51.51783671779185,
            43.24201673136636
          ],
          [
            51.51795086493761,
            43.24191941523659
          ],
          [
            51.518065012083376,
            43.24182209910681
          ],
          [
            51.51817915922913,
            43.241724782977045
          ],
          [
            51.5182933063749,
            43.24162746684727
          ],
          [
            51.518407453520666,
            43.2415301507175
          ],
          [
            51.51852160066643,
            43.24143283458772
          ],
          [
            51.51863574781219,
            43.24133551845795
          ],
          [
            51.518749894957956,
            43.24123820232817
          ],
          [
            51.51886404210371,
            43.24114088619841
          ],
          [
            51.51897818924948,
            43.241043570068626
          ],
          [
            51.51909233639525,
            43.24094625393886
          ],
          [
            51.51920648354102,
            43.24084893780909
          ],
          [
            51.51932063068678,
            43.2407516216793
          ],
          [
            51.51943477783254,
            43.24065430554954
          ],
          [
            51.519548924978295,
            43.24055698941977
          ],
          [
            51.51966307212407,
            43.24045967328999
          ],
          [
            51.519777219269834,
            43.24036235716022
          ],
          [
            51.5198913664156,
            43.24026504103045
          ],
          [
            51.52000551356136,
            43.24016772490067
          ],
          [
            51.520119660707124,
            43.240070408770904
          ],
          [
            51.52023380785288,
            43.23997309264113
          ],
          [
            51.52034795499865,
            43.23987577651135
          ],
          [
            51.520462102144414,
            43.23977846038158
          ],
          [
            51.520576249290166,
            43.23968114425181
          ],
          [
            51.520690396435946,
            43.23958382812203
          ],
          [
            51.520804543581704,
            43.23948651199226
          ],
          [
            51.52091869072747,
            43.239389195862486
          ],
          [
            51.52103283787322,
            43.23929187973271
          ],
          [
            51.521146985018994,
            43.23919456360294
          ],
          [
            51.52126113216475,
            43.23909724747316
          ],
          [
            51.521375279310526,
            43.23899993134339
          ],
          [
            51.521489426456284,
            43.23890261521362
          ],
          [
            51.52160357360206,
            43.23880529908385
          ],
          [
            51.521717720747816,
            43.238707982954075
          ],
          [
            51.52183186789358,
            43.2386106668243
          ],
          [
            51.52194601503935,
            43.23851335069453
          ],
          [
            51.5220601621851,
            43.238416034564764
          ],
          [
            51.522174309330865,
            43.23831871843498
          ],
          [
            51.52228845647663,
            43.238221402305214
          ],
          [
            51.5224026036224,
            43.23812408617544
          ],
          [
            51.52251675076817,
            43.238026770045664
          ],
          [
            51.52263089791392,
            43.23792945391589
          ],
          [
            51.522745045059686,
            43.23783213778612
          ],
          [
            51.522859192205445,
            43.237734821656346
          ],
          [
            51.52297333935121,
            43.23763750552658
          ],
          [
            51.52308748649698,
            43.2375401893968
          ],
          [
            51.52320163364274,
            43.23744287326702
          ],
          [
            51.52331578078851,
            43.23734555713725
          ],
          [
            51.523429927934274,
            43.23724824100748
          ],
          [
            51.523544075080025,
            43.2371509248777
          ],
          [
            51.5236582222258,
            43.23705360874794
          ],
          [
            51.52377236937156,
            43.23695629261816
          ],
          [
            51.52388651651732,
            43.236858976488385
          ],
          [
            51.52400066366309,
            43.23676166035861
          ],
          [
            51.524114810808854,
            43.23666434422884
          ],
          [
            51.52422895795461,
            43.236567028099074
          ],
          [
            51.52434310510038,
            43.2364697119693
          ],
          [
            51.52445725224613,
            43.236372395839524
          ],
          [
            51.5245713993919,
            43.236275079709756
          ],
          [
            51.52468554653767,
            43.236177763579974
          ],
          [
            51.52479969368344,
            43.236080447450206
          ],
          [
            51.52491384082919,
            43.23598313132044
          ],
          [
            51.52502798797496,
            43.235885815190656
          ],
          [
            51.52514213512072,
            43.23578849906089
          ],
          [
            51.52525628226649,
            43.23569118293112
          ],
          [
            51.52537042941225,
            43.23559386680133
          ],
          [
            51.525484576558014,
            43.23549655067157
          ],
          [
            51.52559872370378,
            43.2353992345418
          ],
          [
            51.525712870849546,
            43.23530191841201
          ],
          [
            51.52582701799531,
            43.23520460228225
          ],
          [
            51.52594116514106,
            43.23510728615248
          ],
          [
            51.52605531228683,
            43.235009970022695
          ],
          [
            51.5261694594326,
            43.234912653892934
          ],
          [
            51.52628360657836,
            43.23481533776315
          ],
          [
            51.526397753724126,
            43.234718021633384
          ],
          [
            51.52651190086989,
            43.23462070550361
          ],
          [
            51.52662604801565,
            43.23452338937384
          ],
          [
            51.52674019516141,
            43.234426073244066
          ],
          [
            51.526854342307175,
            43.23432875711429
          ],
          [
            51.52696848945295,
            43.234231440984516
          ],
          [
            51.527082636598706,
            43.23413412485474
          ],
          [
            51.52719678374448,
            43.23403680872497
          ],
          [
            51.52731093089023,
            43.23393949259519
          ],
          [
            51.52742507803599,
            43.23384217646542
          ],
          [
            51.52753922518176,
            43.23374486033566
          ],
          [
            51.52765337232753,
            43.23364754420588
          ],
          [
            51.52776751947329,
            43.23355022807611
          ],
          [
            51.52788166661906,
            43.23345291194633
          ],
          [
            51.52799581376482,
            43.23335559581656
          ],
          [
            51.528109960910584,
            43.233258279686794
          ],
          [
            51.52822410805634,
            43.23316096355701
          ],
          [
            51.528338255202094,
            43.233063647427244
          ],
          [
            51.52845240234787,
            43.23296633129747
          ],
          [
            51.52856654949364,
            43.232869015167694
          ],
          [
            51.528680696639405,
            43.232771699037926
          ],
          [
            51.528794843785164,
            43.23267438290815
          ],
          [
            51.52890899093093,
            43.232577066778376
          ],
          [
            51.52902313807669,
            43.2324797506486
          ],
          [
            51.52913728522245,
            43.23238243451883
          ],
          [
            51.52925143236821,
            43.23228511838905
          ],
          [
            51.52936557951398,
            43.23218780225929
          ],
          [
            51.529479726659744,
            43.23209048612951
          ],
          [
            51.52959387380551,
            43.23199316999974
          ],
          [
            51.529708020951276,
            43.23189585386997
          ],
          [
            51.529822168097034,
            43.23179853774019
          ],
          [
            51.5299363152428,
            43.23170122161042
          ],
          [
            51.53005046238856,
            43.23160390548064
          ],
          [
            51.530164609534324,
            43.23150658935087
          ],
          [
            51.5302787566801,
            43.231409273221104
          ],
          [
            51.530392903825856,
            43.23131195709132
          ],
          [
            51.530507050971615,
            43.231214640961554
          ],
          [
            51.53062119811738,
            43.231117324831786
          ],
          [
            51.53073534526314,
            43.231020008702004
          ],
          [
            51.53084949240891,
            43.230922692572236
          ],
          [
            51.53096363955468,
            43.23082537644247
          ],
          [
            51.53107778670044,
            43.23072806031269
          ],
          [
            51.5311919338462,
            43.23063074418291
          ],
          [
            51.53130608099197,
            43.230533428053135
          ],
          [
            51.53142022813772,
            43.23043611192336
          ],
          [
            51.531534375283485,
            43.2303387957936
          ],
          [
            51.53164852242925,
            43.230241479663825
          ],
          [
            51.53176266957502,
            43.23014416353405
          ],
          [
            51.53187681672078,
            43.23004684740428
          ],
          [
            51.531990963866555,
            43.22994953127451
          ],
          [
            51.532105111012314,
            43.229852215144724
          ],
          [
            51.53221925815807,
            43.229754899014964
          ],
          [
            51.53233340530383,
            43.22965758288518
          ],
          [
            51.5324475524496,
            43.22956026675541
          ],
          [
            51.53256169959537,
            43.229462950625646
          ],
          [
            51.53267584674113,
            43.22936563449587
          ],
          [
            51.53278999388689,
            43.229268318366096
          ],
          [
            51.53290414103265,
            43.22917100223632
          ],
          [
            51.53301828817842,
            43.22907368610655
          ],
          [
            51.53313243532418,
            43.22897636997677
          ],
          [
            51.53324658246995,
            43.228879053847
          ],
          [
            51.53336072961571,
            43.22878173771722
          ],
          [
            51.533474876761474,
            43.22868442158746
          ],
          [
            51.53358902390724,
            43.228587105457684
          ],
          [
            51.533703171053006,
            43.2284897893279
          ],
          [
            51.533817318198764,
            43.228392473198134
          ],
          [
            51.53393146534453,
            43.22829515706836
          ],
          [
            51.53404561249029,
            43.22819784093859
          ],
          [
            51.534159759636054,
            43.22810052480882
          ],
          [
            51.53427390678183,
            43.22800320867904
          ],
          [
            51.534388053927586,
            43.22790589254927
          ],
          [
            51.534502201073344,
            43.22780857641949
          ],
          [
            51.5346163482191,
            43.22771126028972
          ],
          [
            51.53473049536487,
            43.227613944159955
          ],
          [
            51.534844642510635,
            43.22751662803018
          ],
          [
            51.53495878965641,
            43.227419311900405
          ],
          [
            51.535072936802166,
            43.22732199577064
          ],
          [
            51.53518708394793,
            43.227224679640855
          ],
          [
            51.53530123109368,
            43.22712736351109
          ],
          [
            51.535415378239456,
            43.22703004738131
          ],
          [
            51.535529525385215,
            43.22693273125154
          ],
          [
            51.53564367253099,
            43.22683541512176
          ],
          [
            51.535757819676746,
            43.226738098991994
          ],
          [
            51.53587196682252,
            43.22664078286222
          ],
          [
            51.535986113968285,
            43.22654346673245
          ],
          [
            51.53610026111404,
            43.22644615060267
          ],
          [
            51.5362144082598,
            43.2263488344729
          ],
          [
            51.53632855540556,
            43.22625151834313
          ],
          [
            51.53644270255133,
            43.22615420221336
          ],
          [
            51.53655684969709,
            43.22605688608358
          ],
          [
            51.53667099684286,
            43.225959569953815
          ],
          [
            51.53678514398862,
            43.22586225382403
          ],
          [
            51.536899291134375,
            43.22576493769427
          ],
          [
            51.53701343828014,
            43.22566762156449
          ],
          [
            51.537127585425914,
            43.225570305434715
          ],
          [
            51.53724173257167,
            43.22547298930494
          ],
          [
            51.53735587971744,
            43.22537567317517
          ],
          [
            51.537470026863204,
            43.2252783570454
          ],
          [
            51.53758417400897,
            43.22518104091562
          ],
          [
            51.53769832115473,
            43.22508372478586
          ],
          [
            51.5378124683005,
            43.22498640865607
          ],
          [
            51.53792661544625,
            43.224889092526304
          ],
          [
            51.53804076259202,
            43.22479177639653
          ],
          [
            51.538154909737784,
            43.22469446026676
          ],
          [
            51.53826905688356,
            43.22459714413699
          ],
          [
            51.538383204029316,
            43.22449982800721
          ],
          [
            51.538497351175074,
            43.22440251187744
          ],
          [
            51.53861149832083,
            43.224305195747675
          ],
          [
            51.5387256454666,
            43.2242078796179
          ],
          [
            51.538839792612364,
            43.22411056348812
          ],
          [
            51.53895393975813,
            43.22401324735835
          ],
          [
            51.539068086903896,
            43.223915931228575
          ],
          [
            51.53918223404966,
            43.2238186150988
          ],
          [
            51.53929638119543,
            43.22372129896903
          ],
          [
            51.539410528341186,
            43.22362398283926
          ],
          [
            51.53952467548695,
            43.22352666670948
          ],
          [
            51.53963882263271,
            43.223429350579714
          ],
          [
            51.539752969778476,
            43.22333203444993
          ],
          [
            51.53986711692424,
            43.223234718320164
          ],
          [
            51.53998126407001,
            43.22313740219039
          ],
          [
            51.540095411215766,
            43.22304008606062
          ],
          [
            51.540209558361525,
            43.222942769930846
          ],
          [
            51.54032370550729,
            43.22284545380107
          ],
          [
            51.540437852653056,
            43.2227481376713
          ],
          [
            51.54055199979883,
            43.22265082154153
          ],
          [
            51.54066614694459,
            43.22255350541175
          ],
          [
            51.540780294090354,
            43.222456189281985
          ],
          [
            51.540894441236105,
            43.2223588731522
          ],
          [
            51.54100858838188,
            43.22226155702244
          ],
          [
            51.541122735527644,
            43.22216424089266
          ],
          [
            51.5412368826734,
            43.22206692476289
          ],
          [
            51.54135102981917,
            43.22196960863312
          ],
          [
            51.541465176964934,
            43.22187229250334
          ],
          [
            51.54157932411069,
            43.22177497637357
          ],
          [
            51.54169347125646,
            43.22167766024379
          ],
          [
            51.54180761840222,
            43.221580344114024
          ],
          [
            51.54192176554799,
            43.22148302798425
          ],
          [
            51.54203591269375,
            43.22138571185448
          ],
          [
            51.542150059839514,
            43.221288395724706
          ],
          [
            51.54226420698528,
            43.22119107959493
          ],
          [
            51.542378354131046,
            43.22109376346516
          ],
          [
            51.542492501276804,
            43.22099644733538
          ],
          [
            51.54260664842256,
            43.22089913120562
          ],
          [
            51.542720795568336,
            43.220801815075845
          ],
          [
            51.5428349427141,
            43.22070449894607
          ],
          [
            51.54294908985986,
            43.220607182816295
          ],
          [
            51.543063237005626,
            43.22050986668653
          ],
          [
            51.54317738415139,
            43.220412550556745
          ],
          [
            51.54329153129715,
            43.22031523442698
          ],
          [
            51.543405678442916,
            43.22021791829721
          ],
          [
            51.543519825588675,
            43.22012060216743
          ],
          [
            51.54363397273444,
            43.22002328603765
          ],
          [
            51.543748119880206,
            43.219925969907884
          ],
          [
            51.54386226702598,
            43.2198286537781
          ],
          [
            51.54397641417173,
            43.21973133764834
          ],
          [
            51.54409056131749,
            43.21963402151856
          ],
          [
            51.54420470846326,
            43.219536705388784
          ],
          [
            51.54431885560902,
            43.219439389259016
          ],
          [
            51.54443300275479,
            43.21934207312924
          ],
          [
            51.54454714990055,
            43.219244756999466
          ],
          [
            51.54466129704632,
            43.219147440869705
          ],
          [
            51.54477544419208,
            43.21905012473992
          ],
          [
            51.54488959133785,
            43.218952808610155
          ],
          [
            51.5450037384836,
            43.21885549248038
          ],
          [
            51.54511788562937,
            43.2187581763506
          ],
          [
            51.54523203277513,
            43.21866086022084
          ],
          [
            51.5453461799209,
            43.21856354409106
          ],
          [
            51.54546032706667,
            43.21846622796129
          ],
          [
            51.54557447421244,
            43.21836891183151
          ],
          [
            51.54568862135819,
            43.21827159570174
          ],
          [
            51.54580276850395,
            43.21817427957196
          ],
          [
            51.54591691564971,
            43.21807696344219
          ],
          [
            51.546031062795485,
            43.21797964731242
          ],
          [
            51.546145209941244,
            43.21788233118264
          ],
          [
            51.546259357087,
            43.21778501505288
          ],
          [
            51.54637350423277,
            43.21768769892309
          ],
          [
            51.54648765137853,
            43.21759038279333
          ],
          [
            51.54660179852429,
            43.21749306666355
          ],
          [
            51.54671594567006,
            43.21739575053378
          ],
          [
            51.54683009281583,
            43.217298434404015
          ],
          [
            51.54694423996158,
            43.21720111827424
          ],
          [
            51.547058387107356,
            43.217103802144464
          ],
          [
            51.54717253425312,
            43.2170064860147
          ],
          [
            51.54728668139889,
            43.216909169884914
          ],
          [
            51.54740082854464,
            43.216811853755146
          ],
          [
            51.547514975690405,
            43.21671453762537
          ],
          [
            51.54762912283617,
            43.216617221495596
          ],
          [
            51.54774326998194,
            43.21651990536583
          ],
          [
            51.5478574171277,
            43.21642258923605
          ],
          [
            51.54797156427346,
            43.21632527310627
          ],
          [
            51.548085711419226,
            43.21622795697651
          ],
          [
            51.548199858564985,
            43.216130640846735
          ],
          [
            51.54831400571076,
            43.21603332471696
          ],
          [
            51.548428152856516,
            43.21593600858719
          ],
          [
            51.54854230000228,
            43.21583869245741
          ],
          [
            51.54865644714805,
            43.21574137632764
          ],
          [
            51.54877059429381,
            43.215644060197874
          ],
          [
            51.548884741439565,
            43.21554674406809
          ],
          [
            51.54899888858533,
            43.215449427938324
          ],
          [
            51.5491130357311,
            43.21535211180855
          ],
          [
            51.54922718287686,
            43.215254795678774
          ],
          [
            51.54934133002263,
            43.215157479549006
          ],
          [
            51.5494554771684,
            43.21506016341923
          ],
          [
            51.54956962431415,
            43.214962847289456
          ],
          [
            51.54968377145992,
            43.21486553115968
          ],
          [
            51.54979791860568,
            43.21476821502992
          ],
          [
            51.54991206575144,
            43.21467089890013
          ],
          [
            51.55002621289721,
            43.21457358277036
          ],
          [
            51.550140360042974,
            43.21447626664059
          ],
          [
            51.55025450718873,
            43.21437895051081
          ],
          [
            51.55036865433449,
            43.21428163438105
          ],
          [
            51.55048280148026,
            43.21418431825127
          ],
          [
            51.55059694862602,
            43.2140870021215
          ],
          [
            51.55071109577179,
            43.213989685991734
          ],
          [
            51.550825242917554,
            43.21389236986195
          ],
          [
            51.55093939006332,
            43.21379505373218
          ],
          [
            51.551053537209086,
            43.21369773760241
          ],
          [
            51.55116768435485,
            43.213600421472634
          ],
          [
            51.55128183150061,
            43.213503105342866
          ],
          [
            51.55139597864637,
            43.21340578921309
          ],
          [
            51.551510125792134,
            43.213308473083316
          ],
          [
            51.551624272937914,
            43.21321115695354
          ],
          [
            51.551738420083666,
            43.213113840823766
          ],
          [
            51.55185256722943,
            43.213016524694
          ],
          [
            51.55196671437519,
            43.21291920856422
          ],
          [
            51.55208086152095,
            43.21282189243445
          ],
          [
            51.552195008666715,
            43.21272457630468
          ],
          [
            51.55230915581249,
            43.212627260174905
          ],
          [
            51.552423302958246,
            43.21252994404513
          ],
          [
            51.552537450104005,
            43.212432627915355
          ],
          [
            51.55265159724978,
            43.212335311785594
          ],
          [
            51.55276574439554,
            43.21223799565581
          ],
          [
            51.5528798915413,
            43.212140679526044
          ],
          [
            51.55299403868706,
            43.21204336339626
          ],
          [
            51.553108185832826,
            43.211946047266494
          ],
          [
            51.55322233297859,
            43.211848731136726
          ],
          [
            51.553336480124365,
            43.211751415006944
          ],
          [
            51.55345062727012,
            43.211654098877176
          ],
          [
            51.55356477441589,
            43.21155678274741
          ],
          [
            51.55367892156165,
            43.21145946661763
          ],
          [
            51.55379306870741,
            43.21136215048785
          ],
          [
            51.55390721585317,
            43.21126483435808
          ],
          [
            51.554021362998945,
            43.21116751822831
          ],
          [
            51.554135510144704,
            43.21107020209854
          ],
          [
            51.55424965729047,
            43.210972885968765
          ],
          [
            51.55436380443623,
            43.21087556983899
          ],
          [
            51.55447795158199,
            43.21077825370922
          ],
          [
            51.55459209872775,
            43.21068093757944
          ],
          [
            51.55470624587352,
            43.21058362144967
          ],
          [
            51.554820393019284,
            43.210486305319904
          ],
          [
            51.55493454016505,
            43.21038898919012
          ],
          [
            51.555048687310816,
            43.210291673060354
          ],
          [
            51.555162834456574,
            43.210194356930586
          ],
          [
            51.55527698160234,
            43.210097040800804
          ],
          [
            51.5553911287481,
            43.20999972467104
          ],
          [
            51.555505275893864,
            43.20990240854127
          ],
          [
            51.55561942303964,
            43.209805092411486
          ],
          [
            51.5557335701854,
            43.20970777628172
          ],
          [
            51.555847717331154,
            43.20961046015194
          ],
          [
            51.55596186447693,
            43.20951314402217
          ],
          [
            51.55607601162268,
            43.2094158278924
          ],
          [
            51.556190158768445,
            43.209318511762625
          ],
          [
            51.55630430591422,
            43.20922119563284
          ],
          [
            51.556418453059976,
            43.20912387950308
          ],
          [
            51.55653260020575,
            43.2090265633733
          ],
          [
            51.556646747351515,
            43.208929247243525
          ],
          [
            51.55676089449727,
            43.208831931113764
          ],
          [
            51.556875041643025,
            43.208734614983975
          ],
          [
            51.5569891887888,
            43.208637298854214
          ],
          [
            51.557103335934556,
            43.20853998272444
          ],
          [
            51.55721748308032,
            43.20844266659466
          ],
          [
            51.55733163022609,
            43.208345350464896
          ],
          [
            51.55744577737185,
            43.20824803433512
          ],
          [
            51.557559924517605,
            43.208150718205346
          ],
          [
            51.55767407166338,
            43.20805340207557
          ],
          [
            51.55778821880914,
            43.207956085945796
          ],
          [
            51.55790236595491,
            43.20785876981602
          ],
          [
            51.55801651310067,
            43.20776145368625
          ],
          [
            51.558130660246434,
            43.20766413755648
          ],
          [
            51.55824480739219,
            43.20756682142671
          ],
          [
            51.55835895453795,
            43.20746950529694
          ],
          [
            51.558473101683724,
            43.20737218916715
          ],
          [
            51.55858724882948,
            43.20727487303739
          ],
          [
            51.558701395975255,
            43.20717755690761
          ],
          [
            51.558815543121014,
            43.20708024077784
          ],
          [
            51.55892969026679,
            43.206982924648074
          ],
          [
            51.559043837412545,
            43.20688560851829
          ],
          [
            51.559157984558304,
            43.206788292388524
          ],
          [
            51.55927213170407,
            43.20669097625874
          ],
          [
            51.55938627884983,
            43.20659366012897
          ],
          [
            51.559500425995594,
            43.206496343999206
          ],
          [
            51.55961457314137,
            43.20639902786943
          ],
          [
            51.559728720287126,
            43.206301711739656
          ],
          [
            51.559842867432884,
            43.20620439560988
          ],
          [
            51.55995701457865,
            43.20610707948011
          ],
          [
            51.56007116172441,
            43.20600976335034
          ],
          [
            51.56018530887018,
            43.20591244722057
          ],
          [
            51.56029945601595,
            43.205815131090795
          ],
          [
            51.560413603161706,
            43.20571781496102
          ],
          [
            51.560527750307465,
            43.20562049883125
          ],
          [
            51.56064189745324,
            43.20552318270147
          ],
          [
            51.560756044598996,
            43.2054258665717
          ],
          [
            51.56087019174476,
            43.20532855044193
          ],
          [
            51.56098433889052,
            43.20523123431215
          ],
          [
            51.56109848603628,
            43.20513391818239
          ],
          [
            51.56121263318205,
            43.2050366020526
          ],
          [
            51.561326780327825,
            43.20493928592283
          ],
          [
            51.561440927473576,
            43.204841969793065
          ],
          [
            51.561555074619335,
            43.20474465366329
          ],
          [
            51.5616692217651,
            43.204647337533515
          ],
          [
            51.561783368910866,
            43.20455002140374
          ],
          [
            51.56189751605664,
            43.20445270527397
          ],
          [
            51.5620116632024,
            43.2043553891442
          ],
          [
            51.56212581034816,
            43.20425807301442
          ],
          [
            51.56223995749393,
            43.20416075688465
          ],
          [
            51.56235410463969,
            43.20406344075487
          ],
          [
            51.56246825178545,
            43.20396612462511
          ],
          [
            51.56258239893122,
            43.20386880849533
          ],
          [
            51.56269654607698,
            43.20377149236556
          ],
          [
            51.562810693222744,
            43.20367417623579
          ],
          [
            51.56292484036851,
            43.20357686010601
          ],
          [
            51.563038987514275,
            43.20347954397624
          ],
          [
            51.563153134660034,
            43.20338222784647
          ],
          [
            51.56326728180579,
            43.20328491171669
          ],
          [
            51.56338142895156,
            43.203187595586925
          ],
          [
            51.56349557609734,
            43.20309027945715
          ],
          [
            51.56360972324309,
            43.202992963327375
          ],
          [
            51.56372387038886,
            43.2028956471976
          ],
          [
            51.563838017534614,
            43.202798331067825
          ],
          [
            51.56395216468039,
            43.20270101493806
          ],
          [
            51.564066311826146,
            43.20260369880828
          ],
          [
            51.564180458971904,
            43.202506382678514
          ],
          [
            51.56429460611767,
            43.20240906654874
          ],
          [
            51.564408753263436,
            43.202311750418964
          ],
          [
            51.5645229004092,
            43.20221443428919
          ],
          [
            51.56463704755496,
            43.202117118159414
          ],
          [
            51.564751194700726,
            43.20201980202965
          ],
          [
            51.56486534184649,
            43.201922485899864
          ],
          [
            51.56497948899226,
            43.2018251697701
          ],
          [
            51.565093636138016,
            43.20172785364032
          ],
          [
            51.56520778328379,
            43.201630537510546
          ],
          [
            51.56532193042955,
            43.20153322138079
          ],
          [
            51.56543607757531,
            43.20143590525101
          ],
          [
            51.56555022472107,
            43.201338589121235
          ],
          [
            51.56566437186683,
            43.20124127299146
          ],
          [
            51.565778519012596,
            43.20114395686169
          ],
          [
            51.56589266615837,
            43.20104664073192
          ],
          [
            51.56600681330413,
            43.20094932460214
          ],
          [
            51.566120960449894,
            43.200852008472374
          ],
          [
            51.56623510759566,
            43.2007546923426
          ],
          [
            51.56634925474142,
            43.200657376212824
          ],
          [
            51.566463401887184,
            43.20056006008305
          ],
          [
            51.56657754903294,
            43.20046274395328
          ],
          [
            51.56669169617871,
            43.200365427823506
          ],
          [
            51.566805843324474,
            43.200268111693724
          ],
          [
            51.56691999047024,
            43.20017079556396
          ],
          [
            51.56703413761599,
            43.20007347943418
          ],
          [
            51.56714828476177,
            43.19997616330441
          ],
          [
            51.56726243190752,
            43.19987884717464
          ],
          [
            51.56737657905329,
            43.19978153104486
          ],
          [
            51.567490726199054,
            43.199684214915095
          ],
          [
            51.56760487334482,
            43.19958689878531
          ],
          [
            51.56771902049058,
            43.199489582655545
          ],
          [
            51.567833167636344,
            43.19939226652578
          ],
          [
            51.5679473147821,
            43.199294950395995
          ],
          [
            51.568061461927876,
            43.19919763426623
          ],
          [
            51.568175609073634,
            43.19910031813646
          ],
          [
            51.56828975621939,
            43.199003002006684
          ],
          [
            51.568403903365166,
            43.1989056858769
          ],
          [
            51.56851805051093,
            43.19880836974714
          ],
          [
            51.56863219765669,
            43.19871105361736
          ],
          [
            51.568746344802456,
            43.198613737487584
          ],
          [
            51.56886049194822,
            43.19851642135782
          ],
          [
            51.56897463909398,
            43.198419105228034
          ],
          [
            51.56908878623975,
            43.19832178909827
          ],
          [
            51.56920293338551,
            43.198224472968505
          ],
          [
            51.56931708053128,
            43.198127156838716
          ],
          [
            51.569431227677036,
            43.198029840708955
          ],
          [
            51.5695453748228,
            43.19793252457918
          ],
          [
            51.56965952196856,
            43.197835208449405
          ],
          [
            51.569773669114326,
            43.19773789231964
          ],
          [
            51.56988781626009,
            43.197640576189855
          ],
          [
            51.57000196340586,
            43.19754326006009
          ],
          [
            51.57011611055162,
            43.19744594393031
          ],
          [
            51.57023025769739,
            43.197348627800544
          ],
          [
            51.57034440484315,
            43.19725131167076
          ],
          [
            51.57045855198891,
            43.197153995541
          ],
          [
            51.57057269913467,
            43.19705667941121
          ],
          [
            51.57068684628043,
            43.19695936328145
          ],
          [
            51.57080099342621,
            43.196862047151676
          ],
          [
            51.57091514057196,
            43.196764731021894
          ],
          [
            51.57102928771773,
            43.19666741489213
          ],
          [
            51.57114343486349,
            43.196570098762365
          ],
          [
            51.57125758200926,
            43.19647278263258
          ],
          [
            51.57137172915502,
            43.196375466502815
          ],
          [
            51.57148587630079,
            43.19627815037303
          ],
          [
            51.57160002344654,
            43.196180834243265
          ],
          [
            51.571714170592315,
            43.1960835181135
          ],
          [
            51.57182831773807,
            43.195986201983715
          ],
          [
            51.57194246488383,
            43.19588888585395
          ],
          [
            51.5720566120296,
            43.19579156972417
          ],
          [
            51.572170759175364,
            43.1956942535944
          ],
          [
            51.57228490632113,
            43.19559693746462
          ],
          [
            51.572399053466896,
            43.195499621334854
          ],
          [
            51.57251320061267,
            43.19540230520508
          ],
          [
            51.57262734775842,
            43.19530498907531
          ],
          [
            51.572741494904186,
            43.195207672945536
          ],
          [
            51.572855642049944,
            43.19511035681576
          ],
          [
            51.57296978919571,
            43.195013040685986
          ],
          [
            51.57308393634148,
            43.19491572455621
          ],
          [
            51.57319808348725,
            43.19481840842644
          ],
          [
            51.573312230633,
            43.19472109229667
          ],
          [
            51.573426377778766,
            43.19462377616689
          ],
          [
            51.573540524924525,
            43.194526460037125
          ],
          [
            51.5736546720703,
            43.19442914390734
          ],
          [
            51.573768819216056,
            43.194331827777575
          ],
          [
            51.57388296636183,
            43.19423451164781
          ],
          [
            51.57399711350759,
            43.19413719551803
          ],
          [
            51.57411126065335,
            43.19403987938826
          ],
          [
            51.57422540779911,
            43.19394256325849
          ],
          [
            51.57433955494487,
            43.193845247128706
          ],
          [
            51.574453702090636,
            43.19374793099893
          ],
          [
            51.574567849236395,
            43.19365061486917
          ],
          [
            51.57468199638217,
            43.19355329873939
          ],
          [
            51.574796143527934,
            43.19345598260961
          ],
          [
            51.5749102906737,
            43.193358666479845
          ],
          [
            51.57502443781946,
            43.19326135035006
          ],
          [
            51.575138584965224,
            43.1931640342203
          ],
          [
            51.57525273211098,
            43.193066718090535
          ],
          [
            51.575366879256755,
            43.19296940196075
          ],
          [
            51.575481026402514,
            43.192872085830984
          ],
          [
            51.57559517354828,
            43.19277476970121
          ],
          [
            51.57570932069404,
            43.192677453571434
          ],
          [
            51.5758234678398,
            43.19258013744167
          ],
          [
            51.57593761498556,
            43.19248282131189
          ],
          [
            51.576051762131335,
            43.192385505182116
          ],
          [
            51.576165909277094,
            43.19228818905234
          ],
          [
            51.57628005642285,
            43.192190872922566
          ],
          [
            51.57639420356863,
            43.1920935567928
          ],
          [
            51.57650835071439,
            43.19199624066302
          ],
          [
            51.57662249786015,
            43.19189892453325
          ],
          [
            51.57673664500591,
            43.19180160840347
          ],
          [
            51.576850792151674,
            43.19170429227371
          ],
          [
            51.57696493929744,
            43.19160697614393
          ],
          [
            51.57707908644321,
            43.19150966001416
          ],
          [
            51.57719323358897,
            43.19141234388438
          ],
          [
            51.57730738073474,
            43.191315027754605
          ],
          [
            51.577421527880496,
            43.191217711624844
          ],
          [
            51.577535675026255,
            43.19112039549506
          ],
          [
            51.57764982217202,
            43.191023079365294
          ],
          [
            51.57776396931779,
            43.190925763235526
          ],
          [
            51.57787811646355,
            43.190828447105744
          ],
          [
            51.57799226360932,
            43.190731130975976
          ],
          [
            51.57810641075508,
            43.1906338148462
          ],
          [
            51.57822055790084,
            43.19053649871643
          ],
          [
            51.5783347050466,
            43.19043918258665
          ],
          [
            51.578448852192366,
            43.19034186645688
          ],
          [
            51.57856299933813,
            43.19024455032711
          ],
          [
            51.578677146483905,
            43.19014723419734
          ],
          [
            51.57879129362966,
            43.190049918067565
          ],
          [
            51.57890544077542,
            43.18995260193779
          ],
          [
            51.57901958792119,
            43.189855285808015
          ],
          [
            51.57913373506695,
            43.18975796967824
          ],
          [
            51.57924788221272,
            43.18966065354847
          ],
          [
            51.57936202935848,
            43.1895633374187
          ],
          [
            51.579476176504244,
            43.18946602128892
          ],
          [
            51.57959032365,
            43.189368705159154
          ],
          [
            51.57970447079577,
            43.18927138902937
          ],
          [
            51.5798180118359,
            43.189172457920236
          ],
          [
            51.57993029782837,
            43.189070182714076
          ],
          [
            51.580041839385196,
            43.188965923945695
          ],
          [
            51.58015311087415,
            43.188860945576636
          ],
          [
            51.580264550418846,
            43.188756414995154
          ],
          [
            51.58037655989874,
            43.18865340301618
          ],
          [
            51.58048950494903,
            43.18855288388143
          ],
          [
            51.58060371496079,
            43.18845573525926
          ],
          [
            51.58071948308091,
            43.18836273824479
          ],
          [
            51.58083706621205,
            43.18827457735984
          ],
          [
            51.58095668501272,
            43.188191840552946
          ],
          [
            51.58107852389722,
            43.18811501919935
          ],
          [
            51.58120273103568,
            43.18804450810104
          ],
          [
            51.581329418354045,
            43.18798060548668
          ],
          [
            51.58145866153407,
            43.18792351301165
          ],
          [
            51.58159050001332,
            43.187873335758084
          ],
          [
            51.5817249369852,
            43.18783008223481
          ],
          [
            51.581861939398856,
            43.18779366437736
          ],
          [
            51.582001437959335,
            43.18776389754798
          ],
          [
            51.582143327127454,
            43.187740500535654
          ],
          [
            51.58228746511986,
            43.18772309555607
          ],
          [
            51.582433673909,
            43.18771120825162
          ],
          [
            51.58258173922314,
            43.18770426769142
          ],
          [
            51.58273141054636,
            43.1877016063713
          ],
          [
            51.58288240111856,
            43.187702460213806
          ],
          [
            51.58303438793546,
            43.18770596856821
          ],
          [
            51.58318701174856,
            43.18771117421047
          ],
          [
            51.583339877065214,
            43.18771702334328
          ],
          [
            51.58349255214857,
            43.187722365596066
          ],
          [
            51.58364456901761,
            43.18772595402493
          ],
          [
            51.583795423447086,
            43.1877264451127
          ],
          [
            51.58394541246825,
            43.18772463030447
          ],
          [
            51.58409540148942,
            43.187722815496244
          ],
          [
            51.58424539051059,
            43.187721000688015
          ],
          [
            51.584395379531756,
            43.18771918587978
          ],
          [
            51.584545368552924,
            43.18771737107155
          ],
          [
            51.58469535757409,
            43.18771555626331
          ],
          [
            51.58484534659526,
            43.187713741455084
          ],
          [
            51.58499533561642,
            43.187711926646855
          ],
          [
            51.585145324637594,
            43.187710111838626
          ],
          [
            51.585295313658754,
            43.1877082970304
          ],
          [
            51.58544530267993,
            43.18770648222217
          ],
          [
            51.585595291701104,
            43.18770466741394
          ],
          [
            51.58574528072227,
            43.18770285260571
          ],
          [
            51.58589526974344,
            43.187701037797474
          ],
          [
            51.586045258764614,
            43.187699222989245
          ],
          [
            51.58619524778578,
            43.18769740818101
          ],
          [
            51.58634523680695,
            43.18769559337278
          ],
          [
            51.586495225828116,
            43.18769377856455
          ],
          [
            51.5866452148493,
            43.18769196375632
          ],
          [
            51.58679520387046,
            43.18769014894809
          ],
          [
            51.58694519289161,
            43.187688334139864
          ],
          [
            51.58709518191279,
            43.187686519331635
          ],
          [
            51.587245170933954,
            43.187684704523406
          ],
          [
            51.58739515995513,
            43.18768288971518
          ],
          [
            51.5875451489763,
            43.18768107490694
          ],
          [
            51.58769513799746,
            43.18767926009871
          ],
          [
            51.587845127018625,
            43.187677445290475
          ],
          [
            51.5879951160398,
            43.187675630482246
          ],
          [
            51.588145105060974,
            43.18767381567402
          ],
          [
            51.58829509408214,
            43.18767200086579
          ],
          [
            51.5884450831033,
            43.18767018605756
          ],
          [
            51.588595072124484,
            43.18766837124933
          ],
          [
            51.588745061145644,
            43.1876665564411
          ],
          [
            51.58889505016681,
            43.18766474163287
          ],
          [
            51.58904503918798,
            43.187662926824636
          ],
          [
            51.58919502820915,
            43.18766111201641
          ],
          [
            51.58934501723032,
            43.18765929720817
          ],
          [
            51.58949500625148,
            43.18765748239995
          ],
          [
            51.58964499527266,
            43.18765566759171
          ],
          [
            51.58979498429382,
            43.187653852783484
          ],
          [
            51.58994497331499,
            43.187652037975255
          ],
          [
            51.59009496233615,
            43.18765022316702
          ],
          [
            51.59024495135732,
            43.1876484083588
          ],
          [
            51.5903949403785,
            43.18764659355057
          ],
          [
            51.59054492939966,
            43.18764477874233
          ],
          [
            51.59069491842084,
            43.18764296393411
          ],
          [
            51.590844907442005,
            43.187641149125874
          ],
          [
            51.59099489646317,
            43.187639334317645
          ],
          [
            51.59114488548435,
            43.18763751950941
          ],
          [
            51.5912948745055,
            43.18763570470118
          ],
          [
            51.591444863526675,
            43.18763388989294
          ],
          [
            51.59159485254784,
            43.18763207508472
          ],
          [
            51.59174484156902,
            43.18763026027649
          ],
          [
            51.591894830590185,
            43.18762844546826
          ],
          [
            51.592044819611345,
            43.187626630660034
          ],
          [
            51.592194808632506,
            43.1876248158518
          ],
          [
            51.592344797653695,
            43.187623001043576
          ],
          [
            51.592494786674855,
            43.18762118623534
          ],
          [
            51.59264477569603,
            43.187619371427104
          ],
          [
            51.59279476471719,
            43.187617556618875
          ],
          [
            51.59294475373835,
            43.187615741810646
          ],
          [
            51.59309474275953,
            43.18761392700242
          ],
          [
            51.5932447317807,
            43.18761211219419
          ],
          [
            51.59339472080187,
            43.18761029738596
          ],
          [
            51.593544709823036,
            43.18760848257773
          ],
          [
            51.5936946988442,
            43.1876066677695
          ],
          [
            51.59384468786537,
            43.18760485296127
          ],
          [
            51.593994676886545,
            43.187603038153036
          ],
          [
            51.594144665907706,
            43.18760122334481
          ],
          [
            51.59429465492887,
            43.18759940853657
          ],
          [
            51.59444464395005,
            43.187597593728334
          ],
          [
            51.59459463297121,
            43.18759577892012
          ],
          [
            51.594744621992376,
            43.18759396411188
          ],
          [
            51.59489461101355,
            43.187592149303654
          ],
          [
            51.595044600034726,
            43.187590334495425
          ],
          [
            51.595194589055886,
            43.18758851968719
          ],
          [
            51.59534457807706,
            43.18758670487897
          ],
          [
            51.59549456709823,
            43.18758489007073
          ],
          [
            51.5956445561194,
            43.187583075262495
          ],
          [
            51.59579454514056,
            43.18758126045427
          ],
          [
            51.595944534161724,
            43.18757944564604
          ],
          [
            51.596094523182906,
            43.18757763083781
          ],
          [
            51.596244512204066,
            43.18757581602958
          ],
          [
            51.596394501225234,
            43.18757400122134
          ],
          [
            51.596544490246394,
            43.18757218641312
          ],
          [
            51.59669447926757,
            43.18757037160489
          ],
          [
            51.59684446828874,
            43.18756855679666
          ],
          [
            51.596994457309904,
            43.187566741988434
          ],
          [
            51.59714444633107,
            43.187564927180205
          ],
          [
            51.59729443535224,
            43.18756311237197
          ],
          [
            51.59744442437342,
            43.18756129756374
          ],
          [
            51.59759441339458,
            43.18755948275551
          ],
          [
            51.597744402415756,
            43.18755766794727
          ],
          [
            51.597894391436924,
            43.187555853139045
          ],
          [
            51.59804438045809,
            43.187554038330816
          ],
          [
            51.59819436947926,
            43.18755222352258
          ],
          [
            51.59834435850043,
            43.18755040871436
          ],
          [
            51.59849434752159,
            43.18754859390613
          ],
          [
            51.59864433654276,
            43.1875467790979
          ],
          [
            51.59879432556393,
            43.187544964289664
          ],
          [
            51.59894431458509,
            43.187543149481435
          ],
          [
            51.599094303606265,
            43.1875413346732
          ],
          [
            51.59924429262744,
            43.18753951986497
          ],
          [
            51.59939428164861,
            43.18753770505674
          ],
          [
            51.59954427066977,
            43.18753589024851
          ],
          [
            51.59969425969094,
            43.18753407544028
          ],
          [
            51.59984424871212,
            43.187532260632054
          ],
          [
            51.599994237733284,
            43.18753044582383
          ],
          [
            51.60014422675445,
            43.187528631015596
          ],
          [
            51.60029421577563,
            43.18752681620736
          ],
          [
            51.600444204796794,
            43.18752500139913
          ],
          [
            51.600594193817955,
            43.1875231865909
          ],
          [
            51.60074418283912,
            43.187521371782665
          ],
          [
            51.60089417186029,
            43.187519556974436
          ],
          [
            51.60104416088146,
            43.18751774216621
          ],
          [
            51.60119414990263,
            43.18751592735797
          ],
          [
            51.60134413892379,
            43.18751411254975
          ],
          [
            51.60149412794497,
            43.18751229774151
          ],
          [
            51.60164411696613,
            43.18751048293329
          ],
          [
            51.6017941059873,
            43.18750866812506
          ],
          [
            51.60194409500847,
            43.187506853316826
          ],
          [
            51.60209408402964,
            43.18750503850859
          ],
          [
            51.6022440730508,
            43.18750322370037
          ],
          [
            51.60239406207198,
            43.18750140889214
          ],
          [
            51.60254405109315,
            43.1874995940839
          ],
          [
            51.602694040114315,
            43.187497779275674
          ],
          [
            51.602844029135476,
            43.18749596446744
          ],
          [
            51.60299401815665,
            43.187494149659216
          ],
          [
            51.603144007177825,
            43.18749233485099
          ],
          [
            51.603293996198985,
            43.18749052004276
          ],
          [
            51.603443985220146,
            43.18748870523453
          ],
          [
            51.60359397424132,
            43.18748689042629
          ],
          [
            51.603743963262495,
            43.18748507561806
          ],
          [
            51.603893952283656,
            43.187483260809834
          ],
          [
            51.60404394130483,
            43.1874814460016
          ],
          [
            51.604193930326,
            43.18747963119337
          ],
          [
            51.604343919347166,
            43.18747781638514
          ],
          [
            51.60449390836834,
            43.18747600157691
          ],
          [
            51.60464389738951,
            43.18747418676868
          ],
          [
            51.604793886410675,
            43.18747237196045
          ],
          [
            51.60494387543184,
            43.18747055715222
          ],
          [
            51.60509386445301,
            43.187468742343995
          ],
          [
            51.60524385347418,
            43.18746692753576
          ],
          [
            51.605393842495346,
            43.18746511272752
          ],
          [
            51.60554383151651,
            43.1874632979193
          ],
          [
            51.60569382053769,
            43.187461483111065
          ],
          [
            51.60584380955885,
            43.187459668302836
          ],
          [
            51.605993798580016,
            43.18745785349461
          ],
          [
            51.60614378760119,
            43.18745603868638
          ],
          [
            51.60629377662235,
            43.18745422387815
          ],
          [
            51.60644376564352,
            43.18745240906992
          ],
          [
            51.606593754664694,
            43.18745059426168
          ],
          [
            51.60674374368587,
            43.18744877945346
          ],
          [
            51.60689373270703,
            43.187446964645225
          ],
          [
            51.6070437217282,
            43.18744514983699
          ],
          [
            51.60719371074937,
            43.18744333502876
          ],
          [
            51.607343699770546,
            43.18744152022054
          ],
          [
            51.607493688791706,
            43.187439705412295
          ],
          [
            51.607643677812874,
            43.18743789060407
          ],
          [
            51.607793666834034,
            43.187436075795844
          ],
          [
            51.60794365585521,
            43.187434260987615
          ],
          [
            51.60809364487638,
            43.187432446179386
          ],
          [
            51.608243633897544,
            43.18743063137115
          ],
          [
            51.60839362291871,
            43.18742881656292
          ],
          [
            51.608543611939886,
            43.1874270017547
          ],
          [
            51.608693600961054,
            43.18742518694646
          ],
          [
            51.60884358998222,
            43.18742337213823
          ],
          [
            51.60899357900339,
            43.18742155733
          ],
          [
            51.609143568024564,
            43.18741974252176
          ],
          [
            51.60929355704573,
            43.18741792771354
          ],
          [
            51.6094435460669,
            43.18741611290531
          ],
          [
            51.60959353508806,
            43.18741429809708
          ],
          [
            51.609743524109234,
            43.18741248328885
          ],
          [
            51.6098935131304,
            43.187410668480624
          ],
          [
            51.610043502151576,
            43.18740885367239
          ],
          [
            51.61019349117274,
            43.18740703886416
          ],
          [
            51.610343480193904,
            43.18740522405592
          ],
          [
            51.61049346921508,
            43.18740340924769
          ],
          [
            51.61064345823624,
            43.187401594439464
          ],
          [
            51.61079344725741,
            43.187399779631235
          ],
          [
            51.610943436278575,
            43.187397964823
          ],
          [
            51.61109342529976,
            43.18739615001478
          ],
          [
            51.611243414320924,
            43.18739433520655
          ],
          [
            51.61139340334209,
            43.18739252039832
          ],
          [
            51.61154339236325,
            43.18739070559008
          ],
          [
            51.611693381384434,
            43.18738889078185
          ],
          [
            51.611843370405595,
            43.18738707597362
          ],
          [
            51.61199335942677,
            43.18738526116539
          ],
          [
            51.61214334844793,
            43.18738344635716
          ],
          [
            51.6122933374691,
            43.18738163154893
          ],
          [
            51.61244332649027,
            43.1873798167407
          ],
          [
            51.61259331551143,
            43.18737800193247
          ],
          [
            51.6127433045326,
            43.18737618712425
          ],
          [
            51.61289329355377,
            43.187374372316015
          ],
          [
            51.61304328257494,
            43.18737255750778
          ],
          [
            51.6131932715961,
            43.18737074269955
          ],
          [
            51.61334326061728,
            43.18736892789132
          ],
          [
            51.61349324963845,
            43.187367113083084
          ],
          [
            51.61364323865962,
            43.187365298274855
          ],
          [
            51.61379322768078,
            43.18736348346662
          ],
          [
            51.613943216701955,
            43.18736166865839
          ],
          [
            51.61409320572312,
            43.18735985385017
          ],
          [
            51.61424319474429,
            43.18735803904193
          ],
          [
            51.61439318376546,
            43.18735622423371
          ],
          [
            51.614543172786625,
            43.18735440942548
          ],
          [
            51.614693161807786,
            43.187352594617245
          ],
          [
            51.61484315082896,
            43.18735077980901
          ],
          [
            51.614993139850135,
            43.18734896500079
          ],
          [
            51.615143128871296,
            43.18734715019255
          ],
          [
            51.61529794919734,
            43.187345549282426
          ],
          [
            51.61546332919349,
            43.187344415884404
          ],
          [
            51.615635000308764,
            43.18734356101537
          ],
          [
            51.61580899658179,
            43.18734280908888
          ],
          [
            51.61598165464069,
            43.18734199791517
          ],
          [
            51.61614961370323,
            43.18734097870107
          ],
          [
            51.61630981557666,
            43.18733961605015
          ],
          [
            51.61645950465785,
            43.18733778796257
          ],
          [
            51.61659622793316,
            43.18733538583517
          ],
          [
            51.616717834978566,
            43.18733231446146
          ],
          [
            51.61682247795961,
            43.18732849203159
          ],
          [
            51.61690861163133,
            43.18732385013237
          ],
          [
            51.61697499333841,
            43.187318333747285
          ],
          [
            51.617020683015014,
            43.187311901256436
          ],
          [
            51.617045043184916,
            43.18730452443663
          ],
          [
            51.61704773896143,
            43.187296188461296
          ],
          [
            51.61702873804744,
            43.18728689190054
          ],
          [
            51.61698831073536,
            43.187276646721095
          ],
          [
            51.61692702990722,
            43.18726547828641
          ],
          [
            51.61684577103455,
            43.187253425356516
          ],
          [
            51.616745712178464,
            43.18724054008816
          ],
          [
            51.61662833398965,
            43.18722688803472
          ],
          [
            51.61649541970837,
            43.18721254814624
          ],
          [
            51.61634905516438,
            43.18719761276942
          ],
          [
            51.61619162877702,
            43.18718218764759
          ],
          [
            51.61602583155526,
            43.1871663919208
          ],
          [
            51.61585465709753,
            43.18715035812569
          ],
          [
            51.61568140159187,
            43.18713423219559
          ],
          [
            51.6155096638159,
            43.18711817346049
          ],
          [
            51.615343345136736,
            43.18710235464701
          ],
          [
            51.61518664951112,
            43.18708696187847
          ],
          [
            51.61503740771674,
            43.1870718991161
          ],
          [
            51.614888165922366,
            43.18705683635372
          ],
          [
            51.614738924127984,
            43.187041773591346
          ],
          [
            51.6145896823336,
            43.187026710828974
          ],
          [
            51.61444044053923,
            43.1870116480666
          ],
          [
            51.61429119874484,
            43.18699658530423
          ],
          [
            51.61414195695046,
            43.186981522541856
          ],
          [
            51.61399271515609,
            43.18696645977948
          ],
          [
            51.613843473361705,
            43.18695139701711
          ],
          [
            51.61369423156733,
            43.18693633425474
          ],
          [
            51.613544989772954,
            43.18692127149236
          ],
          [
            51.613395747978565,
            43.18690620872999
          ],
          [
            51.61324650618418,
            43.18689114596761
          ],
          [
            51.6130972643898,
            43.18687608320524
          ],
          [
            51.61294802259542,
            43.18686102044286
          ],
          [
            51.61279878080104,
            43.18684595768048
          ],
          [
            51.61264953900667,
            43.18683089491811
          ],
          [
            51.612500297212286,
            43.186815832155744
          ],
          [
            51.6123510554179,
            43.18680076939337
          ],
          [
            51.61220181362353,
            43.18678570663099
          ],
          [
            51.61205257182914,
            43.18677064386862
          ],
          [
            51.61190333003477,
            43.18675558110624
          ],
          [
            51.61175408824039,
            43.186740518343875
          ],
          [
            51.611604846446006,
            43.1867254555815
          ],
          [
            51.61145560465162,
            43.18671039281912
          ],
          [
            51.61130636285725,
            43.18669533005675
          ],
          [
            51.611157121062874,
            43.18668026729438
          ],
          [
            51.611007879268485,
            43.186665204532005
          ],
          [
            51.61085863747411,
            43.186650141769626
          ],
          [
            51.61070939567973,
            43.18663507900726
          ],
          [
            51.610560153885345,
            43.18662001624489
          ],
          [
            51.61041091209098,
            43.186604953482515
          ],
          [
            51.610261670296595,
            43.186589890720136
          ],
          [
            51.610112428502205,
            43.18657482795776
          ],
          [
            51.60996318670782,
            43.18655976519538
          ],
          [
            51.609813944913455,
            43.18654470243301
          ],
          [
            51.609664703119066,
            43.186529639670646
          ],
          [
            51.6095154613247,
            43.186514576908266
          ],
          [
            51.609366219530315,
            43.186499514145886
          ],
          [
            51.60921697773593,
            43.186484451383514
          ],
          [
            51.609067735941544,
            43.186469388621155
          ],
          [
            51.60891849414718,
            43.186454325858776
          ],
          [
            51.60876922576009,
            43.18643947955647
          ],
          [
            51.60861993435451,
            43.186424820620694
          ],
          [
            51.60847063088828,
            43.18641025985666
          ],
          [
            51.60832132551831,
            43.18639571458862
          ],
          [
            51.60817202760067,
            43.186381108659916
          ],
          [
            51.60802274569055,
            43.18636637243291
          ],
          [
            51.60787348754219,
            43.18635144278904
          ],
          [
            51.60772426010904,
            43.1863362631288
          ],
          [
            51.60757506954358,
            43.186320783371734
          ],
          [
            51.607425921197475,
            43.18630495995645
          ],
          [
            51.60727681962147,
            43.1862887558406
          ],
          [
            51.60712776856542,
            43.18627214050092
          ],
          [
            51.606978770978316,
            43.18625508993317
          ],
          [
            51.60682982900827,
            43.18623758665218
          ],
          [
            51.6066809440025,
            43.18621961969185
          ],
          [
            51.6065321165073,
            43.186201184605096
          ],
          [
            51.606383346268174,
            43.18618228346396
          ],
          [
            51.60623463222964,
            43.18616292485946
          ],
          [
            51.60608597253542,
            43.186143123901736
          ],
          [
            51.60593736452828,
            43.18612290221994
          ],
          [
            51.60578880475015,
            43.18610228796231
          ],
          [
            51.605640288942055,
            43.18608131579614
          ],
          [
            51.60549181204415,
            43.18606002690775
          ],
          [
            51.605343368195676,
            43.186038469002526
          ],
          [
            51.60519495073504,
            43.18601669630497
          ],
          [
            51.60504655219971,
            43.18599476955854
          ],
          [
            51.604898164326315,
            43.185972756025826
          ],
          [
            51.60474977805058,
            43.18595072948846
          ],
          [
            51.60460138350736,
            43.185928770247095
          ],
          [
            51.60445297003057,
            43.18590696512148
          ],
          [
            51.60430452615335,
            43.18588540745043
          ],
          [
            51.604156076352936,
            43.18586389799299
          ],
          [
            51.60400762655254,
            43.185842388535555
          ],
          [
            51.603859176752124,
            43.18582087907812
          ],
          [
            51.603710726951725,
            43.18579936962068
          ],
          [
            51.60356227715131,
            43.18577786016325
          ],
          [
            51.60341382735091,
            43.185756350705816
          ],
          [
            51.60326537755049,
            43.185734841248376
          ],
          [
            51.603116927750094,
            43.18571333179094
          ],
          [
            51.60296847794969,
            43.18569182233351
          ],
          [
            51.60282002814929,
            43.18567031287607
          ],
          [
            51.602671578348875,
            43.185648803418644
          ],
          [
            51.60252312854847,
            43.185627293961204
          ],
          [
            51.60237467874806,
            43.18560578450377
          ],
          [
            51.60222622894765,
            43.18558427504634
          ],
          [
            51.60207777914724,
            43.185562765588905
          ],
          [
            51.60192932934684,
            43.18554125613147
          ],
          [
            51.601780879546425,
            43.18551974667403
          ],
          [
            51.601632429746026,
            43.1854982372166
          ],
          [
            51.60148397994561,
            43.185476727759166
          ],
          [
            51.60133553014521,
            43.185455218301726
          ],
          [
            51.6011870803448,
            43.185433708844286
          ],
          [
            51.601038630544394,
            43.18541219938687
          ],
          [
            51.60089018074399,
            43.18539068992942
          ],
          [
            51.60074173094359,
            43.18536918047199
          ],
          [
            51.600593281143176,
            43.185347671014554
          ],
          [
            51.60044483134277,
            43.185326161557114
          ],
          [
            51.600296381542364,
            43.18530465209969
          ],
          [
            51.60014793174196,
            43.18528314264225
          ],
          [
            51.59999948194155,
            43.185261633184815
          ],
          [
            51.59985103214114,
            43.18524012372738
          ],
          [
            51.59970258234073,
            43.18521861426994
          ],
          [
            51.599554132540334,
            43.18519710481252
          ],
          [
            51.59940568273991,
            43.185175595355076
          ],
          [
            51.599257232939514,
            43.185154085897636
          ],
          [
            51.5991087831391,
            43.18513257644021
          ],
          [
            51.598960333338695,
            43.18511106698277
          ],
          [
            51.59881188353828,
            43.18508955752534
          ],
          [
            51.59866343373788,
            43.1850680480679
          ],
          [
            51.59851498393748,
            43.185046538610464
          ],
          [
            51.59836653413708,
            43.18502502915303
          ],
          [
            51.598218084336665,
            43.18500351969559
          ],
          [
            51.59806963453626,
            43.18498201023815
          ],
          [
            51.597921184735846,
            43.18496050078073
          ],
          [
            51.59777273493545,
            43.184938991323286
          ],
          [
            51.59762428513503,
            43.18491748186585
          ],
          [
            51.597475835334635,
            43.18489597240843
          ],
          [
            51.59732738553422,
            43.18487446295099
          ],
          [
            51.597178935733815,
            43.184852953493554
          ],
          [
            51.59703050372241,
            43.18483130235124
          ],
          [
            51.59688209449759,
            43.184809469719696
          ],
          [
            51.59673369809041,
            43.18478753499878
          ],
          [
            51.59658530524972,
            43.184765571871836
          ],
          [
            51.59643690744204,
            43.184743648305655
          ],
          [
            51.59628849685165,
            43.184721826550515
          ],
          [
            51.59614006638054,
            43.18470016314017
          ],
          [
            51.59599160964845,
            43.18467870889184
          ],
          [
            51.59584312099283,
            43.18465750890623
          ],
          [
            51.59569459546887,
            43.18463660256749
          ],
          [
            51.5955460288495,
            43.18461602354329
          ],
          [
            51.59539741762532,
            43.184595799784745
          ],
          [
            51.595248759004754,
            43.18457595352643
          ],
          [
            51.59510005091387,
            43.18455650128644
          ],
          [
            51.59495129199652,
            43.18453745386629
          ],
          [
            51.594802481614266,
            43.184518816351016
          ],
          [
            51.59465361984637,
            43.18450058810908
          ],
          [
            51.594504707489875,
            43.18448276279247
          ],
          [
            51.594355746059506,
            43.1844653283366
          ],
          [
            51.59420673778776,
            43.184448266960395
          ],
          [
            51.594057685624826,
            43.18443155516623
          ],
          [
            51.59390859323864,
            43.18441516373995
          ],
          [
            51.59375946501487,
            43.1843990577509
          ],
          [
            51.59361030605689,
            43.18438319655189
          ],
          [
            51.59346112218584,
            43.18436753377918
          ],
          [
            51.59331191994055,
            43.18435201735253
          ],
          [
            51.59316270657761,
            43.184336589475166
          ],
          [
            51.59301349007131,
            43.18432118663378
          ],
          [
            51.5928642791137,
            43.18430573959854
          ],
          [
            51.592715083114534,
            43.18429017342312
          ],
          [
            51.59256591220131,
            43.18427440744461
          ],
          [
            51.59241675263887,
            43.18425855106002
          ],
          [
            51.59226759307643,
            43.18424269467543
          ],
          [
            51.59211843351399,
            43.18422683829084
          ],
          [
            51.59196927395155,
            43.18421098190625
          ],
          [
            51.591820114389115,
            43.184195125521654
          ],
          [
            51.591670954826675,
            43.18417926913706
          ],
          [
            51.59152179526423,
            43.18416341275247
          ],
          [
            51.591372635701774,
            43.18414755636788
          ],
          [
            51.59122347613935,
            43.18413169998328
          ],
          [
            51.5910743165769,
            43.18411584359869
          ],
          [
            51.59092515701446,
            43.1840999872141
          ],
          [
            51.590775997452006,
            43.184084130829504
          ],
          [
            51.59062683788957,
            43.18406827444491
          ],
          [
            51.59047767832713,
            43.18405241806032
          ],
          [
            51.590328518764686,
            43.184036561675725
          ],
          [
            51.590179359202246,
            43.18402070529113
          ],
          [
            51.59003019963981,
            43.18400484890654
          ],
          [
            51.58988104007737,
            43.18398899252195
          ],
          [
            51.58973188051493,
            43.183973136137354
          ],
          [
            51.58958272095249,
            43.18395727975276
          ],
          [
            51.589433561390045,
            43.18394142336816
          ],
          [
            51.589284401827605,
            43.183925566983575
          ],
          [
            51.589135242265165,
            43.18390971059898
          ],
          [
            51.58898608270272,
            43.18389385421439
          ],
          [
            51.58883692314028,
            43.18387799782979
          ],
          [
            51.58868776357783,
            43.1838621414452
          ],
          [
            51.588538604015405,
            43.18384628506061
          ],
          [
            51.58838944445296,
            43.18383042867602
          ],
          [
            51.588240284890524,
            43.183814572291425
          ],
          [
            51.58809112532808,
            43.18379871590683
          ],
          [
            51.587941965765644,
            43.18378285952224
          ],
          [
            51.58779280620319,
            43.183767003137646
          ],
          [
            51.587643646640764,
            43.18375114675306
          ],
          [
            51.58749448707831,
            43.18373529036845
          ],
          [
            51.58734532751588,
            43.18371943398386
          ],
          [
            51.58719616795342,
            43.183703577599275
          ],
          [
            51.58704700839098,
            43.18368772121468
          ],
          [
            51.58689784882855,
            43.18367186483009
          ],
          [
            51.58674868926611,
            43.183656008445496
          ],
          [
            51.58659952970366,
            43.183640152060896
          ],
          [
            51.58645037014122,
            43.1836242956763
          ],
          [
            51.58630121057878,
            43.1836084392917
          ],
          [
            51.586148147517235,
            43.18359267615305
          ],
          [
            51.585984268925294,
            43.18357717137338
          ],
          [
            51.585813839242405,
            43.18356182308473
          ],
          [
            51.58564082217798,
            43.18354653660288
          ],
          [
            51.58546888071149,
            43.18353122442739
          ],
          [
            51.5853013770924,
            43.18351580624157
          ],
          [
            51.58514137284023,
            43.18350020891254
          ],
          [
            51.58499162874447,
            43.18348436649114
          ],
          [
            51.58485460486468,
            43.18346822021204
          ],
          [
            51.58473246053039,
            43.18345171849364
          ],
          [
            51.58462705434121,
            43.18343481693812
          ],
          [
            51.5845399441667,
            43.183417478331435
          ],
          [
            51.5844723871465,
            43.18339967264331
          ],
          [
            51.58442533969021,
            43.18338137702726
          ],
          [
            51.58439945747751,
            43.18336257582053
          ],
          [
            51.584395095458085,
            43.18334326054417
          ],
          [
            51.58441230785159,
            43.183323429903
          ],
          [
            51.58445084814775,
            43.18330308978559
          ],
          [
            51.584510169106316,
            43.183282253264295
          ],
          [
            51.58458942275702,
            43.183260940595254
          ],
          [
            51.584687460399635,
            43.18323917921836
          ],
          [
            51.58480283260394,
            43.183217003757285
          ],
          [
            51.58493378920977,
            43.18319445601946
          ],
          [
            51.58507827932693,
            43.183171584996096
          ],
          [
            51.585233951335276,
            43.183148446862184
          ],
          [
            51.58539815288468,
            43.18312510497648
          ],
          [
            51.58556793089502,
            43.18310162988151
          ],
          [
            51.58574003155621,
            43.18307809930357
          ],
          [
            51.58591090032818,
            43.18305459815272
          ],
          [
            51.58607668194085,
            43.18303121852281
          ],
          [
            51.58623322039421,
            43.18300805969146
          ],
          [
            51.58638145270948,
            43.18298509927529
          ],
          [
            51.58652968502475,
            43.182962138859125
          ],
          [
            51.58667791734002,
            43.182939178442965
          ],
          [
            51.58682614965528,
            43.182916218026804
          ],
          [
            51.58697438197055,
            43.182893257610644
          ],
          [
            51.58712261428582,
            43.182870297194484
          ],
          [
            51.58727084660109,
            43.18284733677832
          ],
          [
            51.587419078916355,
            43.18282437636215
          ],
          [
            51.58756731123162,
            43.182801415945995
          ],
          [
            51.587715543546906,
            43.18277845552983
          ],
          [
            51.58786377586217,
            43.18275549511367
          ],
          [
            51.58801200817742,
            43.18273253469751
          ],
          [
            51.5881602404927,
            43.18270957428134
          ],
          [
            51.58830847280797,
            43.18268661386518
          ],
          [
            51.588456705123235,
            43.18266365344902
          ],
          [
            51.5886049374385,
            43.182640693032845
          ],
          [
            51.58875316975377,
            43.18261773261669
          ],
          [
            51.58890140206904,
            43.18259477220053
          ],
          [
            51.589049634384295,
            43.18257181178437
          ],
          [
            51.589197866699564,
            43.1825488513682
          ],
          [
            51.58934609901484,
            43.182525890952036
          ],
          [
            51.5894943313301,
            43.182502930535875
          ],
          [
            51.58964256364537,
            43.182479970119715
          ],
          [
            51.58979079596064,
            43.182457009703555
          ],
          [
            51.58993902827591,
            43.182434049287394
          ],
          [
            51.590087260591176,
            43.18241108887123
          ],
          [
            51.590235492906444,
            43.18238812845507
          ],
          [
            51.59038372522171,
            43.182365168038906
          ],
          [
            51.59053195753699,
            43.18234220762274
          ],
          [
            51.59068018985224,
            43.18231924720658
          ],
          [
            51.59082842216752,
            43.18229628679042
          ],
          [
            51.59097665448278,
            43.18227332637426
          ],
          [
            51.59112488679805,
            43.18225036595809
          ],
          [
            51.59127311911332,
            43.18222740554193
          ],
          [
            51.591421351428586,
            43.182204445125755
          ],
          [
            51.591569583743855,
            43.1821814847096
          ],
          [
            51.59171781605912,
            43.18215852429344
          ],
          [
            51.59186604837439,
            43.18213556387728
          ],
          [
            51.592014280689654,
            43.18211260346113
          ],
          [
            51.59216251300493,
            43.182089643044954
          ],
          [
            51.59231074532019,
            43.182066682628786
          ],
          [
            51.59245897763547,
            43.182043722212626
          ],
          [
            51.59260720995072,
            43.182020761796466
          ],
          [
            51.592755442266,
            43.181997801380305
          ],
          [
            51.592903674581265,
            43.181974840964145
          ],
          [
            51.59305190689654,
            43.18195188054798
          ],
          [
            51.5932001392118,
            43.18192892013182
          ],
          [
            51.59334837152707,
            43.18190595971565
          ],
          [
            51.59349660384234,
            43.18188299929948
          ],
          [
            51.5936448361576,
            43.18186003888333
          ],
          [
            51.59379306847286,
            43.18183707846717
          ],
          [
            51.593941300788146,
            43.18181411805101
          ],
          [
            51.59408953310341,
            43.181791157634834
          ],
          [
            51.594237765418676,
            43.18176819721867
          ],
          [
            51.59438599773394,
            43.18174523680251
          ],
          [
            51.594534230049206,
            43.18172227638635
          ],
          [
            51.59468246236448,
            43.18169931597019
          ],
          [
            51.59483069467974,
            43.18167635555403
          ],
          [
            51.59497892699501,
            43.18165339513786
          ],
          [
            51.59512715931029,
            43.181630434721704
          ],
          [
            51.59527539162555,
            43.18160747430554
          ],
          [
            51.59542362394082,
            43.181584513889376
          ],
          [
            51.59557185625609,
            43.18156155347321
          ],
          [
            51.59572008857135,
            43.181538593057056
          ],
          [
            51.59586832088662,
            43.181515632640895
          ],
          [
            51.596016553201885,
            43.18149267222473
          ],
          [
            51.59616478551716,
            43.18146971180856
          ],
          [
            51.59631301783242,
            43.1814467513924
          ],
          [
            51.59646125014769,
            43.18142379097623
          ],
          [
            51.59660948246296,
            43.18140083056008
          ],
          [
            51.59675771477823,
            43.18137787014392
          ],
          [
            51.59690594709349,
            43.18135490972775
          ],
          [
            51.59705417940876,
            43.181331949311584
          ],
          [
            51.597202411724034,
            43.18130898889542
          ],
          [
            51.597350644039295,
            43.18128602847926
          ],
          [
            51.59749887635456,
            43.1812630680631
          ],
          [
            51.59764710866983,
            43.18124010764694
          ],
          [
            51.5977953409851,
            43.181217147230775
          ],
          [
            51.59794357330036,
            43.181194186814615
          ],
          [
            51.59809180561564,
            43.181171226398455
          ],
          [
            51.59824003793091,
            43.18114826598228
          ],
          [
            51.59838827024617,
            43.18112530556612
          ],
          [
            51.598536502561444,
            43.18110234514997
          ],
          [
            51.59868473487671,
            43.181079384733806
          ],
          [
            51.59883296719198,
            43.181056424317646
          ],
          [
            51.59898119950724,
            43.18103346390147
          ],
          [
            51.599129431822504,
            43.18101050348531
          ],
          [
            51.59927766413778,
            43.18098754306915
          ],
          [
            51.59942589645304,
            43.18096458265299
          ],
          [
            51.59957412876832,
            43.18094162223683
          ],
          [
            51.59972236108358,
            43.18091866182067
          ],
          [
            51.59987059339884,
            43.180895701404495
          ],
          [
            51.60001882571411,
            43.18087274098834
          ],
          [
            51.60016705802938,
            43.180849780572174
          ],
          [
            51.60031529034465,
            43.180826820156014
          ],
          [
            51.60046352265992,
            43.180803859739854
          ],
          [
            51.60061175497518,
            43.180780899323686
          ],
          [
            51.60075998729046,
            43.180757938907526
          ],
          [
            51.60090821960573,
            43.18073497849136
          ],
          [
            51.60105645192099,
            43.1807120180752
          ],
          [
            51.60120468423626,
            43.18068905765903
          ],
          [
            51.601352916551534,
            43.18066609724287
          ],
          [
            51.601501148866795,
            43.18064313682672
          ],
          [
            51.601649381182064,
            43.18062017641055
          ],
          [
            51.601797613497325,
            43.18059721599438
          ],
          [
            51.601945845812594,
            43.18057425557822
          ],
          [
            51.60209407812786,
            43.18055129516206
          ],
          [
            51.602242310443124,
            43.18052833474591
          ],
          [
            51.6023905427584,
            43.18050537432974
          ],
          [
            51.60253877507367,
            43.18048241391357
          ],
          [
            51.60268700738893,
            43.18045945349741
          ],
          [
            51.602835239704206,
            43.180436493081245
          ],
          [
            51.602983472019474,
            43.180413532665085
          ],
          [
            51.60313170433474,
            43.180390572248925
          ],
          [
            51.603279936650004,
            43.18036761183276
          ],
          [
            51.60342816896528,
            43.180344651416604
          ],
          [
            51.60357640128055,
            43.18032169100044
          ],
          [
            51.60372463359581,
            43.18029873058427
          ],
          [
            51.603872865911086,
            43.18027577016811
          ],
          [
            51.60402109822635,
            43.18025280975195
          ],
          [
            51.604169330541616,
            43.18022984933579
          ],
          [
            51.60431756285688,
            43.18020688891963
          ],
          [
            51.604465795172146,
            43.18018392850347
          ],
          [
            51.604614027487415,
            43.1801609680873
          ],
          [
            51.60476225980268,
            43.18013800767114
          ],
          [
            51.604910492117945,
            43.18011504725497
          ],
          [
            51.60505872443322,
            43.18009208683881
          ],
          [
            51.60520695674849,
            43.180069126422644
          ],
          [
            51.60535518906375,
            43.18004616600649
          ],
          [
            51.60550342137903,
            43.180023205590324
          ],
          [
            51.605651653694295,
            43.18000024517416
          ],
          [
            51.605799886009564,
            43.179977284757996
          ],
          [
            51.60594811832483,
            43.17995432434183
          ],
          [
            51.6060963506401,
            43.179931363925675
          ],
          [
            51.60624458295537,
            43.179908403509515
          ],
          [
            51.60639281527063,
            43.17988544309335
          ],
          [
            51.6065410475859,
            43.179862482677194
          ],
          [
            51.60668927990116,
            43.17983952226103
          ],
          [
            51.60683751221643,
            43.17981656184486
          ],
          [
            51.6069857445317,
            43.1797936014287
          ],
          [
            51.60713397684697,
            43.17977064101254
          ],
          [
            51.607282209162236,
            43.17974768059638
          ],
          [
            51.607430441477504,
            43.17972472018021
          ],
          [
            51.60757867379277,
            43.17970175976404
          ],
          [
            51.60772690610804,
            43.17967879934788
          ],
          [
            51.60787513842331,
            43.17965583893172
          ],
          [
            51.60802337073858,
            43.17963287851556
          ],
          [
            51.60817160305385,
            43.179609918099395
          ],
          [
            51.608319835369116,
            43.179586957683235
          ],
          [
            51.60846806768438,
            43.17956399726708
          ],
          [
            51.60861629999965,
            43.17954103685091
          ],
          [
            51.608764532314915,
            43.17951807643474
          ],
          [
            51.60891276463018,
            43.179495116018586
          ],
          [
            51.60906099694545,
            43.179472155602426
          ],
          [
            51.60920922926071,
            43.179449195186265
          ],
          [
            51.60935746157598,
            43.1794262347701
          ],
          [
            51.60950569389125,
            43.17940327435393
          ],
          [
            51.60965392620652,
            43.17938031393777
          ],
          [
            51.60980215852179,
            43.17935735352161
          ],
          [
            51.60995039083706,
            43.17933439310545
          ],
          [
            51.610098623152325,
            43.17931143268928
          ],
          [
            51.6102468554676,
            43.17928847227312
          ],
          [
            51.61039508778286,
            43.17926551185696
          ],
          [
            51.61054332009813,
            43.1792425514408
          ],
          [
            51.61069155241341,
            43.179219591024626
          ],
          [
            51.61083978472867,
            43.179196630608466
          ],
          [
            51.61098801704394,
            43.17917367019231
          ],
          [
            51.611136249359205,
            43.17915070977615
          ],
          [
            51.611284481674474,
            43.179127749359985
          ],
          [
            51.61143271398973,
            43.17910478894382
          ],
          [
            51.611580946305004,
            43.17908182852765
          ],
          [
            51.611729178620266,
            43.1790588681115
          ],
          [
            51.611877410935534,
            43.17903590769534
          ],
          [
            51.6120256432508,
            43.179012947279176
          ],
          [
            51.61217387556607,
            43.17898998686301
          ],
          [
            51.61232210788134,
            43.17896702644685
          ],
          [
            51.61247034019661,
            43.17894406603068
          ],
          [
            51.61261857251188,
            43.17892110561452
          ],
          [
            51.612766804827146,
            43.17889814519836
          ],
          [
            51.612915037142415,
            43.1788751847822
          ],
          [
            51.61306326945768,
            43.17885222436603
          ],
          [
            51.61321150177295,
            43.17882926394988
          ],
          [
            51.61335973408822,
            43.178806303533705
          ],
          [
            51.61350796640349,
            43.178783343117544
          ],
          [
            51.61365619871875,
            43.17876038270138
          ],
          [
            51.61380443103401,
            43.17873742228522
          ],
          [
            51.613952663349295,
            43.17871446186907
          ],
          [
            51.61410089566455,
            43.178691501452896
          ],
          [
            51.61424912797982,
            43.17866854103673
          ],
          [
            51.61439736029509,
            43.17864558062057
          ],
          [
            51.614545592610355,
            43.1786226202044
          ],
          [
            51.614693824925624,
            43.17859965978825
          ],
          [
            51.61484205724089,
            43.17857669937209
          ],
          [
            51.61499028955616,
            43.17855373895592
          ],
          [
            51.61513852187143,
            43.17853077853976
          ],
          [
            51.6152867541867,
            43.1785078181236
          ],
          [
            51.61543498650197,
            43.17848485770743
          ],
          [
            51.615583218817235,
            43.178461897291264
          ],
          [
            51.615731451132504,
            43.178438936875104
          ],
          [
            51.615879683447766,
            43.17841597645895
          ],
          [
            51.61602791576304,
            43.17839301604279
          ],
          [
            51.6161761480783,
            43.178370055626615
          ],
          [
            51.61632438039357,
            43.17834709521045
          ],
          [
            51.61647261270883,
            43.178324134794295
          ],
          [
            51.6166208450241,
            43.178301174378134
          ],
          [
            51.61676907733937,
            43.178278213961974
          ],
          [
            51.61691730965464,
            43.178255253545814
          ],
          [
            51.617065541969914,
            43.178232293129646
          ],
          [
            51.617213774285176,
            43.17820933271348
          ],
          [
            51.61736200660045,
            43.17818637229732
          ],
          [
            51.61751023891571,
            43.17816341188116
          ],
          [
            51.61765847123098,
            43.178140451465
          ],
          [
            51.61780670354625,
            43.17811749104884
          ],
          [
            51.61795493586152,
            43.17809453063267
          ],
          [
            51.618103168176795,
            43.17807157021651
          ],
          [
            51.618251400492056,
            43.17804860980034
          ],
          [
            51.618399632807325,
            43.17802564938418
          ],
          [
            51.61854786512259,
            43.17800268896802
          ],
          [
            51.618696097437855,
            43.17797972855186
          ],
          [
            51.618844329753124,
            43.177956768135694
          ],
          [
            51.618992562068385,
            43.17793380771954
          ],
          [
            51.61914079438366,
            43.177910847303366
          ],
          [
            51.61928902669893,
            43.177887886887206
          ],
          [
            51.61943725901419,
            43.17786492647104
          ],
          [
            51.61958549132946,
            43.17784196605489
          ],
          [
            51.619733723644735,
            43.177819005638725
          ],
          [
            51.61988195596,
            43.17779604522256
          ],
          [
            51.620030188275265,
            43.1777730848064
          ],
          [
            51.62017842059054,
            43.177750124390236
          ],
          [
            51.6203266529058,
            43.17772716397407
          ],
          [
            51.62047488522107,
            43.1777042035579
          ],
          [
            51.62062311753634,
            43.17768124314174
          ],
          [
            51.62077134985161,
            43.17765828272559
          ],
          [
            51.62091958216687,
            43.17763532230942
          ],
          [
            51.62106781448214,
            43.17761236189325
          ],
          [
            51.62121604679741,
            43.17758940147709
          ],
          [
            51.62136427911267,
            43.17756644106093
          ],
          [
            51.62151251142794,
            43.17754348064477
          ],
          [
            51.621660743743206,
            43.17752052022861
          ],
          [
            51.621808976058475,
            43.177497559812444
          ],
          [
            51.62195720837374,
            43.177474599396284
          ],
          [
            51.62210544068901,
            43.177451638980116
          ],
          [
            51.62225367300428,
            43.17742867856396
          ],
          [
            51.622401905319556,
            43.177405718147796
          ],
          [
            51.62255013763482,
            43.17738275773163
          ],
          [
            51.622698369950086,
            43.17735979731547
          ],
          [
            51.62284660226536,
            43.17733683689931
          ],
          [
            51.62299483458062,
            43.17731387648314
          ],
          [
            51.62314306689589,
            43.17729091606698
          ],
          [
            51.62329129921116,
            43.17726795565081
          ],
          [
            51.62343953152642,
            43.17724499523466
          ],
          [
            51.62358776384169,
            43.1772220348185
          ],
          [
            51.62373599615695,
            43.17719907440233
          ],
          [
            51.62388422847223,
            43.177176113986164
          ],
          [
            51.6240324607875,
            43.17715315357
          ],
          [
            51.62418069310276,
            43.17713019315384
          ],
          [
            51.62432892541803,
            43.17710723273768
          ],
          [
            51.624477157733295,
            43.17708427232152
          ],
          [
            51.624625390048564,
            43.177061311905355
          ],
          [
            51.62477362236383,
            43.17703835148919
          ],
          [
            51.62492185467911,
            43.177015391073034
          ],
          [
            51.62507008699437,
            43.176992430656874
          ],
          [
            51.62521831930964,
            43.1769694702407
          ],
          [
            51.625366551624914,
            43.17694650982454
          ],
          [
            51.62551478394018,
            43.17692354940838
          ],
          [
            51.62566301625544,
            43.176900588992225
          ],
          [
            51.62581124857071,
            43.17687762857605
          ],
          [
            51.625959480885975,
            43.17685466815989
          ],
          [
            51.62610771320124,
            43.17683170774373
          ],
          [
            51.626255945516505,
            43.17680874732757
          ],
          [
            51.62640417783177,
            43.17678578691141
          ],
          [
            51.62655241014705,
            43.17676282649524
          ],
          [
            51.62670064246231,
            43.176739866079075
          ],
          [
            51.62684887477758,
            43.176716905662914
          ],
          [
            51.626997107092855,
            43.176693945246754
          ],
          [
            51.627145339408116,
            43.176670984830594
          ],
          [
            51.62729357172339,
            43.17664802441443
          ],
          [
            51.627441804038654,
            43.176625063998266
          ],
          [
            51.62759003635393,
            43.176602103582105
          ],
          [
            51.6277382686692,
            43.176579143165945
          ],
          [
            51.62788650098446,
            43.17655618274978
          ],
          [
            51.62803473329973,
            43.17653322233362
          ],
          [
            51.62818296561499,
            43.17651026191746
          ],
          [
            51.62833119793026,
            43.1764873015013
          ],
          [
            51.628479430245534,
            43.176464341085136
          ],
          [
            51.6286276625608,
            43.17644138066896
          ],
          [
            51.628775894876064,
            43.1764184202528
          ],
          [
            51.62892412719133,
            43.17639545983664
          ],
          [
            51.629072359506594,
            43.17637249942048
          ],
          [
            51.62922059182186,
            43.17634953900433
          ],
          [
            51.62936882413713,
            43.17632657858816
          ],
          [
            51.6295170564524,
            43.17630361817199
          ],
          [
            51.629665288767676,
            43.176280657755825
          ],
          [
            51.62981352108294,
            43.176257697339665
          ],
          [
            51.629961753398206,
            43.176234736923504
          ],
          [
            51.63010998571348,
            43.176211776507344
          ],
          [
            51.63025821802875,
            43.17618881609118
          ],
          [
            51.63040645034401,
            43.176165855675016
          ],
          [
            51.63055468265928,
            43.176142895258856
          ],
          [
            51.63070291497455,
            43.17611993484268
          ],
          [
            51.63085114728981,
            43.17609697442653
          ],
          [
            51.63099937960507,
            43.17607401401037
          ],
          [
            51.63114761192034,
            43.17605105359421
          ],
          [
            51.631295844235616,
            43.17602809317805
          ],
          [
            51.63144407655088,
            43.17600513276188
          ],
          [
            51.631592308866146,
            43.17598217234571
          ],
          [
            51.63174054118142,
            43.17595921192955
          ],
          [
            51.63188877349669,
            43.17593625151339
          ],
          [
            51.63203700581195,
            43.17591329109723
          ],
          [
            51.63218523812722,
            43.17589033068107
          ],
          [
            51.6323334704425,
            43.1758673702649
          ],
          [
            51.63248170275776,
            43.17584440984874
          ],
          [
            51.63262993507302,
            43.175821449432576
          ],
          [
            51.6327781673883,
            43.175798489016415
          ],
          [
            51.632926399703564,
            43.175775528600255
          ],
          [
            51.63307463201883,
            43.17575256818409
          ],
          [
            51.6332228643341,
            43.17572960776793
          ],
          [
            51.63337109664937,
            43.17570664735177
          ],
          [
            51.63351932896463,
            43.1756836869356
          ],
          [
            51.63366756127989,
            43.17566072651944
          ],
          [
            51.63381579359517,
            43.17563776610328
          ],
          [
            51.63396402591044,
            43.17561480568712
          ],
          [
            51.6341122582257,
            43.17559184527096
          ],
          [
            51.63426049054097,
            43.17556888485479
          ],
          [
            51.634408722856236,
            43.17554592443863
          ],
          [
            51.63455695517151,
            43.17552296402246
          ],
          [
            51.63470518748677,
            43.17550000360631
          ],
          [
            51.63485341980205,
            43.17547704319014
          ],
          [
            51.63500165211731,
            43.17545408277398
          ],
          [
            51.63514988443257,
            43.17543112235782
          ],
          [
            51.63529811674785,
            43.175408161941654
          ],
          [
            51.635446349063116,
            43.175385201525486
          ],
          [
            51.63559458137838,
            43.17536224110932
          ],
          [
            51.635742813693646,
            43.175339280693166
          ],
          [
            51.63589104600892,
            43.175316320277005
          ],
          [
            51.63603927832418,
            43.175293359860845
          ],
          [
            51.63618751063945,
            43.17527039944467
          ],
          [
            51.636335742954714,
            43.17524743902852
          ],
          [
            51.63648397527,
            43.17522447861235
          ],
          [
            51.63663220758526,
            43.17520151819619
          ],
          [
            51.63678043990052,
            43.17517855778003
          ],
          [
            51.63692867221579,
            43.17515559736387
          ],
          [
            51.63707690453106,
            43.1751326369477
          ],
          [
            51.63722513684633,
            43.175109676531534
          ],
          [
            51.637373369161594,
            43.17508671611538
          ],
          [
            51.63752160147686,
            43.17506375569921
          ],
          [
            51.63766983379213,
            43.175040795283046
          ],
          [
            51.63781806610739,
            43.17501783486689
          ],
          [
            51.63796629842267,
            43.17499487445073
          ],
          [
            51.63811453073794,
            43.174971914034565
          ],
          [
            51.6382627630532,
            43.1749489536184
          ],
          [
            51.63841099536846,
            43.17492599320224
          ],
          [
            51.638559227683736,
            43.17490303278608
          ],
          [
            51.638707459999004,
            43.174880072369916
          ],
          [
            51.638855692314266,
            43.174857111953756
          ],
          [
            51.63900392462954,
            43.174834151537596
          ],
          [
            51.63915215694481,
            43.17481119112142
          ],
          [
            51.63930038926008,
            43.17478823070526
          ],
          [
            51.63944862157534,
            43.1747652702891
          ],
          [
            51.63959685389061,
            43.17474230987295
          ],
          [
            51.63974508620587,
            43.17471934945678
          ],
          [
            51.639893318521146,
            43.17469638904061
          ],
          [
            51.64004155083642,
            43.17467342862445
          ],
          [
            51.64018978315168,
            43.17465046820829
          ],
          [
            51.64033805898541,
            43.17462765885875
          ],
          [
            51.64048675046462,
            43.174606292349175
          ],
          [
            51.64063570466558,
            43.17458583783171
          ],
          [
            51.64078477928489,
            43.174565801325336
          ],
          [
            51.64093384263958,
            43.17454572571582
          ],
          [
            51.64108277366708,
            43.17452519075576
          ],
          [
            51.64123146192515,
            43.17450381306455
          ],
          [
            51.641379807592,
            43.174481246128394
          ],
          [
            51.641527721466204,
            43.174457180300294
          ],
          [
            51.641675124966724,
            43.174431342800055
          ],
          [
            51.6418219501329,
            43.174403497714295
          ],
          [
            51.641968139624495,
            43.17437344599642
          ],
          [
            51.642113646721626,
            43.17434102546669
          ],
          [
            51.64225843532482,
            43.17430611081212
          ],
          [
            51.64240247995499,
            43.17426861358654
          ],
          [
            51.64254576575343,
            43.17422848221061
          ],
          [
            51.642688288481835,
            43.17418570197177
          ],
          [
            51.64283005452228,
            43.17414029502428
          ],
          [
            51.642971080877224,
            43.17409232038921
          ],
          [
            51.64311139516955,
            43.17404187395441
          ],
          [
            51.64325103564245,
            43.17398908847456
          ],
          [
            51.643390051159614,
            43.173934133571144
          ],
          [
            51.64352850120505,
            43.17387721573244
          ],
          [
            51.64366645588316,
            43.17381857831354
          ],
          [
            51.64380399591874,
            43.173758501536355
          ],
          [
            51.643941212657,
            43.173697302489586
          ],
          [
            51.6440782080635,
            43.17363533512871
          ],
          [
            51.64421509472422,
            43.17357299027606
          ],
          [
            51.64435199584552,
            43.17351069562075
          ],
          [
            51.64448904525415,
            43.17344891571871
          ],
          [
            51.64462638739724,
            43.173388151992675
          ],
          [
            51.644764117209675,
            43.173328733992314
          ],
          [
            51.644901847022105,
            43.17326931599195
          ],
          [
            51.64503957683454,
            43.17320989799159
          ],
          [
            51.64517730664697,
            43.17315047999123
          ],
          [
            51.64531503645941,
            43.173091061990874
          ],
          [
            51.64545267064227,
            43.17303140432074
          ],
          [
            51.64559021283852,
            43.172971516110934
          ],
          [
            51.64572770574277,
            43.17291150436399
          ],
          [
            51.645865188942714,
            43.17285146829581
          ],
          [
            51.64600269891916,
            43.17279149933573
          ],
          [
            51.64614026904602,
            43.172731681126464
          ],
          [
            51.6462779295903,
            43.17267208952414
          ],
          [
            51.64641570771213,
            43.17261279259828
          ],
          [
            51.646553627464726,
            43.172553850631786
          ],
          [
            51.64669170979441,
            43.17249531612098
          ],
          [
            51.64682997254059,
            43.172437233775575
          ],
          [
            51.64696843043581,
            43.17237964051869
          ],
          [
            51.6471070951057,
            43.17232256548682
          ],
          [
            51.647245975068984,
            43.17226603002989
          ],
          [
            51.6473850757375,
            43.1722100477112
          ],
          [
            51.64752439941619,
            43.172154624307446
          ],
          [
            51.64766394530308,
            43.17209975780874
          ],
          [
            51.64780370948933,
            43.17204543841859
          ],
          [
            51.64794368495918,
            43.17199164855389
          ],
          [
            51.64808386158999,
            43.17193836284496
          ],
          [
            51.64822422615219,
            43.171885548135464
          ],
          [
            51.648364762309335,
            43.171833163482525
          ],
          [
            51.648505450618096,
            43.17178116015662
          ],
          [
            51.64864626852822,
            43.17172948164167
          ],
          [
            51.648787190382585,
            43.17167806363493
          ],
          [
            51.64892818741715,
            43.17162683404713
          ],
          [
            51.64906922776097,
            43.17157571300233
          ],
          [
            51.64921027643623,
            43.171524612838034
          ],
          [
            51.6493512953582,
            43.17147343810511
          ],
          [
            51.649492243335246,
            43.17142208556787
          ],
          [
            51.649633076068866,
            43.17137044420397
          ],
          [
            51.64977387829202,
            43.17131872637383
          ],
          [
            51.649914680515174,
            43.171267008543694
          ],
          [
            51.650055482738324,
            43.17121529071355
          ],
          [
            51.650196284961474,
            43.171163572883415
          ],
          [
            51.650337087184646,
            43.17111185505327
          ],
          [
            51.6504778894078,
            43.17106013722314
          ],
          [
            51.65061869163095,
            43.171008419393
          ],
          [
            51.650759493854096,
            43.17095670156285
          ],
          [
            51.65090029607727,
            43.17090498373271
          ],
          [
            51.651041098300425,
            43.17085326590257
          ],
          [
            51.65118190052358,
            43.17080154807243
          ],
          [
            51.65132270274673,
            43.1707498302423
          ],
          [
            51.65146350496989,
            43.17069811241215
          ],
          [
            51.65160430719304,
            43.170646394582015
          ],
          [
            51.6517451094162,
            43.170594676751875
          ],
          [
            51.65188591163935,
            43.170542958921736
          ],
          [
            51.65202671386251,
            43.1704912410916
          ],
          [
            51.65216751608566,
            43.17043952326146
          ],
          [
            51.652308318308826,
            43.17038780543132
          ],
          [
            51.65244912053198,
            43.17033608760118
          ],
          [
            51.65258992275514,
            43.17028436977104
          ],
          [
            51.65273072497829,
            43.17023265194089
          ],
          [
            51.65287152720145,
            43.17018093411076
          ],
          [
            51.653012329424605,
            43.170129216280614
          ],
          [
            51.653153131647755,
            43.17007749845048
          ],
          [
            51.65329393387091,
            43.170025780620335
          ],
          [
            51.65343473609407,
            43.169974062790196
          ],
          [
            51.65357553831723,
            43.169922344960064
          ],
          [
            51.653716340540385,
            43.169870627129924
          ],
          [
            51.65385714276355,
            43.16981890929978
          ],
          [
            51.6539979449867,
            43.169767191469646
          ],
          [
            51.654138747209856,
            43.1697154736395
          ],
          [
            51.654279549433014,
            43.16966375580936
          ],
          [
            51.65442035165616,
            43.16961203797923
          ],
          [
            51.65456115387932,
            43.16956032014908
          ],
          [
            51.65470195610247,
            43.16950860231895
          ],
          [
            51.654842758325636,
            43.1694568844888
          ],
          [
            51.654983560548786,
            43.16940516665866
          ],
          [
            51.65512436277194,
            43.16935344882853
          ],
          [
            51.6552651649951,
            43.169301730998384
          ],
          [
            51.65540596721826,
            43.16925001316824
          ],
          [
            51.65554676944141,
            43.169198295338106
          ],
          [
            51.655687571664565,
            43.169146577507966
          ],
          [
            51.65582837388772,
            43.16909485967783
          ],
          [
            51.65596917611087,
            43.16904314184769
          ],
          [
            51.65610997833403,
            43.16899142401755
          ],
          [
            51.65625078055719,
            43.1689397061874
          ],
          [
            51.65639158278035,
            43.16888798835726
          ],
          [
            51.6565323850035,
            43.16883627052712
          ],
          [
            51.65667318722666,
            43.16878455269699
          ],
          [
            51.656813989449816,
            43.168732834866844
          ],
          [
            51.656954791672966,
            43.16868111703671
          ],
          [
            51.65709559389612,
            43.16862939920656
          ],
          [
            51.65723639611928,
            43.168577681376426
          ],
          [
            51.65737719834244,
            43.16852596354628
          ],
          [
            51.657518000565595,
            43.168474245716155
          ],
          [
            51.65765880278875,
            43.16842252788601
          ],
          [
            51.6577996050119,
            43.16837081005587
          ],
          [
            51.65794040723506,
            43.16831909222573
          ],
          [
            51.65808120945822,
            43.16826737439559
          ],
          [
            51.65822201168137,
            43.16821565656545
          ],
          [
            51.65836281390453,
            43.16816393873531
          ],
          [
            51.65850361612769,
            43.16811222090517
          ],
          [
            51.65864441835084,
            43.16806050307503
          ],
          [
            51.658785220573996,
            43.16800878524489
          ],
          [
            51.65892602279715,
            43.16795706741475
          ],
          [
            51.659066825020304,
            43.16790534958462
          ],
          [
            51.659207627243454,
            43.16785363175447
          ],
          [
            51.659348429466625,
            43.167801913924336
          ],
          [
            51.659489231689776,
            43.16775019609419
          ],
          [
            51.65963003391293,
            43.16769847826405
          ],
          [
            51.65977083613608,
            43.16764676043391
          ],
          [
            51.65991163835925,
            43.16759504260377
          ],
          [
            51.6600524405824,
            43.16754332477363
          ],
          [
            51.66019324280555,
            43.16749160694349
          ],
          [
            51.660334045028705,
            43.16743988911335
          ],
          [
            51.66047484725186,
            43.16738817128321
          ],
          [
            51.66061564947502,
            43.167336453453075
          ],
          [
            51.66075645169818,
            43.167284735622935
          ],
          [
            51.660897253921334,
            43.167233017792796
          ],
          [
            51.66103805614449,
            43.16718129996266
          ],
          [
            51.66117885836765,
            43.16712958213252
          ],
          [
            51.66131966059079,
            43.16707786430237
          ],
          [
            51.66146322903394,
            43.16702929495636
          ],
          [
            51.661608740525686,
            43.166982937168974
          ],
          [
            51.66175521641945,
            43.16693767705439
          ],
          [
            51.661901750260334,
            43.16689248289463
          ],
          [
            51.66204750778517,
            43.166846405139665
          ],
          [
            51.66219172692254,
            43.16679857640736
          ],
          [
            51.662333717792755,
            43.166748211483494
          ],
          [
            51.66247286270786,
            43.166694607321766
          ],
          [
            51.662608616171596,
            43.1666371430438
          ],
          [
            51.662740504879494,
            43.166575279939096
          ],
          [
            51.66286812771879,
            43.1665085614651
          ],
          [
            51.662991155768445,
            43.16643661324718
          ],
          [
            51.66310933229917,
            43.16635914307855
          ],
          [
            51.6632224727734,
            43.16627594092043
          ],
          [
            51.66333046484528,
            43.16618687890189
          ],
          [
            51.66343326836073,
            43.166091911319924
          ],
          [
            51.66353091535737,
            43.16599107463944
          ],
          [
            51.663623510064575,
            43.165884487493294
          ],
          [
            51.66371122890343,
            43.16577235068221
          ],
          [
            51.663794320486765,
            43.16565494717483
          ],
          [
            51.66387310561914,
            43.16553264210772
          ],
          [
            51.66394797729684,
            43.16540588278538
          ],
          [
            51.664019400707915,
            43.16527519868017
          ],
          [
            51.664088868858826,
            43.16514159952435
          ],
          [
            51.66415667523264,
            43.16500564745101
          ],
          [
            51.66422317483248,
            43.16486798231561
          ],
          [
            51.664288819011645,
            43.164729336205376
          ],
          [
            51.664354155473696,
            43.164590533439295
          ],
          [
            51.664419828272315,
            43.164452490568124
          ],
          [
            51.6644865778114,
            43.164316216374374
          ],
          [
            51.66455524084509,
            43.164182811872344
          ],
          [
            51.66462292818845,
            43.16404911981651
          ],
          [
            51.664689317426294,
            43.16391488700001
          ],
          [
            51.66475427506622,
            43.16378005781303
          ],
          [
            51.66481769177428,
            43.16364458670957
          ],
          [
            51.664879482375014,
            43.1635084382075
          ],
          [
            51.66493958585139,
            43.163371586888566
          ],
          [
            51.66499796534489,
            43.16323401739833
          ],
          [
            51.665054608155394,
            43.163095724446244
          ],
          [
            51.665109525741286,
            43.162956712805595
          ],
          [
            51.6651627537194,
            43.16281699731353
          ],
          [
            51.66521435186505,
            43.16267660287106
          ],
          [
            51.66526440411198,
            43.16253556444303
          ],
          [
            51.665313018552396,
            43.16239392705816
          ],
          [
            51.66536032743701,
            43.162251745809016
          ],
          [
            51.665406487174955,
            43.162109085852016
          ],
          [
            51.66545282053559,
            43.16196596070765
          ],
          [
            51.66550234118192,
            43.161822303926016
          ],
          [
            51.66555374932154,
            43.16167829343167
          ],
          [
            51.66560587668675,
            43.16153411141322
          ],
          [
            51.6656576865345,
            43.161389944323425
          ],
          [
            51.66570827364641,
            43.16124598287915
          ],
          [
            51.66575686432879,
            43.161102422061376
          ],
          [
            51.66580281641258,
            43.160959461115205
          ],
          [
            51.66584429879381,
            43.16081675347697
          ],
          [
            51.66588050915215,
            43.16067433062449
          ],
          [
            51.66591077774036,
            43.160532228736336
          ],
          [
            51.665934542177354,
            43.1603904781914
          ],
          [
            51.66595134744826,
            43.160249103568816
          ],
          [
            51.665960845904415,
            43.160108123647966
          ],
          [
            51.66596279726337,
            43.159967551408506
          ],
          [
            51.665957068608854,
            43.159827394030344
          ],
          [
            51.66594363439083,
            43.15968765289365
          ],
          [
            51.66592257642544,
            43.15954832357886
          ],
          [
            51.66589408389502,
            43.15940939586666
          ],
          [
            51.66585845334814,
            43.159270853738
          ],
          [
            51.6658160886996,
            43.15913267537409
          ],
          [
            51.6657675012303,
            43.1589948331564
          ],
          [
            51.66571330958744,
            43.15885729366666
          ],
          [
            51.66565423978441,
            43.158720017686846
          ],
          [
            51.66559112520074,
            43.15858296019923
          ],
          [
            51.66552490658227,
            43.15844607038632
          ],
          [
            51.66545663204093,
            43.15830929163086
          ],
          [
            51.665387457054926,
            43.15817256151589
          ],
          [
            51.665318644468655,
            43.15803581182472
          ],
          [
            51.66525156449269,
            43.15789896854086
          ],
          [
            51.6651844140244,
            43.157761118962064
          ],
          [
            51.66511428663115,
            43.15762152315817
          ],
          [
            51.66504051516418,
            43.15748100221109
          ],
          [
            51.66496546792551,
            43.15734015737607
          ],
          [
            51.6648913318018,
            43.15719954385136
          ],
          [
            51.66482011226442,
            43.15705967077818
          ],
          [
            51.66475363336937,
            43.15692100124075
          ],
          [
            51.66469353775735,
            43.156783952266245
          ],
          [
            51.66464128665374,
            43.156648894824876
          ],
          [
            51.664598159868575,
            43.15651615382979
          ],
          [
            51.66456525579657,
            43.15638600813717
          ],
          [
            51.6645434914171,
            43.156258690546125
          ],
          [
            51.664533602294235,
            43.1561343877988
          ],
          [
            51.66453614257671,
            43.15601324058031
          ],
          [
            51.664551484997915,
            43.15589534351875
          ],
          [
            51.66457982087595,
            43.15578074518521
          ],
          [
            51.66462116011355,
            43.15566944809376
          ],
          [
            51.664675331198126,
            43.155561408701445
          ],
          [
            51.66474198120181,
            43.155456537408334
          ],
          [
            51.66482057578134,
            43.15535469855743
          ],
          [
            51.664910399178176,
            43.155255710434766
          ],
          [
            51.665010554218426,
            43.15515934526933
          ],
          [
            51.66511996231287,
            43.155065329233125
          ],
          [
            51.66523736345697,
            43.15497334244112
          ],
          [
            51.66536131623087,
            43.15488301895127
          ],
          [
            51.66549019779938,
            43.154793946764514
          ],
          [
            51.66562367952793,
            43.15470685974873
          ],
          [
            51.66575999544128,
            43.15462143124513
          ],
          [
            51.665896221120484,
            43.15453649934659
          ],
          [
            51.66602930546809,
            43.15445090030241
          ],
          [
            51.666156070708055,
            43.15436346851826
          ],
          [
            51.66627774554136,
            43.15427418741611
          ],
          [
            51.666397876360136,
            43.154183659141324
          ],
          [
            51.66651597951042,
            43.15409149302405
          ],
          [
            51.666631626075024,
            43.15399734260782
          ],
          [
            51.666744441873504,
            43.153900905649635
          ],
          [
            51.66685410746217,
            43.15380192411992
          ],
          [
            51.666960358134084,
            43.153700184202506
          ],
          [
            51.667062983919095,
            43.153595516294715
          ],
          [
            51.66716182958376,
            43.15348779500722
          ],
          [
            51.66725679463141,
            43.153376939164225
          ],
          [
            51.66734783330215,
            43.15326291180327
          ],
          [
            51.66743495457282,
            43.15314572017539
          ],
          [
            51.66751822215701,
            43.15302541574503
          ],
          [
            51.66759851840015,
            43.15290232235354
          ],
          [
            51.66767680316879,
            43.15277681486104
          ],
          [
            51.66775267198973,
            43.15264888848522
          ],
          [
            51.667825820037734,
            43.15251859607142
          ],
          [
            51.66789604213547,
            43.1523860480927
          ],
          [
            51.667963232753586,
            43.152251412649825
          ],
          [
            51.66802738601064,
            43.15211491547128
          ],
          [
            51.668088595673154,
            43.15197683991321
          ],
          [
            51.66814705515559,
            43.15183752695949
          ],
          [
            51.66820305752035,
            43.15169737522165
          ],
          [
            51.66825699547775,
            43.151556840938994
          ],
          [
            51.6683093613861,
            43.15141643797845
          ],
          [
            51.6683607472516,
            43.15127673783468
          ],
          [
            51.66840980576151,
            43.151136722661285
          ],
          [
            51.66845569675675,
            43.15099576140094
          ],
          [
            51.668498371685686,
            43.15085383955205
          ],
          [
            51.668537826907865,
            43.150710956027254
          ],
          [
            51.66857410369404,
            43.15056712315349
          ],
          [
            51.66860728822615,
            43.15042236667195
          ],
          [
            51.66863751159728,
            43.150276725738074
          ],
          [
            51.66866494981176,
            43.15013025292159
          ],
          [
            51.66868982378508,
            43.1499830142065
          ],
          [
            51.66871239934391,
            43.14983508899106
          ],
          [
            51.6687329872261,
            43.1496865700878
          ],
          [
            51.66875194308072,
            43.14953756372349
          ],
          [
            51.668769667468,
            43.149388189539216
          ],
          [
            51.66878660585937,
            43.149238580590286
          ],
          [
            51.668803248637424,
            43.149088883346295
          ],
          [
            51.66882013109596,
            43.14893925769111
          ],
          [
            51.668838659070154,
            43.14878993193968
          ],
          [
            51.668859179394026,
            43.148641074260745
          ],
          [
            51.668881026109325,
            43.14849255082224
          ],
          [
            51.66890288000551,
            43.148344027862244
          ],
          [
            51.668924502115345,
            43.148195489456896
          ],
          [
            51.66894567421585,
            43.148046921064655
          ],
          [
            51.66896619882828,
            43.147898309526305
          ],
          [
            51.66898589921812,
            43.14774964306493
          ],
          [
            51.66900461939508,
            43.14760091128593
          ],
          [
            51.669022224113135,
            43.14745210517703
          ],
          [
            51.66903859887044,
            43.14730321710827
          ],
          [
            51.66905364990947,
            43.14715424083202
          ],
          [
            51.66906730421686,
            43.14700517148294
          ],
          [
            51.669079509523506,
            43.14685600557802
          ],
          [
            51.669090234304534,
            43.14670674101655
          ],
          [
            51.669099467779326,
            43.14655737708018
          ],
          [
            51.66910721991146,
            43.14640791443282
          ],
          [
            51.6691135214088,
            43.146258355120736
          ],
          [
            51.669118423723404,
            43.14610870257249
          ],
          [
            51.66912199905157,
            43.145958961598964
          ],
          [
            51.66912434033385,
            43.14580913839336
          ],
          [
            51.66912556125502,
            43.1456592405312
          ],
          [
            51.669125796244096,
            43.14550927697032
          ],
          [
            51.669125200474326,
            43.145359258050846
          ],
          [
            51.66912394986317,
            43.145209195495276
          ],
          [
            51.669122241072365,
            43.145059102408375
          ],
          [
            51.66912029150788,
            43.144908993277234
          ],
          [
            51.669118339319866,
            43.14475888397127
          ],
          [
            51.66911664340275,
            43.144608791742215
          ],
          [
            51.66911548339521,
            43.14445873522413
          ],
          [
            51.66911471125607,
            43.14430863473574
          ],
          [
            51.66911148244954,
            43.14415798547709
          ],
          [
            51.669106709846574,
            43.14400699298798
          ],
          [
            51.66910125804174,
            43.14385584949271
          ],
          [
            51.66909592676734,
            43.14370473279483
          ],
          [
            51.66909145089356,
            43.143553806277176
          ],
          [
            51.669088500428394,
            43.143403218901824
          ],
          [
            51.66908768051762,
            43.14325310521015
          ],
          [
            51.66908953144486,
            43.14310358532278
          ],
          [
            51.66909452863159,
            43.142954764939596
          ],
          [
            51.669103082637,
            43.14280673533976
          ],
          [
            51.66911553915821,
            43.1426595733817
          ],
          [
            51.6691321790301,
            43.14251334150311
          ],
          [
            51.66915321822538,
            43.14236808772094
          ],
          [
            51.669178807854586,
            43.14222384563144
          ],
          [
            51.66920903416604,
            43.14208063441009
          ],
          [
            51.66924391854592,
            43.14193845881164
          ],
          [
            51.6692834175182,
            43.141797309170144
          ],
          [
            51.66932742274469,
            43.14165716139887
          ],
          [
            51.669375761024995,
            43.14151797699039
          ],
          [
            51.66942819429657,
            43.14137970301653
          ],
          [
            51.66948441963464,
            43.141242272128395
          ],
          [
            51.6695440692523,
            43.14110560255633
          ],
          [
            51.66960671050043,
            43.14096959810998
          ],
          [
            51.66967184586773,
            43.14083414817823
          ],
          [
            51.669738912980726,
            43.14069912772925
          ],
          [
            51.66980728460376,
            43.140564397310456
          ],
          [
            51.66987626863902,
            43.140429803048555
          ],
          [
            51.66994510812645,
            43.1402951766495
          ],
          [
            51.67001298124386,
            43.140160335398534
          ],
          [
            51.670077882504806,
            43.14002354035314
          ],
          [
            51.67013750827166,
            43.13988200052573
          ],
          [
            51.670195262427384,
            43.139737881454636
          ],
          [
            51.67025227791181,
            43.13959274442993
          ],
          [
            51.670309601702016,
            43.13944803227755
          ],
          [
            51.67036819481242,
            43.13930506935931
          ],
          [
            51.67042893229468,
            43.13916506157292
          ],
          [
            51.67049260323779,
            43.139029096351955
          ],
          [
            51.670559910768034,
            43.13889814266589
          ],
          [
            51.67063147204897,
            43.13877305102005
          ],
          [
            51.67070781828146,
            43.138654553455694
          ],
          [
            51.67078939470372,
            43.13854326354991
          ],
          [
            51.67087656059118,
            43.1384396764157
          ],
          [
            51.67096958925662,
            43.138344168701934
          ],
          [
            51.671068668050076,
            43.138256998593356
          ],
          [
            51.671173898358916,
            43.13817830581063
          ],
          [
            51.671285295607795,
            43.13810811161024
          ],
          [
            51.67140278925865,
            43.13804631878459
          ],
          [
            51.671526222810726,
            43.13799271166197
          ],
          [
            51.67165535380057,
            43.13794695610655
          ],
          [
            51.67178985380202,
            43.13790859951836
          ],
          [
            51.6719293084262,
            43.13787707083333
          ],
          [
            51.67207321732155,
            43.13785168052327
          ],
          [
            51.672220994173784,
            43.137831620595854
          ],
          [
            51.672371966705946,
            43.137815964594665
          ],
          [
            51.672525376678315,
            43.13780366759913
          ],
          [
            51.67268037988856,
            43.13779356622461
          ],
          [
            51.67283604617156,
            43.13778437862231
          ],
          [
            51.67299135939952,
            43.13777470447932
          ],
          [
            51.67314521748197,
            43.137763025018614
          ],
          [
            51.67329643236568,
            43.13774770299905
          ],
          [
            51.67344527596568,
            43.137729113143294
          ],
          [
            51.67359411956569,
            43.13771052328754
          ],
          [
            51.67374296316571,
            43.137691933431775
          ],
          [
            51.673891806765695,
            43.13767334357602
          ],
          [
            51.67404065036572,
            43.137654753720255
          ],
          [
            51.67418949396572,
            43.1376361638645
          ],
          [
            51.67433833756573,
            43.137617574008736
          ],
          [
            51.67448718116573,
            43.13759898415297
          ],
          [
            51.674636024765746,
            43.13758039429722
          ],
          [
            51.674784868365755,
            43.137561804441454
          ],
          [
            51.67493371196576,
            43.137543214585705
          ],
          [
            51.675082555565766,
            43.137524624729934
          ],
          [
            51.67523139916577,
            43.13750603487418
          ],
          [
            51.67538024276577,
            43.13748744501843
          ],
          [
            51.67552908636579,
            43.137468855162666
          ],
          [
            51.675677929965794,
            43.137450265306896
          ],
          [
            51.675826773565795,
            43.13743167545113
          ],
          [
            51.675975617165804,
            43.137413085595384
          ],
          [
            51.676124460765806,
            43.13739449573962
          ],
          [
            51.6762733043658,
            43.137375905883864
          ],
          [
            51.67642214796582,
            43.1373573160281
          ],
          [
            51.67657099156583,
            43.137338726172345
          ],
          [
            51.67671983516583,
            43.13732013631659
          ],
          [
            51.67686867876584,
            43.137301546460826
          ],
          [
            51.677017522365844,
            43.13728295660506
          ],
          [
            51.67716636596585,
            43.1372643667493
          ],
          [
            51.67731520956586,
            43.13724577689354
          ],
          [
            51.67746405316586,
            43.13722718703778
          ],
          [
            51.677612896765865,
            43.13720859718203
          ],
          [
            51.677761740365874,
            43.137190007326275
          ],
          [
            51.67791058396588,
            43.13717141747051
          ],
          [
            51.67805942756589,
            43.137152827614756
          ],
          [
            51.67820827116589,
            43.137134237758985
          ],
          [
            51.67835711476591,
            43.13711564790323
          ],
          [
            51.6785059583659,
            43.13709705804747
          ],
          [
            51.67865480196592,
            43.13707846819171
          ],
          [
            51.67880364556593,
            43.137059878335954
          ],
          [
            51.67895248916592,
            43.13704128848019
          ],
          [
            51.67910133276594,
            43.13702269862444
          ],
          [
            51.67925017636594,
            43.13700410876868
          ],
          [
            51.67939901996594,
            43.13698551891291
          ],
          [
            51.67954786356596,
            43.13696692905715
          ],
          [
            51.67969670716597,
            43.136948339201396
          ],
          [
            51.67985510547482,
            43.13693204753578
          ],
          [
            51.680021297662435,
            43.136917630528565
          ],
          [
            51.68019151682543,
            43.13690418212806
          ],
          [
            51.68036227207712,
            43.136890862672765
          ],
          [
            51.680530348547435,
            43.13687689889129
          ],
          [
            51.68069280738288,
            43.13686158390243
          ],
          [
            51.68084698574662,
            43.13684427721517
          ],
          [
            51.68099049681844,
            43.13682440472863
          ],
          [
            51.681121229794705,
            43.13680145873209
          ],
          [
            51.681237349888434,
            43.136774997905
          ],
          [
            51.681337298329275,
            43.13674464731697
          ],
          [
            51.68141979236345,
            43.136710098427784
          ],
          [
            51.68148382525385,
            43.136671109087374
          ],
          [
            51.681528666279945,
            43.13662750353584
          ],
          [
            51.68155386073785,
            43.136579172403444
          ],
          [
            51.681559229940305,
            43.13652607271061
          ],
          [
            51.68154487121664,
            43.13646822786793
          ],
          [
            51.681511157912816,
            43.13640572767615
          ],
          [
            51.68145873939145,
            43.13633872832619
          ],
          [
            51.68138854103172,
            43.1362674523991
          ],
          [
            51.681301764229474,
            43.13619218886615
          ],
          [
            51.681199886397124,
            43.13611329308871
          ],
          [
            51.68108466096375,
            43.13603118681836
          ],
          [
            51.680958117375056,
            43.13594635819684
          ],
          [
            51.68082256109331,
            43.135859361756005
          ],
          [
            51.68068057359745,
            43.135770818417924
          ],
          [
            51.68053501238302,
            43.13568141549479
          ],
          [
            51.68038901096218,
            43.135591906689
          ],
          [
            51.68024597886371,
            43.13550311209308
          ],
          [
            51.68010960163302,
            43.13541591818974
          ],
          [
            51.67998384083211,
            43.13533127785183
          ],
          [
            51.6798597315971,
            43.135247034764376
          ],
          [
            51.67973562236208,
            43.135162791676926
          ],
          [
            51.67961151312708,
            43.13507854858947
          ],
          [
            51.67948740389205,
            43.13499430550202
          ],
          [
            51.67936329465704,
            43.13491006241456
          ],
          [
            51.67923918542201,
            43.134825819327105
          ],
          [
            51.679115076186996,
            43.13474157623965
          ],
          [
            51.67899096695198,
            43.1346573331522
          ],
          [
            51.67886685771696,
            43.13457309006475
          ],
          [
            51.678742748481945,
            43.13448884697729
          ],
          [
            51.678618639246935,
            43.134404603889834
          ],
          [
            51.67849453001192,
            43.13432036080238
          ],
          [
            51.67837042077691,
            43.13423611771493
          ],
          [
            51.6782463115419,
            43.13415187462748
          ],
          [
            51.67812220230688,
            43.13406763154002
          ],
          [
            51.677998093071864,
            43.13398338845256
          ],
          [
            51.67787398383685,
            43.133899145365106
          ],
          [
            51.67774987460183,
            43.133814902277656
          ],
          [
            51.67762576536681,
            43.133730659190206
          ],
          [
            51.677501656131795,
            43.13364641610275
          ],
          [
            51.67737754689678,
            43.13356217301529
          ],
          [
            51.67725343766177,
            43.13347792992784
          ],
          [
            51.67712932842676,
            43.13339368684039
          ],
          [
            51.67700521919173,
            43.133309443752935
          ],
          [
            51.676881109956724,
            43.13322520066548
          ],
          [
            51.67675700072171,
            43.13314095757802
          ],
          [
            51.67663289148669,
            43.13305671449057
          ],
          [
            51.67650878225167,
            43.13297247140313
          ],
          [
            51.676384673016656,
            43.132888228315664
          ],
          [
            51.67626056378164,
            43.132803985228215
          ],
          [
            51.676136454546615,
            43.13271974214075
          ],
          [
            51.6760123453116,
            43.1326354990533
          ],
          [
            51.67588823607658,
            43.13255125596585
          ],
          [
            51.67576412684157,
            43.132467012878394
          ],
          [
            51.675640017606554,
            43.13238276979094
          ],
          [
            51.67551590837154,
            43.13229852670349
          ],
          [
            51.675391799136534,
            43.13221428361604
          ],
          [
            51.675267689901524,
            43.13213004052858
          ],
          [
            51.67514358066649,
            43.13204579744113
          ],
          [
            51.67501947143149,
            43.13196155435366
          ],
          [
            51.67489536219646,
            43.131877311266216
          ],
          [
            51.674771252961456,
            43.131793068178766
          ],
          [
            51.67464714372644,
            43.13170882509131
          ],
          [
            51.67452303449142,
            43.13162458200385
          ],
          [
            51.6743989252564,
            43.131540338916395
          ],
          [
            51.67427481602139,
            43.131456095828945
          ],
          [
            51.67415070678637,
            43.131371852741495
          ],
          [
            51.67402659755136,
            43.13128760965404
          ],
          [
            51.67390248831634,
            43.13120336656658
          ],
          [
            51.67377837908133,
            43.131119123479124
          ],
          [
            51.67365426984631,
            43.13103488039168
          ],
          [
            51.67353016061129,
            43.130950637304224
          ],
          [
            51.67340605137627,
            43.130866394216774
          ],
          [
            51.67328194214125,
            43.13078215112931
          ],
          [
            51.673157832906234,
            43.13069790804186
          ],
          [
            51.67303372367122,
            43.13061366495441
          ],
          [
            51.67290961443621,
            43.13052942186695
          ],
          [
            51.67278550520119,
            43.130445178779496
          ],
          [
            51.67266139596619,
            43.13036093569203
          ],
          [
            51.67253728673118,
            43.13027669260459
          ],
          [
            51.67241317749616,
            43.13019244951714
          ],
          [
            51.672289068261136,
            43.13010820642968
          ],
          [
            51.67216495902612,
            43.130023963342225
          ],
          [
            51.6720408497911,
            43.129939720254775
          ],
          [
            51.67191674055609,
            43.12985547716731
          ],
          [
            51.67179263132107,
            43.12977123407987
          ],
          [
            51.6716668231722,
            43.12968762769691
          ],
          [
            51.671534959190396,
            43.12960629086755
          ],
          [
            51.671399377026155,
            43.12952634750701
          ],
          [
            51.67126225022683,
            43.12944698303167
          ],
          [
            51.671125588236634,
            43.129367444359126
          ],
          [
            51.670991236396624,
            43.12928703990813
          ],
          [
            51.67086087594469,
            43.12920513959861
          ],
          [
            51.6707360240156,
            43.12912117485173
          ],
          [
            51.67061803364097,
            43.12903463858979
          ],
          [
            51.67050809374923,
            43.12894508523628
          ],
          [
            51.670407229165704,
            43.12885213071589
          ],
          [
            51.67031630061255,
            43.12875545245447
          ],
          [
            51.67023600470876,
            43.1286547893791
          ],
          [
            51.6701668739702,
            43.12854994191798
          ],
          [
            51.670109276809576,
            43.12844077200055
          ],
          [
            51.67006341753643,
            43.128327203057395
          ],
          [
            51.6700293363572,
            43.12820922002032
          ],
          [
            51.67000690937512,
            43.12808686932227
          ],
          [
            51.66999584859028,
            43.12796025889742
          ],
          [
            51.66999570189967,
            43.12782955818108
          ],
          [
            51.67000585309708,
            43.12769499810979
          ],
          [
            51.67002552187317,
            43.12755687112125
          ],
          [
            51.670053763815446,
            43.12741553115435
          ],
          [
            51.67008947040824,
            43.12727139364915
          ],
          [
            51.6701313690328,
            43.127124935546924
          ],
          [
            51.67017802296718,
            43.126976695290104
          ],
          [
            51.67022783138624,
            43.126827272822304
          ],
          [
            51.67027902936179,
            43.126677329588354
          ],
          [
            51.670329687862406,
            43.12652758853423
          ],
          [
            51.67037771375357,
            43.1263788341071
          ],
          [
            51.67042217175893,
            43.12623205613847
          ],
          [
            51.670463010406586,
            43.12608728472967
          ],
          [
            51.67050457720072,
            43.12594259257282
          ],
          [
            51.67054630071147,
            43.125797917473086
          ],
          [
            51.67058765424905,
            43.125653202105255
          ],
          [
            51.67062815586366,
            43.12550839401357
          ],
          [
            51.67066736834558,
            43.12536344561183
          ],
          [
            51.670704899225115,
            43.12521831418341
          ],
          [
            51.67074040077258,
            43.12507296188115
          ],
          [
            51.67077356999835,
            43.12492735572749
          ],
          [
            51.67080414865283,
            43.12478146761436
          ],
          [
            51.67083192322644,
            43.12463527430325
          ],
          [
            51.67085672494965,
            43.12448875742517
          ],
          [
            51.67087842979298,
            43.124341903480676
          ],
          [
            51.67089695846696,
            43.12419470383984
          ],
          [
            51.67091227642216,
            43.12404715474228
          ],
          [
            51.67092439384919,
            43.123899257297154
          ],
          [
            51.67093336567869,
            43.12375101748315
          ],
          [
            51.670939291581334,
            43.12360244614848
          ],
          [
            51.67094231596786,
            43.123453559010926
          ],
          [
            51.67094262798898,
            43.12330437665774
          ],
          [
            51.67094046153549,
            43.12315492454577
          ],
          [
            51.6709360952382,
            43.12300523300138
          ],
          [
            51.67092985246796,
            43.12285533722044
          ],
          [
            51.67092210133565,
            43.122705277268395
          ],
          [
            51.6709132546922,
            43.12255509808022
          ],
          [
            51.670903770128554,
            43.12240484946038
          ],
          [
            51.67089414997569,
            43.12225458608292
          ],
          [
            51.67088813286392,
            43.12210284786496
          ],
          [
            51.67088634956661,
            43.1219496806681
          ],
          [
            51.670887954400335,
            43.12179585952494
          ],
          [
            51.67089042741507,
            43.12164191426996
          ],
          [
            51.670892007181166,
            43.12148839432566
          ],
          [
            51.6708915343974,
            43.12133585168079
          ],
          [
            51.670887957407025,
            43.12118478707037
          ],
          [
            51.67088033219769,
            43.121035649975646
          ],
          [
            51.670867822401526,
            43.12088883862415
          ],
          [
            51.67084969929507,
            43.12074469998969
          ],
          [
            51.67082534179932,
            43.12060352979231
          ],
          [
            51.670794236479686,
            43.120465572498354
          ],
          [
            51.67075597754605,
            43.1203310213204
          ],
          [
            51.670710266852716,
            43.120200018217304
          ],
          [
            51.67065691389839,
            43.12007265389418
          ],
          [
            51.670595835826276,
            43.1199489678024
          ],
          [
            51.67052705742399,
            43.11982894813961
          ],
          [
            51.67045071112358,
            43.11971253184975
          ],
          [
            51.670367037001526,
            43.119599604622955
          ],
          [
            51.67027638277878,
            43.11949000089568
          ],
          [
            51.670179203820695,
            43.119383503850614
          ],
          [
            51.67007606313707,
            43.11927984541674
          ],
          [
            51.669967631382164,
            43.11917870626928
          ],
          [
            51.669854686854656,
            43.11907971582973
          ],
          [
            51.66973811549765,
            43.11898245226583
          ],
          [
            51.66961891089872,
            43.118886442491615
          ],
          [
            51.66949817428987,
            43.11879116216739
          ],
          [
            51.669377114547515,
            43.11869603569969
          ],
          [
            51.669257048192534,
            43.11860043624131
          ],
          [
            51.66913939939023,
            43.118503685691365
          ],
          [
            51.66902569995036,
            43.11840505469516
          ],
          [
            51.6689131793154,
            43.11830586242375
          ],
          [
            51.66880065868043,
            43.11820667015234
          ],
          [
            51.66868813804548,
            43.118107477880926
          ],
          [
            51.668575617410525,
            43.118008285609505
          ],
          [
            51.66846309677556,
            43.1179090933381
          ],
          [
            51.6683505761406,
            43.11780990106668
          ],
          [
            51.66823805550563,
            43.117710708795265
          ],
          [
            51.66812553487068,
            43.11761151652386
          ],
          [
            51.668013014235726,
            43.11751232425244
          ],
          [
            51.66790049360077,
            43.117413131981024
          ],
          [
            51.667787972965804,
            43.11731393970961
          ],
          [
            51.66767545233084,
            43.1172147474382
          ],
          [
            51.66756293169588,
            43.117115555166784
          ],
          [
            51.667450411060926,
            43.11701636289538
          ],
          [
            51.667337890425955,
            43.11691717062396
          ],
          [
            51.66722536979101,
            43.11681797835254
          ],
          [
            51.66711284915605,
            43.11671878608113
          ],
          [
            51.667000328521084,
            43.11661959380972
          ],
          [
            51.66688780788613,
            43.116520401538295
          ],
          [
            51.66677528725117,
            43.11642120926689
          ],
          [
            51.666662766616206,
            43.11632201699547
          ],
          [
            51.66655024598124,
            43.116222824724055
          ],
          [
            51.666437725346285,
            43.11612363245264
          ],
          [
            51.666325204711335,
            43.116024440181235
          ],
          [
            51.66621268407638,
            43.11592524790981
          ],
          [
            51.66610016344141,
            43.11582605563841
          ],
          [
            51.66598764280644,
            43.115726863366994
          ],
          [
            51.665875122171485,
            43.115627671095574
          ],
          [
            51.66576260153653,
            43.11552847882416
          ],
          [
            51.66565008090157,
            43.11542928655275
          ],
          [
            51.665537560266614,
            43.11533009428133
          ],
          [
            51.66542503963165,
            43.11523090200993
          ],
          [
            51.665312518996686,
            43.115131709738506
          ],
          [
            51.66519999836173,
            43.115032517467085
          ],
          [
            51.665087477726765,
            43.11493332519568
          ],
          [
            51.6649749570918,
            43.11483413292426
          ],
          [
            51.66486243645684,
            43.11473494065285
          ],
          [
            51.664749915821886,
            43.11463574838143
          ],
          [
            51.66463512514018,
            43.114537892320456
          ],
          [
            51.66451784401428,
            43.114441502201736
          ],
          [
            51.66439919552284,
            43.11434591695108
          ],
          [
            51.664280221434765,
            43.11425052335533
          ],
          [
            51.66416188220927,
            43.11415475606243
          ],
          [
            51.664045056995796,
            43.114058097581434
          ],
          [
            51.663930543634045,
            43.11396007828248
          ],
          [
            51.66381905865403,
            43.113860276396785
          ],
          [
            51.66371123727597,
            43.11375831801666
          ],
          [
            51.66360763341041,
            43.11365387709552
          ],
          [
            51.66350871965811,
            43.11354667544786
          ],
          [
            51.66341488731017,
            43.11343648274926
          ],
          [
            51.663326446347845,
            43.1133231165364
          ],
          [
            51.663243625442774,
            43.11320644220706
          ],
          [
            51.663166571956765,
            43.11308637302009
          ],
          [
            51.66309535194196,
            43.11296287009544
          ],
          [
            51.66302995014075,
            43.11283594241415
          ],
          [
            51.66297026998579,
            43.11270564681836
          ],
          [
            51.66291613359997,
            43.1125720880113
          ],
          [
            51.66286728179651,
            43.11243541855727
          ],
          [
            51.662823374078826,
            43.11229583888167
          ],
          [
            51.662783988640655,
            43.112153597271
          ],
          [
            51.66274862236598,
            43.11200898987286
          ],
          [
            51.66271669082907,
            43.11186236069592
          ],
          [
            51.66268752829441,
            43.11171410160995
          ],
          [
            51.66266038771681,
            43.11156465234579
          ],
          [
            51.66263444074132,
            43.11141450049542
          ],
          [
            51.66260877770325,
            43.11126418151185
          ],
          [
            51.66258240762818,
            43.11111427870922
          ],
          [
            51.662554258231964,
            43.11096542326278
          ],
          [
            51.66252317592075,
            43.11081829420882
          ],
          [
            51.662491062481074,
            43.110671772104695
          ],
          [
            51.66245894904143,
            43.110525250000585
          ],
          [
            51.66242683560178,
            43.11037872789648
          ],
          [
            51.66239472216212,
            43.11023220579235
          ],
          [
            51.66236260872247,
            43.11008568368825
          ],
          [
            51.66233049528281,
            43.109939161584144
          ],
          [
            51.662298381843165,
            43.10979263948002
          ],
          [
            51.6622662684035,
            43.1096461173759
          ],
          [
            51.662234154963855,
            43.10949959527181
          ],
          [
            51.662202041524196,
            43.10935307316768
          ],
          [
            51.66216992808455,
            43.109206551063565
          ],
          [
            51.66213781464489,
            43.10906002895946
          ],
          [
            51.662105701205235,
            43.108913506855345
          ],
          [
            51.66207358776559,
            43.10876698475123
          ],
          [
            51.662041474325925,
            43.108620462647124
          ],
          [
            51.66200936088627,
            43.10847394054301
          ],
          [
            51.66197724744663,
            43.10832741843889
          ],
          [
            51.66194513400697,
            43.10818089633479
          ],
          [
            51.66191302056731,
            43.10803437423067
          ],
          [
            51.66188090712767,
            43.10788785212655
          ],
          [
            51.661848793688016,
            43.10774133002245
          ],
          [
            51.66181668024836,
            43.10759480791833
          ],
          [
            51.661784566808706,
            43.107448285814215
          ],
          [
            51.66175245336904,
            43.107301763710105
          ],
          [
            51.66172033992939,
            43.107155241606
          ],
          [
            51.661688226489744,
            43.10700871950187
          ],
          [
            51.66165611305008,
            43.106862197397774
          ],
          [
            51.661623999610434,
            43.10671567529366
          ],
          [
            51.66159188617078,
            43.10656915318954
          ],
          [
            51.66155977273112,
            43.10642263108543
          ],
          [
            51.66152765929147,
            43.10627610898132
          ],
          [
            51.66149554585182,
            43.1061295868772
          ],
          [
            51.66146343241216,
            43.10598306477309
          ],
          [
            51.66143131897251,
            43.10583654266898
          ],
          [
            51.66139920553287,
            43.105690020564865
          ],
          [
            51.661367092093194,
            43.105543498460754
          ],
          [
            51.66133201223065,
            43.10539578558619
          ],
          [
            51.66129156156533,
            43.105245916783936
          ],
          [
            51.661247963546735,
            43.10509478458285
          ],
          [
            51.66120328324412,
            43.10494321793533
          ],
          [
            51.66115942734641,
            43.10479198221735
          ],
          [
            51.66111814416227,
            43.1046417792285
          ],
          [
            51.66108102362008,
            43.10449324719191
          ],
          [
            51.66104949726793,
            43.10434696075427
          ],
          [
            51.66102483827362,
            43.1042034309859
          ],
          [
            51.6610081614247,
            43.104063105380654
          ],
          [
            51.66100042312838,
            43.10392636785595
          ],
          [
            51.66100242141164,
            43.10379353875283
          ],
          [
            51.661014795921155,
            43.103664874835886
          ],
          [
            51.6610380279233,
            43.103540569293266
          ],
          [
            51.66107244030419,
            43.10342075173672
          ],
          [
            51.66111819756966,
            43.103305488201556
          ],
          [
            51.661175305845205,
            43.10319478114667
          ],
          [
            51.66124361287613,
            43.10308856945452
          ],
          [
            51.661322808027386,
            43.10298672843116
          ],
          [
            51.661412422283654,
            43.1028890698062
          ],
          [
            51.661511828249346,
            43.10279534173283
          ],
          [
            51.66162024014858,
            43.10270522878784
          ],
          [
            51.661736713825185,
            43.10261835197153
          ],
          [
            51.66186014674271,
            43.10253426870785
          ],
          [
            51.66198927798445,
            43.10245247284429
          ],
          [
            51.66212268825336,
            43.1023723946519
          ],
          [
            51.662258799872156,
            43.102293400825346
          ],
          [
            51.66239587678324,
            43.10221479448283
          ],
          [
            51.66253202454876,
            43.10213581516616
          ],
          [
            51.66266519035056,
            43.1020556388407
          ],
          [
            51.662793162990205,
            43.10197337789539
          ],
          [
            51.66291767181322,
            43.10188972651768
          ],
          [
            51.66304218063624,
            43.10180607513999
          ],
          [
            51.66316668945924,
            43.10172242376228
          ],
          [
            51.663291198282266,
            43.10163877238458
          ],
          [
            51.66341570710528,
            43.10155512100688
          ],
          [
            51.66354021592829,
            43.101471469629175
          ],
          [
            51.66366472475131,
            43.101387818251474
          ],
          [
            51.66378923357432,
            43.101304166873774
          ],
          [
            51.66391418659343,
            43.10122108569459
          ],
          [
            51.66403951214956,
            43.101138482727784
          ],
          [
            51.66416503147692,
            43.101056128498115
          ],
          [
            51.66429057889289,
            43.10097381032479
          ],
          [
            51.66441600179809,
            43.10089133232149
          ],
          [
            51.66454116067637,
            43.1008085153963
          ],
          [
            51.664665929094745,
            43.10072519725182
          ],
          [
            51.664790193703475,
            43.10064123238504
          ],
          [
            51.66491385423603,
            43.10055649208742
          ],
          [
            51.6650368235091,
            43.100470864444894
          ],
          [
            51.6651590274226,
            43.10038425433784
          ],
          [
            51.665280404959596,
            43.10029658344105
          ],
          [
            51.665400908186456,
            43.100207790223806
          ],
          [
            51.665520502252704,
            43.10011782994983
          ],
          [
            51.6656391653911,
            43.10002667467728
          ],
          [
            51.6657568889176,
            43.09993431325881
          ],
          [
            51.6658736772314,
            43.09984075134145
          ],
          [
            51.66598954781492,
            43.09974601136676
          ],
          [
            51.666104531233714,
            43.09965013257069
          ],
          [
            51.66621867113666,
            43.09955317098369
          ],
          [
            51.66633202425577,
            43.099455199430615
          ],
          [
            51.66644466040631,
            43.099356307530805
          ],
          [
            51.66655666248674,
            43.09925660169803
          ],
          [
            51.666668126478754,
            43.09915620514053
          ],
          [
            51.66677916144723,
            43.09905525786097
          ],
          [
            51.666889889540286,
            43.098953916656484
          ],
          [
            51.66700044598927,
            43.098852355118666
          ],
          [
            51.667110979108685,
            43.09875076363354
          ],
          [
            51.6672216502963,
            43.09864934938159
          ],
          [
            51.66733263403309,
            43.09854833633774
          ],
          [
            51.66744411788322,
            43.09844796527139
          ],
          [
            51.667555688715765,
            43.09834770586123
          ],
          [
            51.6676672595483,
            43.098247446451076
          ],
          [
            51.66777880034642,
            43.0981471527235
          ],
          [
            51.66789024553324,
            43.098046749750296
          ],
          [
            51.66800163234684,
            43.09794628007971
          ],
          [
            51.668112995406084,
            43.09784578326736
          ],
          [
            51.6682243667107,
            43.09774529587619
          ],
          [
            51.66833577564126,
            43.097644851476495
          ],
          [
            51.668447248959176,
            43.097544480645915
          ],
          [
            51.66855881080669,
            43.09744421096943
          ],
          [
            51.668670482706865,
            43.097344067039366
          ],
          [
            51.66878228356367,
            43.09724407045539
          ],
          [
            51.66889422966185,
            43.09714423982451
          ],
          [
            51.66900633466702,
            43.09704459076107
          ],
          [
            51.669118609625635,
            43.0969451358868
          ],
          [
            51.669231062965,
            43.09684588483072
          ],
          [
            51.669343700493215,
            43.096746844229216
          ],
          [
            51.66945652539929,
            43.09664801772602
          ],
          [
            51.66956953825302,
            43.0965494059722
          ],
          [
            51.66968273700507,
            43.096451006626175
          ],
          [
            51.66979611698693,
            43.0963528143537
          ],
          [
            51.66990967091094,
            43.09625482082788
          ],
          [
            51.67002338887029,
            43.09615701472916
          ],
          [
            51.67013725833898,
            43.096059381745334
          ],
          [
            51.67025126417188,
            43.09596190457153
          ],
          [
            51.67036538860469,
            43.09586456291022
          ],
          [
            51.67047961125396,
            43.09576733347124
          ],
          [
            51.670593909117045,
            43.09567018997174
          ],
          [
            51.67070825657221,
            43.09557310313621
          ],
          [
            51.67082262537849,
            43.09547604069654
          ],
          [
            51.670936984675805,
            43.09537896739188
          ],
          [
            51.67105130098488,
            43.095281844968795
          ],
          [
            51.671165538207326,
            43.09518463218116
          ],
          [
            51.67127969912636,
            43.09508733220907
          ],
          [
            51.67139386004537,
            43.094990032236986
          ],
          [
            51.671507929158274,
            43.094892612550986
          ],
          [
            51.67162164437182,
            43.09479473138515
          ],
          [
            51.67173514152735,
            43.09469656587467
          ],
          [
            51.671848546941916,
            43.09459828073527
          ],
          [
            51.671961977408266,
            43.09450002826302
          ],
          [
            51.672075540194776,
            43.094401948334436
          ],
          [
            51.67218933304555,
            43.094304168406474
          ],
          [
            51.67230344418037,
            43.09420680351647
          ],
          [
            51.6724179522947,
            43.094109956282246
          ],
          [
            51.67253292655965,
            43.09401371690197
          ],
          [
            51.672648426622075,
            43.09391816315431
          ],
          [
            51.67276450260449,
            43.0938233603983
          ],
          [
            51.672881195105056,
            43.093729361573416
          ],
          [
            51.67299853519766,
            43.09363620719958
          ],
          [
            51.67311654443187,
            43.09354392537709
          ],
          [
            51.67323523483291,
            43.093452531786724
          ],
          [
            51.673354608901725,
            43.093362029689615
          ],
          [
            51.673474659614904,
            43.09327240992738
          ],
          [
            51.67359537042474,
            43.093183650922036
          ],
          [
            51.673716715259225,
            43.09309571867602
          ],
          [
            51.67383865852197,
            43.093008566772184
          ],
          [
            51.673961155092364,
            43.09292213637383
          ],
          [
            51.67408415032542,
            43.09283635622464
          ],
          [
            51.67420758005182,
            43.09275114264877
          ],
          [
            51.67433137057797,
            43.09266639955077
          ],
          [
            51.674455438685946,
            43.09258201841561
          ],
          [
            51.674579691633504,
            43.09249787830869
          ],
          [
            51.674704027154064,
            43.09241384587584
          ],
          [
            51.67482833345677,
            43.0923297753433
          ],
          [
            51.67495248922641,
            43.09224550851775
          ],
          [
            51.67507636362349,
            43.09216087478626
          ],
          [
            51.675199943139425,
            43.09207585653386
          ],
          [
            51.675323522655354,
            43.09199083828146
          ],
          [
            51.67544710217129,
            43.091905820029055
          ],
          [
            51.67557068168723,
            43.09182080177665
          ],
          [
            51.67569426120316,
            43.09173578352426
          ],
          [
            51.67581782470656,
            43.09165074179304
          ],
          [
            51.67594136575552,
            43.091565667137395
          ],
          [
            51.6760648940175,
            43.09148057373251
          ],
          [
            51.67618841846605,
            43.09139547473605
          ],
          [
            51.67631194738076,
            43.091310382288256
          ],
          [
            51.67643548834733,
            43.091225307511834
          ],
          [
            51.67655904825758,
            43.091140260512056
          ],
          [
            51.67668263330932,
            43.091055250376684
          ],
          [
            51.67680624900651,
            43.09097028517602
          ],
          [
            51.67692990015915,
            43.090885371962855
          ],
          [
            51.67705359088332,
            43.09080051677253
          ],
          [
            51.67717732460121,
            43.09071572462291
          ],
          [
            51.67730110404108,
            43.09063099951432
          ],
          [
            51.67742493123721,
            43.09054634442968
          ],
          [
            51.67754880753004,
            43.090461761334396
          ],
          [
            51.677672733566055,
            43.09037725117638
          ],
          [
            51.6777967092978,
            43.09029281388608
          ],
          [
            51.67792073398394,
            43.09020844837645
          ],
          [
            51.67804480618918,
            43.090124152543005
          ],
          [
            51.67816892378433,
            43.09003992326371
          ],
          [
            51.67829308394625,
            43.08995575639911
          ],
          [
            51.67841728315791,
            43.08987164679225
          ],
          [
            51.678541517208345,
            43.08978758826867
          ],
          [
            51.67866578119268,
            43.089703573636456
          ],
          [
            51.67879006951208,
            43.08961959468621
          ],
          [
            51.678914375873845,
            43.08953564219105
          ],
          [
            51.679038693291304,
            43.08945170590662
          ],
          [
            51.679163014083905,
            43.08936777457106
          ],
          [
            51.679287329877134,
            43.08928383590506
          ],
          [
            51.679411631602605,
            43.0891998766118
          ],
          [
            51.679535909497964,
            43.089115882377016
          ],
          [
            51.679660175232655,
            43.089031870311324
          ],
          [
            51.67978444096734,
            43.088947858245625
          ],
          [
            51.67990870670202,
            43.08886384617993
          ],
          [
            51.68003297243671,
            43.088779834114234
          ],
          [
            51.6801572381714,
            43.088695822048535
          ],
          [
            51.68028152475253,
            43.08861184051655
          ],
          [
            51.68040583556978,
            43.08852789448312
          ],
          [
            51.68053015982187,
            43.088443968127635
          ],
          [
            51.680654487487836,
            43.08836004677244
          ],
          [
            51.68077880932705,
            43.088276116882845
          ],
          [
            51.68090311687921,
            43.08819216606705
          ],
          [
            51.68102740246435,
            43.088108183076244
          ],
          [
            51.681151659182824,
            43.08802415780452
          ],
          [
            51.681275880915294,
            43.08794008128895
          ],
          [
            51.68140006232279,
            43.08785594570952
          ],
          [
            51.68152419884663,
            43.08777174438917
          ],
          [
            51.68164828670848,
            43.087687471793785
          ],
          [
            51.68177232291032,
            43.08760312353219
          ],
          [
            51.68189630523448,
            43.08751869635614
          ],
          [
            51.68202023224359,
            43.08743418816035
          ],
          [
            51.682144103280635,
            43.08734959798247
          ],
          [
            51.68226791846888,
            43.08726492600307
          ],
          [
            51.68239167871198,
            43.08718017354572
          ],
          [
            51.68251538569387,
            43.08709534307686
          ],
          [
            51.68263904187882,
            43.08701043820594
          ],
          [
            51.68276265051144,
            43.086925463685276
          ],
          [
            51.682886215616676,
            43.08684042541021
          ],
          [
            51.68300974199976,
            43.08675533041897
          ],
          [
            51.6831332352463,
            43.086670186892725
          ],
          [
            51.683256701722186,
            43.08658500415563
          ],
          [
            51.683380148573676,
            43.08649979267474
          ],
          [
            51.68350358372732,
            43.08641456406007
          ],
          [
            51.68362701589003,
            43.086329331064576
          ],
          [
            51.683750454549006,
            43.08624410758416
          ],
          [
            51.6838739099718,
            43.08615890865763
          ],
          [
            51.6839973932063,
            43.086073750466795
          ],
          [
            51.68412088727561,
            43.0859886081457
          ],
          [
            51.68424438134494,
            43.085903465824586
          ],
          [
            51.684367875414246,
            43.085818323503496
          ],
          [
            51.68449136948358,
            43.08573318118239
          ],
          [
            51.684614847457304,
            43.08564800295798
          ],
          [
            51.68473741841649,
            43.085560801521346
          ],
          [
            51.68485940795147,
            43.085472303143426
          ],
          [
            51.68498111917072,
            43.08538318394659
          ],
          [
            51.685102832700906,
            43.08529406990455
          ],
          [
            51.685224806686776,
            43.08520553684236
          ],
          [
            51.6853472767913,
            43.08511811043645
          ],
          [
            51.68547045619557,
            43.085032266214576
          ],
          [
            51.68559453559883,
            43.084948429555894
          ],
          [
            51.68571968321849,
            43.084866975690915
          ],
          [
            51.68584604479011,
            43.084788229701466
          ],
          [
            51.68597374356739,
            43.08471246652077
          ],
          [
            51.68610288032221,
            43.08463991093341
          ],
          [
            51.68623353334458,
            43.08457073757529
          ],
          [
            51.686365758442676,
            43.08450507093372
          ],
          [
            51.68649958894283,
            43.08444298534732
          ],
          [
            51.68663503568951,
            43.08438450500613
          ],
          [
            51.68677208704535,
            43.084329603951474
          ],
          [
            51.68691070889115,
            43.08427820607609
          ],
          [
            51.687050844625844,
            43.08423018512405
          ],
          [
            51.68719241516653,
            43.084185364690796
          ],
          [
            51.68733531894844,
            43.08414351822313
          ],
          [
            51.68747943192499,
            43.08410436901919
          ],
          [
            51.68762460756774,
            43.08406759022848
          ],
          [
            51.687770676866386,
            43.08403280485189
          ],
          [
            51.6879174483288,
            43.08399958574162
          ],
          [
            51.688064707980985,
            43.08396745560129
          ],
          [
            51.68821221936714,
            43.08393588698581
          ],
          [
            51.68835972354955,
            43.083904302301505
          ],
          [
            51.68850693910873,
            43.08387207380602
          ],
          [
            51.68865356214327,
            43.083838523608385
          ],
          [
            51.68879928851047,
            43.08380297327918
          ],
          [
            51.688945014877646,
            43.083767422949975
          ],
          [
            51.68909074124484,
            43.083731872620774
          ],
          [
            51.68923646761203,
            43.08369632229157
          ],
          [
            51.68938219397921,
            43.08366077196237
          ],
          [
            51.68952792034641,
            43.08362522163317
          ],
          [
            51.68967364671359,
            43.08358967130397
          ],
          [
            51.68981937308078,
            43.08355412097477
          ],
          [
            51.68996525944097,
            43.08351895100726
          ],
          [
            51.69011184424833,
            43.08348544150322
          ],
          [
            51.69025886159086,
            43.08345296029297
          ],
          [
            51.69040606416716,
            43.083420919450866
          ],
          [
            51.69055322328628,
            43.083388775295234
          ],
          [
            51.69070012886787,
            43.083356028388444
          ],
          [
            51.69084658944205,
            43.08332222353688
          ],
          [
            51.69099243214952,
            43.08328694979094
          ],
          [
            51.69113750274148,
            43.083249840445006
          ],
          [
            51.69128166557967,
            43.08321057303752
          ],
          [
            51.69142480363638,
            43.083168869350885
          ],
          [
            51.69156681849437,
            43.08312449541156
          ],
          [
            51.691707630347004,
            43.08307726149
          ],
          [
            51.69184717799813,
            43.083027022100666
          ],
          [
            51.691985418862124,
            43.08297367600205
          ],
          [
            51.69212232896391,
            43.08291716619664
          ],
          [
            51.69225790293896,
            43.08285747993094
          ],
          [
            51.69239215403323,
            43.08279464869548
          ],
          [
            51.69252511410324,
            43.082728748224795
          ],
          [
            51.692656833616034,
            43.08265989849745
          ],
          [
            51.692787381649175,
            43.08258826373596
          ],
          [
            51.69291684589076,
            43.08251405240693
          ],
          [
            51.69304533263941,
            43.082437517220946
          ],
          [
            51.6931729668043,
            43.08235895513259
          ],
          [
            51.69329989190512,
            43.08227870734049
          ],
          [
            51.69342627007209,
            43.08219715928728
          ],
          [
            51.693552282045935,
            43.08211474065958
          ],
          [
            51.69367812717797,
            43.08203192538805
          ],
          [
            51.69380402342999,
            43.08194923164736
          ],
          [
            51.69393020737433,
            43.08186722185618
          ],
          [
            51.69405693419386,
            43.081786502677204
          ],
          [
            51.694184256607905,
            43.08170719944345
          ],
          [
            51.69431157902195,
            43.081627896209724
          ],
          [
            51.694438901435994,
            43.08154859297598
          ],
          [
            51.69456622385004,
            43.08146928974223
          ],
          [
            51.69469354626409,
            43.081389986508505
          ],
          [
            51.69482086867813,
            43.08131068327475
          ],
          [
            51.694948204160184,
            43.08123140003301
          ],
          [
            51.69507568248442,
            43.08115233531742
          ],
          [
            51.69520325129082,
            43.08107340902532
          ],
          [
            51.69533086185258,
            43.08099454661238
          ],
          [
            51.69545846907614,
            43.08091567909251
          ],
          [
            51.69558603150116,
            43.08083674303791
          ],
          [
            51.695713511300546,
            43.08075768057905
          ],
          [
            51.69584087428044,
            43.08067843940471
          ],
          [
            51.69596808988024,
            43.08059897276192
          ],
          [
            51.69609513117253,
            43.08051923945599
          ],
          [
            51.69622197486315,
            43.08043920385052
          ],
          [
            51.6963486012912,
            43.08035883586739
          ],
          [
            51.69647499442898,
            43.08027811098676
          ],
          [
            51.69660114188206,
            43.080197010247055
          ],
          [
            51.696727034889214,
            43.08011552024502
          ],
          [
            51.69685266832245,
            43.080033633135606
          ],
          [
            51.69697804068704,
            43.07995134663212
          ],
          [
            51.697103154121464,
            43.0798686640061
          ],
          [
            51.69722801439744,
            43.079785594087376
          ],
          [
            51.697352630919944,
            43.07970215126409
          ],
          [
            51.69747701672717,
            43.07961835548259
          ],
          [
            51.69760118849052,
            43.079534232247575
          ],
          [
            51.697725166514694,
            43.07944981262198
          ],
          [
            51.69784897473755,
            43.07936513322706
          ],
          [
            51.69797264073028,
            43.07928023624229
          ],
          [
            51.6980961956972,
            43.079195169405494
          ],
          [
            51.69821967447594,
            43.07910998601272
          ],
          [
            51.69834311553732,
            43.07902474491831
          ],
          [
            51.69846656098544,
            43.0789395105349
          ],
          [
            51.69859005655757,
            43.0788543528334
          ],
          [
            51.69871365162429,
            43.078769347343
          ],
          [
            51.69883738113234,
            43.07868454752675
          ],
          [
            51.6989611106404,
            43.078599747710484
          ],
          [
            51.699084840148444,
            43.07851494789422
          ],
          [
            51.69920856965649,
            43.078430148077956
          ],
          [
            51.69933229916454,
            43.078345348261706
          ],
          [
            51.69945591255081,
            43.07826036188092
          ],
          [
            51.69957928052648,
            43.07817498121657
          ],
          [
            51.69970250268949,
            43.07808936628554
          ],
          [
            51.69982567157176,
            43.078003665752114
          ],
          [
            51.69994887263905,
            43.07791801692807
          ],
          [
            51.70007218429109,
            43.07783254577262
          ],
          [
            51.70019567786153,
            43.077747366892375
          ],
          [
            51.70031941761796,
            43.07766258354145
          ],
          [
            51.700443460761875,
            43.07757828762137
          ],
          [
            51.70056785742869,
            43.07749455968112
          ],
          [
            51.700692650687735,
            43.07741146891712
          ],
          [
            51.70081787654231,
            43.07732907317325
          ],
          [
            51.70094356392961,
            43.077247418940814
          ],
          [
            51.70106973472074,
            43.077166541358565
          ],
          [
            51.70119640372078,
            43.07708646421272
          ],
          [
            51.70132357866865,
            43.077007199936915
          ],
          [
            51.70145126023728,
            43.07692874961224
          ],
          [
            51.70157944203348,
            43.07685110296724
          ],
          [
            51.701708110597984,
            43.0767742383779
          ],
          [
            51.70183724540548,
            43.076698122867654
          ],
          [
            51.701966818864555,
            43.07662271210733
          ],
          [
            51.702096796317726,
            43.07654795041529
          ],
          [
            51.702227136041444,
            43.076473770757275
          ],
          [
            51.70235778924605,
            43.076400094746504
          ],
          [
            51.70248870007587,
            43.07632683264361
          ],
          [
            51.70261980560909,
            43.07625388335668
          ],
          [
            51.70275103585787,
            43.07618113444128
          ],
          [
            51.70288231376828,
            43.076108462100365
          ],
          [
            51.70301355522028,
            43.07603573118438
          ],
          [
            51.703144669027814,
            43.0759627951912
          ],
          [
            51.70327555693872,
            43.075889496266136
          ],
          [
            51.70340627408875,
            43.07581592299186
          ],
          [
            51.70353699123878,
            43.07574234971757
          ],
          [
            51.70366770838879,
            43.07566877644329
          ],
          [
            51.703798425538835,
            43.075595203169
          ],
          [
            51.70392914268886,
            43.07552162989472
          ],
          [
            51.704059859838885,
            43.07544805662043
          ],
          [
            51.7041905769889,
            43.07537448334615
          ],
          [
            51.70432129413893,
            43.07530091007187
          ],
          [
            51.70445169478473,
            43.07522660314962
          ],
          [
            51.70458169536882,
            43.07515136889551
          ],
          [
            51.704711471345156,
            43.07507561400689
          ],
          [
            51.704841185529766,
            43.07499971588681
          ],
          [
            51.70497098810081,
            43.074924022643984
          ],
          [
            51.7051010165985,
            43.074848853092824
          ],
          [
            51.705231395925175,
            43.07477449675346
          ],
          [
            51.70536223834527,
            43.07470121385168
          ],
          [
            51.70549364348528,
            43.074629235318966
          ],
          [
            51.70562569833385,
            43.07455876279252
          ],
          [
            51.705758477241666,
            43.07448996861518
          ],
          [
            51.70589204192153,
            43.07442299583553
          ],
          [
            51.706026441448365,
            43.07435795820781
          ],
          [
            51.70616171225915,
            43.07429494019195
          ],
          [
            51.70629787815298,
            43.07423399695359
          ],
          [
            51.706434950291055,
            43.07417515436403
          ],
          [
            51.706572927196625,
            43.074118409000306
          ],
          [
            51.706711794755094,
            43.074063728145084
          ],
          [
            51.70685152621393,
            43.07401104978678
          ],
          [
            51.706992082182694,
            43.07396028261947
          ],
          [
            51.70713341063305,
            43.073911306042895
          ],
          [
            51.70727544689876,
            43.07386397016254
          ],
          [
            51.707418113675665,
            43.073818095789555
          ],
          [
            51.70756132102174,
            43.07377347444074
          ],
          [
            51.70770496635701,
            43.073729868338674
          ],
          [
            51.70784893446361,
            43.07368701041154
          ],
          [
            51.70799309748578,
            43.07364460429324
          ],
          [
            51.70813731492985,
            43.07360232432341
          ],
          [
            51.70828143366425,
            43.0735598155473
          ],
          [
            51.7084252879195,
            43.073516693715895
          ],
          [
            51.7085686992882,
            43.073472545285874
          ],
          [
            51.708711914062214,
            43.07342794115483
          ],
          [
            51.70885512883622,
            43.07338333702378
          ],
          [
            51.70899834361022,
            43.07333873289273
          ],
          [
            51.70914155838423,
            43.07329412876169
          ],
          [
            51.70928477315824,
            43.07324952463063
          ],
          [
            51.709427987932244,
            43.07320492049959
          ],
          [
            51.70957120270624,
            43.073160316368536
          ],
          [
            51.70971441748026,
            43.07311571223749
          ],
          [
            51.709857632254256,
            43.07307110810644
          ],
          [
            51.71000084702827,
            43.073026503975385
          ],
          [
            51.71014406180226,
            43.07298189984434
          ],
          [
            51.71028727657628,
            43.072937295713295
          ],
          [
            51.71043049135027,
            43.07289269158224
          ],
          [
            51.71057370612428,
            43.0728480874512
          ],
          [
            51.71071692089829,
            43.07280348332015
          ],
          [
            51.7108601356723,
            43.072758879189095
          ],
          [
            51.711003350446305,
            43.07271427505806
          ],
          [
            51.711146565220304,
            43.07266967092701
          ],
          [
            51.71128977999431,
            43.072625066795965
          ],
          [
            51.71143299476832,
            43.07258046266492
          ],
          [
            51.7115769901817,
            43.072537320032936
          ],
          [
            51.7117217950561,
            43.072495692859384
          ],
          [
            51.71186703995452,
            43.07245488949094
          ],
          [
            51.712012382244424,
            43.072414268457074
          ],
          [
            51.7121575060977,
            43.07237323847008
          ],
          [
            51.712302122490726,
            43.072331258425066
          ],
          [
            51.7124459692043,
            43.07228783739997
          ],
          [
            51.712588810823696,
            43.072242534655544
          ],
          [
            51.712730438738625,
            43.07219495963533
          ],
          [
            51.712870671143264,
            43.07214477196574
          ],
          [
            51.71300935303624,
            43.07209168145596
          ],
          [
            51.713146356220626,
            43.07203544809799
          ],
          [
            51.71328157930397,
            43.07197588206671
          ],
          [
            51.71341494769823,
            43.071912843719716
          ],
          [
            51.71354641361985,
            43.07184624359753
          ],
          [
            51.71367595608973,
            43.0717760424234
          ],
          [
            51.71380358093321,
            43.07170225110345
          ],
          [
            51.713929320780096,
            43.0716249307266
          ],
          [
            51.71405323506463,
            43.071544192564595
          ],
          [
            51.71417541002552,
            43.071460198071975
          ],
          [
            51.71429595870591,
            43.07137315888614
          ],
          [
            51.714415020953425,
            43.07128333682727
          ],
          [
            51.714532763420124,
            43.071191043898374
          ],
          [
            51.71464937956251,
            43.07109664228528
          ],
          [
            51.71476508964159,
            43.071000544356636
          ],
          [
            51.71488014072275,
            43.07090321266389
          ],
          [
            51.71499480667586,
            43.07080515994136
          ],
          [
            51.715109388175286,
            43.0707069491061
          ],
          [
            51.715224212699795,
            43.07060919325806
          ],
          [
            51.71533963453261,
            43.07051255567993
          ],
          [
            51.71545603476143,
            43.07041774983731
          ],
          [
            51.71557274261169,
            43.07032351991802
          ],
          [
            51.71568945046192,
            43.07022928999873
          ],
          [
            51.71580601477238,
            43.07013483608808
          ],
          [
            51.71592190519992,
            43.070039330594824
          ],
          [
            51.71603737719016,
            43.06994317213748
          ],
          [
            51.716152668328036,
            43.06984673146314
          ],
          [
            51.716267998337656,
            43.069750351447475
          ],
          [
            51.716383569082375,
            43.06965434709477
          ],
          [
            51.71649956456479,
            43.069559005537855
          ],
          [
            51.71661615092673,
            43.06946458603815
          ],
          [
            51.71673347644925,
            43.0693713199857
          ],
          [
            51.71685167155263,
            43.069279410899085
          ],
          [
            51.7169708487964,
            43.069189034425484
          ],
          [
            51.71709110287932,
            43.06910033834066
          ],
          [
            51.717212510639385,
            43.069013442548965
          ],
          [
            51.71733513105381,
            43.06892843908334
          ],
          [
            51.717459005239036,
            43.068845392105274
          ],
          [
            51.71758415645076,
            43.068764337904874
          ],
          [
            51.71771059008391,
            43.06868528490082
          ],
          [
            51.71783829367265,
            43.06860821364039
          ],
          [
            51.71796723689034,
            43.06853307679941
          ],
          [
            51.71809737154961,
            43.06845979918231
          ],
          [
            51.71822863160231,
            43.06838827772213
          ],
          [
            51.718360933139536,
            43.06831838148043
          ],
          [
            51.7184941743916,
            43.068249951647424
          ],
          [
            51.71862823572804,
            43.068182801541845
          ],
          [
            51.71876297965766,
            43.06811671661106
          ],
          [
            51.718898250828474,
            43.068051454430986
          ],
          [
            51.71903387602772,
            43.06798674470615
          ],
          [
            51.719169664181905,
            43.067922289269625
          ],
          [
            51.7193054063567,
            43.067857762083115
          ],
          [
            51.71944087575711,
            43.06779280923686
          ],
          [
            51.719575827727276,
            43.067727048949735
          ],
          [
            51.71971019809009,
            43.06766038107443
          ],
          [
            51.719844568452906,
            43.06759371319913
          ],
          [
            51.719978938815714,
            43.067527045323835
          ],
          [
            51.72011330917853,
            43.067460377448526
          ],
          [
            51.720247679541345,
            43.067393709573224
          ],
          [
            51.72038204990416,
            43.06732704169792
          ],
          [
            51.72051642026697,
            43.06726037382262
          ],
          [
            51.7206507906298,
            43.06719370594732
          ],
          [
            51.720785160992605,
            43.067127038072016
          ],
          [
            51.72091953135542,
            43.067060370196714
          ],
          [
            51.72105395038256,
            43.066993788189535
          ],
          [
            51.72118868608857,
            43.06692776496164
          ],
          [
            51.721323620365304,
            43.06686209211144
          ],
          [
            51.72145864333265,
            43.066796575755674
          ],
          [
            51.72159365333859,
            43.06673103652949
          ],
          [
            51.721728556959086,
            43.06666530958644
          ],
          [
            51.72186326899824,
            43.06659924459843
          ],
          [
            51.72199771248816,
            43.06653270575578
          ],
          [
            51.722131818689014,
            43.06646557176717
          ],
          [
            51.72226552708903,
            43.06639773585969
          ],
          [
            51.72239878540448,
            43.06632910577881
          ],
          [
            51.722531549579685,
            43.066259603788374
          ],
          [
            51.72266378378706,
            43.066189166670625
          ],
          [
            51.72279546042702,
            43.06611774572619
          ],
          [
            51.72292656012808,
            43.066045306774086
          ],
          [
            51.723057071746766,
            43.065971830151696
          ],
          [
            51.723186992367694,
            43.06589731071483
          ],
          [
            51.72331632730351,
            43.06582175783763
          ],
          [
            51.723445090094934,
            43.06574519541269
          ],
          [
            51.72357330251073,
            43.06566766185092
          ],
          [
            51.7237009945477,
            43.065589210081654
          ],
          [
            51.72382820443073,
            43.06550990755264
          ],
          [
            51.72395497861274,
            43.065429836229946
          ],
          [
            51.72408137177471,
            43.06534909259808
          ],
          [
            51.72420744682568,
            43.06526778765992
          ],
          [
            51.72433327490272,
            43.0651860469367
          ],
          [
            51.72445893537098,
            43.06510401046812
          ],
          [
            51.72458451582367,
            43.065021832812164
          ],
          [
            51.72471011208202,
            43.06493968304528
          ],
          [
            51.72483582819533,
            43.06485774476227
          ],
          [
            51.72496177644096,
            43.064776216076325
          ],
          [
            51.725088010081265,
            43.064695190968756
          ],
          [
            51.72521424372156,
            43.06461416586119
          ],
          [
            51.72534047736187,
            43.06453314075361
          ],
          [
            51.725466711002156,
            43.06445211564604
          ],
          [
            51.72559294464246,
            43.06437109053847
          ],
          [
            51.72571917828276,
            43.0642900654309
          ],
          [
            51.72584532202085,
            43.06420889081941
          ],
          [
            51.72597131233612,
            43.0641274610716
          ],
          [
            51.726097213275196,
            43.06404588269462
          ],
          [
            51.72622308431501,
            43.063964254596314
          ],
          [
            51.72634898036275,
            43.063882668085256
          ],
          [
            51.72647495175593,
            43.06380120687075
          ],
          [
            51.72660104426227,
            43.06371994706279
          ],
          [
            51.726727299079805,
            43.06363895717217
          ],
          [
            51.726853752836846,
            43.06355829811032
          ],
          [
            51.72698043759198,
            43.06347802318946
          ],
          [
            51.727107380834056,
            43.06339817812252
          ],
          [
            51.72723460548224,
            43.06331880102313
          ],
          [
            51.727362129885904,
            43.063239922405685
          ],
          [
            51.72748996782478,
            43.06316156518526
          ],
          [
            51.72761812850881,
            43.063083744677705
          ],
          [
            51.727746616578244,
            43.06300646859955
          ],
          [
            51.7278754321036,
            43.06292973706808
          ],
          [
            51.72800457058569,
            43.062853542601296
          ],
          [
            51.72813402295558,
            43.06277787011793
          ],
          [
            51.72826377557463,
            43.06270269693739
          ],
          [
            51.72839381023445,
            43.062627992779895
          ],
          [
            51.72852410415696,
            43.06255371976634
          ],
          [
            51.72865462999434,
            43.06247983241833
          ],
          [
            51.728785355829054,
            43.06240627765824
          ],
          [
            51.72891624517383,
            43.06233299480913
          ],
          [
            51.729047256971675,
            43.06225991559481
          ],
          [
            51.729178345595905,
            43.062186964139784
          ],
          [
            51.729309460850054,
            43.06211405696932
          ],
          [
            51.72944054796798,
            43.0620411030094
          ],
          [
            51.729571547613816,
            43.06196800358671
          ],
          [
            51.72970239588192,
            43.0618946524287
          ],
          [
            51.729833148521486,
            43.06182114224406
          ],
          [
            51.72996390116106,
            43.0617476320594
          ],
          [
            51.73009465380062,
            43.06167412187476
          ],
          [
            51.730225406440184,
            43.06160061169011
          ],
          [
            51.73035615907975,
            43.06152710150546
          ],
          [
            51.73048691171932,
            43.06145359132082
          ],
          [
            51.730617664358874,
            43.06138008113617
          ],
          [
            51.730748416998445,
            43.06130657095153
          ],
          [
            51.730879329251344,
            43.06123332162691
          ],
          [
            51.73101042188821,
            43.061160367108315
          ],
          [
            51.731141614058735,
            43.06108757526006
          ],
          [
            51.73127283075961,
            43.06101482350233
          ],
          [
            51.731404002834495,
            43.06094199881126
          ],
          [
            51.731535066974125,
            43.06086899771891
          ],
          [
            51.73166596571622,
            43.06079572631327
          ],
          [
            51.73179664744551,
            43.060722100238195
          ],
          [
            51.731927066393744,
            43.06064804469351
          ],
          [
            51.732057182639686,
            43.060573494434934
          ],
          [
            51.732186962109104,
            43.06049839377413
          ],
          [
            51.73231637657481,
            43.06042269657866
          ],
          [
            51.73244540365657,
            43.06034636627201
          ],
          [
            51.73257402682125,
            43.060269375833585
          ],
          [
            51.732702235382625,
            43.0601917077987
          ],
          [
            51.732830024501574,
            43.060113354258625
          ],
          [
            51.73295739518593,
            43.0600343168605
          ],
          [
            51.733084354290575,
            43.05995460680742
          ],
          [
            51.7332109145174,
            43.05987424485839
          ],
          [
            51.73333709441528,
            43.05979326132833
          ],
          [
            51.733462918380155,
            43.05971169608808
          ],
          [
            51.73358841665492,
            43.0596295985644
          ],
          [
            51.733713625329514,
            43.059547027739974
          ],
          [
            51.7338385863409,
            43.05946405215339
          ],
          [
            51.73396334747305,
            43.059380749899184
          ],
          [
            51.7340879623569,
            43.05929720862778
          ],
          [
            51.73421249047047,
            43.059213525545545
          ],
          [
            51.734336997138776,
            43.05912980741476
          ],
          [
            51.7344615535338,
            43.05904617055361
          ],
          [
            51.7345862366746,
            43.05896274083623
          ],
          [
            51.734711129427204,
            43.058879653692614
          ],
          [
            51.73483609995522,
            43.05879669365932
          ],
          [
            51.734961070483244,
            43.05871373362601
          ],
          [
            51.73508604101127,
            43.05863077359271
          ],
          [
            51.735211011539306,
            43.05854781355941
          ],
          [
            51.735335982067326,
            43.058464853526104
          ],
          [
            51.735461123186695,
            43.0583821267771
          ],
          [
            51.73558653303092,
            43.05829976751036
          ],
          [
            51.73571209806951,
            43.058217620472504
          ],
          [
            51.735837712891424,
            43.05813554151351
          ],
          [
            51.73596328020507,
            43.0580533975868
          ],
          [
            51.73608871083835,
            43.05797106674915
          ],
          [
            51.73621392373862,
            43.057888438160795
          ],
          [
            51.73633884597268,
            43.05780541208533
          ],
          [
            51.73646341272685,
            43.05772189988976
          ],
          [
            51.73658756730688,
            43.057637824044505
          ],
          [
            51.73671126113797,
            43.057553118123366
          ],
          [
            51.73683445376485,
            43.05746772680356
          ],
          [
            51.73695711285164,
            43.0573816058657
          ],
          [
            51.73707921418199,
            43.05729472219379
          ],
          [
            51.73720074165897,
            43.057207053775265
          ],
          [
            51.73732168730515,
            43.05711858970092
          ],
          [
            51.73744205126255,
            43.057029330164994
          ],
          [
            51.73756184179267,
            43.056939286465095
          ],
          [
            51.73768107527644,
            43.05684848100224
          ],
          [
            51.73779977621432,
            43.05675694728087
          ],
          [
            51.737917977226175,
            43.056664729908775
          ],
          [
            51.738035719051375,
            43.056571884597204
          ],
          [
            51.738153050548725,
            43.056478478160784
          ],
          [
            51.73827002869655,
            43.056384588517545
          ],
          [
            51.73838671859258,
            43.05629030468888
          ],
          [
            51.73850319345405,
            43.05619572679966
          ],
          [
            51.73861953461765,
            43.05610096607809
          ],
          [
            51.73873583153953,
            43.05600614485583
          ],
          [
            51.73885218179534,
            43.05591139656788
          ],
          [
            51.738968691080125,
            43.05581686575268
          ],
          [
            51.73908547320848,
            43.055722708052095
          ],
          [
            51.73920241439586,
            43.055628767865294
          ],
          [
            51.73931935558323,
            43.055534827678485
          ],
          [
            51.73943629677059,
            43.05544088749168
          ],
          [
            51.73955323795796,
            43.05534694730487
          ],
          [
            51.73967017914533,
            43.05525300711807
          ],
          [
            51.73978712033271,
            43.05515906693127
          ],
          [
            51.73990406152007,
            43.05506512674446
          ],
          [
            51.740021002707444,
            43.05497118655766
          ],
          [
            51.7401379438948,
            43.05487724637085
          ],
          [
            51.74025488508218,
            43.05478330618405
          ],
          [
            51.740371826269545,
            43.05468936599725
          ],
          [
            51.74048876745691,
            43.05459542581044
          ],
          [
            51.74060570864428,
            43.05450148562363
          ],
          [
            51.740722649831646,
            43.05440754543683
          ],
          [
            51.740839591019025,
            43.05431360525003
          ],
          [
            51.74095653220639,
            43.054219665063215
          ],
          [
            51.741073473393755,
            43.054125724876414
          ],
          [
            51.741190414581126,
            43.05403178468961
          ],
          [
            51.74130735576849,
            43.05393784450282
          ],
          [
            51.74142429695586,
            43.053843904316004
          ],
          [
            51.74154123814323,
            43.053749964129196
          ],
          [
            51.7416581793306,
            43.053656023942395
          ],
          [
            51.741775120517964,
            43.0535620837556
          ],
          [
            51.741892061705336,
            43.053468143568786
          ],
          [
            51.74200900289271,
            43.05337420338198
          ],
          [
            51.74212594408007,
            43.05328026319518
          ],
          [
            51.742242885267444,
            43.05318632300838
          ],
          [
            51.74235982645481,
            43.05309238282157
          ],
          [
            51.742476767642174,
            43.05299844263476
          ],
          [
            51.742593708829546,
            43.05290450244796
          ],
          [
            51.74271065001692,
            43.052810562261165
          ],
          [
            51.74282759120428,
            43.05271662207436
          ],
          [
            51.742944532391654,
            43.05262268188754
          ],
          [
            51.74306147357902,
            43.05252874170074
          ],
          [
            51.74317841476638,
            43.05243480151394
          ],
          [
            51.74329535595376,
            43.05234086132713
          ],
          [
            51.74341229714113,
            43.05224692114032
          ],
          [
            51.74352923832849,
            43.05215298095352
          ],
          [
            51.74364617951586,
            43.05205904076673
          ],
          [
            51.74376312070323,
            43.05196510057991
          ],
          [
            51.74388006189061,
            43.051871160393105
          ],
          [
            51.74399700307797,
            43.051777220206304
          ],
          [
            51.74411394426533,
            43.05168328001951
          ],
          [
            51.74423088545271,
            43.0515893398327
          ],
          [
            51.74434782664007,
            43.0514953996459
          ],
          [
            51.744464767827445,
            43.051401459459086
          ],
          [
            51.7445817090148,
            43.05130751927229
          ],
          [
            51.74469865020218,
            43.051213579085484
          ],
          [
            51.744815591389546,
            43.051119638898676
          ],
          [
            51.744932532576925,
            43.05102569871187
          ],
          [
            51.74504947376428,
            43.050931758525074
          ],
          [
            51.74516641495165,
            43.050837818338266
          ],
          [
            51.745283356139026,
            43.050743878151465
          ],
          [
            51.7454002973264,
            43.05064993796465
          ],
          [
            51.74551723851377,
            43.05055599777785
          ],
          [
            51.74563417970112,
            43.05046205759105
          ],
          [
            51.7457511208885,
            43.05036811740425
          ],
          [
            51.745868062075864,
            43.05027417721744
          ],
          [
            51.745985003263236,
            43.05018023703064
          ],
          [
            51.7461019444506,
            43.05008629684383
          ],
          [
            51.746218885637965,
            43.04999235665703
          ],
          [
            51.746335826825344,
            43.04989841647022
          ],
          [
            51.74645276801271,
            43.04980447628342
          ],
          [
            51.746569709200074,
            43.049710536096605
          ],
          [
            51.746686650387446,
            43.04961659590981
          ],
          [
            51.74680359157481,
            43.049522655723
          ],
          [
            51.74692053276219,
            43.0494287155362
          ],
          [
            51.747037473949554,
            43.049334775349394
          ],
          [
            51.74715441513691,
            43.04924083516259
          ],
          [
            51.74727135632429,
            43.04914689497579
          ],
          [
            51.747388297511655,
            43.04905295478899
          ],
          [
            51.74750523869903,
            43.048959014602175
          ],
          [
            51.74762217988639,
            43.04886507441538
          ],
          [
            51.747739121073764,
            43.048771134228566
          ],
          [
            51.74785606226113,
            43.048677194041765
          ],
          [
            51.7479730034485,
            43.04858325385496
          ],
          [
            51.748089944635865,
            43.048489313668156
          ],
          [
            51.74820688582323,
            43.048395373481355
          ],
          [
            51.7483238270106,
            43.04830143329455
          ],
          [
            51.74844076819797,
            43.04820749310774
          ],
          [
            51.74855770938534,
            43.04811355292094
          ],
          [
            51.74867465057271,
            43.04801961273414
          ],
          [
            51.748791591760074,
            43.04792567254733
          ],
          [
            51.748908532947446,
            43.04783173236052
          ],
          [
            51.74902547413482,
            43.04773779217373
          ],
          [
            51.749142415322176,
            43.04764385198692
          ],
          [
            51.74925935650955,
            43.04754991180011
          ],
          [
            51.74937629769693,
            43.0474559716133
          ],
          [
            51.74949323888429,
            43.0473620314265
          ],
          [
            51.749610180071656,
            43.0472680912397
          ],
          [
            51.74972712125903,
            43.04717415105289
          ],
          [
            51.74984406244639,
            43.047080210866085
          ],
          [
            51.74996100363378,
            43.04698627067929
          ],
          [
            51.75007794482113,
            43.04689233049248
          ],
          [
            51.750194886008494,
            43.04679839030568
          ],
          [
            51.75031182719587,
            43.046704450118874
          ],
          [
            51.75042876838324,
            43.046610509932066
          ],
          [
            51.7505457095706,
            43.046516569745265
          ],
          [
            51.750662650757974,
            43.046422629558464
          ],
          [
            51.750779591945346,
            43.046328689371656
          ],
          [
            51.75089653313271,
            43.046234749184855
          ],
          [
            51.75101347432009,
            43.04614080899805
          ],
          [
            51.75113041550745,
            43.046046868811246
          ],
          [
            51.75124735669481,
            43.04595292862444
          ],
          [
            51.75136429788219,
            43.04585898843764
          ],
          [
            51.751481239069555,
            43.04576504825083
          ],
          [
            51.75159818025692,
            43.04567110806403
          ],
          [
            51.75171512144429,
            43.04557716787722
          ],
          [
            51.75183206263166,
            43.04548322769041
          ],
          [
            51.751949003819036,
            43.04538928750361
          ],
          [
            51.75206594500639,
            43.04529534731682
          ],
          [
            51.75218288619376,
            43.04520140713
          ],
          [
            51.75229982738113,
            43.0451074669432
          ],
          [
            51.75241676856851,
            43.04501352675639
          ],
          [
            51.75253370975587,
            43.0449195865696
          ],
          [
            51.75265065094324,
            43.04482564638278
          ],
          [
            51.75276759213061,
            43.04473170619598
          ],
          [
            51.752884533317975,
            43.04463776600917
          ],
          [
            51.75300147450535,
            43.04454382582237
          ],
          [
            51.753118415692725,
            43.04444988563557
          ],
          [
            51.753235356880076,
            43.04435594544877
          ],
          [
            51.753352298067455,
            43.044262005261956
          ],
          [
            51.75346923925482,
            43.044168065075155
          ],
          [
            51.75358618044219,
            43.044074124888354
          ],
          [
            51.753703121629556,
            43.043980184701546
          ],
          [
            51.75382006281693,
            43.04388624451474
          ],
          [
            51.7539370040043,
            43.04379230432794
          ],
          [
            51.754053945191664,
            43.043698364141136
          ],
          [
            51.754170886379036,
            43.043604423954335
          ],
          [
            51.754287827566394,
            43.04351048376752
          ],
          [
            51.75440476875377,
            43.043416543580726
          ],
          [
            51.75452170994114,
            43.04332260339392
          ],
          [
            51.7546386511285,
            43.04322866320711
          ],
          [
            51.75475559231587,
            43.0431347230203
          ],
          [
            51.75487253350324,
            43.0430407828335
          ],
          [
            51.75498947469062,
            43.0429468426467
          ],
          [
            51.75510641587799,
            43.04285290245989
          ],
          [
            51.75522335706535,
            43.04275896227309
          ],
          [
            51.755340298252705,
            43.04266502208628
          ],
          [
            51.75545723944009,
            43.04257108189948
          ],
          [
            51.755574180627455,
            43.04247714171268
          ],
          [
            51.75569112181482,
            43.042383201525865
          ],
          [
            51.75580806300219,
            43.04228926133907
          ],
          [
            51.75592500418956,
            43.04219532115226
          ],
          [
            51.75604194537693,
            43.04210138096546
          ],
          [
            51.7561588865643,
            43.042007440778654
          ],
          [
            51.75627582775166,
            43.041913500591846
          ],
          [
            51.75639276893904,
            43.041819560405045
          ],
          [
            51.75650971012641,
            43.041725620218244
          ],
          [
            51.756626651313766,
            43.041631680031436
          ],
          [
            51.75674359250114,
            43.041537739844635
          ],
          [
            51.75686053368852,
            43.04144379965783
          ],
          [
            51.75697747487588,
            43.04134985947103
          ],
          [
            51.75709441606324,
            43.041255919284225
          ],
          [
            51.75721135725062,
            43.04116197909742
          ],
          [
            51.75732829843798,
            43.04106803891061
          ],
          [
            51.757445239625355,
            43.04097409872381
          ],
          [
            51.75756218081272,
            43.04088015853701
          ],
          [
            51.757679122000084,
            43.0407862183502
          ],
          [
            51.757796063187456,
            43.04069227816339
          ],
          [
            51.75791300437483,
            43.04059833797659
          ],
          [
            51.7580299455622,
            43.04050439778979
          ],
          [
            51.758146886749564,
            43.04041045760298
          ],
          [
            51.75826382793693,
            43.04031651741617
          ],
          [
            51.7583807691243,
            43.04022257722937
          ],
          [
            51.75849771031167,
            43.04012863704257
          ],
          [
            51.75861465149904,
            43.04003469685576
          ],
          [
            51.7587315926864,
            43.039940756668955
          ],
          [
            51.758848533873774,
            43.03984681648216
          ],
          [
            51.75896547506114,
            43.03975287629535
          ],
          [
            51.75908241624852,
            43.039658936108545
          ],
          [
            51.75919935743588,
            43.03956499592174
          ],
          [
            51.759316307714975,
            43.03947106652956
          ],
          [
            51.75943343895561,
            43.03937735199325
          ],
          [
            51.75955068559294,
            43.039283774467584
          ],
          [
            51.75966798659927,
            43.0391902614943
          ],
          [
            51.75978528548407,
            43.03909674600213
          ],
          [
            51.75990253029397,
            43.03900316630677
          ],
          [
            51.76001967361275,
            43.03890946611086
          ],
          [
            51.760136672561366,
            43.03881559450404
          ],
          [
            51.760253488797886,
            43.03872150596294
          ],
          [
            51.76037008851758,
            43.038627160351126
          ],
          [
            51.76048644245288,
            43.038532522919155
          ],
          [
            51.760602525873324,
            43.038437564304544
          ],
          [
            51.760718318585646,
            43.03834226053181
          ],
          [
            51.760833804933746,
            43.03824659301243
          ],
          [
            51.76094897379865,
            43.03815054854483
          ],
          [
            51.76106381859857,
            43.03805411931444
          ],
          [
            51.76117833728884,
            43.03795730289364
          ],
          [
            51.76129253236199,
            43.037860102241794
          ],
          [
            51.76140641084769,
            43.03776252570526
          ],
          [
            51.76151998431276,
            43.03766458701733
          ],
          [
            51.76163326886119,
            43.03756630529829
          ],
          [
            51.76174628513411,
            43.0374677050554
          ],
          [
            51.76185905830984,
            43.03736881618287
          ],
          [
            51.76197161810381,
            43.03726967396191
          ],
          [
            51.762083998768645,
            43.037170319060706
          ],
          [
            51.76219623909413,
            43.03707079753438
          ],
          [
            51.76230838240718,
            43.03697116082507
          ],
          [
            51.76242047657187,
            43.03687146576186
          ],
          [
            51.76253257398947,
            43.03677177456081
          ],
          [
            51.76264473159835,
            43.03667215482497
          ],
          [
            51.76275701087408,
            43.036572679544335
          ],
          [
            51.762869465266675,
            43.03647341218018
          ],
          [
            51.76298191965927,
            43.036374144816016
          ],
          [
            51.763094374051846,
            43.036274877451845
          ],
          [
            51.76320682844444,
            43.03617561008768
          ],
          [
            51.763319282837024,
            43.036076342723526
          ],
          [
            51.76343215190078,
            43.03597743629639
          ],
          [
            51.763546089867454,
            43.03587946026105
          ],
          [
            51.76366067230785,
            43.0357820451869
          ],
          [
            51.76377550476813,
            43.03568484773443
          ],
          [
            51.76389022276981,
            43.0355875506552
          ],
          [
            51.76400449180982,
            43.03548986279187
          ],
          [
            51.76411800736039,
            43.03539151907817
          ],
          [
            51.76423049486915,
            43.0352922805389
          ],
          [
            51.76434170975909,
            43.035191934289955
          ],
          [
            51.76445143742855,
            43.03509029353832
          ],
          [
            51.76455949325124,
            43.03498719758203
          ],
          [
            51.76466572257626,
            43.03488251181023
          ],
          [
            51.764770000728035,
            43.03477612770314
          ],
          [
            51.76487223300636,
            43.03466796283203
          ],
          [
            51.764972354686414,
            43.03455796085929
          ],
          [
            51.76507033101873,
            43.03444609153837
          ],
          [
            51.76516615722918,
            43.034332350713804
          ],
          [
            51.765259858519045,
            43.0342167603212
          ],
          [
            51.76535149006493,
            43.034099368387274
          ],
          [
            51.76544113701883,
            43.033980249029774
          ],
          [
            51.76552891450811,
            43.03385950245759
          ],
          [
            51.76561496763544,
            43.033737254970625
          ],
          [
            51.765699471478925,
            43.03361365895992
          ],
          [
            51.765782631092,
            43.03348889290757
          ],
          [
            51.76586468150345,
            43.03336316138673
          ],
          [
            51.765945887717464,
            43.033236695061696
          ],
          [
            51.76602654471357,
            43.03310975068777
          ],
          [
            51.76610697744664,
            43.0329826111114
          ],
          [
            51.76618754084695,
            43.03285558527006
          ],
          [
            51.7662686198201,
            43.03272900819236
          ],
          [
            51.76635062924711,
            43.032603240997936
          ],
          [
            51.76643344100269,
            43.03247817216433
          ],
          [
            51.76651625275827,
            43.032353103330735
          ],
          [
            51.76659906451385,
            43.03222803449714
          ],
          [
            51.76668187626942,
            43.03210296566354
          ],
          [
            51.76676463113806,
            43.0319778584611
          ],
          [
            51.76684731917999,
            43.031852706185695
          ],
          [
            51.76692997011673,
            43.03172752888378
          ],
          [
            51.767012611523405,
            43.03160234515405
          ],
          [
            51.76709526882873,
            43.03147717214758
          ],
          [
            51.76717796531508,
            43.03135202556773
          ],
          [
            51.767260722118344,
            43.03122691967016
          ],
          [
            51.76734355822814,
            43.03110186726287
          ],
          [
            51.76742649048759,
            43.030976879706145
          ],
          [
            51.76750953359347,
            43.030851966912614
          ],
          [
            51.767592700096195,
            43.03072713734718
          ],
          [
            51.76767600039972,
            43.03060239802709
          ],
          [
            51.76775944276167,
            43.03047775452189
          ],
          [
            51.76784303329326,
            43.030353210953436
          ],
          [
            51.76792677595929,
            43.030228769995915
          ],
          [
            51.76801067257822,
            43.030104432875795
          ],
          [
            51.768094722822056,
            43.02998019937189
          ],
          [
            51.76817892421646,
            43.029856067815295
          ],
          [
            51.7682632721407,
            43.02973203508945
          ],
          [
            51.768347759827634,
            43.029608096630085
          ],
          [
            51.76843237836373,
            43.02948424642525
          ],
          [
            51.76851711668908,
            43.029360477015295
          ],
          [
            51.768601961597376,
            43.02923677949291
          ],
          [
            51.768686897735925,
            43.029113143503054
          ],
          [
            51.76877190760564,
            43.028989557243065
          ],
          [
            51.768856971561036,
            43.028866007462526
          ],
          [
            51.76894206781025,
            43.02874247946336
          ],
          [
            51.769027172415015,
            43.02861895709981
          ],
          [
            51.76911225929069,
            43.02849542277843
          ],
          [
            51.769197300206216,
            43.028371857458076
          ],
          [
            51.769282264784195,
            43.0282482406499
          ],
          [
            51.769367199105645,
            43.02812460343448
          ],
          [
            51.769452133427095,
            43.02800096621905
          ],
          [
            51.76953714464169,
            43.02787737944182
          ],
          [
            51.76962234851793,
            43.027753919041345
          ],
          [
            51.76970766833418,
            43.027630534691944
          ],
          [
            51.7697930327906,
            43.02750717962435
          ],
          [
            51.76987837600912,
            43.02738381062571
          ],
          [
            51.769963637533415,
            43.0272603880396
          ],
          [
            51.77004876232893,
            43.027136875765976
          ],
          [
            51.77013370078285,
            43.027013241261244
          ],
          [
            51.77021840870414,
            43.0268894555382
          ],
          [
            51.770302847323514,
            43.02676549316609
          ],
          [
            51.770386983293456,
            43.0266413322705
          ],
          [
            51.770470788688215,
            43.02651695453349
          ],
          [
            51.77055424100377,
            43.02639234519355
          ],
          [
            51.77063732315789,
            43.02626749304551
          ],
          [
            51.77072002349011,
            43.02614239044069
          ],
          [
            51.77080233576168,
            43.02601703328677
          ],
          [
            51.77088425915565,
            43.02589142104785
          ],
          [
            51.77096579827683,
            43.025765556744496
          ],
          [
            51.77104696315178,
            43.02563944695362
          ],
          [
            51.77112776922881,
            43.025513101808585
          ],
          [
            51.771208237378005,
            43.02538653499916
          ],
          [
            51.771288393891204,
            43.02525976377153
          ],
          [
            51.77136827048201,
            43.02513280892828
          ],
          [
            51.771447904285786,
            43.02500569482842
          ],
          [
            51.771527337859645,
            43.024878449387394
          ],
          [
            51.771606619182485,
            43.024751104077
          ],
          [
            51.77168580165494,
            43.02462369392553
          ],
          [
            51.77176494409939,
            43.02449625751761
          ],
          [
            51.771844110760036,
            43.02436883699435
          ],
          [
            51.77192337130276,
            43.02424147805323
          ],
          [
            51.77200280081528,
            43.024114229948125
          ],
          [
            51.772082373558106,
            43.02398707579524
          ],
          [
            51.772161946300926,
            43.023859921642334
          ],
          [
            51.77224151904375,
            43.02373276748944
          ],
          [
            51.77232011207998,
            43.0236048005981
          ],
          [
            51.77239779473689,
            43.02347607848035
          ],
          [
            51.772474992981806,
            43.023346954507375
          ],
          [
            51.77255210174084,
            43.02321775629929
          ],
          [
            51.77262948489887,
            43.02308878572527
          ],
          [
            51.77270747529947,
            43.0229603189035
          ],
          [
            51.772786374745024,
            43.022832606201156
          ],
          [
            51.77286645399666,
            43.02270587223445
          ],
          [
            51.772947952774246,
            43.022580315868574
          ],
          [
            51.7730310797564,
            43.02245611021777
          ],
          [
            51.77311601258053,
            43.02233340264527
          ],
          [
            51.77320289784277,
            43.022212314763316
          ],
          [
            51.77329185109802,
            43.02209294243317
          ],
          [
            51.77338295685993,
            43.0219753557651
          ],
          [
            51.773476268600895,
            43.02185959911839
          ],
          [
            51.773571808752116,
            43.02174569110134
          ],
          [
            51.77366956870347,
            43.02163362457124
          ],
          [
            51.773769508803646,
            43.021523366634426
          ],
          [
            51.77387155836007,
            43.02141485864621
          ],
          [
            51.77397561563893,
            43.021308016210945
          ],
          [
            51.774081547865165,
            43.02120272918197
          ],
          [
            51.77418919122247,
            43.02109886166168
          ],
          [
            51.77429835085329,
            43.020996252001424
          ],
          [
            51.774408800858815,
            43.020894712801585
          ],
          [
            51.774520284299044,
            43.020794030911595
          ],
          [
            51.77463251319266,
            43.020693967429835
          ],
          [
            51.774745168517136,
            43.02059425770375
          ],
          [
            51.77485790020871,
            43.02049461132975
          ],
          [
            51.77497032716235,
            43.02039471215331
          ],
          [
            51.7750820372318,
            43.02029421826887
          ],
          [
            51.77519258722954,
            43.0201927620199
          ],
          [
            51.775302856659344,
            43.02009107301928
          ],
          [
            51.77541312608915,
            43.019989384018636
          ],
          [
            51.77552624133311,
            43.01988931187086
          ],
          [
            51.77564159877892,
            43.01979051363289
          ],
          [
            51.77575810474768,
            43.01969236792965
          ],
          [
            51.775874745820616,
            43.01959429898604
          ],
          [
            51.77599058883922,
            43.01949577662684
          ],
          [
            51.776104780905136,
            43.01939631627682
          ],
          [
            51.77621654938022,
            43.01929547896063
          ],
          [
            51.776325201886564,
            43.019192871302906
          ],
          [
            51.77643012630638,
            43.01908814552816
          ],
          [
            51.77653079078215,
            43.01898099946088
          ],
          [
            51.77662674371652,
            43.01887117652546
          ],
          [
            51.77671761377236,
            43.018758465746224
          ],
          [
            51.77680310987269,
            43.018642701747474
          ],
          [
            51.776883021200774,
            43.01852376475338
          ],
          [
            51.77695721720008,
            43.01840158058808
          ],
          [
            51.77702564757422,
            43.01827612067565
          ],
          [
            51.777088342287065,
            43.01814740204007
          ],
          [
            51.77714541156264,
            43.01801548730528
          ],
          [
            51.77719704588522,
            43.017880484695134
          ],
          [
            51.777243515999196,
            43.017742548033425
          ],
          [
            51.77728517290926,
            43.01760187674388
          ],
          [
            51.777322447880216,
            43.017458715850175
          ],
          [
            51.777355852437104,
            43.01731335597586
          ],
          [
            51.777385978365174,
            43.01716613334448
          ],
          [
            51.77741349770986,
            43.017017429779486
          ],
          [
            51.77743916277677,
            43.016867672704265
          ],
          [
            51.77746380613175,
            43.01671733514213
          ],
          [
            51.77748834060085,
            43.01656693571635
          ],
          [
            51.777513759270256,
            43.016417038650076
          ],
          [
            51.77754113548643,
            43.01626825376645
          ],
          [
            51.77757162285598,
            43.016121236488495
          ],
          [
            51.777602522975435,
            43.01597445371492
          ],
          [
            51.77763342309489,
            43.01582767094135
          ],
          [
            51.777664323214346,
            43.01568088816778
          ],
          [
            51.777695223333815,
            43.01553410539421
          ],
          [
            51.77772612345328,
            43.01538732262063
          ],
          [
            51.77775702357273,
            43.01524053984706
          ],
          [
            51.77778792369218,
            43.01509375707349
          ],
          [
            51.7778184712174,
            43.014946783933695
          ],
          [
            51.777846070758955,
            43.01479821917248
          ],
          [
            51.77787181145732,
            43.01464865081866
          ],
          [
            51.7778967067409,
            43.01449862602395
          ],
          [
            51.77792169432602,
            43.01434865106299
          ],
          [
            51.77794763621693,
            43.014199191333375
          ],
          [
            51.77797531870584,
            43.014050671355584
          ],
          [
            51.778005452372845,
            43.01390347477303
          ],
          [
            51.778038672085984,
            43.013757944352044
          ],
          [
            51.77807553700122,
            43.01361438198188
          ],
          [
            51.778116530562436,
            43.01347304867474
          ],
          [
            51.77816206050147,
            43.01333416456571
          ],
          [
            51.778212458838055,
            43.01319790891282
          ],
          [
            51.77826798187985,
            43.013064420097024
          ],
          [
            51.77832881022246,
            43.01293379562218
          ],
          [
            51.77839504874941,
            43.0128060921151
          ],
          [
            51.778466726632146,
            43.01268132532549
          ],
          [
            51.778543797330045,
            43.01255947012598
          ],
          [
            51.77862613859041,
            43.01244046051213
          ],
          [
            51.77871355244848,
            43.01232418960243
          ],
          [
            51.7788057652274,
            43.012210509638294
          ],
          [
            51.778902427538256,
            43.01209923198403
          ],
          [
            51.77900311428004,
            43.0119901271269
          ],
          [
            51.77910732463972,
            43.01188292467708
          ],
          [
            51.77921448209212,
            43.01177731336766
          ],
          [
            51.77932393440007,
            43.011672941054655
          ],
          [
            51.77943495361424,
            43.01156941471699
          ],
          [
            51.779546736073314,
            43.01146630045655
          ],
          [
            51.77965840240384,
            43.01136312349811
          ],
          [
            51.77976899752031,
            43.01125936818937
          ],
          [
            51.779877490625154,
            43.01115447800097
          ],
          [
            51.77998326241404,
            43.01104811856944
          ],
          [
            51.780089034202945,
            43.010941759137914
          ],
          [
            51.78019472554112,
            43.010835313741175
          ],
          [
            51.78030014358449,
            43.01072857631663
          ],
          [
            51.780405394218384,
            43.010621660007516
          ],
          [
            51.780510575889,
            43.010514670008035
          ],
          [
            51.78061577960347,
            43.01040770356339
          ],
          [
            51.78072108892984,
            43.01030084996983
          ],
          [
            51.780826579997026,
            43.010194190574516
          ],
          [
            51.78093232149488,
            43.01008779877565
          ],
          [
            51.78103837467416,
            43.00998174002243
          ],
          [
            51.78114479334652,
            43.00987607181503
          ],
          [
            51.781251623884515,
            43.00977084370461
          ],
          [
            51.78135890522163,
            43.00966609729335
          ],
          [
            51.781466668852225,
            43.00956186623441
          ],
          [
            51.78157493883159,
            43.00945817623193
          ],
          [
            51.781683731775914,
            43.009355045041076
          ],
          [
            51.7817930568623,
            43.009252482467986
          ],
          [
            51.781902915828745,
            43.00915049036978
          ],
          [
            51.78201330297414,
            43.00904906265458
          ],
          [
            51.78212420515833,
            43.00894818528152
          ],
          [
            51.782235601802014,
            43.00884783626071
          ],
          [
            51.78234746488684,
            43.008747985653265
          ],
          [
            51.78245975895531,
            43.00864859557128
          ],
          [
            51.782572441110894,
            43.00854962017784
          ],
          [
            51.782685461017934,
            43.00845100568704
          ],
          [
            51.78279876090167,
            43.00835269036396
          ],
          [
            51.78291227554827,
            43.00825460452467
          ],
          [
            51.78302593230481,
            43.00815667053625
          ],
          [
            51.78313965107924,
            43.00805880281674
          ],
          [
            51.78325334434045,
            43.00796090783521
          ],
          [
            51.78336691711824,
            43.00786288411172
          ],
          [
            51.78348026700327,
            43.007764622217266
          ],
          [
            51.78359339531182,
            43.00766612355839
          ],
          [
            51.783706523620374,
            43.00756762489949
          ],
          [
            51.78382033141529,
            43.00746961550679
          ],
          [
            51.78393617871591,
            43.00737307466632
          ],
          [
            51.78405326719429,
            43.00727742753963
          ],
          [
            51.78417085473378,
            43.00718213976337
          ],
          [
            51.784288255429054,
            43.007086717449404
          ],
          [
            51.784404839586095,
            43.00699070718461
          ],
          [
            51.784520033722224,
            43.00689369603108
          ],
          [
            51.78463332056604,
            43.006795311525984
          ],
          [
            51.784744239057495,
            43.00669522168163
          ],
          [
            51.78485238434783,
            43.00659313498548
          ],
          [
            51.784957407799624,
            43.006488800400085
          ],
          [
            51.78505901698672,
            43.00638200736315
          ],
          [
            51.78515697569436,
            43.00627258578748
          ],
          [
            51.78525110391905,
            43.006160406061035
          ],
          [
            51.7853412778686,
            43.00604537904688
          ],
          [
            51.78542742996217,
            43.00592745608322
          ],
          [
            51.7855095488302,
            43.00580662898339
          ],
          [
            51.78558767931448,
            43.005682930035846
          ],
          [
            51.785661922468094,
            43.00555643200415
          ],
          [
            51.78573243555546,
            43.00542724812703
          ],
          [
            51.78579943205228,
            43.00529553211831
          ],
          [
            51.78586318164561,
            43.00516147816697
          ],
          [
            51.785924010233785,
            43.00502532093707
          ],
          [
            51.78598229992648,
            43.00488733556786
          ],
          [
            51.7860384890447,
            43.00474783767365
          ],
          [
            51.786093072120714,
            43.004607183343936
          ],
          [
            51.78614659989814,
            43.004465769143295
          ],
          [
            51.78619967933192,
            43.00432403211147
          ],
          [
            51.786252973588304,
            43.00418244976329
          ],
          [
            51.78630720204484,
            43.00404154008874
          ],
          [
            51.78636314029042,
            43.00390186155295
          ],
          [
            51.78642068122903,
            43.00376333704109
          ],
          [
            51.78647822216765,
            43.00362481252926
          ],
          [
            51.78653576310628,
            43.0034862880174
          ],
          [
            51.786593304044914,
            43.00334776350556
          ],
          [
            51.786650844983534,
            43.00320923899372
          ],
          [
            51.786708385922154,
            43.003070714481865
          ],
          [
            51.786765926860774,
            43.002932189970025
          ],
          [
            51.78682346779941,
            43.00279366545817
          ],
          [
            51.78688100873803,
            43.00265514094633
          ],
          [
            51.78693854967666,
            43.00251661643449
          ],
          [
            51.786996090615276,
            43.00237809192264
          ],
          [
            51.7870536315539,
            43.0022395674108
          ],
          [
            51.78711117249252,
            43.00210104289894
          ],
          [
            51.78716871343116,
            43.0019625183871
          ],
          [
            51.78722625436977,
            43.00182399387525
          ],
          [
            51.7872837953084,
            43.0016854693634
          ],
          [
            51.78734133624703,
            43.00154694485156
          ],
          [
            51.787398877185645,
            43.001408420339715
          ],
          [
            51.78745641812428,
            43.00126989582787
          ],
          [
            51.7875139590629,
            43.00113137131603
          ],
          [
            51.78757150000152,
            43.00099284680418
          ],
          [
            51.78762904094014,
            43.00085432229233
          ],
          [
            51.787686581878766,
            43.00071579778048
          ],
          [
            51.7877441228174,
            43.00057727326864
          ],
          [
            51.78780166375602,
            43.0004387487568
          ],
          [
            51.78785920469465,
            43.000300224244945
          ],
          [
            51.78791674563326,
            43.000161699733106
          ],
          [
            51.78797428657189,
            43.00002317522125
          ],
          [
            51.78803182751052,
            42.99988465070941
          ],
          [
            51.78808936844915,
            42.999746126197564
          ],
          [
            51.78814690938776,
            42.99960760168571
          ],
          [
            51.78820445032639,
            42.99946907717388
          ],
          [
            51.78826199126502,
            42.999330552662016
          ],
          [
            51.78831953220364,
            42.999192028150176
          ],
          [
            51.78837707314226,
            42.99905350363833
          ],
          [
            51.788434614080884,
            42.99891497912648
          ],
          [
            51.78849215501951,
            42.99877645461464
          ],
          [
            51.78854969595813,
            42.99863793010279
          ],
          [
            51.788607236896766,
            42.99849940559095
          ],
          [
            51.788664777835386,
            42.998360881079094
          ],
          [
            51.788722318774006,
            42.998222356567254
          ],
          [
            51.78877985971263,
            42.99808383205541
          ],
          [
            51.78883740065126,
            42.99794530754357
          ],
          [
            51.78889494158989,
            42.99780678303171
          ],
          [
            51.788952482528515,
            42.997668258519866
          ],
          [
            51.78901002346712,
            42.99752973400802
          ],
          [
            51.78906756440575,
            42.99739120949618
          ],
          [
            51.78912510534438,
            42.997252684984325
          ],
          [
            51.78918264628301,
            42.997114160472485
          ],
          [
            51.78924018722163,
            42.996975635960645
          ],
          [
            51.78929772816025,
            42.99683711144879
          ],
          [
            51.78935526909888,
            42.99669858693695
          ],
          [
            51.7894128100375,
            42.99656006242509
          ],
          [
            51.789470350976124,
            42.99642153791325
          ],
          [
            51.78952789191475,
            42.99628301340141
          ],
          [
            51.78958543285337,
            42.99614448888956
          ],
          [
            51.789642973792,
            42.99600596437772
          ],
          [
            51.789700514730626,
            42.99586743986586
          ],
          [
            51.789758055669246,
            42.99572891535403
          ],
          [
            51.78981559660787,
            42.99559039084217
          ],
          [
            51.78987313754649,
            42.99545186633033
          ],
          [
            51.78993067848511,
            42.99531334181848
          ],
          [
            51.78998821942375,
            42.99517481730663
          ],
          [
            51.790045760362375,
            42.995036292794794
          ],
          [
            51.79010330130099,
            42.99489776828293
          ],
          [
            51.790160842239615,
            42.9947592437711
          ],
          [
            51.790218383178235,
            42.994620719259245
          ],
          [
            51.79027592411686,
            42.994482194747405
          ],
          [
            51.79033346505549,
            42.99434367023556
          ],
          [
            51.79039100599411,
            42.99420514572371
          ],
          [
            51.79044854693273,
            42.994066621211864
          ],
          [
            51.790506087871364,
            42.993928096700024
          ],
          [
            51.790563628809984,
            42.99378957218817
          ],
          [
            51.790621169748604,
            42.99365104767632
          ],
          [
            51.79067871068723,
            42.99351252316448
          ],
          [
            51.79073625162586,
            42.993373998652636
          ],
          [
            51.790793792564486,
            42.993235474140796
          ],
          [
            51.790851333503106,
            42.993096949628935
          ],
          [
            51.79090887444175,
            42.992958425117095
          ],
          [
            51.79096641538037,
            42.99281990060525
          ],
          [
            51.79102395631898,
            42.9926813760934
          ],
          [
            51.7910814972576,
            42.99254285158156
          ],
          [
            51.791139038196235,
            42.992404327069714
          ],
          [
            51.79119657913486,
            42.99226580255787
          ],
          [
            51.79125412007348,
            42.99212727804602
          ],
          [
            51.7913116610121,
            42.99198875353418
          ],
          [
            51.79136920195072,
            42.99185022902233
          ],
          [
            51.79142674288936,
            42.991711704510486
          ],
          [
            51.79148428382798,
            42.99157317999863
          ],
          [
            51.7915418247666,
            42.991434655486785
          ],
          [
            51.79159936570522,
            42.991296130974945
          ],
          [
            51.79165690664385,
            42.99115760646309
          ],
          [
            51.79171444758247,
            42.99101908195126
          ],
          [
            51.7917719885211,
            42.990880557439404
          ],
          [
            51.79182952945972,
            42.99074203292756
          ],
          [
            51.79188707039834,
            42.99060350841571
          ],
          [
            51.791944611336966,
            42.99046498390387
          ],
          [
            51.79200215227559,
            42.99032645939202
          ],
          [
            51.79205969321421,
            42.99018793488017
          ],
          [
            51.79211723415285,
            42.99004941036832
          ],
          [
            51.79217477509147,
            42.989910885856474
          ],
          [
            51.792232316030095,
            42.98977236134464
          ],
          [
            51.792289856968715,
            42.98963383683279
          ],
          [
            51.79234739790735,
            42.98949531232095
          ],
          [
            51.792404699954574,
            42.98935665005024
          ],
          [
            51.79246071069107,
            42.98921724313367
          ],
          [
            51.79251591588606,
            42.98907737169439
          ],
          [
            51.79257076740164,
            42.98893729630271
          ],
          [
            51.79262568319279,
            42.98879725797613
          ],
          [
            51.79268104730736,
            42.988657478179235
          ],
          [
            51.7927372098861,
            42.98851815882386
          ],
          [
            51.79279448716264,
            42.98837948226891
          ],
          [
            51.792853161463455,
            42.9882416113205
          ],
          [
            51.79291348120794,
            42.988104689231875
          ],
          [
            51.79297566090833,
            42.98796883970345
          ],
          [
            51.793039881169804,
            42.98783416688279
          ],
          [
            51.793106288690346,
            42.987700755364614
          ],
          [
            51.79317499626085,
            42.987568670190804
          ],
          [
            51.793246082765116,
            42.98743795685039
          ],
          [
            51.793319593179774,
            42.987308641279576
          ],
          [
            51.79339553857438,
            42.98718072986169
          ],
          [
            51.79347389611135,
            42.98705420942725
          ],
          [
            51.79355460904597,
            42.9869290472539
          ],
          [
            51.793637586726405,
            42.98680519106647
          ],
          [
            51.793722704593726,
            42.98668256903692
          ],
          [
            51.79380980418187,
            42.98656108978438
          ],
          [
            51.79389869311764,
            42.98644064237515
          ],
          [
            51.793989145120726,
            42.98632109632265
          ],
          [
            51.794080900003706,
            42.986202301587475
          ],
          [
            51.79417366367204,
            42.98608408857738
          ],
          [
            51.79426710812404,
            42.98596626814729
          ],
          [
            51.79436087145094,
            42.985848631599225
          ],
          [
            51.79445455783682,
            42.98573095068246
          ],
          [
            51.79454773755865,
            42.98561297759333
          ],
          [
            51.794639946986294,
            42.98549444497539
          ],
          [
            51.79473101867623,
            42.98537525627084
          ],
          [
            51.79482209036618,
            42.98525606756631
          ],
          [
            51.79491316205612,
            42.98513687886176
          ],
          [
            51.79500423374607,
            42.98501769015722
          ],
          [
            51.79509530543601,
            42.984898501452676
          ],
          [
            51.79518637712596,
            42.98477931274813
          ],
          [
            51.795277448815895,
            42.98466012404359
          ],
          [
            51.79536776616583,
            42.98454003636703
          ],
          [
            51.79545662367497,
            42.984418208949776
          ],
          [
            51.79554462035207,
            42.98429535565041
          ],
          [
            51.79563231261354,
            42.98417213956886
          ],
          [
            51.79572021428353,
            42.98404917304637
          ],
          [
            51.79580879659382,
            42.98392701766553
          ],
          [
            51.795898488183916,
            42.98380618425021
          ],
          [
            51.795989675101,
            42.983687132865676
          ],
          [
            51.79608270079992,
            42.98357027281845
          ],
          [
            51.79617786614324,
            42.98345596265642
          ],
          [
            51.79627542940119,
            42.98334451016881
          ],
          [
            51.7963756062517,
            42.98323617238615
          ],
          [
            51.79647856978037,
            42.9831311555803
          ],
          [
            51.7965844504805,
            42.98302961526444
          ],
          [
            51.79669333625308,
            42.9829316561931
          ],
          [
            51.79680527240676,
            42.98283733236211
          ],
          [
            51.7969202616579,
            42.98274664700864
          ],
          [
            51.79703826413055,
            42.982659552611196
          ],
          [
            51.79715919735642,
            42.9825759508896
          ],
          [
            51.79728293627493,
            42.982495692804974
          ],
          [
            51.79740931323319,
            42.98241857855983
          ],
          [
            51.79753811798596,
            42.982344357597945
          ],
          [
            51.79766909769572,
            42.98227272860446
          ],
          [
            51.79780195693264,
            42.98220333950583
          ],
          [
            51.79793635767455,
            42.98213578746984
          ],
          [
            51.79807191930699,
            42.98206961890559
          ],
          [
            51.79820821862317,
            42.982004329463535
          ],
          [
            51.79834478982399,
            42.981939364035405
          ],
          [
            51.79848112451804,
            42.98187411675432
          ],
          [
            51.79861667172158,
            42.981807930994684
          ],
          [
            51.7987508378586,
            42.98174009937225
          ],
          [
            51.798884029087674,
            42.981671105919695
          ],
          [
            51.79901722031675,
            42.98160211246714
          ],
          [
            51.79915041154583,
            42.98153311901457
          ],
          [
            51.79928360277491,
            42.98146412556201
          ],
          [
            51.799416794004,
            42.98139513210946
          ],
          [
            51.79954998523308,
            42.981326138656904
          ],
          [
            51.79968381903289,
            42.98125766844982
          ],
          [
            51.79982122554784,
            42.9811921075055
          ],
          [
            51.79996086267455,
            42.98112836294884
          ],
          [
            51.80010148196002,
            42.98106541816427
          ],
          [
            51.800241928601565,
            42.98100233279571
          ],
          [
            51.80038114144691,
            42.980938242746625
          ],
          [
            51.80051815299412,
            42.980872360179966
          ],
          [
            51.8006520893916,
            42.98080397351821
          ],
          [
            51.80078217043816,
            42.98073244744332
          ],
          [
            51.800907709582944,
            42.9806572228968
          ],
          [
            51.801028113925454,
            42.980577817079634
          ],
          [
            51.80114288421557,
            42.98049382345234
          ],
          [
            51.801251614853555,
            42.98040491173494
          ],
          [
            51.80135399388996,
            42.980310827906976
          ],
          [
            51.80144980302579,
            42.98021139420747
          ],
          [
            51.80153891761234,
            42.980106509134984
          ],
          [
            51.80162130665131,
            42.97999614744761
          ],
          [
            51.801697032794735,
            42.97988036016287
          ],
          [
            51.80176625234502,
            42.97975927455789
          ],
          [
            51.801829215254955,
            42.97963309416926
          ],
          [
            51.80188626512764,
            42.97950209879308
          ],
          [
            51.801937839216606,
            42.97936664448497
          ],
          [
            51.801984468425665,
            42.979227163560054
          ],
          [
            51.80202677730908,
            42.97908416459299
          ],
          [
            51.8020654840714,
            42.9789382324179
          ],
          [
            51.80210140056757,
            42.97879002812847
          ],
          [
            51.802135432302904,
            42.97864028907786
          ],
          [
            51.80216857843306,
            42.97848982887875
          ],
          [
            51.80220193176407,
            42.978339537403336
          ],
          [
            51.80223696767605,
            42.97819044749893
          ],
          [
            51.80227513819785,
            42.978043641255425
          ],
          [
            51.80231673487548,
            42.97789946944532
          ],
          [
            51.80235841764344,
            42.97775531751441
          ],
          [
            51.80240001996266,
            42.97761114700701
          ],
          [
            51.80244138918644,
            42.97746692267537
          ],
          [
            51.802482386560584,
            42.97732261247964
          ],
          [
            51.8025228872233,
            42.977178187587896
          ],
          [
            51.80256278020522,
            42.97703362237611
          ],
          [
            51.80260196842945,
            42.976888894428185
          ],
          [
            51.802640368711494,
            42.97674398453592
          ],
          [
            51.8026779117593,
            42.97659887669904
          ],
          [
            51.80271454217328,
            42.976453558125186
          ],
          [
            51.802750218446235,
            42.976308019229904
          ],
          [
            51.802784912963425,
            42.97616225363664
          ],
          [
            51.802818612002554,
            42.97601625817676
          ],
          [
            51.80285131573376,
            42.97587003288958
          ],
          [
            51.80288303821959,
            42.97572358102227
          ],
          [
            51.80291380741506,
            42.975576909029954
          ],
          [
            51.802943665167604,
            42.975430026575644
          ],
          [
            51.80297266721709,
            42.97528294653028
          ],
          [
            51.80300088319583,
            42.97513568497273
          ],
          [
            51.80302839662856,
            42.97498826118974
          ],
          [
            51.80305530493246,
            42.97484069767599
          ],
          [
            51.80308171941716,
            42.974693020134055
          ],
          [
            51.80310776528468,
            42.97454525747445
          ],
          [
            51.803133581629524,
            42.9743974418156
          ],
          [
            51.80315932143862,
            42.97424960848381
          ],
          [
            51.80318515159131,
            42.974101796013315
          ],
          [
            51.80321125285937,
            42.9739540461463
          ],
          [
            51.80323839287645,
            42.973806480080896
          ],
          [
            51.80326618453274,
            42.973659027648004
          ],
          [
            51.803294159273776,
            42.97351159957918
          ],
          [
            51.803322137968586,
            42.97336417203651
          ],
          [
            51.80334995580053,
            42.97321672308696
          ],
          [
            51.80337746226733,
            42.97306923270241
          ],
          [
            51.803404521181,
            42.97292168275956
          ],
          [
            51.803431010667936,
            42.97277405704006
          ],
          [
            51.80345682316881,
            42.972626341230445
          ],
          [
            51.803481865438656,
            42.97247852292208
          ],
          [
            51.80350605854689,
            42.97233059161126
          ],
          [
            51.803529337877166,
            42.97218253869915
          ],
          [
            51.803551653127556,
            42.9720343574918
          ],
          [
            51.80357296831044,
            42.97188604320015
          ],
          [
            51.8035932617525,
            42.97173759294
          ],
          [
            51.803612526094824,
            42.971589005732085
          ],
          [
            51.803630768292756,
            42.97144028250197
          ],
          [
            51.80364800961602,
            42.97129142608014
          ],
          [
            51.80366428564865,
            42.971142441201955
          ],
          [
            51.80367964628907,
            42.970993334507654
          ],
          [
            51.803694155749966,
            42.97084411454238
          ],
          [
            51.803707892558386,
            42.97069479175612
          ],
          [
            51.80372094955574,
            42.97054537850377
          ],
          [
            51.803733433897726,
            42.970395889045136
          ],
          [
            51.803745467054426,
            42.970246339544886
          ],
          [
            51.80375718481021,
            42.970096748072535
          ],
          [
            51.80376873726381,
            42.96994713460257
          ],
          [
            51.80378028882828,
            42.969797521014264
          ],
          [
            51.80379201823103,
            42.96964793109185
          ],
          [
            51.80380411851377,
            42.969498390524414
          ],
          [
            51.80381679703257,
            42.96934892690591
          ],
          [
            51.80382948374395,
            42.96919946437765
          ],
          [
            51.80384155095577,
            42.96904980956803
          ],
          [
            51.803851315136946,
            42.96889943993973
          ],
          [
            51.80385966255762,
            42.968748630574844
          ],
          [
            51.803867417313526,
            42.968597637257616
          ],
          [
            51.80387534132602,
            42.96844669647454
          ],
          [
            51.803884134342034,
            42.968296025414304
          ],
          [
            51.80389443393412,
            42.96814582196777
          ],
          [
            51.803906815500426,
            42.96799626472805
          ],
          [
            51.80392179226471,
            42.96784751299042
          ],
          [
            51.803939815276344,
            42.967699706752356
          ],
          [
            51.80396127341027,
            42.96755296671357
          ],
          [
            51.80398649336708,
            42.96740739427593
          ],
          [
            51.80401573967292,
            42.96726307154356
          ],
          [
            51.8040492146796,
            42.96712006132274
          ],
          [
            51.80408705856448,
            42.966978407121985
          ],
          [
            51.80412934933053,
            42.96683813315198
          ],
          [
            51.804176102806366,
            42.966699244325646
          ],
          [
            51.804227272646166,
            42.96656172625808
          ],
          [
            51.804282750329726,
            42.96642554526659
          ],
          [
            51.80434236516245,
            42.966290648370695
          ],
          [
            51.80440588427534,
            42.9661569632921
          ],
          [
            51.804473012624975,
            42.966024398454735
          ],
          [
            51.80454339299362,
            42.965892842984694
          ],
          [
            51.804616605989054,
            42.96576216671032
          ],
          [
            51.80469217004471,
            42.96563222016213
          ],
          [
            51.8047695414196,
            42.965502834572845
          ],
          [
            51.80484811419836,
            42.96537382187739
          ],
          [
            51.80492722029121,
            42.9652449747129
          ],
          [
            51.805006129434005,
            42.9651160664187
          ],
          [
            51.805084049188174,
            42.964986851036336
          ],
          [
            51.80516012494074,
            42.96485706330952
          ],
          [
            51.80523429591241,
            42.96472668437349
          ],
          [
            51.80530846688408,
            42.96459630543745
          ],
          [
            51.80538263785575,
            42.96446592650142
          ],
          [
            51.80545680882743,
            42.96433554756538
          ],
          [
            51.805530979799094,
            42.964205168629356
          ],
          [
            51.80560515077076,
            42.96407478969332
          ],
          [
            51.80567932174243,
            42.963944410757286
          ],
          [
            51.8057534927141,
            42.963814031821244
          ],
          [
            51.80582766368577,
            42.96368365288521
          ],
          [
            51.80590183465743,
            42.963553273949174
          ],
          [
            51.805976005629105,
            42.96342289501314
          ],
          [
            51.80605017660077,
            42.963292516077104
          ],
          [
            51.80612434757244,
            42.963162137141076
          ],
          [
            51.806198518544115,
            42.96303175820504
          ],
          [
            51.80627268951579,
            42.962901379269006
          ],
          [
            51.80634686048745,
            42.96277100033297
          ],
          [
            51.806421031459124,
            42.96264062139693
          ],
          [
            51.80649520243079,
            42.962510242460894
          ],
          [
            51.80656937340246,
            42.96237986352486
          ],
          [
            51.80664354437413,
            42.96224948458883
          ],
          [
            51.8067177153458,
            42.962119105652796
          ],
          [
            51.80679188631746,
            42.961988726716754
          ],
          [
            51.80686605728914,
            42.961858347780726
          ],
          [
            51.80694022826081,
            42.96172796884469
          ],
          [
            51.80701439923248,
            42.96159758990865
          ],
          [
            51.807088570204144,
            42.961467210972614
          ],
          [
            51.80716274117581,
            42.96133683203658
          ],
          [
            51.80723691214749,
            42.96120645310055
          ],
          [
            51.80731108311916,
            42.96107607416451
          ],
          [
            51.80738525409082,
            42.96094569522848
          ],
          [
            51.80745942506248,
            42.96081531629245
          ],
          [
            51.80753359603416,
            42.960684937356405
          ],
          [
            51.807607767005834,
            42.96055455842037
          ],
          [
            51.8076819379775,
            42.960424179484335
          ],
          [
            51.80775610894918,
            42.96029380054829
          ],
          [
            51.80783027992083,
            42.960163421612265
          ],
          [
            51.80790445089251,
            42.96003304267623
          ],
          [
            51.807978621864166,
            42.959902663740195
          ],
          [
            51.808052792835845,
            42.95977228480416
          ],
          [
            51.80812696380751,
            42.959641905868125
          ],
          [
            51.80820113477918,
            42.95951152693209
          ],
          [
            51.80827530575085,
            42.95938114799605
          ],
          [
            51.808349476722526,
            42.95925076906001
          ],
          [
            51.808423647694205,
            42.95912039012398
          ],
          [
            51.80849781866586,
            42.95899001118794
          ],
          [
            51.80857198963752,
            42.95885963225191
          ],
          [
            51.8086461606092,
            42.95872925331588
          ],
          [
            51.80872033158087,
            42.958598874379845
          ],
          [
            51.80879450255254,
            42.95846849544381
          ],
          [
            51.8088686735242,
            42.958338116507775
          ],
          [
            51.808942844495874,
            42.95820773757173
          ],
          [
            51.809017015467546,
            42.9580773586357
          ],
          [
            51.80909118643922,
            42.95794697969967
          ],
          [
            51.80916535741088,
            42.957816600763636
          ],
          [
            51.809239528382555,
            42.95768622182759
          ],
          [
            51.80931369935421,
            42.957555842891566
          ],
          [
            51.809387870325885,
            42.95742546395553
          ],
          [
            51.80946204129756,
            42.957295085019496
          ],
          [
            51.809536212269236,
            42.957164706083454
          ],
          [
            51.809610383240894,
            42.95703432714742
          ],
          [
            51.809684554212566,
            42.956903948211384
          ],
          [
            51.80975872518423,
            42.956773569275356
          ],
          [
            51.8098328961559,
            42.95664319033932
          ],
          [
            51.809907067127575,
            42.95651281140328
          ],
          [
            51.80998123809924,
            42.95638243246725
          ],
          [
            51.81005540907091,
            42.956252053531216
          ],
          [
            51.810129580042585,
            42.95612167459518
          ],
          [
            51.81020375101425,
            42.95599129565914
          ],
          [
            51.810277921985914,
            42.95586091672311
          ],
          [
            51.810352092957594,
            42.955730537787076
          ],
          [
            51.81042626392925,
            42.95560015885104
          ],
          [
            51.81050043490092,
            42.955469779915006
          ],
          [
            51.81057443381481,
            42.95533929418294
          ],
          [
            51.81064809377348,
            42.95520859806186
          ],
          [
            51.810721553540645,
            42.95507777768218
          ],
          [
            51.810794942017836,
            42.95494691305292
          ],
          [
            51.81086837824437,
            42.95481607806162
          ],
          [
            51.81094197139747,
            42.954685340474406
          ],
          [
            51.81101582079208,
            42.95455476193594
          ],
          [
            51.811090015881,
            42.954424397969454
          ],
          [
            51.81116463625491,
            42.95429429797675
          ],
          [
            51.811239751642226,
            42.95416450523819
          ],
          [
            51.811315421909256,
            42.95403505691267
          ],
          [
            51.81139169706009,
            42.95390598403768
          ],
          [
            51.811468617236635,
            42.953777311529265
          ],
          [
            51.81154621271866,
            42.953649058181995
          ],
          [
            51.811624503923724,
            42.95352123666903
          ],
          [
            51.81170350140722,
            42.9533938535421
          ],
          [
            51.81178320586235,
            42.95326690923148
          ],
          [
            51.811863608120156,
            42.953140398045996
          ],
          [
            51.8119446891495,
            42.95301430817305
          ],
          [
            51.81202642005706,
            42.95288862167859
          ],
          [
            51.81210876208732,
            42.95276331450715
          ],
          [
            51.81219166662261,
            42.952638356481785
          ],
          [
            51.812275075183095,
            42.95251371130414
          ],
          [
            51.81235891942673,
            42.952389336554425
          ],
          [
            51.8124431211493,
            42.95226518369139
          ],
          [
            51.812527592284425,
            42.95214119805233
          ],
          [
            51.81261223490353,
            42.95201731885315
          ],
          [
            51.81269694121589,
            42.951893479188286
          ],
          [
            51.81278159356857,
            42.9517696060307
          ],
          [
            51.812866064446474,
            42.951645620232
          ],
          [
            51.81295021647233,
            42.95152143652228
          ],
          [
            51.81303414015156,
            42.951397111078116
          ],
          [
            51.81311806383079,
            42.95127278563397
          ],
          [
            51.81320198751002,
            42.95114846018981
          ],
          [
            51.81328591118926,
            42.95102413474566
          ],
          [
            51.81336983486849,
            42.950899809301504
          ],
          [
            51.813453758547716,
            42.95077548385735
          ],
          [
            51.813537682226944,
            42.950651158413194
          ],
          [
            51.81362160590618,
            42.95052683296904
          ],
          [
            51.81370552958542,
            42.950402507524885
          ],
          [
            51.81378945326465,
            42.95027818208073
          ],
          [
            51.813873376943874,
            42.95015385663657
          ],
          [
            51.81395730062311,
            42.95002953119242
          ],
          [
            51.81404122430234,
            42.949905205748266
          ],
          [
            51.81412514798157,
            42.949780880304104
          ],
          [
            51.81420907166079,
            42.949656554859956
          ],
          [
            51.81429299534004,
            42.949532229415794
          ],
          [
            51.81437691901927,
            42.94940790397165
          ],
          [
            51.814460842698495,
            42.94928357852749
          ],
          [
            51.81454476637773,
            42.94915925308334
          ],
          [
            51.81462869005696,
            42.949034927639175
          ],
          [
            51.814712613736184,
            42.94891060219503
          ],
          [
            51.81479653741541,
            42.948786276750866
          ],
          [
            51.81488046109465,
            42.94866195130671
          ],
          [
            51.81496438477389,
            42.948537625862556
          ],
          [
            51.8150483084531,
            42.9484133004184
          ],
          [
            51.81513223213235,
            42.948288974974254
          ],
          [
            51.81521615581158,
            42.9481646495301
          ],
          [
            51.815300079490804,
            42.948040324085945
          ],
          [
            51.81538400317003,
            42.94791599864179
          ],
          [
            51.815467926849266,
            42.94779167319763
          ],
          [
            51.8155518505285,
            42.94766734775348
          ],
          [
            51.81563577420773,
            42.94754302230931
          ],
          [
            51.81571969788697,
            42.947418696865164
          ],
          [
            51.815803621566204,
            42.947294371421016
          ],
          [
            51.815887545245424,
            42.94717004597686
          ],
          [
            51.81597146892466,
            42.9470457205327
          ],
          [
            51.81605539260389,
            42.94692139508855
          ],
          [
            51.81613931628312,
            42.94679706964439
          ],
          [
            51.816223239962355,
            42.946672744200235
          ],
          [
            51.81630716364158,
            42.94654841875609
          ],
          [
            51.81639108732082,
            42.94642409331193
          ],
          [
            51.816475011000044,
            42.94629976786778
          ],
          [
            51.81655893467927,
            42.94617544242362
          ],
          [
            51.816642858358506,
            42.94605111697947
          ],
          [
            51.81672678203774,
            42.945926791535314
          ],
          [
            51.816810705716975,
            42.94580246609115
          ],
          [
            51.8168946293962,
            42.945678140647
          ],
          [
            51.81697855307543,
            42.94555381520285
          ],
          [
            51.81706247675467,
            42.945429489758695
          ],
          [
            51.8171464004339,
            42.94530516431454
          ],
          [
            51.81723032411313,
            42.945180838870385
          ],
          [
            51.81731424779237,
            42.94505651342623
          ],
          [
            51.81739817147159,
            42.944932187982076
          ],
          [
            51.817482095150815,
            42.944807862537914
          ],
          [
            51.81756601883006,
            42.94468353709376
          ],
          [
            51.817649942509284,
            42.944559211649604
          ],
          [
            51.81773386618852,
            42.94443488620546
          ],
          [
            51.817817789867746,
            42.9443105607613
          ],
          [
            51.81790171354698,
            42.94418623531715
          ],
          [
            51.817985637226215,
            42.944061909872985
          ],
          [
            51.81806956090544,
            42.94393758442884
          ],
          [
            51.818153484584684,
            42.943813258984676
          ],
          [
            51.818237408263904,
            42.94368893354052
          ],
          [
            51.81832133194314,
            42.943564608096366
          ],
          [
            51.81840525562237,
            42.94344028265221
          ],
          [
            51.8184891793016,
            42.94331595720806
          ],
          [
            51.818573102980835,
            42.9431916317639
          ],
          [
            51.818657026660055,
            42.943067306319755
          ],
          [
            51.8187409503393,
            42.9429429808756
          ],
          [
            51.818824874018524,
            42.94281865543144
          ],
          [
            51.81890879769776,
            42.94269432998728
          ],
          [
            51.818992721376986,
            42.942570004543136
          ],
          [
            51.81907664505622,
            42.942445679098974
          ],
          [
            51.81916056873545,
            42.942321353654826
          ],
          [
            51.819244492414676,
            42.94219702821067
          ],
          [
            51.81932841609391,
            42.94207270276651
          ],
          [
            51.81941233977314,
            42.94194837732236
          ],
          [
            51.81949626345237,
            42.9418240518782
          ],
          [
            51.819580187131606,
            42.941699726434045
          ],
          [
            51.81966411081084,
            42.94157540098989
          ],
          [
            51.81974803449006,
            42.941451075545736
          ],
          [
            51.8198319581693,
            42.94132675010159
          ],
          [
            51.81991588184853,
            42.94120242465743
          ],
          [
            51.819999805527765,
            42.94107809921328
          ],
          [
            51.820083729207,
            42.940953773769124
          ],
          [
            51.82016765288622,
            42.94082944832497
          ],
          [
            51.820251576565454,
            42.940705122880814
          ],
          [
            51.82033550024469,
            42.94058079743665
          ],
          [
            51.82041942392392,
            42.9404564719925
          ],
          [
            51.82050334760315,
            42.94033214654834
          ],
          [
            51.82058727128238,
            42.940207821104195
          ],
          [
            51.82067119496161,
            42.94008349566004
          ],
          [
            51.82075511864084,
            42.939959170215886
          ],
          [
            51.820839042320074,
            42.93983484477173
          ],
          [
            51.820922965999316,
            42.939710519327576
          ],
          [
            51.821006889678536,
            42.939586193883414
          ],
          [
            51.82109081335777,
            42.93946186843926
          ],
          [
            51.821174737037005,
            42.939337542995105
          ],
          [
            51.82125866071624,
            42.93921321755096
          ],
          [
            51.82134258439545,
            42.9390888921068
          ],
          [
            51.82142650807469,
            42.93896456666265
          ],
          [
            51.82151043175393,
            42.93884024121849
          ],
          [
            51.821594355433156,
            42.93871591577434
          ],
          [
            51.82167827911239,
            42.93859159033017
          ],
          [
            51.82176220279162,
            42.93846726488602
          ],
          [
            51.82184612647085,
            42.938342939441874
          ],
          [
            51.82193005015008,
            42.93821861399772
          ],
          [
            51.82201397382931,
            42.93809428855356
          ],
          [
            51.822097897508556,
            42.93796996310941
          ],
          [
            51.82218182118777,
            42.93784563766526
          ],
          [
            51.822265744866996,
            42.9377213122211
          ],
          [
            51.822349668546245,
            42.937596986776946
          ],
          [
            51.82243359222548,
            42.937472661332784
          ],
          [
            51.82251751590471,
            42.93734833588863
          ],
          [
            51.82260143958392,
            42.937224010444474
          ],
          [
            51.82268536326317,
            42.93709968500033
          ],
          [
            51.822769286942396,
            42.93697535955617
          ],
          [
            51.82285321062162,
            42.93685103411202
          ],
          [
            51.82293713430086,
            42.93672670866786
          ],
          [
            51.82302105798009,
            42.9366023832237
          ],
          [
            51.82310498165932,
            42.93647805777955
          ],
          [
            51.823188905338554,
            42.93635373233539
          ],
          [
            51.82327282901779,
            42.93622940689124
          ],
          [
            51.82335675269701,
            42.93610508144709
          ],
          [
            51.82344067637625,
            42.935980756002934
          ],
          [
            51.82352460005548,
            42.93585643055878
          ],
          [
            51.82360852373471,
            42.935732105114624
          ],
          [
            51.82369244741395,
            42.93560777967046
          ],
          [
            51.82377637109317,
            42.93548345422631
          ],
          [
            51.8238602947724,
            42.93535912878216
          ],
          [
            51.823944218451636,
            42.935234803338005
          ],
          [
            51.824028142130864,
            42.93511047789384
          ],
          [
            51.8241120658101,
            42.934986152449696
          ],
          [
            51.824195989489326,
            42.93486182700554
          ],
          [
            51.82427991316856,
            42.934737501561386
          ],
          [
            51.82436383684779,
            42.934613176117224
          ],
          [
            51.824447760527015,
            42.93448885067307
          ],
          [
            51.824531684206256,
            42.934364525228915
          ],
          [
            51.824615607885484,
            42.93424019978476
          ],
          [
            51.82469953156471,
            42.934115874340606
          ],
          [
            51.82478345524395,
            42.93399154889646
          ],
          [
            51.82486737892318,
            42.9338672234523
          ],
          [
            51.824951302602415,
            42.93374289800815
          ],
          [
            51.825035226281635,
            42.93361857256399
          ],
          [
            51.82511914996088,
            42.93349424711983
          ],
          [
            51.82520307364011,
            42.93336992167568
          ],
          [
            51.82528699731933,
            42.93324559623153
          ],
          [
            51.825370920998566,
            42.933121270787375
          ],
          [
            51.8254548446778,
            42.93299694534322
          ],
          [
            51.825538768357035,
            42.932872619899065
          ],
          [
            51.825622692036255,
            42.93274829445491
          ],
          [
            51.8257066157155,
            42.93262396901075
          ],
          [
            51.825790539394724,
            42.932499643566594
          ],
          [
            51.82587446307395,
            42.932375318122446
          ],
          [
            51.825958386753186,
            42.932250992678284
          ],
          [
            51.82604231043242,
            42.93212666723414
          ],
          [
            51.82612623411164,
            42.93200234178998
          ],
          [
            51.82621015779087,
            42.93187801634583
          ],
          [
            51.82629408147012,
            42.93175369090167
          ],
          [
            51.826378005149344,
            42.93162936545751
          ],
          [
            51.82646192882857,
            42.931505040013356
          ],
          [
            51.826545852507806,
            42.9313807145692
          ],
          [
            51.82662977618703,
            42.931256389125046
          ],
          [
            51.82671369986627,
            42.93113206368089
          ],
          [
            51.8267976235455,
            42.93100773823674
          ],
          [
            51.82688154722473,
            42.93088341279259
          ],
          [
            51.82696547090396,
            42.930759087348434
          ],
          [
            51.8270493945832,
            42.93063476190427
          ],
          [
            51.827133318262426,
            42.93051043646012
          ],
          [
            51.82721724194165,
            42.93038611101597
          ],
          [
            51.827301165620895,
            42.93026178557181
          ],
          [
            51.827385089300115,
            42.93013746012766
          ],
          [
            51.82746901297935,
            42.930013134683506
          ],
          [
            51.827552936658584,
            42.929888809239344
          ],
          [
            51.82763686033782,
            42.929764483795196
          ],
          [
            51.827720784017046,
            42.92964015835104
          ],
          [
            51.827804707696274,
            42.92951583290689
          ],
          [
            51.827888631375515,
            42.929391507462725
          ],
          [
            51.827972555054735,
            42.92926718201858
          ],
          [
            51.82805647873397,
            42.92914285657442
          ],
          [
            51.828140402413204,
            42.92901853113027
          ],
          [
            51.82822432609244,
            42.92889420568611
          ],
          [
            51.82830824977166,
            42.92876988024196
          ],
          [
            51.8283921734509,
            42.92864555479781
          ],
          [
            51.82847609713013,
            42.92852122935365
          ],
          [
            51.828560020809356,
            42.92839690390949
          ],
          [
            51.82864394448858,
            42.92827257846534
          ],
          [
            51.828727868167825,
            42.92814825302118
          ],
          [
            51.82881179184706,
            42.92802392757702
          ],
          [
            51.828895715526286,
            42.927899602132875
          ],
          [
            51.828979639205514,
            42.92777527668872
          ],
          [
            51.82906356288474,
            42.92765095124457
          ],
          [
            51.829147486563976,
            42.92752662580041
          ],
          [
            51.82923141024321,
            42.927402300356256
          ],
          [
            51.82931533392244,
            42.9272779749121
          ],
          [
            51.82939925760167,
            42.92715364946795
          ],
          [
            51.82948318128091,
            42.92702932402379
          ],
          [
            51.829567104960134,
            42.92690499857964
          ],
          [
            51.82965102863937,
            42.926780673135475
          ],
          [
            51.82973495231859,
            42.92665634769133
          ],
          [
            51.82981887599783,
            42.92653202224717
          ],
          [
            51.82990279967706,
            42.92640769680301
          ],
          [
            51.82998672335629,
            42.92628337135886
          ],
          [
            51.83007064703552,
            42.92615904591471
          ],
          [
            51.83015457071475,
            42.926034720470554
          ],
          [
            51.83023849439398,
            42.92591039502639
          ],
          [
            51.830322418073216,
            42.925786069582244
          ],
          [
            51.83040634175245,
            42.92566174413808
          ],
          [
            51.83049026543168,
            42.925537418693935
          ],
          [
            51.830574189110905,
            42.92541309324977
          ],
          [
            51.83065811279015,
            42.92528876780562
          ],
          [
            51.83074203646937,
            42.92516444236147
          ],
          [
            51.8308259601486,
            42.92504011691731
          ],
          [
            51.83090988382784,
            42.92491579147316
          ],
          [
            51.83099380750707,
            42.924791466029
          ],
          [
            51.83107773118629,
            42.92466714058485
          ],
          [
            51.831161654865525,
            42.9245428151407
          ],
          [
            51.83124557854477,
            42.92441848969654
          ],
          [
            51.83132950222399,
            42.92429416425239
          ],
          [
            51.831413425903214,
            42.924169838808226
          ],
          [
            51.831497349582456,
            42.92404551336408
          ],
          [
            51.83158127326169,
            42.923921187919916
          ],
          [
            51.831665196940904,
            42.92379686247577
          ],
          [
            51.831749120620145,
            42.923672537031614
          ],
          [
            51.83183304429938,
            42.92354821158746
          ],
          [
            51.83191696797861,
            42.9234238861433
          ],
          [
            51.83200089165785,
            42.92329956069915
          ],
          [
            51.83208481533708,
            42.923175235254995
          ],
          [
            51.8321687390163,
            42.92305090981084
          ],
          [
            51.83225266269553,
            42.92292658436668
          ],
          [
            51.83233658637477,
            42.92280225892253
          ],
          [
            51.83242051005401,
            42.922677933478376
          ],
          [
            51.832504433733234,
            42.92255360803422
          ],
          [
            51.83258835741246,
            42.92242928259007
          ],
          [
            51.832672281091696,
            42.922304957145904
          ],
          [
            51.832756204770924,
            42.92218063170176
          ],
          [
            51.83284012845015,
            42.922056306257595
          ],
          [
            51.832924052129385,
            42.92193198081345
          ],
          [
            51.83300797580862,
            42.92180765536929
          ],
          [
            51.83309189948784,
            42.92168332992514
          ],
          [
            51.83317582316708,
            42.92155900448098
          ],
          [
            51.833259746846316,
            42.92143467903682
          ],
          [
            51.83334367052554,
            42.92131035359267
          ],
          [
            51.83342759420477,
            42.92118602814851
          ],
          [
            51.833511517884006,
            42.921061702704364
          ],
          [
            51.83359544156324,
            42.9209373772602
          ],
          [
            51.83367936524247,
            42.92081305181605
          ],
          [
            51.833763288921695,
            42.92068872637189
          ],
          [
            51.83384721260093,
            42.920564400927745
          ],
          [
            51.833931136280164,
            42.92044007548358
          ],
          [
            51.8340150599594,
            42.92031575003943
          ],
          [
            51.83409898363862,
            42.92019142459528
          ],
          [
            51.83418290731785,
            42.920067099151126
          ],
          [
            51.834266830997095,
            42.919942773706964
          ],
          [
            51.83435075467632,
            42.919818448262816
          ],
          [
            51.83443467835555,
            42.91969412281867
          ],
          [
            51.83451860203479,
            42.9195697973745
          ],
          [
            51.83460252571401,
            42.919445471930345
          ],
          [
            51.834686449393246,
            42.9193211464862
          ],
          [
            51.83477030835116,
            42.91919675405173
          ],
          [
            51.83485241605173,
            42.91907054896464
          ],
          [
            51.83493340460515,
            42.918943185495536
          ],
          [
            51.83501386241788,
            42.91881527267912
          ],
          [
            51.83509433419264,
            42.9186873743142
          ],
          [
            51.835175320928364,
            42.918560008963674
          ],
          [
            51.835257279920285,
            42.91843364995454
          ],
          [
            51.83534062475988,
            42.918308725377884
          ],
          [
            51.835425725334865,
            42.91818561808889
          ],
          [
            51.835512907829205,
            42.91806466570684
          ],
          [
            51.83560245472315,
            42.9179461606151
          ],
          [
            51.83569460479317,
            42.91783034996116
          ],
          [
            51.835789553112,
            42.917717435656556
          ],
          [
            51.83588745104865,
            42.91760757437697
          ],
          [
            51.83598840626834,
            42.91750087756215
          ],
          [
            51.836092482732596,
            42.91739741141595
          ],
          [
            51.836199700699154,
            42.917297196906304
          ],
          [
            51.836310036722004,
            42.917200209765255
          ],
          [
            51.83642342365144,
            42.917106380488946
          ],
          [
            51.83653975063394,
            42.917015594337606
          ],
          [
            51.836658863112305,
            42.91692769133556
          ],
          [
            51.836780562825524,
            42.916842466271206
          ],
          [
            51.8369046078089,
            42.916759668697104
          ],
          [
            51.837030712393926,
            42.91667900292982
          ],
          [
            51.837158547208425,
            42.916600128050085
          ],
          [
            51.83728773917639,
            42.91652265790269
          ],
          [
            51.83741787151814,
            42.91644616109654
          ],
          [
            51.837548483750204,
            42.91637016100462
          ],
          [
            51.83767907168538,
            42.916294135764005
          ],
          [
            51.8378090874327,
            42.91621751827589
          ],
          [
            51.83793793939751,
            42.91613969620555
          ],
          [
            51.83806508171152,
            42.91606010454778
          ],
          [
            51.83819222402553,
            42.91598051289001
          ],
          [
            51.83831936633956,
            42.91590092123223
          ],
          [
            51.83844650865356,
            42.915821329574456
          ],
          [
            51.83857365096758,
            42.91574173791668
          ],
          [
            51.838700793281596,
            42.9156621462589
          ],
          [
            51.83882790202559,
            42.91558247304315
          ],
          [
            51.83895423494658,
            42.91550091497392
          ],
          [
            51.83908007257925,
            42.91541815360716
          ],
          [
            51.83920567605405,
            42.91533482335642
          ],
          [
            51.83933128709716,
            42.91525151149282
          ],
          [
            51.83945712803057,
            42.91516875814516
          ],
          [
            51.839583401771954,
            42.915087056299726
          ],
          [
            51.839710291834805,
            42.915006851800534
          ],
          [
            51.839837962328346,
            42.914928543349106
          ],
          [
            51.839966557957545,
            42.914852482504614
          ],
          [
            51.84009620402315,
            42.91477897368383
          ],
          [
            51.84022700642166,
            42.91470827416109
          ],
          [
            51.84035905164531,
            42.91464059406841
          ],
          [
            51.84049240678211,
            42.91457609639532
          ],
          [
            51.84062711951583,
            42.914514896989026
          ],
          [
            51.84076321812597,
            42.9144570645543
          ],
          [
            51.84090071148782,
            42.91440262065351
          ],
          [
            51.84103958907241,
            42.914351539706644
          ],
          [
            51.84117982094652,
            42.9143037489913
          ],
          [
            51.84132135777269,
            42.91425912864265
          ],
          [
            51.84146413080923,
            42.914217511653504
          ],
          [
            51.841608051910185,
            42.91417868387424
          ],
          [
            51.841753013525384,
            42.91414238401288
          ],
          [
            51.84189888870037,
            42.914108303635004
          ],
          [
            51.84204553107648,
            42.914076087163835
          ],
          [
            51.8421927748908,
            42.91404533188017
          ],
          [
            51.84234043497616,
            42.91401558792241
          ],
          [
            51.84248830676113,
            42.91398635828658
          ],
          [
            51.842636166270104,
            42.913957098826295
          ],
          [
            51.842783770123155,
            42.91392721825277
          ],
          [
            51.84293085553615,
            42.91389607813484
          ],
          [
            51.843077186706864,
            42.91386310559356
          ],
          [
            51.84322351787757,
            42.913830133052286
          ],
          [
            51.84336984904829,
            42.91379716051102
          ],
          [
            51.843516180219,
            42.91376418796974
          ],
          [
            51.8436625113897,
            42.913731215428456
          ],
          [
            51.843808842560406,
            42.91369824288718
          ],
          [
            51.843955173731125,
            42.91366527034591
          ],
          [
            51.844101504901836,
            42.913632297804625
          ],
          [
            51.844247836072554,
            42.913599325263355
          ],
          [
            51.84439416724326,
            42.91356635272208
          ],
          [
            51.84454049841397,
            42.91353338018081
          ],
          [
            51.84468682958469,
            42.913500407639525
          ],
          [
            51.8448331607554,
            42.91346743509825
          ],
          [
            51.844979491926104,
            42.91343446255698
          ],
          [
            51.84512582309681,
            42.9134014900157
          ],
          [
            51.845272154267526,
            42.913368517474424
          ],
          [
            51.845418485438245,
            42.91333554493315
          ],
          [
            51.84556481660894,
            42.91330257239188
          ],
          [
            51.84571114777966,
            42.913269599850594
          ],
          [
            51.84585747895037,
            42.913236627309324
          ],
          [
            51.84600381012109,
            42.91320365476804
          ],
          [
            51.846150141291794,
            42.91317068222678
          ],
          [
            51.84629647246251,
            42.91313770968549
          ],
          [
            51.846442803633224,
            42.91310473714422
          ],
          [
            51.846589134803935,
            42.91307176460293
          ],
          [
            51.84673546597464,
            42.91303879206166
          ],
          [
            51.84688179714534,
            42.913005819520386
          ],
          [
            51.84702812831607,
            42.912972846979116
          ],
          [
            51.84717445948677,
            42.91293987443784
          ],
          [
            51.84732079065749,
            42.912906901896555
          ],
          [
            51.847467121828196,
            42.91287392935529
          ],
          [
            51.84761345299891,
            42.91284095681401
          ],
          [
            51.847759784169625,
            42.91280798427273
          ],
          [
            51.84790611534034,
            42.912775011731455
          ],
          [
            51.84805244651104,
            42.912742039190185
          ],
          [
            51.848198777681766,
            42.9127090666489
          ],
          [
            51.84834510885248,
            42.91267609410763
          ],
          [
            51.84849144002318,
            42.912643121566354
          ],
          [
            51.8486377711939,
            42.912610149025085
          ],
          [
            51.84878410236461,
            42.9125771764838
          ],
          [
            51.84893043353532,
            42.912544203942524
          ],
          [
            51.84907676470604,
            42.912511231401254
          ],
          [
            51.84922309587674,
            42.91247825885997
          ],
          [
            51.84936942704744,
            42.91244528631869
          ],
          [
            51.84951575821816,
            42.91241231377742
          ],
          [
            51.84966208938888,
            42.91237934123615
          ],
          [
            51.84980842055958,
            42.91234636869486
          ],
          [
            51.849954751730294,
            42.9123133961536
          ],
          [
            51.850101082901006,
            42.912280423612316
          ],
          [
            51.85024741407171,
            42.91224745107104
          ],
          [
            51.85039374524243,
            42.91221447852977
          ],
          [
            51.85054007641314,
            42.91218150598849
          ],
          [
            51.85068640758386,
            42.91214853344721
          ],
          [
            51.85083273875456,
            42.91211556090594
          ],
          [
            51.85097906992528,
            42.91208258836466
          ],
          [
            51.85112540109599,
            42.91204961582338
          ],
          [
            51.85127173226671,
            42.91201664328211
          ],
          [
            51.851418063437414,
            42.911983670740824
          ],
          [
            51.851564394608125,
            42.911950698199554
          ],
          [
            51.851710725778844,
            42.911917725658284
          ],
          [
            51.85185705694955,
            42.911884753117
          ],
          [
            51.852003388120266,
            42.91185178057573
          ],
          [
            51.85214971929098,
            42.911818808034454
          ],
          [
            51.85229605046168,
            42.911785835493184
          ],
          [
            51.85244238163239,
            42.91175286295191
          ],
          [
            51.85258871280311,
            42.91171989041063
          ],
          [
            51.852735043973816,
            42.91168691786935
          ],
          [
            51.85288137514453,
            42.91165394532808
          ],
          [
            51.853027706315245,
            42.91162097278679
          ],
          [
            51.85317403748595,
            42.911588000245516
          ],
          [
            51.853320368656654,
            42.911555027704246
          ],
          [
            51.85346669982738,
            42.91152205516297
          ],
          [
            51.85361303099809,
            42.91148908262169
          ],
          [
            51.8537593621688,
            42.911456110080415
          ],
          [
            51.85390569333951,
            42.91142313753914
          ],
          [
            51.85405202451022,
            42.91139016499787
          ],
          [
            51.85419835568093,
            42.91135719245659
          ],
          [
            51.85434468685165,
            42.911324219915315
          ],
          [
            51.85449101802235,
            42.911291247374045
          ],
          [
            51.85463734919307,
            42.91125827483277
          ],
          [
            51.854783680363774,
            42.911225302291484
          ],
          [
            51.854930011534485,
            42.911192329750214
          ],
          [
            51.855076342705196,
            42.91115935720894
          ],
          [
            51.85522267387591,
            42.911126384667654
          ],
          [
            51.855369005046626,
            42.911093412126384
          ],
          [
            51.85551533621734,
            42.9110604395851
          ],
          [
            51.85566166738805,
            42.91102746704384
          ],
          [
            51.85580799855875,
            42.91099449450255
          ],
          [
            51.855954329729464,
            42.910961521961276
          ],
          [
            51.85610066090018,
            42.91092854942001
          ],
          [
            51.85624699207089,
            42.91089557687872
          ],
          [
            51.856393323241605,
            42.91086260433745
          ],
          [
            51.856539654412316,
            42.910829631796176
          ],
          [
            51.85668598558303,
            42.910796659254906
          ],
          [
            51.85683231675374,
            42.91076368671362
          ],
          [
            51.85697864792446,
            42.91073071417235
          ],
          [
            51.85712497909517,
            42.910697741631076
          ],
          [
            51.85727131026587,
            42.91066476908979
          ],
          [
            51.85741764143659,
            42.910631796548515
          ],
          [
            51.857563972607295,
            42.91059882400724
          ],
          [
            51.857710303778,
            42.91056585146596
          ],
          [
            51.857856634948725,
            42.91053287892469
          ],
          [
            51.85800296611943,
            42.91049990638341
          ],
          [
            51.85814929729014,
            42.910466933842144
          ],
          [
            51.85829562846086,
            42.91043396130086
          ],
          [
            51.85844195963157,
            42.91040098875959
          ],
          [
            51.858588290802274,
            42.91036801621832
          ],
          [
            51.858734621972985,
            42.91033504367704
          ],
          [
            51.858880953143704,
            42.91030207113576
          ],
          [
            51.85902728431441,
            42.91026909859449
          ],
          [
            51.859173615485126,
            42.91023612605321
          ],
          [
            51.85931994665584,
            42.91020315351193
          ],
          [
            51.85946627782655,
            42.91017018097066
          ],
          [
            51.85961260899727,
            42.910137208429376
          ],
          [
            51.85975894016797,
            42.9101042358881
          ],
          [
            51.859905271338675,
            42.91007126334683
          ],
          [
            51.8600516025094,
            42.910038290805545
          ],
          [
            51.86019793368011,
            42.91000531826427
          ],
          [
            51.860344264850816,
            42.909972345723
          ],
          [
            51.86049059602153,
            42.90993937318172
          ],
          [
            51.86063692719224,
            42.90990640064045
          ],
          [
            51.86078325836295,
            42.909873428099175
          ],
          [
            51.86092958953366,
            42.9098404555579
          ],
          [
            51.86107592070437,
            42.90980748301663
          ],
          [
            51.861222251875084,
            42.909774510475344
          ],
          [
            51.8613685830458,
            42.909741537934075
          ],
          [
            51.8615149142165,
            42.9097085653928
          ],
          [
            51.86166124538721,
            42.909675592851514
          ],
          [
            51.861807576557936,
            42.90964262031024
          ],
          [
            51.86195390772864,
            42.90960964776897
          ],
          [
            51.862100238899345,
            42.90957667522768
          ],
          [
            51.86224657007006,
            42.909543702686406
          ],
          [
            51.862392901240774,
            42.909510730145136
          ],
          [
            51.862539232411486,
            42.90947775760386
          ],
          [
            51.8626855635822,
            42.90944478506258
          ],
          [
            51.86283189475291,
            42.909411812521306
          ],
          [
            51.86297822592361,
            42.909378839980036
          ],
          [
            51.86312455709434,
            42.90934586743876
          ],
          [
            51.863270888265035,
            42.90931289489749
          ],
          [
            51.86341721943575,
            42.909279922356205
          ],
          [
            51.86356355060647,
            42.909246949814936
          ],
          [
            51.863709881777176,
            42.90921397727366
          ],
          [
            51.86385621294789,
            42.909181004732375
          ],
          [
            51.864002544118605,
            42.909148032191105
          ],
          [
            51.86414887528931,
            42.90911505964983
          ],
          [
            51.86429520646003,
            42.90908208710855
          ],
          [
            51.86444153763074,
            42.909049114567274
          ],
          [
            51.86458786880145,
            42.90901614202599
          ],
          [
            51.86473419997216,
            42.90898316948471
          ],
          [
            51.86488053114287,
            42.908950196943444
          ],
          [
            51.86502686231359,
            42.90891722440217
          ],
          [
            51.865173193484296,
            42.9088842518609
          ],
          [
            51.86531952465501,
            42.90885127931962
          ],
          [
            51.86546585582572,
            42.90881830677834
          ],
          [
            51.86561218699643,
            42.908785334237066
          ],
          [
            51.86575851816714,
            42.90875236169579
          ],
          [
            51.86590484933785,
            42.90871938915451
          ],
          [
            51.86605118050856,
            42.90868641661324
          ],
          [
            51.866197511679275,
            42.908653444071966
          ],
          [
            51.866343842849986,
            42.90862047153068
          ],
          [
            51.86649017402069,
            42.90858749898942
          ],
          [
            51.866636505191416,
            42.908554526448135
          ],
          [
            51.86678283636213,
            42.90852155390686
          ],
          [
            51.86692916753283,
            42.90848858136558
          ],
          [
            51.86707549870355,
            42.908455608824305
          ],
          [
            51.86722182987426,
            42.90842263628302
          ],
          [
            51.867368161044965,
            42.90838966374176
          ],
          [
            51.867514492215676,
            42.90835669120048
          ],
          [
            51.867660823386394,
            42.908323718659204
          ],
          [
            51.867807154557106,
            42.90829074611793
          ],
          [
            51.86795348572782,
            42.90825777357665
          ],
          [
            51.86809981689852,
            42.90822480103538
          ],
          [
            51.86824614806923,
            42.908191828494104
          ],
          [
            51.86839247923996,
            42.90815885595282
          ],
          [
            51.86853881041067,
            42.90812588341155
          ],
          [
            51.868685141581366,
            42.90809291087027
          ],
          [
            51.86883147275209,
            42.90805993832899
          ],
          [
            51.868977803922796,
            42.90802696578772
          ],
          [
            51.869124135093514,
            42.907993993246436
          ],
          [
            51.86927046626422,
            42.907961020705166
          ],
          [
            51.86941679743493,
            42.90792804816389
          ],
          [
            51.86956312860565,
            42.90789507562262
          ],
          [
            51.86970945977636,
            42.90786210308134
          ],
          [
            51.869855790947064,
            42.907829130540065
          ],
          [
            51.87000212211778,
            42.90779615799879
          ],
          [
            51.87014845328849,
            42.90776318545752
          ],
          [
            51.8702947844592,
            42.90773021291624
          ],
          [
            51.8704411156299,
            42.90769724037496
          ],
          [
            51.87058744680063,
            42.907664267833695
          ],
          [
            51.87073377797133,
            42.90763129529241
          ],
          [
            51.870880109142036,
            42.90759832275113
          ],
          [
            51.871026440312754,
            42.90756535020986
          ],
          [
            51.871172771483465,
            42.90753237766858
          ],
          [
            51.87131910265418,
            42.9074994051273
          ],
          [
            51.871465433824895,
            42.90746643258603
          ],
          [
            51.8716117649956,
            42.90743346004475
          ],
          [
            51.8717580961663,
            42.907400487503466
          ],
          [
            51.87190442733702,
            42.907367514962196
          ],
          [
            51.87205075850773,
            42.90733454242092
          ],
          [
            51.87219708967844,
            42.90730156987965
          ],
          [
            51.87234342084916,
            42.90726859733838
          ],
          [
            51.872489752019874,
            42.9072356247971
          ],
          [
            51.87263608319058,
            42.907202652255826
          ],
          [
            51.872782414361296,
            42.90716967971455
          ],
          [
            51.872928745532,
            42.907136707173265
          ],
          [
            51.87307507670272,
            42.907103734631995
          ],
          [
            51.87322140787344,
            42.90707076209071
          ],
          [
            51.873367739044134,
            42.907037789549435
          ],
          [
            51.87351407021485,
            42.907004817008165
          ],
          [
            51.873660401385564,
            42.90697184446689
          ],
          [
            51.87380673255628,
            42.906938871925604
          ],
          [
            51.87395306372699,
            42.906905899384334
          ],
          [
            51.8740993948977,
            42.906872926843064
          ],
          [
            51.874245726068416,
            42.90683995430179
          ],
          [
            51.874392057239135,
            42.90680698176051
          ],
          [
            51.87453838840983,
            42.906774009219234
          ],
          [
            51.87468471958054,
            42.906741036677964
          ],
          [
            51.874831050751254,
            42.90670806413669
          ],
          [
            51.87497738192197,
            42.90667509159541
          ],
          [
            51.87512371309268,
            42.90664211905413
          ],
          [
            51.87527004426339,
            42.90660914651285
          ],
          [
            51.875416375434106,
            42.90657617397157
          ],
          [
            51.87556270660481,
            42.9065432014303
          ],
          [
            51.87570903777552,
            42.906510228889026
          ],
          [
            51.87585536894624,
            42.90647725634774
          ],
          [
            51.87600170011695,
            42.90644428380647
          ],
          [
            51.87614803128767,
            42.906411311265195
          ],
          [
            51.87629436245838,
            42.906378338723925
          ],
          [
            51.876440693629085,
            42.90634536618264
          ],
          [
            51.8765870247998,
            42.906312393641365
          ],
          [
            51.87673335597051,
            42.906279421100095
          ],
          [
            51.87687968714122,
            42.90624644855882
          ],
          [
            51.87702601831194,
            42.90621347601754
          ],
          [
            51.87717234948264,
            42.90618050347627
          ],
          [
            51.87731868065335,
            42.906147530934994
          ],
          [
            51.877465011824064,
            42.90611455839371
          ],
          [
            51.877611342994776,
            42.90608158585244
          ],
          [
            51.87775767416549,
            42.906048613311164
          ],
          [
            51.877904005336205,
            42.90601564076988
          ],
          [
            51.87805033650692,
            42.90598266822861
          ],
          [
            51.87819666767762,
            42.90594969568733
          ],
          [
            51.87834299884834,
            42.90591672314605
          ],
          [
            51.87848933001905,
            42.90588375060478
          ],
          [
            51.878635661189755,
            42.90585077806351
          ],
          [
            51.87878199236047,
            42.90581780552223
          ],
          [
            51.87892832353118,
            42.905784832980956
          ],
          [
            51.87907465470189,
            42.90575186043968
          ],
          [
            51.8792209858726,
            42.90571888789841
          ],
          [
            51.87936731704331,
            42.905685915357125
          ],
          [
            51.87951364821402,
            42.90565294281585
          ],
          [
            51.87965997938474,
            42.90561997027458
          ],
          [
            51.879806310555445,
            42.9055869977333
          ],
          [
            51.87995264172615,
            42.90555402519202
          ],
          [
            51.880098972896874,
            42.90552105265075
          ],
          [
            51.880245304067586,
            42.905488080109464
          ],
          [
            51.88039163523829,
            42.905455107568194
          ],
          [
            51.880537966408994,
            42.90542213502692
          ],
          [
            51.88068429757972,
            42.90538916248565
          ],
          [
            51.880830628750424,
            42.90535618994437
          ],
          [
            51.88097695992115,
            42.905323217403094
          ],
          [
            51.881123291091846,
            42.90529024486182
          ],
          [
            51.88126962226256,
            42.90525727232054
          ],
          [
            51.881415953433276,
            42.90522429977926
          ],
          [
            51.88156228460399,
            42.905191327237986
          ],
          [
            51.88170861577469,
            42.90515835469672
          ],
          [
            51.88185494694542,
            42.90512538215544
          ],
          [
            51.88200127811612,
            42.905092409614156
          ],
          [
            51.882147609286825,
            42.905059437072886
          ],
          [
            51.882293940457544,
            42.9050264645316
          ],
          [
            51.88244027162826,
            42.904993491990325
          ],
          [
            51.882586602798966,
            42.904960519449055
          ],
          [
            51.882732933969685,
            42.90492754690778
          ],
          [
            51.88287926514039,
            42.90489457436651
          ],
          [
            51.88302559631109,
            42.90486160182523
          ],
          [
            51.88317192748181,
            42.904828629283955
          ],
          [
            51.88331825865252,
            42.90479565674268
          ],
          [
            51.88346458982323,
            42.9047626842014
          ],
          [
            51.88361092099395,
            42.904729711660124
          ],
          [
            51.883757252164656,
            42.904696739118855
          ],
          [
            51.883903583335375,
            42.90466376657758
          ],
          [
            51.884049914506086,
            42.904630794036294
          ],
          [
            51.88419624567679,
            42.90459782149503
          ],
          [
            51.8843425768475,
            42.90456484895375
          ],
          [
            51.88448890801822,
            42.90453187641247
          ],
          [
            51.88463523918893,
            42.90449890387119
          ],
          [
            51.884781570359635,
            42.904465931329916
          ],
          [
            51.884927901530354,
            42.90443295878863
          ],
          [
            51.885074232701065,
            42.90439998624736
          ],
          [
            51.885220563871776,
            42.904367013706086
          ],
          [
            51.885366895042495,
            42.904334041164816
          ],
          [
            51.8855132262132,
            42.90430106862354
          ],
          [
            51.88565955738391,
            42.90426809608226
          ],
          [
            51.88580588855463,
            42.904235123540985
          ],
          [
            51.88595221972533,
            42.904202150999716
          ],
          [
            51.886098550896044,
            42.90416917845844
          ],
          [
            51.88624488206676,
            42.90413620591716
          ],
          [
            51.88639121323746,
            42.904103233375885
          ],
          [
            51.88653754440818,
            42.90407026083461
          ],
          [
            51.886683875578896,
            42.90403728829333
          ],
          [
            51.8868302067496,
            42.904004315752054
          ],
          [
            51.886976537920305,
            42.90397134321077
          ],
          [
            51.88712286909102,
            42.90393837066951
          ],
          [
            51.887269200261734,
            42.90390539812823
          ],
          [
            51.887415531432445,
            42.903872425586954
          ],
          [
            51.887561862603164,
            42.90383945304567
          ],
          [
            51.88770819377387,
            42.90380648050439
          ],
          [
            51.88785452494458,
            42.90377350796312
          ],
          [
            51.8880008561153,
            42.903740535421846
          ],
          [
            51.888147187286,
            42.90370756288057
          ],
          [
            51.88829351845671,
            42.90367459033929
          ],
          [
            51.88843984962743,
            42.90364161779802
          ],
          [
            51.88858618079813,
            42.90360864525674
          ],
          [
            51.88873251196884,
            42.90357567271547
          ],
          [
            51.88887884313956,
            42.90354270017419
          ],
          [
            51.88902517431027,
            42.903509727632915
          ],
          [
            51.88917150548099,
            42.90347675509164
          ],
          [
            51.88931783665169,
            42.90344378255036
          ],
          [
            51.88946416782241,
            42.903410810009085
          ],
          [
            51.889610498993115,
            42.90337783746781
          ],
          [
            51.88975683016383,
            42.90334486492653
          ],
          [
            51.889903161334544,
            42.90331189238526
          ],
          [
            51.89004949250525,
            42.903278919843984
          ],
          [
            51.89019582367597,
            42.9032459473027
          ],
          [
            51.89034215484668,
            42.90321297476144
          ],
          [
            51.89048848601739,
            42.90318000222016
          ],
          [
            51.8906348171881,
            42.903147029678884
          ],
          [
            51.89078114835882,
            42.90311405713761
          ],
          [
            51.89092747952952,
            42.90308108459633
          ],
          [
            51.89107381070024,
            42.903048112055046
          ],
          [
            51.891220141870946,
            42.903015139513776
          ],
          [
            51.89136647304165,
            42.9029821669725
          ],
          [
            51.891512804212375,
            42.902949194431216
          ],
          [
            51.89165913538307,
            42.902916221889946
          ],
          [
            51.89180546655379,
            42.90288324934867
          ],
          [
            51.89195179772451,
            42.9028502768074
          ],
          [
            51.89209812889522,
            42.90281730426612
          ],
          [
            51.89224446006592,
            42.902784331724845
          ],
          [
            51.892390791236636,
            42.90275135918357
          ],
          [
            51.89253712240735,
            42.9027183866423
          ],
          [
            51.892683453578066,
            42.90268541410102
          ],
          [
            51.89282978474878,
            42.902652441559745
          ],
          [
            51.89297611591949,
            42.90261946901847
          ],
          [
            51.89312244709021,
            42.902586496477184
          ],
          [
            51.89326877826091,
            42.902553523935914
          ],
          [
            51.89341510943163,
            42.90252055139464
          ],
          [
            51.893561440602326,
            42.90248757885336
          ],
          [
            51.893707771773045,
            42.90245460631208
          ],
          [
            51.893854102943756,
            42.90242163377081
          ],
          [
            51.894000434114474,
            42.90238866122954
          ],
          [
            51.89414676528518,
            42.90235568868826
          ],
          [
            51.89429309645589,
            42.902322716146976
          ],
          [
            51.89443942762661,
            42.90228974360571
          ],
          [
            51.89458575879731,
            42.90225677106444
          ],
          [
            51.894732089968024,
            42.90222379852315
          ],
          [
            51.89487842113874,
            42.90219082598188
          ],
          [
            51.89502475230945,
            42.902157853440606
          ],
          [
            51.89517108348015,
            42.90212488089933
          ],
          [
            51.895317414650876,
            42.90209190835805
          ],
          [
            51.89546374582159,
            42.902058935816775
          ],
          [
            51.89561007699229,
            42.90202596327549
          ],
          [
            51.89575640816301,
            42.90199299073422
          ],
          [
            51.895902739333714,
            42.901960018192945
          ],
          [
            51.896049070504425,
            42.90192704565166
          ],
          [
            51.896195401675136,
            42.90189407311039
          ],
          [
            51.89634173284585,
            42.901861100569114
          ],
          [
            51.89648806401656,
            42.901828128027844
          ],
          [
            51.89663439518727,
            42.90179515548657
          ],
          [
            51.89678072635799,
            42.90176218294529
          ],
          [
            51.896927057528686,
            42.901729210404014
          ],
          [
            51.8970733886994,
            42.901696237862744
          ],
          [
            51.897219719870115,
            42.90166326532146
          ],
          [
            51.89736605104083,
            42.90163029278019
          ],
          [
            51.89751238221154,
            42.90159732023891
          ],
          [
            51.897658713382256,
            42.90156434769764
          ],
          [
            51.89780504455296,
            42.90153137515635
          ],
          [
            51.89795137572368,
            42.90149840261508
          ],
          [
            51.89809770689439,
            42.9014654300738
          ],
          [
            51.898244038065094,
            42.90143245753253
          ],
          [
            51.89839036923581,
            42.90139948499125
          ],
          [
            51.89853670040653,
            42.90136651244998
          ],
          [
            51.898683031577235,
            42.901333539908705
          ],
          [
            51.89882936274795,
            42.90130056736742
          ],
          [
            51.89897569391866,
            42.90126759482615
          ],
          [
            51.89912202508937,
            42.90123462228488
          ],
          [
            51.89926835626008,
            42.901201649743605
          ],
          [
            51.89941468743079,
            42.90116867720233
          ],
          [
            51.8995610186015,
            42.90113570466105
          ],
          [
            51.899707349772214,
            42.90110273211977
          ],
          [
            51.89985368094293,
            42.9010697595785
          ],
          [
            51.90000001211363,
            42.90103678703722
          ],
          [
            51.90014634328435,
            42.901003814495944
          ],
          [
            51.90029267445506,
            42.90097084195467
          ],
          [
            51.90043900562577,
            42.90093786941339
          ],
          [
            51.90058533679648,
            42.90090489687211
          ],
          [
            51.90073166796719,
            42.900871924330836
          ],
          [
            51.900877999137904,
            42.90083895178956
          ],
          [
            51.90102433030863,
            42.90080597924829
          ],
          [
            51.901170661479334,
            42.90077300670701
          ],
          [
            51.901316992650045,
            42.900740034165736
          ],
          [
            51.901463323820764,
            42.90070706162446
          ],
          [
            51.90160965499147,
            42.90067408908318
          ],
          [
            51.90175598616217,
            42.900641116541905
          ],
          [
            51.90190231733289,
            42.90060814400063
          ],
          [
            51.9020486485036,
            42.90057517145936
          ],
          [
            51.90219497967432,
            42.900542198918075
          ],
          [
            51.902341310845024,
            42.90050922637681
          ],
          [
            51.90248764201574,
            42.90047625383553
          ],
          [
            51.90263397318645,
            42.900443281294244
          ],
          [
            51.90278030435716,
            42.90041030875298
          ],
          [
            51.90292663552787,
            42.9003773362117
          ],
          [
            51.90307296669857,
            42.90034436367043
          ],
          [
            51.9032192978693,
            42.90031139112915
          ],
          [
            51.90336562904001,
            42.90027841858787
          ],
          [
            51.903511960210714,
            42.9002454460466
          ],
          [
            51.90365829138142,
            42.90021247350532
          ],
          [
            51.90380462255214,
            42.90017950096404
          ],
          [
            51.90395095372285,
            42.90014652842277
          ],
          [
            51.90409728489357,
            42.9001135558815
          ],
          [
            51.90424361606427,
            42.90008058334022
          ],
          [
            51.90438994723498,
            42.90004761079894
          ],
          [
            51.9045362784057,
            42.90001463825766
          ],
          [
            51.904682609576405,
            42.89998166571639
          ],
          [
            51.904828940747116,
            42.89994869317511
          ],
          [
            51.904975271917834,
            42.899915720633835
          ],
          [
            51.905121603088546,
            42.89988274809256
          ],
          [
            51.90526793425924,
            42.89984977555129
          ],
          [
            51.90541426542997,
            42.899816803010005
          ],
          [
            51.90556059660067,
            42.899783830468735
          ],
          [
            51.905706927771384,
            42.89975085792746
          ],
          [
            51.90585325894209,
            42.89971788538618
          ],
          [
            51.90599959011281,
            42.89968491284491
          ],
          [
            51.906145921283525,
            42.899651940303634
          ],
          [
            51.906292252454236,
            42.89961896776235
          ],
          [
            51.906438583624954,
            42.89958599522108
          ],
          [
            51.90658491479565,
            42.899553022679804
          ],
          [
            51.90673124596638,
            42.89952005013852
          ],
          [
            51.90687757713709,
            42.89948707759726
          ],
          [
            51.90702390830779,
            42.89945410505597
          ],
          [
            51.90717023947851,
            42.899421132514696
          ],
          [
            51.907316570649215,
            42.89938815997342
          ],
          [
            51.907462901819926,
            42.89935518743214
          ],
          [
            51.90760923299065,
            42.89932221489087
          ],
          [
            51.90775556416135,
            42.899289242349596
          ],
          [
            51.90790189533206,
            42.89925626980832
          ],
          [
            51.90804822650277,
            42.89922329726704
          ],
          [
            51.908194557673475,
            42.89919032472577
          ],
          [
            51.90834088884419,
            42.89915735218449
          ],
          [
            51.908487220014905,
            42.89912437964322
          ],
          [
            51.908633551185616,
            42.89909140710194
          ],
          [
            51.90877988235633,
            42.899058434560665
          ],
          [
            51.90892621352704,
            42.89902546201939
          ],
          [
            51.90907254469776,
            42.89899248947811
          ],
          [
            51.90921887586847,
            42.89895951693683
          ],
          [
            51.90936520703918,
            42.89892654439556
          ],
          [
            51.909511538209884,
            42.89889357185428
          ],
          [
            51.9096578693806,
            42.898860599313
          ],
          [
            51.909804200551314,
            42.89882762677173
          ],
          [
            51.909950531722025,
            42.89879465423046
          ],
          [
            51.910096862892736,
            42.89876168168918
          ],
          [
            51.91024319406345,
            42.8987287091479
          ],
          [
            51.91038952523416,
            42.898695736606626
          ],
          [
            51.91053585640486,
            42.89866276406536
          ],
          [
            51.91068218757559,
            42.89862979152408
          ],
          [
            51.91082851874629,
            42.8985968189828
          ],
          [
            51.910974849917004,
            42.898563846441526
          ],
          [
            51.91112118108772,
            42.89853087390025
          ],
          [
            51.911267512258426,
            42.89849790135897
          ],
          [
            51.91141384342914,
            42.898464928817695
          ],
          [
            51.911560174599856,
            42.89843195627642
          ],
          [
            51.91170650577056,
            42.89839898373514
          ],
          [
            51.91185283694127,
            42.89836601119387
          ],
          [
            51.91199916811199,
            42.89833303865259
          ],
          [
            51.9121454992827,
            42.89830006611132
          ],
          [
            51.9122918304534,
            42.89826709357004
          ],
          [
            51.912438161624124,
            42.898234121028764
          ],
          [
            51.91258449279483,
            42.89820114848749
          ],
          [
            51.91273082396554,
            42.89816817594622
          ],
          [
            51.91287715513626,
            42.898135203404934
          ],
          [
            51.91302348630696,
            42.898102230863664
          ],
          [
            51.91316981747767,
            42.89806925832239
          ],
          [
            51.91331614864839,
            42.8980362857811
          ],
          [
            51.913462479819096,
            42.89800331323983
          ],
          [
            51.9136088109898,
            42.897970340698556
          ],
          [
            51.913755142160525,
            42.89793736815728
          ],
          [
            51.91390147333123,
            42.89790439561601
          ],
          [
            51.914047804501934,
            42.89787142307473
          ],
          [
            51.91419413567265,
            42.89783845053344
          ],
          [
            51.91434046684336,
            42.89780547799217
          ],
          [
            51.914486798014075,
            42.8977725054509
          ],
          [
            51.91463312918479,
            42.897739532909625
          ],
          [
            51.91477946035549,
            42.897706560368356
          ],
          [
            51.91492579152621,
            42.89767358782708
          ],
          [
            51.91507212269693,
            42.89764061528581
          ],
          [
            51.915218453867645,
            42.897607642744525
          ],
          [
            51.91536478503834,
            42.89757467020324
          ],
          [
            51.91551111620906,
            42.89754169766197
          ],
          [
            51.91565744737977,
            42.897508725120694
          ],
          [
            51.91580377855048,
            42.89747575257941
          ],
          [
            51.915950109721194,
            42.89744278003815
          ],
          [
            51.916096440891906,
            42.897409807496864
          ],
          [
            51.91624277206262,
            42.89737683495558
          ],
          [
            51.916389103233335,
            42.89734386241431
          ],
          [
            51.91653543440404,
            42.89731088987303
          ],
          [
            51.916681765574744,
            42.897277917331756
          ],
          [
            51.91682809674546,
            42.897244944790486
          ],
          [
            51.91697442791617,
            42.89721197224922
          ],
          [
            51.91712075908688,
            42.89717899970793
          ],
          [
            51.9172670902576,
            42.89714602716666
          ],
          [
            51.91741342142831,
            42.89711305462538
          ],
          [
            51.91755975259902,
            42.89708008208411
          ],
          [
            51.91770608376974,
            42.89704710954283
          ],
          [
            51.91785241494044,
            42.89701413700155
          ],
          [
            51.91799874611116,
            42.89698116446028
          ],
          [
            51.91814507728187,
            42.896948191918995
          ],
          [
            51.91829140845258,
            42.89691521937772
          ],
          [
            51.918437739623286,
            42.89688224683645
          ],
          [
            51.918584070794005,
            42.89684927429517
          ],
          [
            51.918730401964716,
            42.89681630175389
          ],
          [
            51.91887673313542,
            42.896783329212624
          ],
          [
            51.91902306430614,
            42.89675035667135
          ],
          [
            51.91916939547685,
            42.89671738413007
          ],
          [
            51.91931572664757,
            42.8966844115888
          ],
          [
            51.919462057818265,
            42.89665143904752
          ],
          [
            51.91960838898898,
            42.896618466506254
          ],
          [
            51.9197547201597,
            42.89658549396497
          ],
          [
            51.91990105133041,
            42.89655252142369
          ],
          [
            51.92004738250111,
            42.89651954888242
          ],
          [
            51.92019371367183,
            42.89648657634114
          ],
          [
            51.92034004484254,
            42.896453603799856
          ],
          [
            51.92048637601325,
            42.896420631258586
          ],
          [
            51.920632707183955,
            42.8963876587173
          ],
          [
            51.920779038354674,
            42.896354686176025
          ],
          [
            51.920925369525385,
            42.896321713634755
          ],
          [
            51.921071700696096,
            42.89628874109348
          ],
          [
            51.92121803186681,
            42.8962557685522
          ],
          [
            51.92136436303752,
            42.89622279601093
          ],
          [
            51.92151069420822,
            42.896189823469655
          ],
          [
            51.92165702537895,
            42.89615685092837
          ],
          [
            51.92180335654965,
            42.89612387838711
          ],
          [
            51.921949687720364,
            42.89609090584583
          ],
          [
            51.92209601889108,
            42.896057933304554
          ],
          [
            51.92224235006179,
            42.89602496076328
          ],
          [
            51.92238868123249,
            42.89599198822199
          ],
          [
            51.92253501240321,
            42.895959015680724
          ],
          [
            51.92268134357392,
            42.895926043139454
          ],
          [
            51.92282767474464,
            42.89589307059817
          ],
          [
            51.92297400591535,
            42.89586009805689
          ],
          [
            51.923120337086054,
            42.895827125515616
          ],
          [
            51.92326666825677,
            42.89579415297434
          ],
          [
            51.923412999427484,
            42.89576118043306
          ],
          [
            51.9235593305982,
            42.89572820789179
          ],
          [
            51.923705661768906,
            42.895695235350516
          ],
          [
            51.923851992939625,
            42.895662262809246
          ],
          [
            51.92399832411033,
            42.89562929026796
          ],
          [
            51.92414465528104,
            42.89559631772669
          ],
          [
            51.92429098645175,
            42.895563345185415
          ],
          [
            51.92443731762246,
            42.89553037264413
          ],
          [
            51.924583648793174,
            42.89549740010287
          ],
          [
            51.924729979963885,
            42.895464427561585
          ],
          [
            51.9248763111346,
            42.8954314550203
          ],
          [
            51.92502264230531,
            42.89539848247903
          ],
          [
            51.92516897347602,
            42.895365509937754
          ],
          [
            51.92531530464672,
            42.89533253739648
          ],
          [
            51.92546163581744,
            42.89529956485521
          ],
          [
            51.92560796698815,
            42.895266592313924
          ],
          [
            51.92575429815887,
            42.895233619772654
          ],
          [
            51.925900629329576,
            42.89520064723138
          ],
          [
            51.92604696050029,
            42.8951676746901
          ],
          [
            51.926193291671005,
            42.89513470214882
          ],
          [
            51.926339622841724,
            42.89510172960755
          ],
          [
            51.926485954012435,
            42.89506875706626
          ],
          [
            51.92663228518314,
            42.895035784525
          ],
          [
            51.92677861635385,
            42.89500281198373
          ],
          [
            51.92692494752456,
            42.89496983944244
          ],
          [
            51.92707127869527,
            42.89493686690117
          ],
          [
            51.927217609865984,
            42.89490389435989
          ],
          [
            51.9273639410367,
            42.894870921818615
          ],
          [
            51.92751027220741,
            42.894837949277346
          ],
          [
            51.92765660337811,
            42.89480497673607
          ],
          [
            51.92780293454883,
            42.894772004194785
          ],
          [
            51.92794926571954,
            42.894739031653515
          ],
          [
            51.928095596890245,
            42.89470605911224
          ],
          [
            51.92824192806097,
            42.89467308657096
          ],
          [
            51.928388259231674,
            42.89464011402969
          ],
          [
            51.92853459040238,
            42.89460714148841
          ],
          [
            51.928680921573104,
            42.89457416894713
          ],
          [
            51.92882725274381,
            42.89454119640586
          ],
          [
            51.92897358391451,
            42.894508223864584
          ],
          [
            51.92911991508523,
            42.894475251323314
          ],
          [
            51.92926624625594,
            42.89444227878203
          ],
          [
            51.92941257742666,
            42.89440930624075
          ],
          [
            51.929558908597365,
            42.894376333699476
          ],
          [
            51.929705239768076,
            42.8943433611582
          ],
          [
            51.929851570938794,
            42.894310388616915
          ],
          [
            51.929997902109506,
            42.894277416075646
          ],
          [
            51.93014423328021,
            42.894244443534376
          ],
          [
            51.93029056445093,
            42.89421147099309
          ],
          [
            51.93043689562164,
            42.89417849845182
          ],
          [
            51.93058322679234,
            42.89414552591055
          ],
          [
            51.93072955796305,
            42.89411255336928
          ],
          [
            51.930875889133766,
            42.894079580828
          ],
          [
            51.93102222030448,
            42.89404660828672
          ],
          [
            51.93116855147519,
            42.89401363574544
          ],
          [
            51.9313148826459,
            42.89398066320417
          ],
          [
            51.93146121381661,
            42.89394769066289
          ],
          [
            51.93160754498734,
            42.89391471812161
          ],
          [
            51.93175387615804,
            42.89388174558034
          ],
          [
            51.931900207328745,
            42.89384877303906
          ],
          [
            51.93204653849947,
            42.893815800497784
          ],
          [
            51.932192869670175,
            42.89378282795651
          ],
          [
            51.932339200840886,
            42.89374985541523
          ],
          [
            51.9324855320116,
            42.89371688287396
          ],
          [
            51.93263186318231,
            42.89368391033268
          ],
          [
            51.93277819435302,
            42.893650937791406
          ],
          [
            51.93292452552374,
            42.89361796525014
          ],
          [
            51.93307085669444,
            42.89358499270885
          ],
          [
            51.93321718786515,
            42.89355202016759
          ],
          [
            51.93336351903587,
            42.893519047626306
          ],
          [
            51.93350985020658,
            42.89348607508503
          ],
          [
            51.93365618137728,
            42.893453102543745
          ],
          [
            51.933802512548,
            42.893420130002475
          ],
          [
            51.93394884371871,
            42.89338715746119
          ],
          [
            51.93409517488942,
            42.893354184919914
          ],
          [
            51.93424150606013,
            42.893321212378645
          ],
          [
            51.934387837230844,
            42.89328823983737
          ],
          [
            51.93453416840156,
            42.8932552672961
          ],
          [
            51.934680499572266,
            42.893222294754814
          ],
          [
            51.934826830742985,
            42.89318932221354
          ],
          [
            51.93497316191369,
            42.89315634967227
          ],
          [
            51.93511949308441,
            42.89312337713099
          ],
          [
            51.935265824255126,
            42.893090404589714
          ],
          [
            51.93541215542583,
            42.893057432048444
          ],
          [
            51.93555848659654,
            42.89302445950717
          ],
          [
            51.93570481776725,
            42.89299148696588
          ],
          [
            51.935851148937964,
            42.89295851442461
          ],
          [
            51.935997480108675,
            42.89292554188333
          ],
          [
            51.936143811279386,
            42.89289256934205
          ],
          [
            51.9362901424501,
            42.89285959680078
          ],
          [
            51.93643647362081,
            42.892826624259506
          ],
          [
            51.93658280479153,
            42.89279365171823
          ],
          [
            51.936729135962224,
            42.89276067917696
          ],
          [
            51.93687546713294,
            42.892727706635675
          ],
          [
            51.93702179830366,
            42.89269473409441
          ],
          [
            51.937168129474365,
            42.89266176155313
          ],
          [
            51.93731446064508,
            42.89262878901186
          ],
          [
            51.93746079181579,
            42.89259581647058
          ],
          [
            51.9376071229865,
            42.8925628439293
          ],
          [
            51.93775345415721,
            42.89252987138802
          ],
          [
            51.93789978532792,
            42.89249689884675
          ],
          [
            51.93804611649863,
            42.89246392630547
          ],
          [
            51.938192447669344,
            42.892430953764205
          ],
          [
            51.93833877884005,
            42.89239798122292
          ],
          [
            51.93848511001077,
            42.89236500868164
          ],
          [
            51.938631441181485,
            42.892332036140374
          ],
          [
            51.938777772352196,
            42.89229906359909
          ],
          [
            51.93892410352289,
            42.89226609105781
          ],
          [
            51.93907043469361,
            42.89223311851654
          ],
          [
            51.93921676586432,
            42.892200145975266
          ],
          [
            51.939363097035034,
            42.89216717343399
          ],
          [
            51.939509428205746,
            42.89213420089272
          ],
          [
            51.93965575937646,
            42.89210122835144
          ],
          [
            51.93980209054717,
            42.89206825581016
          ],
          [
            51.93994842171789,
            42.89203528326889
          ],
          [
            51.9400947528886,
            42.892002310727605
          ],
          [
            51.9402410840593,
            42.89196933818633
          ],
          [
            51.94038741523003,
            42.89193636564506
          ],
          [
            51.94053374640074,
            42.89190339310378
          ],
          [
            51.940680077571436,
            42.8918704205625
          ],
          [
            51.940826408742154,
            42.891837448021235
          ],
          [
            51.940972739912866,
            42.89180447547995
          ],
          [
            51.94111907108358,
            42.891771502938674
          ],
          [
            51.941265402254295,
            42.891738530397404
          ],
          [
            51.941411733425,
            42.89170555785612
          ],
          [
            51.941558064595704,
            42.89167258531486
          ],
          [
            51.94170439576643,
            42.891639612773574
          ],
          [
            51.94185072693713,
            42.8916066402323
          ],
          [
            51.94199705810784,
            42.89157366769103
          ],
          [
            51.942143389278556,
            42.89154069514974
          ],
          [
            51.94228972044927,
            42.891507722608466
          ],
          [
            51.94243605161997,
            42.8914747500672
          ],
          [
            51.9425823827907,
            42.89144177752591
          ],
          [
            51.94272871396141,
            42.89140880498465
          ],
          [
            51.94287504513211,
            42.891375832443366
          ],
          [
            51.94302137630283,
            42.89134285990209
          ],
          [
            51.943167707473535,
            42.89130988736082
          ],
          [
            51.94331403864425,
            42.891276914819535
          ],
          [
            51.943460369814964,
            42.89124394227826
          ],
          [
            51.943606700985676,
            42.89121096973699
          ],
          [
            51.943753032156394,
            42.89117799719571
          ],
          [
            51.9438993633271,
            42.891145024654435
          ],
          [
            51.9440456944978,
            42.891112052113165
          ],
          [
            51.94419202566853,
            42.89107907957188
          ],
          [
            51.94433835683923,
            42.891046107030604
          ],
          [
            51.94448468800994,
            42.891013134489334
          ],
          [
            51.944631019180655,
            42.89098016194806
          ],
          [
            51.94477735035137,
            42.89094718940677
          ],
          [
            51.94492368152208,
            42.890914216865504
          ],
          [
            51.94507001269279,
            42.89088124432423
          ],
          [
            51.94521634386351,
            42.89084827178294
          ],
          [
            51.94536267503421,
            42.89081529924167
          ],
          [
            51.945509006204915,
            42.89078232670039
          ],
          [
            51.94565533737564,
            42.89074935415913
          ],
          [
            51.945801668546345,
            42.89071638161784
          ],
          [
            51.945947999717056,
            42.89068340907657
          ],
          [
            51.94609433088777,
            42.890650436535296
          ],
          [
            51.94624066205848,
            42.89061746399402
          ],
          [
            51.94638699322919,
            42.89058449145274
          ],
          [
            51.9465333243999,
            42.89055151891147
          ],
          [
            51.946679655570605,
            42.89051854637019
          ],
          [
            51.946825986741324,
            42.89048557382891
          ],
          [
            51.946972317912035,
            42.89045260128764
          ],
          [
            51.94711864908275,
            42.89041962874636
          ],
          [
            51.94726498025346,
            42.890386656205095
          ],
          [
            51.94741131142417,
            42.89035368366381
          ],
          [
            51.94755764259488,
            42.890320711122534
          ],
          [
            51.94770397376559,
            42.890287738581264
          ],
          [
            51.9478503049363,
            42.89025476603998
          ],
          [
            51.947996636107014,
            42.89022179349871
          ],
          [
            51.94814296727772,
            42.890188820957434
          ],
          [
            51.948289298448444,
            42.89015584841616
          ],
          [
            51.94843562961915,
            42.89012287587488
          ],
          [
            51.948581960789866,
            42.89008990333361
          ],
          [
            51.94872829196058,
            42.89005693079233
          ],
          [
            51.948874623131296,
            42.89002395825105
          ],
          [
            51.949020954302,
            42.88999098570978
          ],
          [
            51.94916728547272,
            42.8899580131685
          ],
          [
            51.94931361664342,
            42.88992504062722
          ],
          [
            51.949459947814134,
            42.88989206808595
          ],
          [
            51.94960627898484,
            42.889859095544665
          ],
          [
            51.94975261015556,
            42.88982612300339
          ],
          [
            51.94989894132627,
            42.88979315046212
          ],
          [
            51.950045272496986,
            42.88976017792084
          ],
          [
            51.95019160366769,
            42.88972720537957
          ],
          [
            51.9503379348384,
            42.889694232838295
          ],
          [
            51.95048426600912,
            42.88966126029702
          ],
          [
            51.950630597179824,
            42.88962828775574
          ],
          [
            51.95077692835053,
            42.88959531521447
          ],
          [
            51.95092325952125,
            42.88956234267319
          ],
          [
            51.95106959069196,
            42.889529370131925
          ],
          [
            51.95121592186267,
            42.88949639759064
          ],
          [
            51.95136225303338,
            42.88946342504937
          ],
          [
            51.95150858420409,
            42.88943045250809
          ],
          [
            51.95165491537481,
            42.88939747996681
          ],
          [
            51.95180124654552,
            42.889364507425526
          ],
          [
            51.951947577716226,
            42.889331534884256
          ],
          [
            51.95209390888694,
            42.88929856234298
          ],
          [
            51.952240240057655,
            42.88926558980171
          ],
          [
            51.95238657122837,
            42.889232617260426
          ],
          [
            51.952532902399085,
            42.88919964471915
          ],
          [
            51.95267923356979,
            42.88916667217788
          ],
          [
            51.9528255647405,
            42.8891336996366
          ],
          [
            51.95297189591122,
            42.889100727095325
          ],
          [
            51.95311822708192,
            42.889067754554056
          ],
          [
            51.953264558252634,
            42.88903478201278
          ],
          [
            51.95341088942334,
            42.889001809471495
          ],
          [
            51.95355722059406,
            42.888968836930225
          ],
          [
            51.95370355176476,
            42.88893586438894
          ],
          [
            51.95384988293549,
            42.888902891847664
          ],
          [
            51.95399621410619,
            42.888869919306394
          ],
          [
            51.9541425452769,
            42.88883694676512
          ],
          [
            51.95428887644762,
            42.88880397422383
          ],
          [
            51.954435207618324,
            42.888771001682564
          ],
          [
            51.954581538789036,
            42.88873802914129
          ],
          [
            51.954727869959754,
            42.88870505660002
          ],
          [
            51.95487420113046,
            42.88867208405874
          ],
          [
            51.95502053230116,
            42.888639111517456
          ],
          [
            51.955166863471874,
            42.88860613897619
          ],
          [
            51.9553131946426,
            42.88857316643491
          ],
          [
            51.95545952581331,
            42.88854019389363
          ],
          [
            51.95560585698401,
            42.88850722135236
          ],
          [
            51.95575218815473,
            42.888474248811086
          ],
          [
            51.95589851932544,
            42.8884412762698
          ],
          [
            51.956044850496156,
            42.88840830372853
          ],
          [
            51.95619118166686,
            42.888375331187255
          ],
          [
            51.95633751283757,
            42.88834235864597
          ],
          [
            51.95648384400829,
            42.888309386104694
          ],
          [
            51.956630175178994,
            42.888276413563425
          ],
          [
            51.956776506349705,
            42.88824344102215
          ],
          [
            51.95692283752042,
            42.88821046848087
          ],
          [
            51.957069168691135,
            42.888177495939594
          ],
          [
            51.957215499861846,
            42.88814452339833
          ],
          [
            51.95736183103256,
            42.88811155085705
          ],
          [
            51.95750816220327,
            42.88807857831577
          ],
          [
            51.95765449337398,
            42.8880456057745
          ],
          [
            51.95780082454469,
            42.888012633233224
          ],
          [
            51.957947155715395,
            42.88797966069194
          ],
          [
            51.95809348688611,
            42.88794668815067
          ],
          [
            51.958239818056825,
            42.88791371560939
          ],
          [
            51.95838614922753,
            42.88788074306811
          ],
          [
            51.95853248039825,
            42.88784777052684
          ],
          [
            51.95867881156896,
            42.887814797985556
          ],
          [
            51.95882514273967,
            42.88778182544428
          ],
          [
            51.95897147391038,
            42.88774885290301
          ],
          [
            51.95911780508109,
            42.88771588036173
          ],
          [
            51.959264136251804,
            42.88768290782046
          ],
          [
            51.959410467422515,
            42.887649935279185
          ],
          [
            51.959556798593226,
            42.88761696273791
          ],
          [
            51.959703129763945,
            42.88758399019664
          ],
          [
            51.95984946093465,
            42.887551017655355
          ],
          [
            51.95999579210536,
            42.88751804511408
          ],
          [
            51.96014212327608,
            42.88748507257281
          ],
          [
            51.96028845444679,
            42.88745210003153
          ],
          [
            51.9604347856175,
            42.88741912749025
          ],
          [
            51.960581116788205,
            42.88738615494898
          ],
          [
            51.960727447958924,
            42.8873531824077
          ],
          [
            51.96087377912963,
            42.88732020986642
          ],
          [
            51.961020110300346,
            42.88728723732515
          ],
          [
            51.96116644147106,
            42.88725426478387
          ],
          [
            51.961312772641776,
            42.8872212922426
          ],
          [
            51.96145910381248,
            42.887188319701316
          ],
          [
            51.96160543498319,
            42.887155347160046
          ],
          [
            51.9617517661539,
            42.88712237461877
          ],
          [
            51.96189809732462,
            42.8870894020775
          ],
          [
            51.96204442849532,
            42.887056429536216
          ],
          [
            51.962190759666036,
            42.887023456994946
          ],
          [
            51.962337090836755,
            42.88699048445367
          ],
          [
            51.96248342200746,
            42.886957511912385
          ],
          [
            51.96262975317817,
            42.88692453937111
          ],
          [
            51.96277608434888,
            42.88689156682984
          ],
          [
            51.96292241551959,
            42.886858594288555
          ],
          [
            51.963068746690304,
            42.886825621747285
          ],
          [
            51.96321507786101,
            42.88679264920601
          ],
          [
            51.96336140903173,
            42.886759676664724
          ],
          [
            51.96350774020244,
            42.886726704123454
          ],
          [
            51.963654071373156,
            42.88669373158218
          ],
          [
            51.96380040254385,
            42.88666075904091
          ],
          [
            51.96394673371457,
            42.88662778649963
          ],
          [
            51.96409306488528,
            42.886594813958354
          ],
          [
            51.964239396055994,
            42.886561841417084
          ],
          [
            51.964385727226706,
            42.88652886887581
          ],
          [
            51.96453205839742,
            42.88649589633454
          ],
          [
            51.96467838956813,
            42.88646292379325
          ],
          [
            51.96482472073885,
            42.88642995125197
          ],
          [
            51.96497105190955,
            42.88639697871071
          ],
          [
            51.96511738308026,
            42.88636400616942
          ],
          [
            51.96526371425098,
            42.886331033628146
          ],
          [
            51.96541004542169,
            42.886298061086876
          ],
          [
            51.9655563765924,
            42.88626508854559
          ],
          [
            51.96570270776312,
            42.886232116004315
          ],
          [
            51.965849038933825,
            42.886199143463045
          ],
          [
            51.96599537010454,
            42.88616617092176
          ],
          [
            51.96614170127525,
            42.886133198380485
          ],
          [
            51.96628803244596,
            42.88610022583922
          ],
          [
            51.96643436361666,
            42.886067253297945
          ],
          [
            51.96658069478738,
            42.88603428075666
          ],
          [
            51.96672702595809,
            42.88600130821539
          ],
          [
            51.9668733571288,
            42.885968335674114
          ],
          [
            51.967019688299516,
            42.88593536313283
          ],
          [
            51.967166019470234,
            42.88590239059156
          ],
          [
            51.96731235064093,
            42.885869418050284
          ],
          [
            51.96745868181165,
            42.885836445509014
          ],
          [
            51.96760501298236,
            42.88580347296773
          ],
          [
            51.96775134415307,
            42.88577050042645
          ],
          [
            51.96789767532378,
            42.88573752788517
          ],
          [
            51.968044006494495,
            42.8857045553439
          ],
          [
            51.96819033766521,
            42.88567158280262
          ],
          [
            51.968336668835924,
            42.88563861026135
          ],
          [
            51.968483000006636,
            42.885605637720076
          ],
          [
            51.96862933117735,
            42.8855726651788
          ],
          [
            51.96877566234806,
            42.88553969263753
          ],
          [
            51.96892199351878,
            42.885506720096245
          ],
          [
            51.969068324689474,
            42.88547374755498
          ],
          [
            51.96921465586019,
            42.8854407750137
          ],
          [
            51.9693609870309,
            42.88540780247242
          ],
          [
            51.969507318201615,
            42.88537482993115
          ],
          [
            51.96965364937233,
            42.885341857389875
          ],
          [
            51.96979998054304,
            42.88530888484859
          ],
          [
            51.96994631171375,
            42.88527591230731
          ],
          [
            51.97009264288446,
            42.88524293976604
          ],
          [
            51.97023897405517,
            42.88520996722476
          ],
          [
            51.970385305225875,
            42.88517699468349
          ],
          [
            51.97053163639659,
            42.885144022142214
          ],
          [
            51.97067796756731,
            42.88511104960093
          ],
          [
            51.97082429873801,
            42.88507807705966
          ],
          [
            51.97097062990873,
            42.88504510451839
          ],
          [
            51.97111696107944,
            42.885012131977106
          ],
          [
            51.97126329225015,
            42.88497915943584
          ],
          [
            51.97140962342087,
            42.88494618689456
          ],
          [
            51.97155595459157,
            42.884913214353276
          ],
          [
            51.97170228576228,
            42.884880241812006
          ],
          [
            51.971848616932995,
            42.88484726927073
          ],
          [
            51.971994948103706,
            42.88481429672946
          ],
          [
            51.97214127927442,
            42.884781324188175
          ],
          [
            51.97228761044513,
            42.8847483516469
          ],
          [
            51.97243394161584,
            42.88471537910562
          ],
          [
            51.972580272786544,
            42.88468240656435
          ],
          [
            51.97272660395726,
            42.88464943402307
          ],
          [
            51.972872935127974,
            42.884616461481805
          ],
          [
            51.97301926629869,
            42.88458348894052
          ],
          [
            51.973165597469404,
            42.884550516399244
          ],
          [
            51.97331192864011,
            42.884517543857974
          ],
          [
            51.973458259810826,
            42.8844845713167
          ],
          [
            51.97360459098154,
            42.88445159877542
          ],
          [
            51.97375092215225,
            42.884418626234144
          ],
          [
            51.97389725332296,
            42.88438565369287
          ],
          [
            51.97404358449367,
            42.88435268115158
          ],
          [
            51.97418991566439,
            42.88431970861031
          ],
          [
            51.974336246835094,
            42.88428673606903
          ],
          [
            51.97448257800581,
            42.88425376352777
          ],
          [
            51.974628909176516,
            42.88422079098648
          ],
          [
            51.97477524034723,
            42.88418781844521
          ],
          [
            51.97492157151794,
            42.884154845903936
          ],
          [
            51.97506790268864,
            42.884121873362666
          ],
          [
            51.975214233859354,
            42.88408890082139
          ],
          [
            51.97536056503007,
            42.88405592828011
          ],
          [
            51.97550689620078,
            42.884022955738835
          ],
          [
            51.97565322737149,
            42.88398998319756
          ],
          [
            51.97579955854221,
            42.88395701065628
          ],
          [
            51.97594588971292,
            42.883924038115005
          ],
          [
            51.97609222088363,
            42.88389106557372
          ],
          [
            51.97623855205434,
            42.88385809303245
          ],
          [
            51.97638488322505,
            42.88382512049117
          ],
          [
            51.97653121439576,
            42.88379214794989
          ],
          [
            51.97667754556648,
            42.88375917540861
          ],
          [
            51.976823876737186,
            42.883726202867344
          ],
          [
            51.9769702079079,
            42.883693230326074
          ],
          [
            51.977116539078615,
            42.8836602577848
          ],
          [
            51.97726287024933,
            42.88362728524351
          ],
          [
            51.97740920142003,
            42.88359431270225
          ],
          [
            51.97755553259075,
            42.88356134016097
          ],
          [
            51.97770186376146,
            42.88352836761969
          ],
          [
            51.977848194932164,
            42.88349539507842
          ],
          [
            51.97799452610288,
            42.88346242253714
          ],
          [
            51.97814085727359,
            42.883429449995866
          ],
          [
            51.97828718844431,
            42.88339647745458
          ],
          [
            51.97843351961502,
            42.883363504913305
          ],
          [
            51.978579850785714,
            42.88333053237203
          ],
          [
            51.97872618195643,
            42.88329755983076
          ],
          [
            51.97887251312715,
            42.88326458728948
          ],
          [
            51.97901884429786,
            42.8832316147482
          ],
          [
            51.979165175468566,
            42.88319864220693
          ],
          [
            51.979311506639284,
            42.88316566966565
          ],
          [
            51.979457837809996,
            42.88313269712439
          ],
          [
            51.979604168980714,
            42.883099724583104
          ],
          [
            51.97975050015142,
            42.88306675204183
          ],
          [
            51.97989683132213,
            42.88303377950056
          ],
          [
            51.980043162492834,
            42.88300080695928
          ],
          [
            51.98018949366355,
            42.882967834418
          ],
          [
            51.980335824834256,
            42.88293486187673
          ],
          [
            51.98048215600497,
            42.88290188933544
          ],
          [
            51.980628487175686,
            42.882868916794166
          ],
          [
            51.9807748183464,
            42.882835944252896
          ],
          [
            51.980921149517116,
            42.88280297171162
          ],
          [
            51.98106748068782,
            42.882769999170335
          ],
          [
            51.98121381185853,
            42.88273702662907
          ],
          [
            51.98136014302925,
            42.88270405408779
          ],
          [
            51.98150647419995,
            42.88267108154652
          ],
          [
            51.981652805370665,
            42.88263810900524
          ],
          [
            51.981799136541376,
            42.882605136463965
          ],
          [
            51.981945467712094,
            42.882572163922696
          ],
          [
            51.9820917988828,
            42.88253919138141
          ],
          [
            51.98223813005352,
            42.882506218840135
          ],
          [
            51.98238446122423,
            42.882473246298865
          ],
          [
            51.98253079239494,
            42.88244027375758
          ],
          [
            51.98267712356565,
            42.882407301216304
          ],
          [
            51.98282345473636,
            42.88237432867504
          ],
          [
            51.98296978590707,
            42.88234135613375
          ],
          [
            51.983116117077785,
            42.88230838359248
          ],
          [
            51.983262448248496,
            42.882275411051204
          ],
          [
            51.98340877941921,
            42.88224243850993
          ],
          [
            51.98355511058992,
            42.88220946596865
          ],
          [
            51.98370144176063,
            42.88217649342738
          ],
          [
            51.983847772931334,
            42.882143520886096
          ],
          [
            51.98399410410205,
            42.882110548344826
          ],
          [
            51.98414043527277,
            42.88207757580356
          ],
          [
            51.984286766443475,
            42.88204460326227
          ],
          [
            51.984433097614186,
            42.882011630721
          ],
          [
            51.9845794287849,
            42.881978658179726
          ],
          [
            51.98472575995561,
            42.88194568563844
          ],
          [
            51.98487209112632,
            42.88191271309717
          ],
          [
            51.98501842229703,
            42.881879740555895
          ],
          [
            51.98516475346774,
            42.88184676801461
          ],
          [
            51.98531108463846,
            42.88181379547334
          ],
          [
            51.98545741580917,
            42.881780822932065
          ],
          [
            51.98560374697988,
            42.88174785039078
          ],
          [
            51.985750078150595,
            42.88171487784951
          ],
          [
            51.985896409321306,
            42.881681905308234
          ],
          [
            51.98604274049201,
            42.881648932766964
          ],
          [
            51.98618907166273,
            42.88161596022569
          ],
          [
            51.98633540283344,
            42.88158298768441
          ],
          [
            51.98648173400415,
            42.88155001514314
          ],
          [
            51.98662806517487,
            42.88151704260186
          ],
          [
            51.98677439634558,
            42.88148407006059
          ],
          [
            51.98692072751628,
            42.88145109751931
          ],
          [
            51.987067058686996,
            42.881418124978026
          ],
          [
            51.987213389857715,
            42.881385152436756
          ],
          [
            51.98735972102842,
            42.88135217989548
          ],
          [
            51.98750605219913,
            42.8813192073542
          ],
          [
            51.98765238336984,
            42.881286234812926
          ],
          [
            51.98779871454055,
            42.88125326227165
          ],
          [
            51.987945045711264,
            42.88122028973037
          ],
          [
            51.988091376881975,
            42.8811873171891
          ],
          [
            51.98823770805269,
            42.881154344647825
          ],
          [
            51.988384039223405,
            42.88112137210654
          ],
          [
            51.9885303703941,
            42.88108839956527
          ],
          [
            51.98867670156481,
            42.881055427023995
          ],
          [
            51.988823032735525,
            42.881022454482725
          ],
          [
            51.98896936390624,
            42.88098948194144
          ],
          [
            51.989115695076954,
            42.88095650940017
          ],
          [
            51.98926202624766,
            42.880923536858894
          ],
          [
            51.98940835741838,
            42.88089056431762
          ],
          [
            51.98955468858909,
            42.88085759177634
          ],
          [
            51.98970101975979,
            42.880824619235064
          ],
          [
            51.98984735093051,
            42.88079164669379
          ],
          [
            51.98999368210122,
            42.88075867415251
          ],
          [
            51.99014001327194,
            42.880725701611226
          ],
          [
            51.99028634444265,
            42.880692729069956
          ],
          [
            51.990432675613356,
            42.88065975652868
          ],
          [
            51.990579006784074,
            42.88062678398741
          ],
          [
            51.990725337954785,
            42.88059381144613
          ],
          [
            51.9908716691255,
            42.880560838904856
          ],
          [
            51.99101800029621,
            42.880527866363586
          ],
          [
            51.99116433146692,
            42.8804948938223
          ],
          [
            51.99131066263763,
            42.880461921281025
          ],
          [
            51.99145699380835,
            42.88042894873976
          ],
          [
            51.991603324979046,
            42.88039597619847
          ],
          [
            51.99174965614976,
            42.8803630036572
          ],
          [
            51.991895987320476,
            42.880330031115925
          ],
          [
            51.99204231849119,
            42.88029705857465
          ],
          [
            51.9921886496619,
            42.880264086033364
          ],
          [
            51.99233498083261,
            42.8802311134921
          ],
          [
            51.992481312003314,
            42.88019814095082
          ],
          [
            51.99262764317403,
            42.88016516840953
          ],
          [
            51.99277397434474,
            42.88013219586826
          ],
          [
            51.992920305515455,
            42.880099223326994
          ],
          [
            51.993066636686166,
            42.88006625078572
          ],
          [
            51.993212967856884,
            42.88003327824444
          ],
          [
            51.993359299027595,
            42.88000030570317
          ],
          [
            51.9935056301983,
            42.87996733316189
          ],
          [
            51.99365196136902,
            42.87993436062062
          ],
          [
            51.99379829253973,
            42.87990138807933
          ],
          [
            51.99394462371044,
            42.87986841553806
          ],
          [
            51.99409095488115,
            42.879835442996786
          ],
          [
            51.994237286051856,
            42.8798024704555
          ],
          [
            51.994383617222574,
            42.87976949791423
          ],
          [
            51.994529948393286,
            42.879736525372955
          ],
          [
            51.99467627956399,
            42.87970355283167
          ],
          [
            51.9948226107347,
            42.8796705802904
          ],
          [
            51.99496894190543,
            42.879637607749125
          ],
          [
            51.995115273076124,
            42.879604635207855
          ],
          [
            51.99526160424684,
            42.87957166266658
          ],
          [
            51.99540793541755,
            42.8795386901253
          ],
          [
            51.99555426658826,
            42.879505717584024
          ],
          [
            51.99570059775897,
            42.87947274504275
          ],
          [
            51.99584692892969,
            42.87943977250147
          ],
          [
            51.9959932601004,
            42.8794067999602
          ],
          [
            51.99613959127111,
            42.87937382741892
          ],
          [
            51.99628592244182,
            42.87934085487764
          ],
          [
            51.99643225361253,
            42.87930788233637
          ],
          [
            51.996578584783244,
            42.87927490979509
          ],
          [
            51.996724915953955,
            42.879241937253816
          ],
          [
            51.996871247124666,
            42.87920896471253
          ],
          [
            51.99701757829537,
            42.87917599217126
          ],
          [
            51.99716390946609,
            42.87914301962999
          ],
          [
            51.9973102406368,
            42.87911004708871
          ],
          [
            51.997456571807504,
            42.87907707454744
          ],
          [
            51.99760290297822,
            42.87904410200616
          ],
          [
            51.997749234148934,
            42.87901112946489
          ],
          [
            51.997895565319645,
            42.87897815692361
          ],
          [
            51.99804189649035,
            42.87894518438234
          ],
          [
            51.99818822766107,
            42.87891221184106
          ],
          [
            51.998334558831786,
            42.87887923929978
          ],
          [
            51.9984808900025,
            42.87884626675851
          ],
          [
            51.99862722117321,
            42.87881329421723
          ],
          [
            51.99877355234392,
            42.87878032167595
          ],
          [
            51.99891988351463,
            42.87874734913468
          ],
          [
            51.99906621468534,
            42.8787143765934
          ],
          [
            51.99921254585605,
            42.87868140405212
          ],
          [
            51.999358877026765,
            42.878648431510854
          ],
          [
            51.999505208197476,
            42.87861545896957
          ],
          [
            51.99965153936819,
            42.8785824864283
          ],
          [
            51.99979787053889,
            42.87854951388702
          ],
          [
            51.99994420170961,
            42.878516541345746
          ],
          [
            52.00009053288031,
            42.87848356880447
          ],
          [
            52.00023686405103,
            42.8784505962632
          ],
          [
            52.000383195221744,
            42.878417623721916
          ],
          [
            52.00052952639245,
            42.87838465118065
          ],
          [
            52.00067585756317,
            42.87835167863937
          ],
          [
            52.000822188733885,
            42.878318706098085
          ],
          [
            52.00096851990458,
            42.878285733556815
          ],
          [
            52.0011148510753,
            42.87825276101553
          ],
          [
            52.00126118224601,
            42.87821978847426
          ],
          [
            52.00140751341672,
            42.878186815932985
          ],
          [
            52.00155384458744,
            42.87815384339171
          ],
          [
            52.001700175758145,
            42.87812087085044
          ],
          [
            52.00184650692886,
            42.87808789830916
          ],
          [
            52.001992838099575,
            42.878054925767884
          ],
          [
            52.002139169270286,
            42.87802195322661
          ],
          [
            52.00228550044099,
            42.87798898068534
          ],
          [
            52.00243183161171,
            42.877956008144054
          ],
          [
            52.00257816278242,
            42.877923035602784
          ],
          [
            52.00272449395314,
            42.87789006306151
          ],
          [
            52.00287082512384,
            42.87785709052022
          ],
          [
            52.00301715629455,
            42.87782411797895
          ],
          [
            52.00316348746526,
            42.877791145437676
          ],
          [
            52.00330981863598,
            42.87775817289639
          ],
          [
            52.00345614980668,
            42.87772520035513
          ],
          [
            52.003602480977406,
            42.877692227813846
          ],
          [
            52.00374881214811,
            42.87765925527256
          ],
          [
            52.00389514331882,
            42.87762628273129
          ],
          [
            52.004041474489526,
            42.87759331019002
          ],
          [
            52.004187805660244,
            42.877560337648745
          ],
          [
            52.004334136830956,
            42.877527365107476
          ],
          [
            52.004480468001674,
            42.87749439256619
          ],
          [
            52.00462679917237,
            42.87746142002492
          ],
          [
            52.00477313034309,
            42.877428447483645
          ],
          [
            52.00491946151381,
            42.87739547494236
          ],
          [
            52.00506579268451,
            42.87736250240109
          ],
          [
            52.005212123855216,
            42.87732952985981
          ],
          [
            52.00535845502593,
            42.87729655731854
          ],
          [
            52.005504786196646,
            42.87726358477726
          ],
          [
            52.00565111736735,
            42.877230612235984
          ],
          [
            52.00579744853806,
            42.87719763969471
          ],
          [
            52.00594377970878,
            42.87716466715344
          ],
          [
            52.00609011087949,
            42.87713169461215
          ],
          [
            52.0062364420502,
            42.87709872207088
          ],
          [
            52.006382773220906,
            42.877065749529606
          ],
          [
            52.006529104391625,
            42.87703277698833
          ],
          [
            52.00667543556234,
            42.87699980444705
          ],
          [
            52.006821766733054,
            42.87696683190578
          ],
          [
            52.00696809790375,
            42.8769338593645
          ],
          [
            52.00711442907448,
            42.87690088682323
          ],
          [
            52.00726076024519,
            42.87686791428195
          ],
          [
            52.0074070914159,
            42.876834941740675
          ],
          [
            52.0075534225866,
            42.876801969199406
          ],
          [
            52.00769975375732,
            42.87676899665812
          ],
          [
            52.00784608492803,
            42.876736024116845
          ],
          [
            52.007992416098745,
            42.87670305157557
          ],
          [
            52.00813874726946,
            42.87667007903429
          ],
          [
            52.00828507844017,
            42.87663710649301
          ],
          [
            52.00843140961088,
            42.876604133951744
          ],
          [
            52.00857774078159,
            42.87657116141047
          ],
          [
            52.008724071952294,
            42.87653818886919
          ],
          [
            52.00887040312301,
            42.876505216327914
          ],
          [
            52.00901673429372,
            42.876472243786644
          ],
          [
            52.009163065464435,
            42.87643927124537
          ],
          [
            52.009309396635146,
            42.87640629870409
          ],
          [
            52.00945572780586,
            42.87637332616281
          ],
          [
            52.00960205897657,
            42.876340353621536
          ],
          [
            52.00974839014728,
            42.87630738108026
          ],
          [
            52.00989472131799,
            42.87627440853898
          ],
          [
            52.0100410524887,
            42.876241435997706
          ],
          [
            52.010187383659414,
            42.87620846345643
          ],
          [
            52.01033371483013,
            42.87617549091515
          ],
          [
            52.010480046000836,
            42.876142518373875
          ],
          [
            52.010626377171555,
            42.8761095458326
          ],
          [
            52.010772708342266,
            42.87607657329133
          ],
          [
            52.01091903951298,
            42.87604360075005
          ],
          [
            52.011065370683696,
            42.87601062820877
          ],
          [
            52.01121170185439,
            42.8759776556675
          ],
          [
            52.011358033025104,
            42.875944683126235
          ],
          [
            52.01150436419582,
            42.875911710584944
          ],
          [
            52.011650695366534,
            42.875878738043674
          ],
          [
            52.01179702653724,
            42.8758457655024
          ],
          [
            52.011943357707956,
            42.87581279296111
          ],
          [
            52.01208968887867,
            42.875779820419844
          ],
          [
            52.01223602004937,
            42.87574684787857
          ],
          [
            52.01238235122009,
            42.87571387533728
          ],
          [
            52.0125286823908,
            42.87568090279601
          ],
          [
            52.01267501356151,
            42.875647930254736
          ],
          [
            52.01282134473223,
            42.87561495771345
          ],
          [
            52.012967675902935,
            42.87558198517219
          ],
          [
            52.01311400707364,
            42.87554901263091
          ],
          [
            52.013260338244365,
            42.875516040089636
          ],
          [
            52.01340666941507,
            42.875483067548366
          ],
          [
            52.01355300058578,
            42.87545009500708
          ],
          [
            52.013699331756484,
            42.87541712246581
          ],
          [
            52.0138456629272,
            42.875384149924535
          ],
          [
            52.01399199409791,
            42.87535117738326
          ],
          [
            52.01413832526862,
            42.87531820484198
          ],
          [
            52.01428465643934,
            42.875285232300705
          ],
          [
            52.01443098761005,
            42.87525225975942
          ],
          [
            52.014577318780766,
            42.87521928721815
          ],
          [
            52.01472364995147,
            42.87518631467687
          ],
          [
            52.01486998112218,
            42.8751533421356
          ],
          [
            52.0150163122929,
            42.87512036959433
          ],
          [
            52.015162643463604,
            42.87508739705304
          ],
          [
            52.015308974634316,
            42.875054424511774
          ],
          [
            52.015455305805034,
            42.8750214519705
          ],
          [
            52.015601636975745,
            42.87498847942922
          ],
          [
            52.01574796814644,
            42.87495550688794
          ],
          [
            52.01589429931717,
            42.87492253434667
          ],
          [
            52.01604063048788,
            42.8748895618054
          ],
          [
            52.01618696165858,
            42.87485658926412
          ],
          [
            52.0163332928293,
            42.87482361672284
          ],
          [
            52.016479624000006,
            42.87479064418156
          ],
          [
            52.016625955170724,
            42.87475767164029
          ],
          [
            52.016772286341435,
            42.87472469909901
          ],
          [
            52.01691861751214,
            42.874691726557735
          ],
          [
            52.01706494868285,
            42.87465875401646
          ],
          [
            52.01721127985357,
            42.87462578147518
          ],
          [
            52.01735761102428,
            42.8745928089339
          ],
          [
            52.01750394219499,
            42.874559836392635
          ],
          [
            52.0176502733657,
            42.87452686385136
          ],
          [
            52.01779660453641,
            42.87449389131008
          ],
          [
            52.017942935707126,
            42.87446091876881
          ],
          [
            52.01808926687784,
            42.874427946227534
          ],
          [
            52.01823559804854,
            42.87439497368626
          ],
          [
            52.01838192921926,
            42.87436200114497
          ],
          [
            52.01852826038998,
            42.8743290286037
          ],
          [
            52.01867459156069,
            42.87429605606243
          ],
          [
            52.01882092273139,
            42.87426308352115
          ],
          [
            52.01896725390211,
            42.87423011097987
          ],
          [
            52.01911358507282,
            42.874197138438596
          ],
          [
            52.019259916243534,
            42.87416416589732
          ],
          [
            52.019406247414246,
            42.87413119335604
          ],
          [
            52.01955257858495,
            42.874098220814766
          ],
          [
            52.01969890975566,
            42.87406524827349
          ],
          [
            52.01984524092638,
            42.87403227573222
          ],
          [
            52.019991572097084,
            42.87399930319095
          ],
          [
            52.020137903267795,
            42.873966330649665
          ],
          [
            52.02028423443851,
            42.873933358108395
          ],
          [
            52.02043056560923,
            42.87390038556712
          ],
          [
            52.02057689677993,
            42.873867413025835
          ],
          [
            52.02072322795065,
            42.873834440484565
          ],
          [
            52.02086955912136,
            42.87380146794329
          ],
          [
            52.02101589029207,
            42.873768495402004
          ],
          [
            52.021162221462774,
            42.87373552286073
          ],
          [
            52.021308552633485,
            42.87370255031946
          ],
          [
            52.021454883804196,
            42.87366957777817
          ],
          [
            52.021601214974915,
            42.873636605236904
          ],
          [
            52.021747546145626,
            42.87360363269563
          ],
          [
            52.02189387731634,
            42.87357066015436
          ],
          [
            52.02204020848705,
            42.87353768761308
          ],
          [
            52.02218653965776,
            42.8735047150718
          ],
          [
            52.022332870828464,
            42.873471742530526
          ],
          [
            52.02247920199918,
            42.87343876998925
          ],
          [
            52.022625533169894,
            42.87340579744798
          ],
          [
            52.022771864340605,
            42.8733728249067
          ],
          [
            52.022918195511316,
            42.87333985236542
          ],
          [
            52.02306452668203,
            42.87330687982415
          ],
          [
            52.02321085785273,
            42.87327390728287
          ],
          [
            52.02335718902345,
            42.87324093474159
          ],
          [
            52.02350352019416,
            42.87320796220032
          ],
          [
            52.023649851364866,
            42.87317498965904
          ],
          [
            52.02379618253559,
            42.873142017117765
          ],
          [
            52.023942513706295,
            42.873109044576495
          ],
          [
            52.02408884487701,
            42.87307607203522
          ],
          [
            52.024235176047725,
            42.873043099493934
          ],
          [
            52.024381507218436,
            42.873010126952664
          ],
          [
            52.02452783838915,
            42.872977154411394
          ],
          [
            52.02467416955986,
            42.87294418187011
          ],
          [
            52.02482050073057,
            42.87291120932885
          ],
          [
            52.02496683190128,
            42.872878236787564
          ],
          [
            52.02511316307199,
            42.87284526424629
          ],
          [
            52.0252594942427,
            42.87281229170501
          ],
          [
            52.02540582541341,
            42.87277931916373
          ],
          [
            52.025552156584126,
            42.87274634662245
          ],
          [
            52.02569848775484,
            42.87271337408119
          ],
          [
            52.02584481892554,
            42.8726804015399
          ],
          [
            52.02599115009627,
            42.872647428998626
          ],
          [
            52.02613748126697,
            42.87261445645735
          ],
          [
            52.02628381243768,
            42.87258148391607
          ],
          [
            52.026430143608394,
            42.8725485113748
          ],
          [
            52.026576474779105,
            42.872515538833525
          ],
          [
            52.02672280594982,
            42.87248256629225
          ],
          [
            52.026869137120535,
            42.87244959375097
          ],
          [
            52.027015468291246,
            42.8724166212097
          ],
          [
            52.02716179946195,
            42.872383648668425
          ],
          [
            52.02730813063267,
            42.87235067612715
          ],
          [
            52.02745446180337,
            42.872317703585864
          ],
          [
            52.027600792974084,
            42.87228473104459
          ],
          [
            52.0277471241448,
            42.87225175850332
          ],
          [
            52.02789345531551,
            42.87221878596204
          ],
          [
            52.02803978648623,
            42.872185813420764
          ],
          [
            52.02818611765693,
            42.87215284087949
          ],
          [
            52.02833244882764,
            42.87211986833821
          ],
          [
            52.02847877999835,
            42.872086895796926
          ],
          [
            52.02862511116907,
            42.87205392325566
          ],
          [
            52.02877144233978,
            42.872020950714386
          ],
          [
            52.0289177735105,
            42.87198797817311
          ],
          [
            52.029064104681204,
            42.87195500563183
          ],
          [
            52.02921043585191,
            42.871922033090556
          ],
          [
            52.02935676702262,
            42.871889060549286
          ],
          [
            52.02950309819334,
            42.87185608800801
          ],
          [
            52.02964942936405,
            42.87182311546673
          ],
          [
            52.02979576053475,
            42.87179014292546
          ],
          [
            52.029942091705465,
            42.87175717038418
          ],
          [
            52.03008842287618,
            42.871724197842894
          ],
          [
            52.030234754046894,
            42.87169122530163
          ],
          [
            52.030381085217606,
            42.87165825276035
          ],
          [
            52.03052741638832,
            42.87162528021907
          ],
          [
            52.03067374755902,
            42.8715923076778
          ],
          [
            52.03082007872974,
            42.87155933513652
          ],
          [
            52.03096640990045,
            42.87152636259525
          ],
          [
            52.031112741071155,
            42.87149339005397
          ],
          [
            52.03125907224187,
            42.871460417512694
          ],
          [
            52.031405403412585,
            42.87142744497142
          ],
          [
            52.031551734583296,
            42.87139447243015
          ],
          [
            52.031698065754,
            42.87136149988887
          ],
          [
            52.03184439692471,
            42.8713285273476
          ],
          [
            52.03199072809544,
            42.87129555480631
          ],
          [
            52.03213705926615,
            42.87126258226504
          ],
          [
            52.03228339043685,
            42.87122960972376
          ],
          [
            52.03242972160757,
            42.871196637182486
          ],
          [
            52.03257605277828,
            42.8711636646412
          ],
          [
            52.03272238394899,
            42.87113069209993
          ],
          [
            52.032868715119704,
            42.871097719558655
          ],
          [
            52.033015046290416,
            42.871064747017385
          ],
          [
            52.03316137746113,
            42.8710317744761
          ],
          [
            52.03330770863184,
            42.87099880193483
          ],
          [
            52.03345403980255,
            42.870965829393555
          ],
          [
            52.033600370973254,
            42.87093285685228
          ],
          [
            52.03374670214396,
            42.87089988431101
          ],
          [
            52.033893033314676,
            42.87086691176973
          ],
          [
            52.03403936448539,
            42.870833939228454
          ],
          [
            52.034185695656106,
            42.87080096668717
          ],
          [
            52.03433202682682,
            42.8707679941459
          ],
          [
            52.03447835799753,
            42.870735021604624
          ],
          [
            52.03462468916824,
            42.87070204906335
          ],
          [
            52.034771020338944,
            42.87066907652207
          ],
          [
            52.03491735150966,
            42.87063610398079
          ],
          [
            52.035063682680374,
            42.87060313143951
          ],
          [
            52.035210013851085,
            42.870570158898246
          ],
          [
            52.035356345021796,
            42.87053718635696
          ],
          [
            52.035502676192515,
            42.87050421381569
          ],
          [
            52.035649007363226,
            42.870471241274416
          ],
          [
            52.03579533853393,
            42.87043826873314
          ],
          [
            52.03594166970465,
            42.870405296191876
          ],
          [
            52.03608800087536,
            42.87037232365059
          ],
          [
            52.03623433204607,
            42.870339351109315
          ],
          [
            52.03638066321679,
            42.870306378568046
          ],
          [
            52.036526994387486,
            42.87027340602676
          ],
          [
            52.0366733255582,
            42.87024043348548
          ],
          [
            52.036819656728916,
            42.870207460944215
          ],
          [
            52.03696598789963,
            42.87017448840293
          ],
          [
            52.03711231907033,
            42.87014151586165
          ],
          [
            52.03725865024104,
            42.87010854332038
          ],
          [
            52.03740498141176,
            42.8700755707791
          ],
          [
            52.037551312582465,
            42.87004259823782
          ],
          [
            52.03769764375318,
            42.870009625696554
          ],
          [
            52.037843974923895,
            42.869976653155284
          ],
          [
            52.0379903060946,
            42.869943680614
          ],
          [
            52.038136637265325,
            42.86991070807272
          ],
          [
            52.03828296843602,
            42.86987773553145
          ],
          [
            52.03842929960673,
            42.869844762990176
          ],
          [
            52.03857563077746,
            42.8698117904489
          ],
          [
            52.03872196194816,
            42.86977881790762
          ],
          [
            52.03886829311886,
            42.869745845366346
          ],
          [
            52.03901462428958,
            42.86971287282507
          ],
          [
            52.0391609554603,
            42.869679900283785
          ],
          [
            52.03930728663101,
            42.869646927742515
          ],
          [
            52.03945361780171,
            42.86961395520124
          ],
          [
            52.03959994897242,
            42.86958098265996
          ],
          [
            52.03974628014314,
            42.86954801011869
          ],
          [
            52.03989261131386,
            42.869515037577415
          ],
          [
            52.040038942484564,
            42.86948206503614
          ],
          [
            52.040185273655275,
            42.86944909249486
          ],
          [
            52.040331604825994,
            42.86941611995359
          ],
          [
            52.040477935996705,
            42.869383147412314
          ],
          [
            52.04062426716741,
            42.86935017487104
          ],
          [
            52.04077059833813,
            42.86931720232975
          ],
          [
            52.04091692950883,
            42.869284229788484
          ],
          [
            52.04106326067955,
            42.86925125724721
          ],
          [
            52.041209591850254,
            42.86921828470593
          ],
          [
            52.041355923020966,
            42.86918531216465
          ],
          [
            52.041502254191684,
            42.86915233962337
          ],
          [
            52.0416485853624,
            42.8691193670821
          ],
          [
            52.04179491653311,
            42.86908639454082
          ],
          [
            52.04194124770382,
            42.869053421999546
          ],
          [
            52.04208757887453,
            42.86902044945827
          ],
          [
            52.04223391004524,
            42.868987476917
          ],
          [
            52.042380241215945,
            42.86895450437572
          ],
          [
            52.04252657238666,
            42.868921531834445
          ],
          [
            52.042672903557374,
            42.868888559293175
          ],
          [
            52.042819234728086,
            42.86885558675189
          ],
          [
            52.0429655658988,
            42.86882261421062
          ],
          [
            52.04311189706951,
            42.868789641669345
          ],
          [
            52.04325822824022,
            42.86875666912806
          ],
          [
            52.04340455941093,
            42.86872369658679
          ],
          [
            52.04355089058164,
            42.868690724045514
          ],
          [
            52.04369722175235,
            42.86865775150423
          ],
          [
            52.043843552923065,
            42.86862477896297
          ],
          [
            52.04398988409378,
            42.86859180642168
          ],
          [
            52.04413621526448,
            42.8685588338804
          ],
          [
            52.0442825464352,
            42.86852586133914
          ],
          [
            52.04442887760592,
            42.86849288879786
          ],
          [
            52.04457520877663,
            42.86845991625658
          ],
          [
            52.04472153994734,
            42.86842694371531
          ],
          [
            52.04486787111804,
            42.86839397117403
          ],
          [
            52.045014202288755,
            42.86836099863276
          ],
          [
            52.04516053345947,
            42.86832802609149
          ],
          [
            52.04530686463018,
            42.868295053550206
          ],
          [
            52.04545319580089,
            42.86826208100893
          ],
          [
            52.04559952697161,
            42.86822910846765
          ],
          [
            52.04574585814232,
            42.868196135926375
          ],
          [
            52.04589218931303,
            42.8681631633851
          ],
          [
            52.04603852048374,
            42.86813019084382
          ],
          [
            52.04618485165445,
            42.868097218302545
          ],
          [
            52.046331182825156,
            42.868064245761275
          ],
          [
            52.046477513995875,
            42.86803127321999
          ],
          [
            52.046623845166586,
            42.867998300678714
          ],
          [
            52.04677017633729,
            42.867965328137444
          ],
          [
            52.04691650750801,
            42.86793235559617
          ],
          [
            52.04706283867871,
            42.86789938305489
          ],
          [
            52.047209169849424,
            42.86786641051362
          ],
          [
            52.04735550102014,
            42.867833437972344
          ],
          [
            52.04750183219086,
            42.867800465431074
          ],
          [
            52.047648163361565,
            42.86776749288979
          ],
          [
            52.047794494532276,
            42.867734520348506
          ],
          [
            52.04794082570299,
            42.86770154780724
          ],
          [
            52.04808715687369,
            42.86766857526596
          ],
          [
            52.04823348804441,
            42.86763560272468
          ],
          [
            52.04837981921512,
            42.867602630183406
          ],
          [
            52.048526150385825,
            42.86756965764213
          ],
          [
            52.048672481556544,
            42.86753668510085
          ],
          [
            52.04881881272726,
            42.86750371255958
          ],
          [
            52.048965143897966,
            42.867470740018305
          ],
          [
            52.04911234263755,
            42.867437783263625
          ],
          [
            52.049271193767744,
            42.86740503854017
          ],
          [
            52.04943744642988,
            42.86737242849771
          ],
          [
            52.04960714440165,
            42.86733988114739
          ],
          [
            52.049776626097085,
            42.86730732986161
          ],
          [
            52.04994252456665,
            42.86727471337413
          ],
          [
            52.05010176749715,
            42.86724197578001
          ],
          [
            52.05025157721171,
            42.8672090665356
          ],
          [
            52.05038947066992,
            42.86717594045859
          ],
          [
            52.05051325946768,
            42.86714255772797
          ],
          [
            52.050621049837254,
            42.86710888388403
          ],
          [
            52.0507112426473,
            42.867074889828395
          ],
          [
            52.05078253340288,
            42.867040551824005
          ],
          [
            52.05083391224534,
            42.86700585149507
          ],
          [
            52.05086466395248,
            42.86697077582717
          ],
          [
            52.05087436793841,
            42.86693531716715
          ],
          [
            52.05086289825364,
            42.86689947322319
          ],
          [
            52.050830423585055,
            42.8668632470648
          ],
          [
            52.050777407255914,
            42.86682664712274
          ],
          [
            52.05070460722582,
            42.86678968718916
          ],
          [
            52.05061307609075,
            42.866752386417474
          ],
          [
            52.05050416108308,
            42.86671476932242
          ],
          [
            52.050379504071536,
            42.866676865780036
          ],
          [
            52.05024104156122,
            42.8666387110277
          ],
          [
            52.050091004693584,
            42.86660034566408
          ],
          [
            52.04993191924649,
            42.86656181564917
          ],
          [
            52.04976660563412,
            42.866523172304255
          ],
          [
            52.049598178907104,
            42.86648447231196
          ],
          [
            52.04943004875235,
            42.86644577771621
          ],
          [
            52.04926591949321,
            42.86640715592222
          ],
          [
            52.04910979008935,
            42.866368679696556
          ],
          [
            52.04896475535327,
            42.86633040535358
          ],
          [
            52.048819720617196,
            42.866292131010596
          ],
          [
            52.04867468588112,
            42.866253856667605
          ],
          [
            52.048529651145046,
            42.86621558232462
          ],
          [
            52.04838461640897,
            42.866177307981644
          ],
          [
            52.048239581672895,
            42.866139033638646
          ],
          [
            52.04809454693681,
            42.86610075929567
          ],
          [
            52.04794951220073,
            42.86606248495268
          ],
          [
            52.04780447746466,
            42.8660242106097
          ],
          [
            52.04765944272857,
            42.86598593626672
          ],
          [
            52.0475144079925,
            42.86594766192373
          ],
          [
            52.04736937325642,
            42.86590938758075
          ],
          [
            52.04722433852035,
            42.865871113237766
          ],
          [
            52.047079303784265,
            42.86583283889478
          ],
          [
            52.04693426904818,
            42.8657945645518
          ],
          [
            52.04678923431211,
            42.865756290208815
          ],
          [
            52.046644199576036,
            42.86571801586583
          ],
          [
            52.04649916483996,
            42.86567974152284
          ],
          [
            52.04635413010388,
            42.86564146717986
          ],
          [
            52.0462090953678,
            42.86560319283688
          ],
          [
            52.04606406063172,
            42.86556491849389
          ],
          [
            52.04591902589565,
            42.86552664415091
          ],
          [
            52.045773991159564,
            42.86548836980792
          ],
          [
            52.04562895642349,
            42.86545009546494
          ],
          [
            52.04548392168741,
            42.86541182112195
          ],
          [
            52.04533888695133,
            42.865373546778976
          ],
          [
            52.04519385221525,
            42.865335272435985
          ],
          [
            52.04504881747918,
            42.86529699809301
          ],
          [
            52.04490378274309,
            42.86525872375002
          ],
          [
            52.04475874800702,
            42.865220449407026
          ],
          [
            52.044613713270955,
            42.86518217506404
          ],
          [
            52.04446867853487,
            42.865143900721066
          ],
          [
            52.04432364379879,
            42.865105626378075
          ],
          [
            52.04417860906271,
            42.86506735203509
          ],
          [
            52.04403357432664,
            42.86502907769211
          ],
          [
            52.04388854032858,
            42.86499080053567
          ],
          [
            52.043743510679995,
            42.864952506798446
          ],
          [
            52.04359848375152,
            42.8649142026917
          ],
          [
            52.04345345802747,
            42.86487589399356
          ],
          [
            52.04330843210573,
            42.86483758604903
          ],
          [
            52.04316340469785,
            42.86479928376993
          ],
          [
            52.04301837462894,
            42.86476099163498
          ],
          [
            52.04287334083782,
            42.86472271368974
          ],
          [
            52.042728302376844,
            42.864684453546616
          ],
          [
            52.04258325841202,
            42.86464621438489
          ],
          [
            52.04243820822303,
            42.864607998950696
          ],
          [
            52.0422931512031,
            42.86456980955701
          ],
          [
            52.04214808685911,
            42.8645316480837
          ],
          [
            52.042003014811556,
            42.86449351597745
          ],
          [
            52.04185793479458,
            42.86445541425183
          ],
          [
            52.041712846655926,
            42.864417343487254
          ],
          [
            52.04156775035694,
            42.86437930383099
          ],
          [
            52.041422645972624,
            42.86434129499719
          ],
          [
            52.041277533691606,
            42.86430331626681
          ],
          [
            52.04113241381609,
            42.864265366487736
          ],
          [
            52.04098728676193,
            42.86422744407464
          ],
          [
            52.040842153058634,
            42.864189547009104
          ],
          [
            52.040697013349266,
            42.86415167283953
          ],
          [
            52.04055186839057,
            42.8641138186812
          ],
          [
            52.04040671905287,
            42.86407598121624
          ],
          [
            52.040261566320126,
            42.864038156693645
          ],
          [
            52.040116411289944,
            42.864000340929266
          ],
          [
            52.03997125517351,
            42.86396252930581
          ],
          [
            52.03982609929567,
            42.86392471677282
          ],
          [
            52.03968094509487,
            42.86388689784673
          ],
          [
            52.03953579412317,
            42.86384906661081
          ],
          [
            52.039390647026494,
            42.86381122060275
          ],
          [
            52.03924549992981,
            42.86377337459468
          ],
          [
            52.039100352833145,
            42.86373552858661
          ],
          [
            52.03895520573647,
            42.86369768257854
          ],
          [
            52.0388100586398,
            42.86365983657047
          ],
          [
            52.03866491154312,
            42.86362199056239
          ],
          [
            52.03851976444644,
            42.86358414455432
          ],
          [
            52.03837461734977,
            42.863546298546254
          ],
          [
            52.038229470253086,
            42.863508452538184
          ],
          [
            52.03808432315642,
            42.86347060653011
          ],
          [
            52.037939176059744,
            42.86343276052204
          ],
          [
            52.03779402896306,
            42.86339491451397
          ],
          [
            52.03764888186639,
            42.86335706850589
          ],
          [
            52.03750373476972,
            42.86331922249782
          ],
          [
            52.03735858767305,
            42.86328137648976
          ],
          [
            52.03721344057637,
            42.86324353048168
          ],
          [
            52.03706829347969,
            42.86320568447362
          ],
          [
            52.03692314638302,
            42.86316783846554
          ],
          [
            52.03677799928635,
            42.86312999245749
          ],
          [
            52.036632852189676,
            42.86309214644941
          ],
          [
            52.036487705093,
            42.863054300441334
          ],
          [
            52.03634255799632,
            42.86301645443327
          ],
          [
            52.03619741089965,
            42.862978608425195
          ],
          [
            52.03605226380298,
            42.862940762417125
          ],
          [
            52.03590711670631,
            42.862902916409055
          ],
          [
            52.03576196960963,
            42.86286507040098
          ],
          [
            52.03561682251296,
            42.862827224392916
          ],
          [
            52.03547167541628,
            42.86278937838484
          ],
          [
            52.0353265283196,
            42.86275153237677
          ],
          [
            52.03518138122292,
            42.8627136863687
          ],
          [
            52.03503623412625,
            42.86267584036063
          ],
          [
            52.03489108702958,
            42.86263799435255
          ],
          [
            52.03474593993289,
            42.86260014834449
          ],
          [
            52.03460079283622,
            42.86256230233642
          ],
          [
            52.03445564573954,
            42.86252445632835
          ],
          [
            52.03431049864287,
            42.86248661032029
          ],
          [
            52.0341653515462,
            42.86244876431221
          ],
          [
            52.034020204449526,
            42.86241091830414
          ],
          [
            52.033875057352844,
            42.862373072296066
          ],
          [
            52.03372991025618,
            42.862335226287996
          ],
          [
            52.0335847631595,
            42.86229738027993
          ],
          [
            52.03343961606283,
            42.86225953427186
          ],
          [
            52.033294468966155,
            42.86222168826378
          ],
          [
            52.03314932186948,
            42.86218384225571
          ],
          [
            52.0330041747728,
            42.86214599624764
          ],
          [
            52.032859107728655,
            42.86210778467912
          ],
          [
            52.03271411608912,
            42.86206922877476
          ],
          [
            52.03256916468496,
            42.862030489135286
          ],
          [
            52.03242422090833,
            42.8619917146646
          ],
          [
            52.032279254712876,
            42.86195304256966
          ],
          [
            52.03213423861367,
            42.861914598360606
          ],
          [
            52.03198914768725,
            42.861876495850666
          ],
          [
            52.03184395957156,
            42.861838837156206
          ],
          [
            52.031698654466055,
            42.86180171269672
          ],
          [
            52.03155321513159,
            42.86176520119483
          ],
          [
            52.03140762689049,
            42.86172936967626
          ],
          [
            52.03126185081764,
            42.86169439300376
          ],
          [
            52.03111579376596,
            42.86166068752568
          ],
          [
            52.030969490930296,
            42.86162809707098
          ],
          [
            52.030822977111875,
            42.861596466947645
          ],
          [
            52.03067628671829,
            42.86156564394267
          ],
          [
            52.030529453763535,
            42.86153547632205
          ],
          [
            52.03038251186796,
            42.8615058138308
          ],
          [
            52.03023549425832,
            42.861476507692956
          ],
          [
            52.03008843376773,
            42.86144741061151
          ],
          [
            52.0299413628357,
            42.86141837676852
          ],
          [
            52.02979431350811,
            42.86138926182503
          ],
          [
            52.029647317437224,
            42.86135992292108
          ],
          [
            52.029500405881684,
            42.86133021867575
          ],
          [
            52.029353609706526,
            42.8613000091871
          ],
          [
            52.02920695938313,
            42.86126915603221
          ],
          [
            52.02906048498931,
            42.86123752226716
          ],
          [
            52.02891421620921,
            42.861204972427075
          ],
          [
            52.02876818233338,
            42.86117137252604
          ],
          [
            52.028622412258734,
            42.861136590057164
          ],
          [
            52.028476934488594,
            42.86110049399258
          ],
          [
            52.02833166651821,
            42.861063459905125
          ],
          [
            52.02818657044714,
            42.861025659363165
          ],
          [
            52.0280416293622,
            42.86098716777822
          ],
          [
            52.02789682339513,
            42.86094807373776
          ],
          [
            52.0277521297226,
            42.860908479005076
          ],
          [
            52.02760752256619,
            42.86086849851937
          ],
          [
            52.027462973192456,
            42.86082826039575
          ],
          [
            52.02731844991285,
            42.860787905925164
          ],
          [
            52.027173918083776,
            42.860747589574466
          ],
          [
            52.027029340106544,
            42.8607074789864
          ],
          [
            52.026884675427425,
            42.86066775497958
          ],
          [
            52.026739917581416,
            42.860628446379785
          ],
          [
            52.0265951597354,
            42.86058913777998
          ],
          [
            52.02645040188939,
            42.860549829180194
          ],
          [
            52.02630564404338,
            42.8605105205804
          ],
          [
            52.02616088619736,
            42.8604712119806
          ],
          [
            52.02601612835136,
            42.8604319033808
          ],
          [
            52.02587137050534,
            42.860392594781004
          ],
          [
            52.02572661265933,
            42.8603532861812
          ],
          [
            52.02558185481331,
            42.86031397758141
          ],
          [
            52.02543709696731,
            42.86027466898162
          ],
          [
            52.0252923391213,
            42.86023536038182
          ],
          [
            52.02514758127528,
            42.86019605178202
          ],
          [
            52.025002823429276,
            42.860156743182216
          ],
          [
            52.02485806558326,
            42.86011743458243
          ],
          [
            52.02471330773725,
            42.86007812598264
          ],
          [
            52.02456854989123,
            42.860038817382836
          ],
          [
            52.024423792045226,
            42.85999950878304
          ],
          [
            52.02427903419921,
            42.85996020018324
          ],
          [
            52.024134276353195,
            42.85992089158344
          ],
          [
            52.02398951850718,
            42.85988158298365
          ],
          [
            52.02384476066118,
            42.85984227438385
          ],
          [
            52.02370000281516,
            42.85980296578405
          ],
          [
            52.02355524496915,
            42.85976365718426
          ],
          [
            52.02341048712313,
            42.85972434858446
          ],
          [
            52.02326572927713,
            42.85968503998466
          ],
          [
            52.02312097143112,
            42.85964573138486
          ],
          [
            52.0229762135851,
            42.85960642278507
          ],
          [
            52.022831455739095,
            42.859567114185275
          ],
          [
            52.022686697893086,
            42.85952780558547
          ],
          [
            52.02254194004707,
            42.85948849698568
          ],
          [
            52.02239718220105,
            42.85944918838588
          ],
          [
            52.02225242435505,
            42.85940987978609
          ],
          [
            52.02210766650904,
            42.85937057118629
          ],
          [
            52.021962953761836,
            42.859331084912064
          ],
          [
            52.02181827513128,
            42.859291464229536
          ],
          [
            52.021673613791265,
            42.859251775428014
          ],
          [
            52.0215289541527,
            42.85921207992332
          ],
          [
            52.02138428186354,
            42.859172434257765
          ],
          [
            52.02123958380879,
            42.85913289010021
          ],
          [
            52.021094848110415,
            42.85909349424604
          ],
          [
            52.02095006412747,
            42.85905428861709
          ],
          [
            52.020805222456026,
            42.8590153102618
          ],
          [
            52.020660314929174,
            42.85897659135506
          ],
          [
            52.02051533461702,
            42.85893815919832
          ],
          [
            52.02037027582674,
            42.858900036219495
          ],
          [
            52.0202251341025,
            42.858862239973064
          ],
          [
            52.02007990622552,
            42.85882478314
          ],
          [
            52.019934590214014,
            42.85878767352781
          ],
          [
            52.01978918532326,
            42.85875091407047
          ],
          [
            52.01964369204555,
            42.85871450282853
          ],
          [
            52.01949811211021,
            42.85867843298903
          ],
          [
            52.01935244848359,
            42.85864269286552
          ],
          [
            52.019206705369065,
            42.85860726589807
          ],
          [
            52.01906088820705,
            42.85857213065328
          ],
          [
            52.01891500367498,
            42.85853726082424
          ],
          [
            52.01876905968731,
            42.85850262523058
          ],
          [
            52.01862306539556,
            42.85846818781843
          ],
          [
            52.01847703118824,
            42.85843390766045
          ],
          [
            52.01833096869089,
            42.8583997389558
          ],
          [
            52.01818489076609,
            42.858365631030175
          ],
          [
            52.01803881151346,
            42.85833152833576
          ],
          [
            52.017892746269645,
            42.85829737045128
          ],
          [
            52.0177467116083,
            42.85826309208197
          ],
          [
            52.01760072534014,
            42.85822862305957
          ],
          [
            52.017454744196506,
            42.85819413384815
          ],
          [
            52.017308763052874,
            42.85815964463672
          ],
          [
            52.017162781909235,
            42.8581251554253
          ],
          [
            52.0170168007656,
            42.858090666213876
          ],
          [
            52.016870819621985,
            42.85805617700244
          ],
          [
            52.01672483847835,
            42.85802168779103
          ],
          [
            52.01657885733472,
            42.85798719857959
          ],
          [
            52.01643287619109,
            42.85795270936818
          ],
          [
            52.016286895047465,
            42.857918220156755
          ],
          [
            52.01614091390384,
            42.857883730945325
          ],
          [
            52.01599493276021,
            42.85784924173391
          ],
          [
            52.01584895161658,
            42.85781475252247
          ],
          [
            52.01570297047295,
            42.85778026331106
          ],
          [
            52.01555698932931,
            42.857745774099634
          ],
          [
            52.01541100818568,
            42.85771128488821
          ],
          [
            52.01526502704206,
            42.857676795676795
          ],
          [
            52.01511904589844,
            42.85764230646536
          ],
          [
            52.014973064754805,
            42.85760781725394
          ],
          [
            52.01482708361117,
            42.85757332804251
          ],
          [
            52.014681102467534,
            42.85753883883108
          ],
          [
            52.01453512132391,
            42.85750434961967
          ],
          [
            52.014389140180285,
            42.857469860408244
          ],
          [
            52.01424315903665,
            42.857435371196814
          ],
          [
            52.01409717789303,
            42.85740088198539
          ],
          [
            52.013951196749396,
            42.85736639277397
          ],
          [
            52.013805215605764,
            42.85733190356255
          ],
          [
            52.01365923446213,
            42.857297414351116
          ],
          [
            52.01351325331851,
            42.85726292513969
          ],
          [
            52.013367272174875,
            42.85722843592827
          ],
          [
            52.01322129103125,
            42.85719394671685
          ],
          [
            52.01307530988761,
            42.857159457505425
          ],
          [
            52.01292932874398,
            42.857124968293995
          ],
          [
            52.01278334760036,
            42.85709047908257
          ],
          [
            52.01263736645673,
            42.85705598987116
          ],
          [
            52.0124913853131,
            42.85702150065973
          ],
          [
            52.01234540416947,
            42.85698701144831
          ],
          [
            52.012199423025834,
            42.85695252223688
          ],
          [
            52.01205344188221,
            42.85691803302545
          ],
          [
            52.011907460738584,
            42.85688354381403
          ],
          [
            52.01176147959496,
            42.85684905460261
          ],
          [
            52.011615498451334,
            42.85681456539119
          ],
          [
            52.01146951730892,
            42.85678007618078
          ],
          [
            52.011323536165285,
            42.85674558696936
          ],
          [
            52.01117755502165,
            42.85671109775794
          ],
          [
            52.01103157387803,
            42.856676608546515
          ],
          [
            52.0108855927344,
            42.856642119335085
          ],
          [
            52.010739611590765,
            42.85660763012366
          ],
          [
            52.01059363044714,
            42.85657314091224
          ],
          [
            52.01044764930351,
            42.85653865170081
          ],
          [
            52.01030166815988,
            42.85650416248939
          ],
          [
            52.01015568701626,
            42.85646967327796
          ],
          [
            52.010009705872626,
            42.85643518406653
          ],
          [
            52.009863724729,
            42.856400694855104
          ],
          [
            52.00971774358538,
            42.856366205643674
          ],
          [
            52.00957176244175,
            42.856331716432244
          ],
          [
            52.009425781298134,
            42.856297227220814
          ]
        ]
      },
      "properties": {
        "id": "main_shoreline"
      }
    }
  ]
}