{
  "type": "FeatureCollection",
  "crs": {
    "type": "name",
    "properties": {
      "name": "EPSG:4326"
    }
  },
  "features": [
    {
      "type": "Feature",
      "geometry": {
        "type": "LineString",
        "coordinates": [
          [
            51.61742902247687,
            43.187282737398114
          ],
          [
            51.617279546087175,
            43.18727021506111
          ],
          [
            51.61713006969748,
            43.18725769272411
          ],
          [
            51.61698059330779,
            43.18724517038711
          ],
          [
            51.616831116918085,
            43.18723264805011
          ],
          [
            51.61668164052839,
            43.18722012571311
          ],
          [
            51.6165321641387,
            43.18720760337611
          ],
          [
            51.616382687749,
            43.187195081039114
          ],
          [
            51.61623321135931,
            43.18718255870211
          ],
          [
            51.616083734969614,
            43.18717003636511
          ],
          [
            51.61593425857992,
            43.187157514028115
          ],
          [
            51.615784782190225,
            43.18714499169111
          ],
          [
            51.61563530580053,
            43.18713246935412
          ],
          [
            51.61548582941083,
            43.187119947017116
          ],
          [
            51.615336353021135,
            43.18710742468012
          ],
          [
            51.61518687663022,
            43.18709490234211
          ],
          [
            51.615037400240524,
            43.18708238000511
          ],
          [
            51.61488792385084,
            43.18706985766811
          ],
          [
            51.614738447461136,
            43.187057335331104
          ],
          [
            51.61458897107144,
            43.18704481299411
          ],
          [
            51.614439494681754,
            43.187032290657115
          ],
          [
            51.61429001829205,
            43.18701976832011
          ],
          [
            51.61414054190236,
            43.18700724598311
          ],
          [
            51.613991065512664,
            43.186994723646116
          ],
          [
            51.61384158912297,
            43.18698220130912
          ],
          [
            51.61369211273328,
            43.18696967897211
          ],
          [
            51.61354263634358,
            43.18695715663512
          ],
          [
            51.61339315995389,
            43.18694463429812
          ],
          [
            51.61324368356419,
            43.18693211196111
          ],
          [
            51.6130942071745,
            43.186919589624125
          ],
          [
            51.6129447307848,
            43.18690706728712
          ],
          [
            51.6127952543951,
            43.18689454495012
          ],
          [
            51.612645778005415,
            43.186882022613126
          ],
          [
            51.61249630161571,
            43.186869500276124
          ],
          [
            51.61234682522602,
            43.18685697793913
          ],
          [
            51.61219734883633,
            43.18684445560213
          ],
          [
            51.61204787244663,
            43.18683193326512
          ],
          [
            51.61189839605694,
            43.18681941092812
          ],
          [
            51.61174891966724,
            43.18680688859113
          ],
          [
            51.61159944327754,
            43.186794366254134
          ],
          [
            51.61144996688786,
            43.18678184391713
          ],
          [
            51.61130049049816,
            43.18676932158013
          ],
          [
            51.611151014108465,
            43.18675679924313
          ],
          [
            51.61100153771877,
            43.18674427690613
          ],
          [
            51.610852061329076,
            43.18673175456914
          ],
          [
            51.61070258493938,
            43.186719232232136
          ],
          [
            51.61055310854969,
            43.186706709895134
          ],
          [
            51.61040363216,
            43.18669418755814
          ],
          [
            51.6102541557703,
            43.186681665221144
          ],
          [
            51.610104679380605,
            43.18666914288414
          ],
          [
            51.60995520299092,
            43.18665662054713
          ],
          [
            51.60980572660121,
            43.18664409821014
          ],
          [
            51.60965625021153,
            43.18663157587315
          ],
          [
            51.609506773821835,
            43.18661905353615
          ],
          [
            51.60935729743213,
            43.186606531199146
          ],
          [
            51.60920782104244,
            43.186594008862144
          ],
          [
            51.60905831573279,
            43.18658174129735
          ],
          [
            51.60890877984651,
            43.18656974309923
          ],
          [
            51.60875922728029,
            43.186557891844096
          ],
          [
            51.608609670923286,
            43.1865460739841
          ],
          [
            51.60846012265714,
            43.18653418484713
          ],
          [
            51.608310593356,
            43.1865221286369
          ],
          [
            51.60816109288645,
            43.186509818432874
          ],
          [
            51.6080116301076,
            43.18649717619028
          ],
          [
            51.60786221287102,
            43.18648413274016
          ],
          [
            51.607712848020796,
            43.18647062778935
          ],
          [
            51.607563541393425,
            43.186456609920434
          ],
          [
            51.60741429781798,
            43.18644203659177
          ],
          [
            51.60726512111596,
            43.18642687413756
          ],
          [
            51.60711601410133,
            43.186411097767724
          ],
          [
            51.606966978580616,
            43.18639469156797
          ],
          [
            51.60681801535273,
            43.18637764849982
          ],
          [
            51.60666912420916,
            43.18635997040056
          ],
          [
            51.606520303933806,
            43.18634166798326
          ],
          [
            51.60637155230308,
            43.18632276083677
          ],
          [
            51.60622286608589,
            43.18630327742571
          ],
          [
            51.6060742410436,
            43.186283255090515
          ],
          [
            51.60592567193007,
            43.18626274004735
          ],
          [
            51.60577715249167,
            43.18624178738822
          ],
          [
            51.605628675467194,
            43.18622046108087
          ],
          [
            51.605480232587965,
            43.18619883396884
          ],
          [
            51.60533181457777,
            43.18617698777144
          ],
          [
            51.60518341115289,
            43.1861550130838
          ],
          [
            51.60503501102209,
            43.186133009376796
          ],
          [
            51.60488660188661,
            43.18611108499707
          ],
          [
            51.60473817044018,
            43.1860893571671
          ],
          [
            51.604589702369,
            43.18606795198511
          ],
          [
            51.6044412223126,
            43.18604665238764
          ],
          [
            51.604292742256206,
            43.186025352790175
          ],
          [
            51.60414426219981,
            43.186004053192704
          ],
          [
            51.603995782143414,
            43.18598275359524
          ],
          [
            51.60384730208701,
            43.18596145399778
          ],
          [
            51.603698822030616,
            43.1859401544003
          ],
          [
            51.60355034197423,
            43.185918854802836
          ],
          [
            51.603401861917824,
            43.185897555205365
          ],
          [
            51.60325338186143,
            43.1858762556079
          ],
          [
            51.60310490180503,
            43.18585495601043
          ],
          [
            51.60295642174863,
            43.18583365641297
          ],
          [
            51.60280794169224,
            43.185812356815504
          ],
          [
            51.60265946163584,
            43.185791057218026
          ],
          [
            51.60251098157944,
            43.18576975762056
          ],
          [
            51.60236250152305,
            43.18574845802309
          ],
          [
            51.602214021466644,
            43.18572715842563
          ],
          [
            51.60206554141024,
            43.18570585882816
          ],
          [
            51.601917061353845,
            43.185684559230694
          ],
          [
            51.60176858129744,
            43.18566325963323
          ],
          [
            51.60162010124105,
            43.18564196003576
          ],
          [
            51.60147162118466,
            43.18562066043829
          ],
          [
            51.60132314112827,
            43.185599360840826
          ],
          [
            51.601174661071866,
            43.18557806124336
          ],
          [
            51.60102618101547,
            43.185556761645884
          ],
          [
            51.60087770095906,
            43.18553546204841
          ],
          [
            51.60072922090267,
            43.18551416245096
          ],
          [
            51.60058074084627,
            43.185492862853486
          ],
          [
            51.60043226078987,
            43.18547156325602
          ],
          [
            51.60028378073348,
            43.18545026365855
          ],
          [
            51.60013530067709,
            43.18542896406109
          ],
          [
            51.599986820620686,
            43.18540766446361
          ],
          [
            51.59983834056429,
            43.18538636486614
          ],
          [
            51.599689860507894,
            43.18536506526868
          ],
          [
            51.5995413804515,
            43.18534376567121
          ],
          [
            51.599392900395095,
            43.18532246607374
          ],
          [
            51.59924442033869,
            43.18530116647628
          ],
          [
            51.5990959402823,
            43.185279866878815
          ],
          [
            51.5989474602259,
            43.185258567281345
          ],
          [
            51.59879898016951,
            43.18523726768388
          ],
          [
            51.59865050011311,
            43.18521596808641
          ],
          [
            51.59850202005672,
            43.18519466848895
          ],
          [
            51.59835354000032,
            43.185173368891476
          ],
          [
            51.59820505994392,
            43.185152069294006
          ],
          [
            51.59805657988752,
            43.18513076969654
          ],
          [
            51.59790809983113,
            43.18510947009907
          ],
          [
            51.59775961977472,
            43.1850881705016
          ],
          [
            51.597611139718325,
            43.18506687090414
          ],
          [
            51.59746265966193,
            43.185045571306674
          ],
          [
            51.597314192651105,
            43.18502417309668
          ],
          [
            51.59716573867085,
            43.1850026763874
          ],
          [
            51.597017291724775,
            43.184981126506415
          ],
          [
            51.5968688462521,
            43.18495956548773
          ],
          [
            51.59672039712782,
            43.184938032071805
          ],
          [
            51.596571939662624,
            43.18491656170556
          ],
          [
            51.596423469602904,
            43.184895186542384
          ],
          [
            51.596274983130755,
            43.18487393544208
          ],
          [
            51.596126476863994,
            43.18485283397092
          ],
          [
            51.59597794785613,
            43.18483190440165
          ],
          [
            51.59582939359639,
            43.18481116571344
          ],
          [
            51.59568081200969,
            43.184790633591916
          ],
          [
            51.59553220145667,
            43.184770320429166
          ],
          [
            51.59538356073369,
            43.18475023532374
          ],
          [
            51.59523488907277,
            43.18473038408062
          ],
          [
            51.5950861861417,
            43.18471076921124
          ],
          [
            51.59493745204393,
            43.18469138993351
          ],
          [
            51.594788687318626,
            43.18467224217176
          ],
          [
            51.594639892940705,
            43.18465331855679
          ],
          [
            51.5944910703207,
            43.18463460842586
          ],
          [
            51.594342221304956,
            43.18461609782267
          ],
          [
            51.59419334817544,
            43.184597769497366
          ],
          [
            51.59404445364987,
            43.18457960290657
          ],
          [
            51.59389554088169,
            43.184561574213326
          ],
          [
            51.593746613459984,
            43.18454365628717
          ],
          [
            51.5935976754096,
            43.18452581870404
          ],
          [
            51.5934487311911,
            43.18450802774637
          ],
          [
            51.59329978570069,
            43.18449024640302
          ],
          [
            51.59315084427035,
            43.18447243436932
          ],
          [
            51.593001912667724,
            43.18445454804704
          ],
          [
            51.59285299709621,
            43.184436540544404
          ],
          [
            51.59270408616884,
            43.18441849793626
          ],
          [
            51.59255517524146,
            43.18440045532812
          ],
          [
            51.59240626431409,
            43.18438241271997
          ],
          [
            51.592257353386714,
            43.184364370111815
          ],
          [
            51.59210844245933,
            43.18434632750367
          ],
          [
            51.59195953153197,
            43.18432828489552
          ],
          [
            51.59181062060459,
            43.18431024228738
          ],
          [
            51.59166170967722,
            43.184292199679234
          ],
          [
            51.59151279874985,
            43.18427415707108
          ],
          [
            51.59136388782247,
            43.184256114462954
          ],
          [
            51.591214976895095,
            43.18423807185479
          ],
          [
            51.59106606596772,
            43.18422002924666
          ],
          [
            51.59091715504035,
            43.18420198663851
          ],
          [
            51.59076824411298,
            43.184183944030366
          ],
          [
            51.59061933318561,
            43.18416590142222
          ],
          [
            51.59047042225823,
            43.18414785881407
          ],
          [
            51.59032151133086,
            43.184129816205925
          ],
          [
            51.590172600403484,
            43.18411177359778
          ],
          [
            51.590023689476105,
            43.18409373098963
          ],
          [
            51.58987477854873,
            43.18407568838148
          ],
          [
            51.58972586762136,
            43.18405764577334
          ],
          [
            51.58957695669399,
            43.18403960316519
          ],
          [
            51.5894280457666,
            43.18402156055705
          ],
          [
            51.58927913483924,
            43.18400351794891
          ],
          [
            51.58913022391186,
            43.183985475340755
          ],
          [
            51.588981312984494,
            43.183967432732615
          ],
          [
            51.58883240205712,
            43.18394939012447
          ],
          [
            51.588683491129736,
            43.18393134751632
          ],
          [
            51.588534580202364,
            43.183913304908174
          ],
          [
            51.588385669275,
            43.18389526230003
          ],
          [
            51.58823675834762,
            43.18387721969188
          ],
          [
            51.588087847420255,
            43.18385917708373
          ],
          [
            51.587938936492876,
            43.183841134475585
          ],
          [
            51.587790025565496,
            43.18382309186744
          ],
          [
            51.58764111463813,
            43.18380504925929
          ],
          [
            51.58749220371076,
            43.183787006651144
          ],
          [
            51.58734329278339,
            43.18376896404301
          ],
          [
            51.587194381856015,
            43.183750921434864
          ],
          [
            51.58704547092863,
            43.18373287882671
          ],
          [
            51.586896560001264,
            43.18371483621856
          ],
          [
            51.586747649073885,
            43.183696793610416
          ],
          [
            51.58659873814651,
            43.183678751002276
          ],
          [
            51.58644982721914,
            43.18366070839412
          ],
          [
            51.58630091629177,
            43.18364266578598
          ],
          [
            51.58614849013916,
            43.18362476389824
          ],
          [
            51.58598517090948,
            43.18360729807878
          ],
          [
            51.58581521077605,
            43.18359009810593
          ],
          [
            51.58564256268772,
            43.18357300573645
          ],
          [
            51.585470880368796,
            43.1835558747056
          ],
          [
            51.58530351831915,
            43.18353857072705
          ],
          [
            51.5851435318141,
            43.183520971492996
          ],
          [
            51.584993676904475,
            43.18350296667405
          ],
          [
            51.584856410416656,
            43.18348445791931
          ],
          [
            51.58473388995243,
            43.18346535885633
          ],
          [
            51.58462797388918,
            43.18344559509112
          ],
          [
            51.58454022137973,
            43.183425104208155
          ],
          [
            51.58447189235243,
            43.18340383577037
          ],
          [
            51.58442394751112,
            43.18338175131919
          ],
          [
            51.58439704833514,
            43.18335882437445
          ],
          [
            51.58439155707935,
            43.1833350404345
          ],
          [
            51.584407536774094,
            43.18331039697611
          ],
          [
            51.58444475122522,
            43.183284903454535
          ],
          [
            51.58450266501408,
            43.1832585813035
          ],
          [
            51.58458044349751,
            43.183231463935165
          ],
          [
            51.58467695280788,
            43.183203596740185
          ],
          [
            51.58479075985302,
            43.18317503708764
          ],
          [
            51.58492013231629,
            43.18314585432512
          ],
          [
            51.58506303865656,
            43.183116129778625
          ],
          [
            51.58521714810817,
            43.183085956752656
          ],
          [
            51.585379830681,
            43.183055440530154
          ],
          [
            51.58554815716036,
            43.18302469837253
          ],
          [
            51.58571889910714,
            43.18299385951967
          ],
          [
            51.585888528857694,
            43.182963065189895
          ],
          [
            51.58605321952389,
            43.18293246858003
          ],
          [
            51.586208844993074,
            43.18290223486531
          ],
          [
            51.58635583717282,
            43.18287234675576
          ],
          [
            51.58650282935257,
            43.182842458646206
          ],
          [
            51.586649821532326,
            43.182812570536655
          ],
          [
            51.58679681371208,
            43.182782682427096
          ],
          [
            51.58694380589182,
            43.182752794317544
          ],
          [
            51.587090798071564,
            43.182722906207985
          ],
          [
            51.58723779025131,
            43.18269301809843
          ],
          [
            51.587384782431066,
            43.18266312998888
          ],
          [
            51.5875317746108,
            43.18263324187933
          ],
          [
            51.58767876679055,
            43.18260335376977
          ],
          [
            51.58782575897031,
            43.18257346566021
          ],
          [
            51.58797275115006,
            43.18254357755066
          ],
          [
            51.58811974332981,
            43.18251368944111
          ],
          [
            51.58826673550955,
            43.18248380133156
          ],
          [
            51.5884137276893,
            43.18245391322201
          ],
          [
            51.58856071986905,
            43.182424025112454
          ],
          [
            51.58870771204881,
            43.1823941370029
          ],
          [
            51.58885470422855,
            43.18236424889334
          ],
          [
            51.589001696408296,
            43.182334360783784
          ],
          [
            51.589148688588054,
            43.18230447267423
          ],
          [
            51.5892956807678,
            43.18227458456468
          ],
          [
            51.58944267294754,
            43.18224469645513
          ],
          [
            51.58958966512729,
            43.18221480834557
          ],
          [
            51.58973665730704,
            43.18218492023602
          ],
          [
            51.589883649486794,
            43.182155032126474
          ],
          [
            51.59003064166654,
            43.1821251440169
          ],
          [
            51.590177633846295,
            43.182095255907356
          ],
          [
            51.59032462602603,
            43.182065367797804
          ],
          [
            51.59047161820579,
            43.18203547968825
          ],
          [
            51.59061861038554,
            43.182005591578694
          ],
          [
            51.590765602565284,
            43.18197570346915
          ],
          [
            51.59091259474504,
            43.18194581535958
          ],
          [
            51.591059586924786,
            43.18191592725003
          ],
          [
            51.59120657910453,
            43.18188603914047
          ],
          [
            51.59135357128429,
            43.18185615103093
          ],
          [
            51.591500563464024,
            43.181826262921376
          ],
          [
            51.591647555643775,
            43.181796374811825
          ],
          [
            51.59179454782352,
            43.18176648670227
          ],
          [
            51.591941540003276,
            43.18173659859271
          ],
          [
            51.592088532183034,
            43.181706710483155
          ],
          [
            51.59223552436277,
            43.1816768223736
          ],
          [
            51.59238251654252,
            43.18164693426405
          ],
          [
            51.592529508722265,
            43.1816170461545
          ],
          [
            51.592676500902016,
            43.18158715804494
          ],
          [
            51.59282349308177,
            43.18155726993539
          ],
          [
            51.59297048526151,
            43.18152738182584
          ],
          [
            51.59311747744127,
            43.18149749371627
          ],
          [
            51.59326446962102,
            43.18146760560672
          ],
          [
            51.59341146180076,
            43.181437717497175
          ],
          [
            51.593558453980506,
            43.181407829387624
          ],
          [
            51.59370544616026,
            43.18137794127807
          ],
          [
            51.59385243834001,
            43.18134805316851
          ],
          [
            51.59399943051976,
            43.181318165058954
          ],
          [
            51.59414642269951,
            43.1812882769494
          ],
          [
            51.59429341487925,
            43.18125838883985
          ],
          [
            51.59444040705901,
            43.18122850073029
          ],
          [
            51.594587399238755,
            43.18119861262075
          ],
          [
            51.5947343914185,
            43.18116872451119
          ],
          [
            51.59488138359824,
            43.18113883640164
          ],
          [
            51.595028375778,
            43.18110894829207
          ],
          [
            51.59517536795775,
            43.181079060182526
          ],
          [
            51.5953223601375,
            43.181049172072974
          ],
          [
            51.59546935231724,
            43.18101928396342
          ],
          [
            51.59561634449699,
            43.18098939585387
          ],
          [
            51.59576333667674,
            43.18095950774432
          ],
          [
            51.5959103288565,
            43.18092961963477
          ],
          [
            51.59605732103624,
            43.1808997315252
          ],
          [
            51.59620431321599,
            43.18086984341565
          ],
          [
            51.59635130539574,
            43.18083995530609
          ],
          [
            51.596498297575486,
            43.18081006719654
          ],
          [
            51.59664528975523,
            43.180780179086995
          ],
          [
            51.59679228193498,
            43.180750290977436
          ],
          [
            51.59693927411473,
            43.180720402867884
          ],
          [
            51.59708626629448,
            43.18069051475833
          ],
          [
            51.59723325847423,
            43.18066062664877
          ],
          [
            51.597380250653984,
            43.18063073853922
          ],
          [
            51.59752724283373,
            43.18060085042967
          ],
          [
            51.59767423501348,
            43.18057096232012
          ],
          [
            51.59782122719322,
            43.18054107421056
          ],
          [
            51.59796821937297,
            43.180511186101
          ],
          [
            51.59811521155273,
            43.18048129799145
          ],
          [
            51.598262203732475,
            43.1804514098819
          ],
          [
            51.598409195912225,
            43.180421521772345
          ],
          [
            51.598556188091976,
            43.18039163366279
          ],
          [
            51.59870318027171,
            43.18036174555324
          ],
          [
            51.59885017245146,
            43.18033185744368
          ],
          [
            51.598997164631214,
            43.18030196933413
          ],
          [
            51.599144156810965,
            43.18027208122457
          ],
          [
            51.59929114899072,
            43.18024219311501
          ],
          [
            51.599438141170474,
            43.18021230500547
          ],
          [
            51.59958513335021,
            43.18018241689591
          ],
          [
            51.599732125529954,
            43.180152528786365
          ],
          [
            51.59987911770972,
            43.180122640676814
          ],
          [
            51.60002610988946,
            43.18009275256725
          ],
          [
            51.600173102069206,
            43.180062864457696
          ],
          [
            51.60032009424896,
            43.180032976348144
          ],
          [
            51.60046708642871,
            43.18000308823859
          ],
          [
            51.60061407860845,
            43.17997320012904
          ],
          [
            51.6007610707882,
            43.17994331201949
          ],
          [
            51.600908062967946,
            43.17991342390993
          ],
          [
            51.6010550551477,
            43.17988353580037
          ],
          [
            51.601202047327455,
            43.17985364769083
          ],
          [
            51.6013490395072,
            43.17982375958126
          ],
          [
            51.60149603168695,
            43.17979387147171
          ],
          [
            51.6016430238667,
            43.179763983362164
          ],
          [
            51.601790016046444,
            43.17973409525261
          ],
          [
            51.601937008226194,
            43.179704207143054
          ],
          [
            51.60208400040593,
            43.1796743190335
          ],
          [
            51.60223099258569,
            43.17964443092395
          ],
          [
            51.60237798476544,
            43.17961454281439
          ],
          [
            51.60252497694519,
            43.17958465470484
          ],
          [
            51.60267196912494,
            43.17955476659528
          ],
          [
            51.602818961304685,
            43.179524878485736
          ],
          [
            51.60296595348443,
            43.17949499037618
          ],
          [
            51.60311294566418,
            43.179465102266626
          ],
          [
            51.60325993784393,
            43.17943521415707
          ],
          [
            51.60340693002369,
            43.179405326047515
          ],
          [
            51.60355392220343,
            43.17937543793796
          ],
          [
            51.603700914383175,
            43.17934554982841
          ],
          [
            51.603847906562926,
            43.17931566171887
          ],
          [
            51.60399489874267,
            43.17928577360931
          ],
          [
            51.60414189092242,
            43.17925588549975
          ],
          [
            51.60428888310217,
            43.1792259973902
          ],
          [
            51.60443587528192,
            43.17919610928064
          ],
          [
            51.60458286746167,
            43.17916622117109
          ],
          [
            51.604729859641424,
            43.17913633306153
          ],
          [
            51.60487685182117,
            43.179106444951984
          ],
          [
            51.60502384400092,
            43.17907655684243
          ],
          [
            51.60517083618066,
            43.17904666873287
          ],
          [
            51.60531782836041,
            43.179016780623314
          ],
          [
            51.60546482054017,
            43.17898689251377
          ],
          [
            51.605611812719914,
            43.17895700440421
          ],
          [
            51.605758804899665,
            43.17892711629466
          ],
          [
            51.605905797079416,
            43.1788972281851
          ],
          [
            51.60605278925915,
            43.17886734007555
          ],
          [
            51.6061997814389,
            43.17883745196599
          ],
          [
            51.606346773618654,
            43.17880756385643
          ],
          [
            51.606493765798405,
            43.178777675746886
          ],
          [
            51.606640757978155,
            43.178747787637334
          ],
          [
            51.6067877501579,
            43.17871789952779
          ],
          [
            51.60693474233766,
            43.17868801141823
          ],
          [
            51.6070817345174,
            43.17865812330867
          ],
          [
            51.60722872669715,
            43.17862823519912
          ],
          [
            51.607375718876895,
            43.17859834708956
          ],
          [
            51.607522711056646,
            43.17856845898001
          ],
          [
            51.6076697032364,
            43.17853857087046
          ],
          [
            51.60781669541615,
            43.1785086827609
          ],
          [
            51.60796368759589,
            43.17847879465135
          ],
          [
            51.60811067977565,
            43.17844890654179
          ],
          [
            51.608257671955386,
            43.17841901843224
          ],
          [
            51.608404664135136,
            43.178389130322685
          ],
          [
            51.60855165631489,
            43.17835924221313
          ],
          [
            51.60869864849464,
            43.178329354103575
          ],
          [
            51.608845640674396,
            43.17829946599403
          ],
          [
            51.60899263285413,
            43.17826957788447
          ],
          [
            51.60913962503388,
            43.17823968977492
          ],
          [
            51.60928661721363,
            43.17820980166536
          ],
          [
            51.60943360939338,
            43.17817991355581
          ],
          [
            51.60958060157313,
            43.17815002544626
          ],
          [
            51.60972759375288,
            43.1781201373367
          ],
          [
            51.60987458593263,
            43.178090249227154
          ],
          [
            51.61002157811239,
            43.1780603611176
          ],
          [
            51.610168570292124,
            43.17803047300805
          ],
          [
            51.61031556247187,
            43.17800058489849
          ],
          [
            51.61046255465162,
            43.17797069678893
          ],
          [
            51.61060954683138,
            43.17794080867938
          ],
          [
            51.61075653901112,
            43.17791092056983
          ],
          [
            51.61090353119087,
            43.17788103246028
          ],
          [
            51.61105052337062,
            43.177851144350726
          ],
          [
            51.611197515550366,
            43.17782125624117
          ],
          [
            51.61134450773012,
            43.17779136813161
          ],
          [
            51.61149149990985,
            43.177761480022056
          ],
          [
            51.611638492089604,
            43.177731591912504
          ],
          [
            51.61178548426936,
            43.17770170380296
          ],
          [
            51.61193247644911,
            43.1776718156934
          ],
          [
            51.61207946862886,
            43.17764192758385
          ],
          [
            51.61222646080861,
            43.17761203947429
          ],
          [
            51.61237345298835,
            43.17758215136474
          ],
          [
            51.6125204451681,
            43.17755226325518
          ],
          [
            51.61266743734786,
            43.17752237514563
          ],
          [
            51.612814429527596,
            43.177492487036076
          ],
          [
            51.612961421707354,
            43.177462598926525
          ],
          [
            51.613108413887105,
            43.17743271081697
          ],
          [
            51.61325540606685,
            43.177402822707414
          ],
          [
            51.61340239824659,
            43.177372934597855
          ],
          [
            51.61354939042634,
            43.1773430464883
          ],
          [
            51.61369638260609,
            43.17731315837875
          ],
          [
            51.613843374785844,
            43.1772832702692
          ],
          [
            51.6139903669656,
            43.17725338215965
          ],
          [
            51.614137359145346,
            43.17722349405009
          ],
          [
            51.61428435132509,
            43.17719360594054
          ],
          [
            51.61443134350484,
            43.177163717830986
          ],
          [
            51.61457833568459,
            43.17713382972142
          ],
          [
            51.614725327864335,
            43.17710394161187
          ],
          [
            51.614872320044086,
            43.177074053502324
          ],
          [
            51.61501931222383,
            43.17704416539277
          ],
          [
            51.61516630440358,
            43.17701427728321
          ],
          [
            51.61531329658334,
            43.17698438917366
          ],
          [
            51.61546028876308,
            43.17695450106411
          ],
          [
            51.615607280942825,
            43.17692461295455
          ],
          [
            51.615754273122576,
            43.176894724845
          ],
          [
            51.61590126530233,
            43.17686483673545
          ],
          [
            51.61604825748207,
            43.176834948625896
          ],
          [
            51.61619524966183,
            43.17680506051634
          ],
          [
            51.61634224184157,
            43.176775172406785
          ],
          [
            51.61648923402133,
            43.176745284297226
          ],
          [
            51.61663622620107,
            43.176715396187674
          ],
          [
            51.61678321838082,
            43.17668550807812
          ],
          [
            51.61693021056057,
            43.17665561996857
          ],
          [
            51.61707720274032,
            43.17662573185902
          ],
          [
            51.61722419492008,
            43.17659584374946
          ],
          [
            51.61737118709982,
            43.17656595563991
          ],
          [
            51.617518179279564,
            43.17653606753036
          ],
          [
            51.61766517145931,
            43.1765061794208
          ],
          [
            51.617812163639066,
            43.176476291311246
          ],
          [
            51.617959155818816,
            43.176446403201695
          ],
          [
            51.61810614799855,
            43.17641651509214
          ],
          [
            51.61825314017831,
            43.17638662698259
          ],
          [
            51.61840013235806,
            43.17635673887304
          ],
          [
            51.618547124537805,
            43.17632685076347
          ],
          [
            51.61869411671755,
            43.17629696265392
          ],
          [
            51.61884110889729,
            43.17626707454437
          ],
          [
            51.61898810107705,
            43.17623718643482
          ],
          [
            51.6191350932568,
            43.17620729832526
          ],
          [
            51.61928208543655,
            43.17617741021571
          ],
          [
            51.6194290776163,
            43.17614752210615
          ],
          [
            51.61957606979605,
            43.176117633996604
          ],
          [
            51.6197230619758,
            43.17608774588704
          ],
          [
            51.61987005415554,
            43.17605785777749
          ],
          [
            51.620017046335285,
            43.17602796966794
          ],
          [
            51.62016403851504,
            43.17599808155839
          ],
          [
            51.62031103069479,
            43.17596819344883
          ],
          [
            51.62045802287454,
            43.17593830533927
          ],
          [
            51.620605015054295,
            43.17590841722972
          ],
          [
            51.62075200723404,
            43.17587852912017
          ],
          [
            51.62089899941378,
            43.17584864101062
          ],
          [
            51.62104599159353,
            43.175818752901066
          ],
          [
            51.621192983773284,
            43.175788864791514
          ],
          [
            51.62133997595304,
            43.175758976681955
          ],
          [
            51.621486968132785,
            43.175729088572396
          ],
          [
            51.62163396031253,
            43.175699200462844
          ],
          [
            51.62178095249228,
            43.17566931235329
          ],
          [
            51.621927944672024,
            43.17563942424374
          ],
          [
            51.622074936851774,
            43.17560953613419
          ],
          [
            51.622221929031525,
            43.17557964802464
          ],
          [
            51.62236892121127,
            43.175549759915086
          ],
          [
            51.62251591339103,
            43.17551987180553
          ],
          [
            51.62266290557078,
            43.17548998369597
          ],
          [
            51.62280989775052,
            43.175460095586416
          ],
          [
            51.622956889930265,
            43.175430207476865
          ],
          [
            51.623103882110016,
            43.175400319367306
          ],
          [
            51.62325087428977,
            43.17537043125776
          ],
          [
            51.62339786646951,
            43.17534054314821
          ],
          [
            51.62354485864927,
            43.17531065503864
          ],
          [
            51.62369185082902,
            43.17528076692909
          ],
          [
            51.62383884300876,
            43.17525087881954
          ],
          [
            51.623985835188506,
            43.17522099070998
          ],
          [
            51.62413282736826,
            43.17519110260044
          ],
          [
            51.62427981954801,
            43.17516121449088
          ],
          [
            51.62442681172776,
            43.175131326381326
          ],
          [
            51.62457380390751,
            43.17510143827177
          ],
          [
            51.62472079608725,
            43.175071550162215
          ],
          [
            51.624867788267,
            43.17504166205266
          ],
          [
            51.625014780446755,
            43.17501177394311
          ],
          [
            51.625161772626505,
            43.17498188583356
          ],
          [
            51.62530876480625,
            43.17495199772401
          ],
          [
            51.625455756986,
            43.17492210961445
          ],
          [
            51.62560274916575,
            43.17489222150489
          ],
          [
            51.625749741345494,
            43.17486233339534
          ],
          [
            51.625896733525245,
            43.17483244528579
          ],
          [
            51.62604372570499,
            43.17480255717623
          ],
          [
            51.62619071788474,
            43.17477266906668
          ],
          [
            51.6263377100645,
            43.17474278095713
          ],
          [
            51.62648470224424,
            43.17471289284757
          ],
          [
            51.62663169442399,
            43.17468300473803
          ],
          [
            51.62677868660374,
            43.17465311662846
          ],
          [
            51.626925678783486,
            43.17462322851891
          ],
          [
            51.62707267096324,
            43.17459334040936
          ],
          [
            51.62721966314298,
            43.17456345229981
          ],
          [
            51.62736665532273,
            43.17453356419025
          ],
          [
            51.62751364750248,
            43.174503676080704
          ],
          [
            51.62766063968224,
            43.174473787971145
          ],
          [
            51.627807631861984,
            43.174443899861586
          ],
          [
            51.627954624041735,
            43.174414011752035
          ],
          [
            51.62810161622148,
            43.174384123642476
          ],
          [
            51.62824860840122,
            43.17435423553293
          ],
          [
            51.62839560058097,
            43.17432434742338
          ],
          [
            51.62854259276072,
            43.17429445931382
          ],
          [
            51.628689584940474,
            43.17426457120427
          ],
          [
            51.62883657712022,
            43.17423468309471
          ],
          [
            51.62898356929997,
            43.17420479498515
          ],
          [
            51.62913056147973,
            43.174174906875606
          ],
          [
            51.62927755365947,
            43.174145018766055
          ],
          [
            51.62942454583922,
            43.174115130656496
          ],
          [
            51.629571538018965,
            43.174085242546944
          ],
          [
            51.629718530198716,
            43.174055354437385
          ],
          [
            51.629865522378466,
            43.174025466327834
          ],
          [
            51.63001251455822,
            43.17399557821828
          ],
          [
            51.630159506737954,
            43.17396569010874
          ],
          [
            51.630306498917705,
            43.17393580199918
          ],
          [
            51.63045349109746,
            43.17390591388963
          ],
          [
            51.6306004832772,
            43.173876025780075
          ],
          [
            51.63074747545695,
            43.173846137670516
          ],
          [
            51.63089446763671,
            43.17381624956096
          ],
          [
            51.63104145981646,
            43.173786361451405
          ],
          [
            51.631188451996195,
            43.17375647334185
          ],
          [
            51.631335444175946,
            43.1737265852323
          ],
          [
            51.6314824363557,
            43.17369669712275
          ],
          [
            51.63162942853545,
            43.173666809013184
          ],
          [
            51.6317764207152,
            43.17363692090364
          ],
          [
            51.63192341289495,
            43.17360703279409
          ],
          [
            51.6320704050747,
            43.17357714468453
          ],
          [
            51.63221739725444,
            43.17354725657498
          ],
          [
            51.632364389434194,
            43.173517368465426
          ],
          [
            51.63251138161394,
            43.17348748035587
          ],
          [
            51.63265837379369,
            43.173457592246315
          ],
          [
            51.63280536597344,
            43.173427704136756
          ],
          [
            51.63295235815319,
            43.173397816027204
          ],
          [
            51.633099350332934,
            43.173367927917646
          ],
          [
            51.63324634251269,
            43.1733380398081
          ],
          [
            51.633393334692435,
            43.17330815169855
          ],
          [
            51.63354032687218,
            43.17327826358899
          ],
          [
            51.63368731905193,
            43.17324837547944
          ],
          [
            51.63383431123168,
            43.17321848736989
          ],
          [
            51.63398130341144,
            43.17318859926033
          ],
          [
            51.634128295591175,
            43.173158711150776
          ],
          [
            51.63427528777092,
            43.173128823041225
          ],
          [
            51.63442227995068,
            43.173098934931666
          ],
          [
            51.63456927213042,
            43.173069046822114
          ],
          [
            51.63471626431017,
            43.173039158712555
          ],
          [
            51.63486325648992,
            43.173009270603
          ],
          [
            51.63501024866967,
            43.17297938249345
          ],
          [
            51.63515724084942,
            43.1729494943839
          ],
          [
            51.63530423302917,
            43.17291960627435
          ],
          [
            51.63545122520891,
            43.1728897181648
          ],
          [
            51.63559821738866,
            43.17285983005524
          ],
          [
            51.63574520956841,
            43.172829941945686
          ],
          [
            51.63589220174817,
            43.17280005383613
          ],
          [
            51.636039193927914,
            43.172770165726575
          ],
          [
            51.636186186107665,
            43.172740277617024
          ],
          [
            51.636333178287416,
            43.17271038950747
          ],
          [
            51.63648017046716,
            43.17268050139792
          ],
          [
            51.6366271626469,
            43.17265061328837
          ],
          [
            51.63677415482665,
            43.1726207251788
          ],
          [
            51.636921147006404,
            43.17259083706925
          ],
          [
            51.637068139186155,
            43.1725609489597
          ],
          [
            51.6372151313659,
            43.17253106085015
          ],
          [
            51.63736212354564,
            43.172501172740596
          ],
          [
            51.6375091157254,
            43.17247128463104
          ],
          [
            51.63765610790515,
            43.172441396521485
          ],
          [
            51.6378031000849,
            43.172411508411926
          ],
          [
            51.63795009226464,
            43.172381620302374
          ],
          [
            51.6380970844444,
            43.17235173219282
          ],
          [
            51.63824407662415,
            43.172321844083264
          ],
          [
            51.6383910688039,
            43.17229195597372
          ],
          [
            51.638538060983635,
            43.17226206786417
          ],
          [
            51.638685053163385,
            43.17223217975461
          ],
          [
            51.63883204534314,
            43.17220229164506
          ],
          [
            51.63897903752289,
            43.172172403535505
          ],
          [
            51.63912602970263,
            43.172142515425946
          ],
          [
            51.63927302188239,
            43.172112627316395
          ],
          [
            51.63942001406213,
            43.17208273920684
          ],
          [
            51.63956700624188,
            43.17205285109729
          ],
          [
            51.63971399842163,
            43.17202296298773
          ],
          [
            51.63986099060138,
            43.17199307487817
          ],
          [
            51.64000798278113,
            43.17196318676862
          ],
          [
            51.64015497496088,
            43.17193329865907
          ],
          [
            51.64030196714062,
            43.171903410549525
          ],
          [
            51.64044895932038,
            43.17187352243997
          ],
          [
            51.64059595150013,
            43.17184363433042
          ],
          [
            51.640742943679875,
            43.171813746220856
          ],
          [
            51.64088993585962,
            43.171783858111304
          ],
          [
            51.64103692803937,
            43.17175397000175
          ],
          [
            51.64118392021912,
            43.171724081892194
          ],
          [
            51.641330912398864,
            43.17169419378264
          ],
          [
            51.641477904578615,
            43.17166430567309
          ],
          [
            51.64162489675837,
            43.17163441756354
          ],
          [
            51.641771888938116,
            43.17160452945399
          ],
          [
            51.64191888111786,
            43.17157464134443
          ],
          [
            51.64206587329761,
            43.17154475323487
          ],
          [
            51.64221286547736,
            43.17151486512532
          ],
          [
            51.64235985765711,
            43.171484977015766
          ],
          [
            51.642506849836856,
            43.17145508890621
          ],
          [
            51.64265384201661,
            43.17142520079666
          ],
          [
            51.64280083419635,
            43.171395312687096
          ],
          [
            51.64294782637611,
            43.171365424577544
          ],
          [
            51.64309481855585,
            43.17133553646799
          ],
          [
            51.6432418107356,
            43.171305648358434
          ],
          [
            51.643388802915354,
            43.17127576024889
          ],
          [
            51.643535795095104,
            43.17124587213934
          ],
          [
            51.643682787274855,
            43.171215984029786
          ],
          [
            51.6438297794546,
            43.17118609592023
          ],
          [
            51.643976771634335,
            43.171156207810675
          ],
          [
            51.64412376381409,
            43.171126319701116
          ],
          [
            51.644270755993844,
            43.171096431591565
          ],
          [
            51.644417748173595,
            43.17106654348201
          ],
          [
            51.644564740353346,
            43.17103665537246
          ],
          [
            51.644711732533096,
            43.1710067672629
          ],
          [
            51.64485872471283,
            43.17097687915335
          ],
          [
            51.645005716892584,
            43.170946991043806
          ],
          [
            51.645152709072335,
            43.17091710293424
          ],
          [
            51.645299701252085,
            43.170887214824695
          ],
          [
            51.645446693431836,
            43.17085732671514
          ],
          [
            51.64559368561159,
            43.170827438605585
          ],
          [
            51.64574067779134,
            43.17079755049603
          ],
          [
            51.64588766997108,
            43.17076766238648
          ],
          [
            51.646034662150825,
            43.17073777427692
          ],
          [
            51.646181654330576,
            43.170707886167364
          ],
          [
            51.64632864651032,
            43.17067799805781
          ],
          [
            51.646475638690085,
            43.17064810994826
          ],
          [
            51.64662263086983,
            43.17061822183871
          ],
          [
            51.64676962304957,
            43.17058833372916
          ],
          [
            51.64691661522932,
            43.170558445619605
          ],
          [
            51.647063607409066,
            43.170528557510046
          ],
          [
            51.647210599588824,
            43.17049866940049
          ],
          [
            51.64735759176857,
            43.170468781290936
          ],
          [
            51.64750458394832,
            43.170438893181384
          ],
          [
            51.64765157612807,
            43.170409005071825
          ],
          [
            51.64779856830783,
            43.17037911696227
          ],
          [
            51.64794556048756,
            43.17034922885272
          ],
          [
            51.64809255266731,
            43.17031934074317
          ],
          [
            51.64823954484706,
            43.170289452633604
          ],
          [
            51.648386537026816,
            43.17025956452406
          ],
          [
            51.64853352920657,
            43.17022967641451
          ],
          [
            51.64868052138631,
            43.170199788304956
          ],
          [
            51.64882751356606,
            43.170169900195404
          ],
          [
            51.648974505745805,
            43.17014001208585
          ],
          [
            51.64912149792555,
            43.170110123976286
          ],
          [
            51.64926849010529,
            43.170080235866735
          ],
          [
            51.64941548228505,
            43.17005034775718
          ],
          [
            51.64956247446481,
            43.170020459647624
          ],
          [
            51.64970946664456,
            43.16999057153808
          ],
          [
            51.6498564588243,
            43.16996068342853
          ],
          [
            51.65000345100404,
            43.16993079531896
          ],
          [
            51.6501504431838,
            43.16990090720942
          ],
          [
            51.65029743536354,
            43.169871019099865
          ],
          [
            51.6504444275433,
            43.16984113099031
          ],
          [
            51.65059141972304,
            43.169811242880755
          ],
          [
            51.65073841190279,
            43.1697813547712
          ],
          [
            51.650885404082544,
            43.169751466661644
          ],
          [
            51.65103239626229,
            43.16972157855209
          ],
          [
            51.65117938844203,
            43.169691690442534
          ],
          [
            51.65132638062178,
            43.16966180233298
          ],
          [
            51.65147337280153,
            43.16963191422342
          ],
          [
            51.651620364981284,
            43.16960202611388
          ],
          [
            51.651767357161035,
            43.16957213800433
          ],
          [
            51.65191434934078,
            43.169542249894775
          ],
          [
            51.65206134152053,
            43.169512361785216
          ],
          [
            51.65220833370028,
            43.169482473675664
          ],
          [
            51.65235532588002,
            43.169452585566106
          ],
          [
            51.652502318059774,
            43.16942269745655
          ],
          [
            51.652649310239525,
            43.169392809347
          ],
          [
            51.65279630241927,
            43.16936292123745
          ],
          [
            51.65294329459903,
            43.1693330331279
          ],
          [
            51.65309028677878,
            43.16930314501834
          ],
          [
            51.65323727895852,
            43.16927325690878
          ],
          [
            51.653384271138265,
            43.16924336879923
          ],
          [
            51.653531263318015,
            43.16921348068968
          ],
          [
            51.653678255497766,
            43.169183592580126
          ],
          [
            51.65382524767752,
            43.169153704470574
          ],
          [
            51.65397223985726,
            43.16912381636102
          ],
          [
            51.65411923203701,
            43.169093928251456
          ],
          [
            51.65426622421677,
            43.169064040141905
          ],
          [
            51.65441321639651,
            43.16903415203235
          ],
          [
            51.65456020857625,
            43.169004263922794
          ],
          [
            51.654707200756,
            43.16897437581324
          ],
          [
            51.65485419293576,
            43.1689444877037
          ],
          [
            51.65500118511551,
            43.16891459959414
          ],
          [
            51.65514817729525,
            43.168884711484594
          ],
          [
            51.655295169474996,
            43.16885482337503
          ],
          [
            51.65544216165475,
            43.16882493526548
          ],
          [
            51.6555891538345,
            43.168795047155925
          ],
          [
            51.65573614601425,
            43.16876515904637
          ],
          [
            51.65588313819399,
            43.16873527093682
          ],
          [
            51.65603013037375,
            43.16870538282726
          ],
          [
            51.656177122553494,
            43.16867549471771
          ],
          [
            51.656324114733245,
            43.16864560660816
          ],
          [
            51.65647110691299,
            43.16861571849859
          ],
          [
            51.65661809909274,
            43.16858583038904
          ],
          [
            51.65676509127249,
            43.1685559422795
          ],
          [
            51.656912083452234,
            43.168526054169945
          ],
          [
            51.65705907563199,
            43.16849616606039
          ],
          [
            51.65720606781174,
            43.16846627795083
          ],
          [
            51.657353059991486,
            43.16843638984128
          ],
          [
            51.65750005217124,
            43.168406501731724
          ],
          [
            51.65764704435098,
            43.16837661362217
          ],
          [
            51.65779403653073,
            43.16834672551262
          ],
          [
            51.65794102871048,
            43.16831683740306
          ],
          [
            51.65808802089023,
            43.16828694929352
          ],
          [
            51.658235013069984,
            43.16825706118395
          ],
          [
            51.658382005249734,
            43.1682271730744
          ],
          [
            51.65852899742947,
            43.16819728496485
          ],
          [
            51.65867598960922,
            43.168167396855296
          ],
          [
            51.65882298178897,
            43.168137508745744
          ],
          [
            51.65896997396872,
            43.16810762063619
          ],
          [
            51.659116966148474,
            43.16807773252663
          ],
          [
            51.659263958328225,
            43.16804784441708
          ],
          [
            51.65941095050797,
            43.16801795630752
          ],
          [
            51.65955794268771,
            43.16798806819797
          ],
          [
            51.65970493486747,
            43.16795818008842
          ],
          [
            51.659851927047214,
            43.16792829197887
          ],
          [
            51.65999891922696,
            43.167898403869316
          ],
          [
            51.660145911406715,
            43.167868515759764
          ],
          [
            51.66029290358647,
            43.167838627650205
          ],
          [
            51.66043989576621,
            43.167808739540654
          ],
          [
            51.66058688794596,
            43.167778851431095
          ],
          [
            51.660733880125704,
            43.16774896332154
          ],
          [
            51.66088087230546,
            43.16771907521199
          ],
          [
            51.661027864485206,
            43.16768918710243
          ],
          [
            51.66117485666496,
            43.16765929899288
          ],
          [
            51.66132184884471,
            43.16762941088332
          ],
          [
            51.66146884102446,
            43.16759952277377
          ],
          [
            51.6616158332042,
            43.16756963466422
          ],
          [
            51.66176282538394,
            43.16753974655467
          ],
          [
            51.66190981756369,
            43.167509858445115
          ],
          [
            51.66205680974345,
            43.16747997033556
          ],
          [
            51.662203801923205,
            43.167450082226004
          ],
          [
            51.66235079410295,
            43.16742019411645
          ],
          [
            51.662497786282685,
            43.167390306006894
          ],
          [
            51.66264477846244,
            43.16736041789734
          ],
          [
            51.662791770642194,
            43.16733052978779
          ],
          [
            51.66293876282194,
            43.16730064167823
          ],
          [
            51.663087078621054,
            43.167271848871415
          ],
          [
            51.66324088033756,
            43.16724759569317
          ],
          [
            51.663398072487716,
            43.167226148118516
          ],
          [
            51.66355670635225,
            43.167205893570895
          ],
          [
            51.66371497997643,
            43.167185340922295
          ],
          [
            51.66387123816999,
            43.167163120493115
          ],
          [
            51.66402397250716,
            43.16713798405226
          ],
          [
            51.66417182132669,
            43.16710880481711
          ],
          [
            51.664313569731796,
            43.16707457745352
          ],
          [
            51.664448149590235,
            43.167034418075794
          ],
          [
            51.66457463953421,
            43.16698756424678
          ],
          [
            51.66469226496044,
            43.16693337497772
          ],
          [
            51.664800398030174,
            43.16687133072839
          ],
          [
            51.66489855766912,
            43.166801033407026
          ],
          [
            51.664986409567504,
            43.16672220637032
          ],
          [
            51.665063766180054,
            43.166634694423486
          ],
          [
            51.66513058672594,
            43.16653846382015
          ],
          [
            51.66518697718891,
            43.16643360226247
          ],
          [
            51.66523319031715,
            43.16632031890107
          ],
          [
            51.66526962562339,
            43.16619894433502
          ],
          [
            51.665296829384815,
            43.1660699306119
          ],
          [
            51.665315494643146,
            43.165933851227734
          ],
          [
            51.66532646120454,
            43.16579140112706
          ],
          [
            51.66533071563973,
            43.16564339670286
          ],
          [
            51.66532912467933,
            43.16549076565719
          ],
          [
            51.6653230147721,
            43.165334569042734
          ],
          [
            51.66531391888399,
            43.16517599163313
          ],
          [
            51.66530350897516,
            43.16501633935499
          ],
          [
            51.665293596000105,
            43.1648570392879
          ],
          [
            51.66528612990757,
            43.16469963966439
          ],
          [
            51.66528319964053,
            43.16454580986998
          ],
          [
            51.665285204194255,
            43.164395826982904
          ],
          [
            51.66528756802985,
            43.164245857759944
          ],
          [
            51.66529034285743,
            43.16409590416768
          ],
          [
            51.6652935726169,
            43.16394596787727
          ],
          [
            51.665297293477934,
            43.16379605026427
          ],
          [
            51.66530153383993,
            43.163646152408774
          ],
          [
            51.66530631433211,
            43.16349627509533
          ],
          [
            51.665311647813425,
            43.163346418813006
          ],
          [
            51.66531753937262,
            43.16319658375534
          ],
          [
            51.66532398632818,
            43.163046769820326
          ],
          [
            51.6653309782284,
            43.16289697661048
          ],
          [
            51.665338496851284,
            43.16274720343279
          ],
          [
            51.665346516204664,
            43.16259744929872
          ],
          [
            51.665355002526105,
            43.16244771292423
          ],
          [
            51.665363914282935,
            43.16229799272978
          ],
          [
            51.66537320217229,
            43.162148286840285
          ],
          [
            51.66538280912102,
            43.161998593085144
          ],
          [
            51.66539168439338,
            43.1618486902504
          ],
          [
            51.66539924070849,
            43.16169846138106
          ],
          [
            51.66540603506526,
            43.1615480448412
          ],
          [
            51.665412571060166,
            43.16139756857464
          ],
          [
            51.665419298887386,
            43.16124715010493
          ],
          [
            51.66542661533874,
            43.1610968965353
          ],
          [
            51.665434863803675,
            43.16094690454872
          ],
          [
            51.665444702656394,
            43.16079727441827
          ],
          [
            51.66545654435371,
            43.16064808867507
          ],
          [
            51.66547070685348,
            43.16049941786698
          ],
          [
            51.66548746248141,
            43.1603513224171
          ],
          [
            51.66550703793111,
            43.160203852623766
          ],
          [
            51.665529614264045,
            43.16005704866055
          ],
          [
            51.66555532690959,
            43.15991094057623
          ],
          [
            51.665584265664975,
            43.15976554829488
          ],
          [
            51.66561647469531,
            43.15962088161573
          ],
          [
            51.66565195253362,
            43.15947694021332
          ],
          [
            51.665690652080755,
            43.15933371363735
          ],
          [
            51.66573248060547,
            43.159191181312835
          ],
          [
            51.66577729974441,
            43.15904931253995
          ],
          [
            51.665824925502086,
            43.15890806649414
          ],
          [
            51.665875128250875,
            43.158767392226096
          ],
          [
            51.66592763273107,
            43.158627228661715
          ],
          [
            51.66598124658802,
            43.15848705157959
          ],
          [
            51.66603562584593,
            43.158346791377554
          ],
          [
            51.66609075122386,
            43.15820656084004
          ],
          [
            51.666146529233615,
            43.15806644777219
          ],
          [
            51.66620279217969,
            43.15792651499983
          ],
          [
            51.66625929815933,
            43.1577868003694
          ],
          [
            51.66631573106251,
            43.157647316748104
          ],
          [
            51.666371700571894,
            43.157508052023765
          ],
          [
            51.66642810444282,
            43.157369271364935
          ],
          [
            51.666486002296026,
            43.15723126734016
          ],
          [
            51.666545558405446,
            43.15709412534588
          ],
          [
            51.666606908469845,
            43.15695791592391
          ],
          [
            51.66667015961279,
            43.15682269476157
          ],
          [
            51.66673539038276,
            43.15668850269162
          ],
          [
            51.66680265075304,
            43.15655536569221
          ],
          [
            51.666871962121746,
            43.15642329488702
          ],
          [
            51.666943317311876,
            43.15629228654511
          ],
          [
            51.66701668057124,
            43.15616232208102
          ],
          [
            51.6670919875725,
            43.156033368054736
          ],
          [
            51.66716914541317,
            43.15590537617167
          ],
          [
            51.6672480326156,
            43.15577828328271
          ],
          [
            51.667328499127,
            43.15565201138415
          ],
          [
            51.66741275720464,
            43.1555273363437
          ],
          [
            51.66750007550632,
            43.155403960003106
          ],
          [
            51.66758930548765,
            43.155281428142324
          ],
          [
            51.66767933703982,
            43.155159296035016
          ],
          [
            51.667769098489494,
            43.15503712844857
          ],
          [
            51.667857556598854,
            43.15491449964407
          ],
          [
            51.66794371656563,
            43.154790993376324
          ],
          [
            51.668026622023106,
            43.15466620289386
          ],
          [
            51.66810535504005,
            43.154539730938936
          ],
          [
            51.668180240284855,
            43.154411815722014
          ],
          [
            51.66825118976544,
            43.154282470448834
          ],
          [
            51.66831789381185,
            43.15415158260112
          ],
          [
            51.668380109764804,
            43.154019064008864
          ],
          [
            51.66843766197571,
            43.15388485085028
          ],
          [
            51.668490441806654,
            43.15374890365192
          ],
          [
            51.668538407630415,
            43.15361120728855
          ],
          [
            51.668581584830456,
            43.153471770983224
          ],
          [
            51.668620065800894,
            43.15333062830727
          ],
          [
            51.66865414580571,
            43.15318784968019
          ],
          [
            51.66868410641428,
            43.153043522444335
          ],
          [
            51.6687101588512,
            43.15289774565277
          ],
          [
            51.66873258725153,
            43.152750643249675
          ],
          [
            51.66875174866097,
            43.15260236407027
          ],
          [
            51.668768073035665,
            43.15245308184091
          ],
          [
            51.66878206324236,
            43.152302995179035
          ],
          [
            51.66879429505829,
            43.152152327593186
          ],
          [
            51.668805417171285,
            43.152001327482964
          ],
          [
            51.66881615117966,
            43.15185026813908
          ],
          [
            51.66882729159232,
            43.15169944774336
          ],
          [
            51.66883970582865,
            43.15154918936871
          ],
          [
            51.66885433421865,
            43.1513998409791
          ],
          [
            51.668868886341166,
            43.151250575047285
          ],
          [
            51.66888302104435,
            43.15110127071026
          ],
          [
            51.668896732824706,
            43.15095192746166
          ],
          [
            51.66891002207857,
            43.150802545337974
          ],
          [
            51.668922895102185,
            43.15065312491848
          ],
          [
            51.66893536409159,
            43.15050366732529
          ],
          [
            51.66894744714273,
            43.150354174223345
          ],
          [
            51.66895916825136,
            43.15020464782042
          ],
          [
            51.66897055731313,
            43.15005509086709
          ],
          [
            51.668981650123534,
            43.14990550665676
          ],
          [
            51.6689924883779,
            43.14975589902568
          ],
          [
            51.66900311967145,
            43.14960627235289
          ],
          [
            51.66901359749923,
            43.14945663156029
          ],
          [
            51.66902398125615,
            43.149306982112584
          ],
          [
            51.669034336237004,
            43.14915733001729
          ],
          [
            51.66904473363637,
            43.14900768182477
          ],
          [
            51.66905570969062,
            43.14885805613002
          ],
          [
            51.66906730487068,
            43.14870845950377
          ],
          [
            51.66907922429677,
            43.14855887794176
          ],
          [
            51.669091182546936,
            43.14840929735231
          ],
          [
            51.669103012174645,
            43.14825971354077
          ],
          [
            51.669114560033805,
            43.148110122670744
          ],
          [
            51.669125687278765,
            43.14796052126405
          ],
          [
            51.66913626936428,
            43.147810906200746
          ],
          [
            51.669146196045574,
            43.14766127471911
          ],
          [
            51.66915537137829,
            43.1475116244157
          ],
          [
            51.66916371371852,
            43.14736195324526
          ],
          [
            51.669171155722765,
            43.147212259520785
          ],
          [
            51.669177644348004,
            43.14706254191353
          ],
          [
            51.6691831408516,
            43.14691279945296
          ],
          [
            51.669187620791384,
            43.14676303152678
          ],
          [
            51.669191074025626,
            43.14661323788093
          ],
          [
            51.66919350471302,
            43.146463418619575
          ],
          [
            51.669194931312695,
            43.146313574205166
          ],
          [
            51.6691953865842,
            43.14616370545832
          ],
          [
            51.66919491758757,
            43.146013813557936
          ],
          [
            51.66919358568321,
            43.14586390004112
          ],
          [
            51.66919146653201,
            43.14571396680326
          ],
          [
            51.66918865009528,
            43.14556401609791
          ],
          [
            51.66918524063474,
            43.145414050536914
          ],
          [
            51.669181356712606,
            43.14526407309034
          ],
          [
            51.669177131191454,
            43.14511408708647
          ],
          [
            51.66917271123436,
            43.144964096211844
          ],
          [
            51.66916825830481,
            43.14481410451125
          ],
          [
            51.66916394816671,
            43.14466411638768
          ],
          [
            51.66915997088444,
            43.14451413660237
          ],
          [
            51.66915653082275,
            43.1443641702748
          ],
          [
            51.66915033768082,
            43.14421334187638
          ],
          [
            51.669141523179334,
            43.14406172455996
          ],
          [
            51.669131319366784,
            43.14390968911985
          ],
          [
            51.669120868439904,
            43.14375757930881
          ],
          [
            51.66911122274371,
            43.14360571183805
          ],
          [
            51.669103344771564,
            43.14345437637722
          ],
          [
            51.669098107165055,
            43.143303835554434
          ],
          [
            51.66909629271408,
            43.14315432495622
          ],
          [
            51.66909859435684,
            43.14300605312757
          ],
          [
            51.66910561517979,
            43.14285920157194
          ],
          [
            51.66911786841768,
            43.1427139247512
          ],
          [
            51.669135777453576,
            43.14257035008569
          ],
          [
            51.669159675818804,
            43.14242857795419
          ],
          [
            51.66918980719294,
            43.142288681693934
          ],
          [
            51.66922632540395,
            43.14215070760058
          ],
          [
            51.669269294427984,
            43.142014674928255
          ],
          [
            51.66931868838953,
            43.141880575889516
          ],
          [
            51.66937439156135,
            43.14174837565538
          ],
          [
            51.66943619836449,
            43.14161801235531
          ],
          [
            51.66950381336828,
            43.1414893970772
          ],
          [
            51.66957685129036,
            43.14136241386741
          ],
          [
            51.669654836996614,
            43.14123691973073
          ],
          [
            51.669737205501264,
            43.14111274463041
          ],
          [
            51.66982330196676,
            43.14098969148814
          ],
          [
            51.669912381703895,
            43.14086753618406
          ],
          [
            51.67000361017172,
            43.14074602755674
          ],
          [
            51.67009606297758,
            43.14062488740323
          ],
          [
            51.67018872587709,
            43.14050381047898
          ],
          [
            51.670280494774175,
            43.14038246449795
          ],
          [
            51.67037017572102,
            43.14026049013248
          ],
          [
            51.670456484918134,
            43.1401375010134
          ],
          [
            51.67054531378799,
            43.140015006638805
          ],
          [
            51.67063753192886,
            43.13989326102499
          ],
          [
            51.670731589957725,
            43.13977192188085
          ],
          [
            51.67082605093942,
            43.1396506717574
          ],
          [
            51.670919590386674,
            43.139529218047755
          ],
          [
            51.67101099626007,
            43.13940729298707
          ],
          [
            51.67109916896813,
            43.13928465365262
          ],
          [
            51.67118312136719,
            43.13916108196377
          ],
          [
            51.6712619787615,
            43.13903638468194
          ],
          [
            51.67133497890321,
            43.13891039341064
          ],
          [
            51.67140147199232,
            43.13878296459552
          ],
          [
            51.67146092067671,
            43.138653979524236
          ],
          [
            51.67151290005216,
            43.138523344326586
          ],
          [
            51.67155709766233,
            43.13839098997443
          ],
          [
            51.671593313498754,
            43.13825687228173
          ],
          [
            51.67162146000084,
            43.13812097190451
          ],
          [
            51.6716415620559,
            43.1379832943409
          ],
          [
            51.6716537569991,
            43.13784386993111
          ],
          [
            51.671658294613515,
            43.13770275385744
          ],
          [
            51.67165553713005,
            43.137560026144264
          ],
          [
            51.67164595922756,
            43.13741579165805
          ],
          [
            51.67163014803275,
            43.13727018010736
          ],
          [
            51.671608803120186,
            43.13712334604283
          ],
          [
            51.67158273651232,
            43.136975468857166
          ],
          [
            51.671552872679555,
            43.13682675278521
          ],
          [
            51.67152024854006,
            43.13667742690384
          ],
          [
            51.67148601345996,
            43.13652774513203
          ],
          [
            51.671451429253274,
            43.13637798623087
          ],
          [
            51.671417870181834,
            43.1362284538035
          ],
          [
            51.671386822955405,
            43.136079476295144
          ],
          [
            51.67135988673163,
            43.13593140699318
          ],
          [
            51.67133422277557,
            43.13578361876172
          ],
          [
            51.671308558819504,
            43.13563583053024
          ],
          [
            51.671282741635835,
            43.13548806632284
          ],
          [
            51.67125677940588,
            43.135340324856756
          ],
          [
            51.67123073970211,
            43.13519259553754
          ],
          [
            51.67120468517662,
            43.13504486854218
          ],
          [
            51.671178673560995,
            43.13489713481911
          ],
          [
            51.67115275766638,
            43.134749386088274
          ],
          [
            51.671126985383445,
            43.13460161484102
          ],
          [
            51.67110139968246,
            43.1344538143402
          ],
          [
            51.67107603861319,
            43.134305978620105
          ],
          [
            51.671050935304976,
            43.134158102486516
          ],
          [
            51.67102611796667,
            43.13401018151663
          ],
          [
            51.6710016098867,
            43.13386221205916
          ],
          [
            51.67097742943305,
            43.133714191234226
          ],
          [
            51.6709535900532,
            43.133566116933444
          ],
          [
            51.670930100274234,
            43.1334179878199
          ],
          [
            51.670906963702734,
            43.13326980332811
          ],
          [
            51.67088417902486,
            43.13312156366409
          ],
          [
            51.67086174000631,
            43.132973269805255
          ],
          [
            51.6708396354923,
            43.13282492350057
          ],
          [
            51.670817849407655,
            43.1326765272704
          ],
          [
            51.67079636075667,
            43.13252808440656
          ],
          [
            51.67077514362323,
            43.132379598972385
          ],
          [
            51.67075416717076,
            43.13223107580263
          ],
          [
            51.670733395642245,
            43.13208252050353
          ],
          [
            51.67071278836017,
            43.13193393945275
          ],
          [
            51.67069229972661,
            43.131785339799485
          ],
          [
            51.67067187922318,
            43.13163672946431
          ],
          [
            51.670651471411006,
            43.13148811713931
          ],
          [
            51.6706310159308,
            43.13133951228804
          ],
          [
            51.6706104475028,
            43.131190925145475
          ],
          [
            51.670589695926814,
            43.13104236671807
          ],
          [
            51.670568897807975,
            43.130893815587974
          ],
          [
            51.67054725621881,
            43.130745201590265
          ],
          [
            51.67052331341078,
            43.13059641607244
          ],
          [
            51.67049797805813,
            43.13044752676207
          ],
          [
            51.67047209473519,
            43.13029859660901
          ],
          [
            51.670446443916255,
            43.130149683785525
          ],
          [
            51.670421741975716,
            43.130000841686176
          ],
          [
            51.670398641187994,
            43.129852118927886
          ],
          [
            51.67037772972756,
            43.12970355934994
          ],
          [
            51.670359531668886,
            43.12955520201393
          ],
          [
            51.67034450698656,
            43.129407081203816
          ],
          [
            51.67033305155514,
            43.12925922642591
          ],
          [
            51.67032549714928,
            43.12911166240883
          ],
          [
            51.67032211144364,
            43.1289644091036
          ],
          [
            51.67032309801295,
            43.128817481683534
          ],
          [
            51.67032859633197,
            43.1286708905443
          ],
          [
            51.6703386817755,
            43.12852464130393
          ],
          [
            51.67035336561838,
            43.12837873480278
          ],
          [
            51.670372595035516,
            43.12823316710358
          ],
          [
            51.67039625310183,
            43.12808792949136
          ],
          [
            51.67042415879231,
            43.12794300847352
          ],
          [
            51.67045606698195,
            43.127798385779805
          ],
          [
            51.670491668445834,
            43.12765403836231
          ],
          [
            51.67053058985905,
            43.12750993839544
          ],
          [
            51.67057239379675,
            43.127366053276
          ],
          [
            51.670616578734126,
            43.12722234562308
          ],
          [
            51.6706625790464,
            43.127078773278164
          ],
          [
            51.670709765008866,
            43.126935289305045
          ],
          [
            51.67075744279682,
            43.126791841989856
          ],
          [
            51.670804854485645,
            43.12664837484114
          ],
          [
            51.67085117805072,
            43.12650482658968
          ],
          [
            51.67089765874304,
            43.12636128607214
          ],
          [
            51.670944244334514,
            43.12621774989489
          ],
          [
            51.670991808776925,
            43.12607428484907
          ],
          [
            51.67103953169158,
            43.12593083131917
          ],
          [
            51.671086657357236,
            43.125787334388185
          ],
          [
            51.67113249471009,
            43.1256437438377
          ],
          [
            51.671176417343844,
            43.125500014147825
          ],
          [
            51.671217863509604,
            43.125356104497236
          ],
          [
            51.671256336115945,
            43.12521197876312
          ],
          [
            51.671291402728905,
            43.12506760552126
          ],
          [
            51.67132269557196,
            43.12492295804594
          ],
          [
            51.67134991152605,
            43.12477801431002
          ],
          [
            51.67137281212958,
            43.124632756984894
          ],
          [
            51.67139122357838,
            43.12448717344052
          ],
          [
            51.67140503672575,
            43.124341255745385
          ],
          [
            51.67141420708247,
            43.12419500066653
          ],
          [
            51.67141875481671,
            43.124048409669555
          ],
          [
            51.671418764754144,
            43.123901488918584
          ],
          [
            51.671414386377904,
            43.12375424927631
          ],
          [
            51.671405833828544,
            43.12360670630397
          ],
          [
            51.67139338590408,
            43.123458880261325
          ],
          [
            51.671377386060016,
            43.12331079610671
          ],
          [
            51.67135824240925,
            43.123162483497
          ],
          [
            51.67133642772218,
            43.12301397678762
          ],
          [
            51.671312479426646,
            43.12286531503252
          ],
          [
            51.67128699960794,
            43.12271654198424
          ],
          [
            51.67126065500881,
            43.12256770609384
          ],
          [
            51.67123417702945,
            43.122418860510926
          ],
          [
            51.6712083617275,
            43.122270063083654
          ],
          [
            51.67118646796027,
            43.122120070444026
          ],
          [
            51.67116993481169,
            43.121968670094404
          ],
          [
            51.67115552046813,
            43.1218164206764
          ],
          [
            51.671141537262926,
            43.12166393648085
          ],
          [
            51.671126884062616,
            43.12151181713293
          ],
          [
            51.6711105525498,
            43.12136061171456
          ],
          [
            51.671091627223134,
            43.1212108187644
          ],
          [
            51.67106928539742,
            43.121062886277905
          ],
          [
            51.6710427972035,
            43.12091721170725
          ],
          [
            51.671011525588284,
            43.12077414196137
          ],
          [
            51.670974926314805,
            43.12063397340599
          ],
          [
            51.67093254796214,
            43.120496951863544
          ],
          [
            51.670884031925475,
            43.12036327261326
          ],
          [
            51.67082911241606,
            43.12023308039112
          ],
          [
            51.67076761646123,
            43.12010646938981
          ],
          [
            51.670699463904405,
            43.11998348325883
          ],
          [
            51.67062466740508,
            43.11986411510442
          ],
          [
            51.670543332438854,
            43.11974830748955
          ],
          [
            51.67045565729737,
            43.119635952434
          ],
          [
            51.67036193308837,
            43.119526891414246
          ],
          [
            51.67026254373571,
            43.119420915363555
          ],
          [
            51.67015796597927,
            43.11931776467195
          ],
          [
            51.67004876937507,
            43.119217129186175
          ],
          [
            51.669935616295156,
            43.11911864820979
          ],
          [
            51.66981926192768,
            43.11902191050306
          ],
          [
            51.66970055427688,
            43.11892645428301
          ],
          [
            51.66958043416309,
            43.11883176722347
          ],
          [
            51.66945993522268,
            43.11873728645495
          ],
          [
            51.66934018390814,
            43.11864239856477
          ],
          [
            51.669222399488035,
            43.11854643959701
          ],
          [
            51.669107894047,
            43.11844869505246
          ],
          [
            51.66899475879673,
            43.11835020436689
          ],
          [
            51.66888162354644,
            43.11825171368132
          ],
          [
            51.66876848829616,
            43.11815322299576
          ],
          [
            51.66865535304587,
            43.1180547323102
          ],
          [
            51.6685422177956,
            43.117956241624626
          ],
          [
            51.6684290825453,
            43.117857750939066
          ],
          [
            51.66831594729502,
            43.11775926025349
          ],
          [
            51.66820281204474,
            43.117660769567934
          ],
          [
            51.66808967679445,
            43.117562278882374
          ],
          [
            51.66797654154416,
            43.1174637881968
          ],
          [
            51.66786340629388,
            43.11736529751124
          ],
          [
            51.6677502710436,
            43.11726680682567
          ],
          [
            51.66763713579331,
            43.11716831614011
          ],
          [
            51.667524000543025,
            43.11706982545454
          ],
          [
            51.66741086529275,
            43.11697133476898
          ],
          [
            51.66729773004247,
            43.11687284408342
          ],
          [
            51.667184594792175,
            43.11677435339785
          ],
          [
            51.66707145954189,
            43.116675862712285
          ],
          [
            51.6669583242916,
            43.116577372026725
          ],
          [
            51.66684518904131,
            43.116478881341145
          ],
          [
            51.66673205379104,
            43.11638039065559
          ],
          [
            51.66661891854075,
            43.116281899970026
          ],
          [
            51.66650578329047,
            43.11618340928446
          ],
          [
            51.66639264804018,
            43.1160849185989
          ],
          [
            51.6662795127899,
            43.11598642791333
          ],
          [
            51.66616637753961,
            43.11588793722777
          ],
          [
            51.66605324228933,
            43.115789446542195
          ],
          [
            51.66594010703905,
            43.115690955856635
          ],
          [
            51.66582697178876,
            43.11559246517107
          ],
          [
            51.66571383653847,
            43.1154939744855
          ],
          [
            51.665600701288184,
            43.115395483799944
          ],
          [
            51.6654875660379,
            43.11529699311438
          ],
          [
            51.66537443078762,
            43.11519850242881
          ],
          [
            51.66526129553733,
            43.115100011743245
          ],
          [
            51.66514816028705,
            43.11500152105768
          ],
          [
            51.66503502503677,
            43.11490303037212
          ],
          [
            51.664921889786484,
            43.11480453968655
          ],
          [
            51.664808754536196,
            43.11470604900099
          ],
          [
            51.66469561928591,
            43.11460755831542
          ],
          [
            51.66458027478838,
            43.11451038984367
          ],
          [
            51.66446244320201,
            43.11441470987131
          ],
          [
            51.66434324014963,
            43.11431985070851
          ],
          [
            51.66422370056175,
            43.114225192959076
          ],
          [
            51.66410477867666,
            43.114130165520294
          ],
          [
            51.66398734804037,
            43.11403424558306
          ],
          [
            51.663872201506635,
            43.11393695863184
          ],
          [
            51.663760051236935,
            43.11383787844459
          ],
          [
            51.663651528700534,
            43.11373662709293
          ],
          [
            51.663547184674414,
            43.11363287494197
          ],
          [
            51.66344748924326,
            43.1135263406504
          ],
          [
            51.66335283179958,
            43.113416791170486
          ],
          [
            51.663263521043554,
            43.113304041748016
          ],
          [
            51.66317978498314,
            43.113187955922406
          ],
          [
            51.663101770934034,
            43.11306844552656
          ],
          [
            51.66302954551965,
            43.112945470686995
          ],
          [
            51.66296309467117,
            43.112819039823776
          ],
          [
            51.66290232362749,
            43.112689209650526
          ],
          [
            51.66284705693529,
            43.11255608517442
          ],
          [
            51.66279703844897,
            43.11241981969619
          ],
          [
            51.66275193133064,
            43.11228061481019
          ],
          [
            51.66271131805019,
            43.11213872040425
          ],
          [
            51.66267470038527,
            43.11199443465983
          ],
          [
            51.66264149942119,
            43.11184810405189
          ],
          [
            51.662611055551096,
            43.111700123349
          ],
          [
            51.662582628475825,
            43.11155093561331
          ],
          [
            51.66255539720397,
            43.11140103220045
          ],
          [
            51.66252846005184,
            43.11125095275968
          ],
          [
            51.662500834643524,
            43.1111012852338
          ],
          [
            51.66247145791083,
            43.11095266585917
          ],
          [
            51.662439186093316,
            43.11080577916573
          ],
          [
            51.662405847417375,
            43.110659530977074
          ],
          [
            51.66237250874143,
            43.11051328278842
          ],
          [
            51.66233917006548,
            43.11036703459975
          ],
          [
            51.66230583138953,
            43.11022078641109
          ],
          [
            51.66227249271358,
            43.110074538222435
          ],
          [
            51.662239154037636,
            43.10992829003377
          ],
          [
            51.66220581536169,
            43.10978204184512
          ],
          [
            51.66217247668574,
            43.10963579365645
          ],
          [
            51.6621391380098,
            43.109489545467795
          ],
          [
            51.66210579933386,
            43.10934329727914
          ],
          [
            51.66207246065791,
            43.109197049090476
          ],
          [
            51.66203912198196,
            43.10905080090181
          ],
          [
            51.662005783306014,
            43.108904552713156
          ],
          [
            51.661972444630074,
            43.1087583045245
          ],
          [
            51.66193910595412,
            43.10861205633584
          ],
          [
            51.66190576727818,
            43.10846580814718
          ],
          [
            51.66187242860222,
            43.108319559958524
          ],
          [
            51.661839089926275,
            43.10817331176986
          ],
          [
            51.66180575125034,
            43.108027063581204
          ],
          [
            51.66177241257439,
            43.10788081539254
          ],
          [
            51.661739073898445,
            43.107734567203885
          ],
          [
            51.6617057352225,
            43.10758831901523
          ],
          [
            51.66167239654655,
            43.107442070826565
          ],
          [
            51.6616390578706,
            43.107295822637916
          ],
          [
            51.661605719194654,
            43.107149574449245
          ],
          [
            51.661572380518706,
            43.10700332626058
          ],
          [
            51.66153904184276,
            43.106857078071926
          ],
          [
            51.66150570316681,
            43.10671082988327
          ],
          [
            51.66147236449086,
            43.10656458169461
          ],
          [
            51.661439025814914,
            43.10641833350595
          ],
          [
            51.66140568713898,
            43.106272085317286
          ],
          [
            51.661372348463026,
            43.10612583712863
          ],
          [
            51.661339009787085,
            43.105979588939974
          ],
          [
            51.66130567111114,
            43.10583334075132
          ],
          [
            51.66127233243519,
            43.10568709256265
          ],
          [
            51.66123899375924,
            43.10554084437399
          ],
          [
            51.6612047435051,
            43.105394228756154
          ],
          [
            51.66116430007623,
            43.10524511685972
          ],
          [
            51.66111996914082,
            43.10509443802875
          ],
          [
            51.661073895806986,
            43.10494305689047
          ],
          [
            51.66102806462278,
            43.104791773355274
          ],
          [
            51.66098429957622,
            43.10464132261674
          ],
          [
            51.66094426409527,
            43.10449237515159
          ],
          [
            51.66090946104779,
            43.10434553671972
          ],
          [
            51.66088123274162,
            43.10420134836422
          ],
          [
            51.66086076092454,
            43.10406028641134
          ],
          [
            51.66084906678427,
            43.10392276247048
          ],
          [
            51.66084701094846,
            43.103789123434225
          ],
          [
            51.6608552934847,
            43.10365965147835
          ],
          [
            51.66087445390054,
            43.10353456406176
          ],
          [
            51.660904871143444,
            43.10341401392657
          ],
          [
            51.66094676360086,
            43.10329808909802
          ],
          [
            51.661000189100136,
            43.10318681288455
          ],
          [
            51.661065044908575,
            43.10308014387779
          ],
          [
            51.66114106773343,
            43.10297797595249
          ],
          [
            51.6612278337219,
            43.1028801382666
          ],
          [
            51.6613247584611,
            43.10278639526125
          ],
          [
            51.66143109697812,
            43.10269644666071
          ],
          [
            51.66154594373995,
            43.10260992747243
          ],
          [
            51.66166823265357,
            43.10252640798704
          ],
          [
            51.66179673706586,
            43.10244539377835
          ],
          [
            51.66193006976367,
            43.102366325703315
          ],
          [
            51.66206668297378,
            43.102288579902066
          ],
          [
            51.6622048683629,
            43.10221146779791
          ],
          [
            51.66234275703772,
            43.10213423609732
          ],
          [
            51.66247831954482,
            43.10205606678994
          ],
          [
            51.66260936587075,
            43.10197607714859
          ],
          [
            51.66273480503651,
            43.10189382743314
          ],
          [
            51.66286024420227,
            43.101811577717676
          ],
          [
            51.662985683368035,
            43.10172932800221
          ],
          [
            51.66311112253379,
            43.10164707828675
          ],
          [
            51.66323656169955,
            43.10156482857129
          ],
          [
            51.663362000865305,
            43.10148257885582
          ],
          [
            51.66348744003107,
            43.10140032914037
          ],
          [
            51.66361287919684,
            43.1013180794249
          ],
          [
            51.66373840517769,
            43.10123594158435
          ],
          [
            51.66386450033215,
            43.101154537213596
          ],
          [
            51.66399095244889,
            43.101073592844905
          ],
          [
            51.6641175640993,
            43.10099285406046
          ],
          [
            51.6642441526375,
            43.100912085492304
          ],
          [
            51.664370550200346,
            43.10083107082234
          ],
          [
            51.66449660370745,
            43.10074961278239
          ],
          [
            51.66462217486112,
            43.10066753315412
          ],
          [
            51.66474714014643,
            43.100584672769116
          ],
          [
            51.664871390831166,
            43.100500891508794
          ],
          [
            51.664994832965874,
            43.1004160683045
          ],
          [
            51.6651173873838,
            43.1003301011374
          ],
          [
            51.66523898970097,
            43.100242907038606
          ],
          [
            51.66535959031609,
            43.100154422089076
          ],
          [
            51.66547915441064,
            43.10006460141964
          ],
          [
            51.665597661948816,
            43.09997341921102
          ],
          [
            51.66571510767757,
            43.099880868693816
          ],
          [
            51.665831501126554,
            43.09978696214851
          ],
          [
            51.66594686660818,
            43.09969173090546
          ],
          [
            51.666061243217584,
            43.099595225344906
          ],
          [
            51.66617468483263,
            43.099497514896974
          ],
          [
            51.66628726011393,
            43.099398688041646
          ],
          [
            51.66639905250484,
            43.099298852308806
          ],
          [
            51.66651016023141,
            43.09919813427822
          ],
          [
            51.666620696302466,
            43.099096679579525
          ],
          [
            51.66673078850955,
            43.098994652892216
          ],
          [
            51.66684057942693,
            43.09889223794572
          ],
          [
            51.666950226411636,
            43.09878963751931
          ],
          [
            51.66705990160338,
            43.098687073442115
          ],
          [
            51.66716979192468,
            43.09858478659319
          ],
          [
            51.66728009908071,
            43.09848303690148
          ],
          [
            51.66739091960067,
            43.09838194875995
          ],
          [
            51.66750174012063,
            43.09828086061843
          ],
          [
            51.66761256064058,
            43.09817977247689
          ],
          [
            51.667723193332804,
            43.09807846494531
          ],
          [
            51.66783364116655,
            43.09797694149184
          ],
          [
            51.66794398949402,
            43.097875301811186
          ],
          [
            51.66805431746201,
            43.09777363834987
          ],
          [
            51.6681646980119,
            43.09767203630624
          ],
          [
            51.66827519787965,
            43.097570573630506
          ],
          [
            51.66838587759578,
            43.097469321024676
          ],
          [
            51.668496791485474,
            43.09736834194263
          ],
          [
            51.66860798766843,
            43.09726769259005
          ],
          [
            51.668719508058956,
            43.09716742192448
          ],
          [
            51.66883138836595,
            43.0970675716553
          ],
          [
            51.66894365809288,
            43.0969681762437
          ],
          [
            51.669056340537814,
            43.09686926290274
          ],
          [
            51.6691694527934,
            43.09677085159728
          ],
          [
            51.669283005746884,
            43.09667295504404
          ],
          [
            51.66939700408008,
            43.09657557871159
          ],
          [
            51.66951144626941,
            43.09647872082028
          ],
          [
            51.66962632458584,
            43.09638237234236
          ],
          [
            51.66974162509498,
            43.096286517001886
          ],
          [
            51.669857327656985,
            43.096191131274736
          ],
          [
            51.669973405926584,
            43.09609618438864
          ],
          [
            51.67008982735316,
            43.09600163832317
          ],
          [
            51.6702065531806,
            43.09590744780974
          ],
          [
            51.67032353844743,
            43.095813560331564
          ],
          [
            51.67044073198674,
            43.09571991612371
          ],
          [
            51.67055807642621,
            43.09562644817311
          ],
          [
            51.670675508188125,
            43.095533082218495
          ],
          [
            51.67079295748931,
            43.09543973675043
          ],
          [
            51.67091034834122,
            43.09534632301135
          ],
          [
            51.67102759854989,
            43.095252744995506
          ],
          [
            51.6711446197159,
            43.09515889944897
          ],
          [
            51.67126157676985,
            43.095064979017046
          ],
          [
            51.671378533823784,
            43.09497105858512
          ],
          [
            51.67149547568528,
            43.09487711651873
          ],
          [
            51.67161196769846,
            43.094782533856055
          ],
          [
            51.67172817208706,
            43.09468754160813
          ],
          [
            51.671844239861144,
            43.094592354817415
          ],
          [
            51.67196031081714,
            43.09449717255782
          ],
          [
            51.67207651353783,
            43.094402177934754
          ],
          [
            51.67219296539234,
            43.09430753808504
          ],
          [
            51.67230977253613,
            43.09421340417696
          ],
          [
            51.672427029911056,
            43.0941199114103
          ],
          [
            51.67254482124526,
            43.094027179016265
          ],
          [
            51.67266321905329,
            43.09393531025749
          ],
          [
            51.672782284636014,
            43.09384439242812
          ],
          [
            51.67290206808066,
            43.09375449685372
          ],
          [
            51.67302260826081,
            43.09366567889134
          ],
          [
            51.673143932836396,
            43.093577977929456
          ],
          [
            51.67326605825367,
            43.093491417388016
          ],
          [
            51.67338898974527,
            43.09340600471844
          ],
          [
            51.6735127213302,
            43.09332173140356
          ],
          [
            51.67363723581374,
            43.09323857295772
          ],
          [
            51.67376250478759,
            43.09315648892668
          ],
          [
            51.6738884886298,
            43.093075422887665
          ],
          [
            51.67401513650471,
            43.09299530244937
          ],
          [
            51.67414238636307,
            43.09291603925192
          ],
          [
            51.67427016494193,
            43.092837528966925
          ],
          [
            51.674398387764754,
            43.09275965129745
          ],
          [
            51.67452695914129,
            43.09268226997798
          ],
          [
            51.67465577216769,
            43.092605232774496
          ],
          [
            51.67478470872642,
            43.092528371484434
          ],
          [
            51.674913639486284,
            43.09245150193665
          ],
          [
            51.675042423902504,
            43.092374423991494
          ],
          [
            51.675170910216586,
            43.092296921540765
          ],
          [
            51.67529895644892,
            43.09221879240161
          ],
          [
            51.67542700268126,
            43.09214066326248
          ],
          [
            51.6755550489136,
            43.09206253412332
          ],
          [
            51.67568309514594,
            43.091984404984174
          ],
          [
            51.675811141378276,
            43.09190627584504
          ],
          [
            51.67593918761061,
            43.09182814670588
          ],
          [
            51.67606723384296,
            43.09175001756674
          ],
          [
            51.67619540815249,
            43.09167208464598
          ],
          [
            51.67632374155881,
            43.09159439546662
          ],
          [
            51.67645216405986,
            43.091516842783285
          ],
          [
            51.67658061069891,
            43.09143932708011
          ],
          [
            51.67670902156445,
            43.09136175657079
          ],
          [
            51.676837341790325,
            43.09128404719856
          ],
          [
            51.676965521555616,
            43.091206122636194
          ],
          [
            51.677093516084696,
            43.091127914286005
          ],
          [
            51.67722128564727,
            43.091049361279865
          ],
          [
            51.67734879555828,
            43.090970410479144
          ],
          [
            51.67747601617797,
            43.090891016474814
          ],
          [
            51.67760292291188,
            43.09081114158735
          ],
          [
            51.67772949621083,
            43.09073075586678
          ],
          [
            51.67785572157092,
            43.09064983709268
          ],
          [
            51.67798158953356,
            43.090568370774136
          ],
          [
            51.678107095685405,
            43.09048635014982
          ],
          [
            51.67823224065845,
            43.09040377618792
          ],
          [
            51.67835703012993,
            43.090320657586176
          ],
          [
            51.6784814748224,
            43.090237010771865
          ],
          [
            51.67860559050366,
            43.090152859901806
          ],
          [
            51.678729397986864,
            43.09006823686236
          ],
          [
            51.678852923130385,
            43.089983181269425
          ],
          [
            51.67897619683791,
            43.08989774046846
          ],
          [
            51.67909925505843,
            43.089811969534445
          ],
          [
            51.67922213878619,
            43.08972593127191
          ],
          [
            51.67934489406076,
            43.089639696214924
          ],
          [
            51.679467571966946,
            43.0895533426271
          ],
          [
            51.6795902286349,
            43.08946695650162
          ],
          [
            51.679712925240004,
            43.089380631561134
          ],
          [
            51.67983572800297,
            43.0892944692579
          ],
          [
            51.67995870818978,
            43.08920857877372
          ],
          [
            51.68008176513803,
            43.089122805890575
          ],
          [
            51.68020482208628,
            43.08903703300741
          ],
          [
            51.680327879034536,
            43.08895126012423
          ],
          [
            51.68045093598279,
            43.08886548724108
          ],
          [
            51.68057395327804,
            43.08877965161654
          ],
          [
            51.680696688071414,
            43.08869336900036
          ],
          [
            51.68081924533752,
            43.088606805489796
          ],
          [
            51.68094172274402,
            43.088520115620526
          ],
          [
            51.68106421065159,
            43.08843344236665
          ],
          [
            51.68118679211389,
            43.08834691714077
          ],
          [
            51.68130954287763,
            43.08826065979388
          ],
          [
            51.6814325313825,
            43.088174778615425
          ],
          [
            51.681555818761204,
            43.08808937033332
          ],
          [
            51.6816794588395,
            43.08800452011388
          ],
          [
            51.681803498136105,
            43.08792030156188
          ],
          [
            51.6819279758628,
            43.087836776720536
          ],
          [
            51.682052923924324,
            43.08775399607153
          ],
          [
            51.682178366918485,
            43.08767199853494
          ],
          [
            51.68230432213604,
            43.087590811469305
          ],
          [
            51.682430799560834,
            43.08751045067162
          ],
          [
            51.68255780186967,
            43.087430920377315
          ],
          [
            51.68268532443237,
            43.087352213260246
          ],
          [
            51.6828133553118,
            43.08727431043272
          ],
          [
            51.68294187526379,
            43.0871971814455
          ],
          [
            51.683070857737235,
            43.08712078428776
          ],
          [
            51.68320026887399,
            43.08704506538715
          ],
          [
            51.68333006750899,
            43.086969959609725
          ],
          [
            51.68346020517011,
            43.08689539026002
          ],
          [
            51.683590626078285,
            43.086821269080986
          ],
          [
            51.683721267147455,
            43.08674749625404
          ],
          [
            51.68385205798455,
            43.08667396039898
          ],
          [
            51.68398292088955,
            43.086600538574125
          ],
          [
            51.684113770855404,
            43.08652709627619
          ],
          [
            51.684244515568125,
            43.08645348744035
          ],
          [
            51.68437505540669,
            43.08637955444019
          ],
          [
            51.684505338234565,
            43.08630521478213
          ],
          [
            51.68463562106244,
            43.08623087512407
          ],
          [
            51.684765903890316,
            43.08615653546602
          ],
          [
            51.684896186718206,
            43.08608219580796
          ],
          [
            51.68502646954608,
            43.08600785614991
          ],
          [
            51.685156752373956,
            43.08593351649185
          ],
          [
            51.68528703520183,
            43.08585917683379
          ],
          [
            51.68541731802972,
            43.08578483717574
          ],
          [
            51.68554723280363,
            43.08570964016926
          ],
          [
            51.685676731057576,
            43.08563347291724
          ],
          [
            51.68580599942899,
            43.08555677017464
          ],
          [
            51.685935211058535,
            43.08547993525699
          ],
          [
            51.686064525590155,
            43.0854033400404
          ],
          [
            51.686194089171,
            43.08532732496151
          ],
          [
            51.686324034451566,
            43.085252199017525
          ],
          [
            51.68645448058552,
            43.08517823976619
          ],
          [
            51.686585533229824,
            43.085105693325836
          ],
          [
            51.686717284544685,
            43.08503477437533
          ],
          [
            51.686849813193575,
            43.084965666154105
          ],
          [
            51.68698318434323,
            43.08489852046213
          ],
          [
            51.687117449663596,
            43.084833457659975
          ],
          [
            51.68725264732794,
            43.0847705666687
          ],
          [
            51.687388802012734,
            43.08470990496999
          ],
          [
            51.687525924897734,
            43.084651498606036
          ],
          [
            51.68766401366594,
            43.08459534217961
          ],
          [
            51.687803052503604,
            43.084541398854036
          ],
          [
            51.68794301210027,
            43.084489600353194
          ],
          [
            51.68808384964867,
            43.08443984696151
          ],
          [
            51.68822550884487,
            43.08439200752399
          ],
          [
            51.68836791988811,
            43.08434591944615
          ],
          [
            51.68851099948097,
            43.084301388694136
          ],
          [
            51.68865465082923,
            43.08425818979457
          ],
          [
            51.688798763641934,
            43.08421606583469
          ],
          [
            51.68894321413139,
            43.08417472846226
          ],
          [
            51.689087865013185,
            43.084133857885604
          ],
          [
            51.689232565506096,
            43.08409310287362
          ],
          [
            51.689377151332245,
            43.08405208075574
          ],
          [
            51.68952144471693,
            43.084010377421954
          ],
          [
            51.68966525438876,
            43.083967547322835
          ],
          [
            51.68980888414674,
            43.083924298130704
          ],
          [
            51.68995251390475,
            43.083881048938586
          ],
          [
            51.69009614366273,
            43.08383779974645
          ],
          [
            51.69023977342072,
            43.08379455055433
          ],
          [
            51.690383404969495,
            43.08375130505545
          ],
          [
            51.690527886698156,
            43.083709812939446
          ],
          [
            51.69067291478673,
            43.083669447618014
          ],
          [
            51.69081820637136,
            43.08362962572216
          ],
          [
            51.69096349954437,
            43.08358980710211
          ],
          [
            51.691108553354205,
            43.08354949482736
          ],
          [
            51.69125314780545,
            43.08350823518668
          ],
          [
            51.691397083858845,
            43.08346561768807
          ],
          [
            51.69154018343129,
            43.083421275058804
          ],
          [
            51.69168228939579,
            43.08337488324543
          ],
          [
            51.691823265581526,
            43.083326161413716
          ],
          [
            51.69196299677382,
            43.083274871948724
          ],
          [
            51.692101388714114,
            43.083220820454756
          ],
          [
            51.69223836810002,
            43.08316385575537
          ],
          [
            51.69237388258528,
            43.083103869893385
          ],
          [
            51.6925079007798,
            43.083040798130895
          ],
          [
            51.69264041224961,
            43.08297461894922
          ],
          [
            51.69277142751688,
            43.08290535404898
          ],
          [
            51.69290097805994,
            43.08283306835001
          ],
          [
            51.69302911631327,
            43.082757869991426
          ],
          [
            51.69315591566747,
            43.08267991033158
          ],
          [
            51.693281470469294,
            43.082599383948136
          ],
          [
            51.693405896021645,
            43.08251652863796
          ],
          [
            51.69352932858358,
            43.08243162541719
          ],
          [
            51.69365192537027,
            43.08234499852126
          ],
          [
            51.693773864553066,
            43.0822570154048
          ],
          [
            51.69389534525943,
            43.08216808674174
          ],
          [
            51.694016587573,
            43.08207866642524
          ],
          [
            51.694137832533535,
            43.08198925156778
          ],
          [
            51.694259342136945,
            43.081900382501004
          ],
          [
            51.69438139933527,
            43.08181264277589
          ],
          [
            51.694504305562276,
            43.081726654059395
          ],
          [
            51.69462721178929,
            43.08164066534292
          ],
          [
            51.694750118016294,
            43.081554676626425
          ],
          [
            51.6948730242433,
            43.08146868790993
          ],
          [
            51.694995930470306,
            43.08138269919345
          ],
          [
            51.695118765802135,
            43.081296605427184
          ],
          [
            51.695241510605676,
            43.08121037751955
          ],
          [
            51.695364204509026,
            43.08112407418995
          ],
          [
            51.69548688428688,
            43.08103774992974
          ],
          [
            51.69560958386055,
            43.08095145500221
          ],
          [
            51.69573233429793,
            43.080865235442566
          ],
          [
            51.69585516381351,
            43.080779133058016
          ],
          [
            51.695978097768396,
            43.080693185427656
          ],
          [
            51.69610115867031,
            43.08060742590255
          ],
          [
            51.696224366173524,
            43.080521883605684
          ],
          [
            51.696347737078966,
            43.080436583432025
          ],
          [
            51.696471285334155,
            43.08035154604843
          ],
          [
            51.696595022033165,
            43.08026678789376
          ],
          [
            51.69671895541672,
            43.080182321178754
          ],
          [
            51.69684309087214,
            43.08009815388614
          ],
          [
            51.69696743093332,
            43.08001428977056
          ],
          [
            51.6970919752808,
            43.07993072835862
          ],
          [
            51.69721672074166,
            43.079847464948855
          ],
          [
            51.697341661289634,
            43.079764490611744
          ],
          [
            51.69746678804503,
            43.07968179218971
          ],
          [
            51.69759208927478,
            43.07959935229712
          ],
          [
            51.69771755039238,
            43.07951714932027
          ],
          [
            51.697843153957976,
            43.07943515741742
          ],
          [
            51.69796887967828,
            43.079353346518765
          ],
          [
            51.69809470440659,
            43.07927168232643
          ],
          [
            51.698220602142854,
            43.0791901263145
          ],
          [
            51.698346544033605,
            43.079108635728986
          ],
          [
            51.69847249837195,
            43.07902716358786
          ],
          [
            51.698598430597606,
            43.07894565868101
          ],
          [
            51.69872430329694,
            43.07886406557028
          ],
          [
            51.698850076202845,
            43.07878232458947
          ],
          [
            51.69897580415594,
            43.07870051699929
          ],
          [
            51.69910153210903,
            43.07861870940912
          ],
          [
            51.69922726006213,
            43.07853690181894
          ],
          [
            51.69935298801523,
            43.078455094228765
          ],
          [
            51.69947871596832,
            43.078373286638595
          ],
          [
            51.69960440984573,
            43.07829142269112
          ],
          [
            51.69972990546786,
            43.07820923085202
          ],
          [
            51.69985527714723,
            43.078126834025745
          ],
          [
            51.699980594013525,
            43.07804434654488
          ],
          [
            51.70010592001351,
            43.0779618741701
          ],
          [
            51.700231313911075,
            43.07787951409017
          ],
          [
            51.700356829287216,
            43.077797354921955
          ],
          [
            51.70048251454007,
            43.07771547671044
          ],
          [
            51.70060841288482,
            43.07763395092865
          ],
          [
            51.700734562353865,
            43.07755284047777
          ],
          [
            51.70086099579663,
            43.07747219968704
          ],
          [
            51.7009877408797,
            43.07739207431383
          ],
          [
            51.70111482008674,
            43.077312501543574
          ],
          [
            51.701242250718565,
            43.07723350998983
          ],
          [
            51.701370044893096,
            43.07715511969424
          ],
          [
            51.70149820954534,
            43.07707734212654
          ],
          [
            51.70162674642746,
            43.077000180184584
          ],
          [
            51.70175565210868,
            43.07692362819431
          ],
          [
            51.70188491797539,
            43.076847671909746
          ],
          [
            51.702014530231075,
            43.07677228851303
          ],
          [
            51.70214446989632,
            43.07669744661438
          ],
          [
            51.70227471280884,
            43.07662310625214
          ],
          [
            51.70240522962346,
            43.07654921889272
          ],
          [
            51.70253598581209,
            43.07647572743066
          ],
          [
            51.702666941663836,
            43.07640256618857
          ],
          [
            51.70279805228482,
            43.07632966091717
          ],
          [
            51.702929267598336,
            43.076256928795274
          ],
          [
            51.703060532344765,
            43.07618427842979
          ],
          [
            51.70319178608164,
            43.07611160985572
          ],
          [
            51.70332296318355,
            43.076038814536204
          ],
          [
            51.703453992842256,
            43.07596577536242
          ],
          [
            51.70358484615146,
            43.075892444526694
          ],
          [
            51.70371569946067,
            43.07581911369096
          ],
          [
            51.70384655276987,
            43.07574578285523
          ],
          [
            51.70397740607908,
            43.07567245201948
          ],
          [
            51.704108259388285,
            43.07559912118375
          ],
          [
            51.70423911269749,
            43.07552579034802
          ],
          [
            51.7043699660067,
            43.07545245951228
          ],
          [
            51.70450081931591,
            43.07537912867655
          ],
          [
            51.704631516683605,
            43.07530543181532
          ],
          [
            51.70476174916523,
            43.075230643774816
          ],
          [
            51.704891698841095,
            43.075155191933426
          ],
          [
            51.705021534969376,
            43.075079473573446
          ],
          [
            51.70515141398605,
            43.075003855881015
          ],
          [
            51.705281479505004,
            43.07492867594618
          ],
          [
            51.70541186231791,
            43.07485424076284
          ],
          [
            51.705542680394316,
            43.074780827228786
          ],
          [
            51.70567403888162,
            43.07470868214566
          ],
          [
            51.70580603010503,
            43.07463802221899
          ],
          [
            51.705938733567656,
            43.07456903405818
          ],
          [
            51.7060722159504,
            43.074501874176526
          ],
          [
            51.70620653111205,
            43.07443666899118
          ],
          [
            51.7063417200892,
            43.07437351482318
          ],
          [
            51.70647781109635,
            43.07431247789741
          ],
          [
            51.70661481952576,
            43.074253594342665
          ],
          [
            51.70675274794761,
            43.074196870191585
          ],
          [
            51.7068915861099,
            43.07414228138074
          ],
          [
            51.70703131093846,
            43.074089773750494
          ],
          [
            51.707171886537,
            43.07403926304516
          ],
          [
            51.707313264187036,
            43.073990634912874
          ],
          [
            51.70745538234796,
            43.07394374490566
          ],
          [
            51.707598166657,
            43.073898418479466
          ],
          [
            51.70774152992922,
            43.073854450994034
          ],
          [
            51.70788537215754,
            43.07381160771304
          ],
          [
            51.70802958051273,
            43.073769623804
          ],
          [
            51.70817402934341,
            43.07372820433834
          ],
          [
            51.70831858017603,
            43.073687024291324
          ],
          [
            51.708463081714875,
            43.073645728542125
          ],
          [
            51.708607369842085,
            43.07360393187376
          ],
          [
            51.70875126761768,
            43.07356121897315
          ],
          [
            51.70889480075532,
            43.073517650195356
          ],
          [
            51.709038333892956,
            43.07347408141756
          ],
          [
            51.7091818670306,
            43.073430512639774
          ],
          [
            51.709325400168254,
            43.073386943861976
          ],
          [
            51.70946893330589,
            43.073343375084185
          ],
          [
            51.70961246644354,
            43.073299806306395
          ],
          [
            51.709755999581176,
            43.07325623752861
          ],
          [
            51.70989953271882,
            43.073212668750806
          ],
          [
            51.71004306585647,
            43.07316909997303
          ],
          [
            51.71018659899411,
            43.07312553119523
          ],
          [
            51.71033013213176,
            43.07308196241745
          ],
          [
            51.710473665269404,
            43.07303839363965
          ],
          [
            51.71061719840704,
            43.07299482486186
          ],
          [
            51.71076073154468,
            43.07295125608407
          ],
          [
            51.71090426468232,
            43.07290768730628
          ],
          [
            51.71104779781997,
            43.072864118528486
          ],
          [
            51.71119133095762,
            43.0728205497507
          ],
          [
            51.711334864095264,
            43.072776980972904
          ],
          [
            51.7114783972329,
            43.072733412195106
          ],
          [
            51.71162193037055,
            43.07268984341732
          ],
          [
            51.711765463508186,
            43.072646274639524
          ],
          [
            51.711909713842765,
            43.07260415738104
          ],
          [
            51.712054599955415,
            43.07256332685999
          ],
          [
            51.712199820968294,
            43.07252317413625
          ],
          [
            51.71234509797201,
            43.07248313473115
          ],
          [
            51.71249017402566,
            43.07244268862757
          ],
          [
            51.71263481415681,
            43.07240136026989
          ],
          [
            51.71277880536146,
            43.07235871856399
          ],
          [
            51.712921956604134,
            43.072314376877245
          ],
          [
            51.71306409881778,
            43.072267993038565
          ],
          [
            51.71320508490383,
            43.07221926933834
          ],
          [
            51.71334478973218,
            43.07216795252849
          ],
          [
            51.713483110141205,
            43.07211383382243
          ],
          [
            51.71361996493776,
            43.07205674889508
          ],
          [
            51.71375529489713,
            43.071996577882864
          ],
          [
            51.713889062763116,
            43.07193324538375
          ],
          [
            51.714021253247935,
            43.07186672045715
          ],
          [
            51.71415187303231,
            43.07179701662403
          ],
          [
            51.71428095076544,
            43.07172419186688
          ],
          [
            51.71440853706497,
            43.07164834862961
          ],
          [
            51.714534704517014,
            43.07156963381773
          ],
          [
            51.71465954767618,
            43.07148823879823
          ],
          [
            51.7147831830655,
            43.07140439939958
          ],
          [
            51.71490574917652,
            43.07131839591178
          ],
          [
            51.71502740646923,
            43.071230553086345
          ],
          [
            51.7151483373721,
            43.07114124013627
          ],
          [
            51.715268746282064,
            43.071050870736094
          ],
          [
            51.715388859564534,
            43.07095990302184
          ],
          [
            51.715508925553365,
            43.07086883959101
          ],
          [
            51.715629214550894,
            43.07077822750268
          ],
          [
            51.715750018827976,
            43.07068865827739
          ],
          [
            51.715871652623825,
            43.07060076789719
          ],
          [
            51.71599346114259,
            43.07051323113487
          ],
          [
            51.716115269661366,
            43.07042569437257
          ],
          [
            51.716237078180114,
            43.070338157610244
          ],
          [
            51.716358886698885,
            43.070250620847936
          ],
          [
            51.71648040493435,
            43.07016262834955
          ],
          [
            51.7166016566313,
            43.07007421739369
          ],
          [
            51.716722766858155,
            43.069985584334034
          ],
          [
            51.71684385156484,
            43.069896911208495
          ],
          [
            51.71696501758278,
            43.06980836573917
          ],
          [
            51.7170863626249,
            43.06972010133242
          ],
          [
            51.71720797528562,
            43.06963225707885
          ],
          [
            51.71732993504084,
            43.06954495775325
          ],
          [
            51.717452312248,
            43.06945831381465
          ],
          [
            51.71757516814602,
            43.06937242140633
          ],
          [
            51.717698554855296,
            43.069287362355766
          ],
          [
            51.71782251537778,
            43.06920320417469
          ],
          [
            51.71794708359687,
            43.06912000005905
          ],
          [
            51.71807228427747,
            43.06903778888902
          ],
          [
            51.71819813306602,
            43.06895659522901
          ],
          [
            51.71832463649043,
            43.06887642932764
          ],
          [
            51.7184517919601,
            43.06879728711778
          ],
          [
            51.71857958776596,
            43.06871915021651
          ],
          [
            51.71870800308042,
            43.068641985925154
          ],
          [
            51.718837007957404,
            43.06856574722924
          ],
          [
            51.7189665633323,
            43.06849037279855
          ],
          [
            51.71909662102205,
            43.06841578698709
          ],
          [
            51.71922712372504,
            43.06834189983308
          ],
          [
            51.7193580050212,
            43.06826860705897
          ],
          [
            51.71948918937191,
            43.068195790071435
          ],
          [
            51.71962059212012,
            43.0681233159614
          ],
          [
            51.719752119490224,
            43.068051037504
          ],
          [
            51.71988366858813,
            43.067978793158595
          ],
          [
            51.720015127401254,
            43.067906407068776
          ],
          [
            51.720146374798496,
            43.06783368906238
          ],
          [
            51.72027728053026,
            43.06776043465144
          ],
          [
            51.72040810633421,
            43.06768705475623
          ],
          [
            51.720538932138155,
            43.06761367486101
          ],
          [
            51.720669757942105,
            43.067540294965795
          ],
          [
            51.720800583746055,
            43.06746691507058
          ],
          [
            51.720931409550005,
            43.067393535175384
          ],
          [
            51.72106223535395,
            43.06732015528017
          ],
          [
            51.72119306115789,
            43.06724677538496
          ],
          [
            51.72132388696184,
            43.067173395489746
          ],
          [
            51.7214550390316,
            43.06710053110669
          ],
          [
            51.7215864240829,
            43.06702803484316
          ],
          [
            51.72171792532862,
            43.066955722171144
          ],
          [
            51.72184943459012,
            43.066883422164366
          ],
          [
            51.72198085229727,
            43.0668109774983
          ],
          [
            51.72211208748845,
            43.066738244450185
          ],
          [
            51.722243057810516,
            43.06666509289901
          ],
          [
            51.72237368951885,
            43.066591406325486
          ],
          [
            51.72250391747731,
            43.066517081812094
          ],
          [
            51.722633685158264,
            43.06644203004307
          ],
          [
            51.722762944642575,
            43.06636617530438
          ],
          [
            51.72289165661961,
            43.06628945548375
          ],
          [
            51.72301979038721,
            43.06621182207065
          ],
          [
            51.72314732385175,
            43.066133240156304
          ],
          [
            51.72327424352808,
            43.06605368843368
          ],
          [
            51.723400544539565,
            43.06597315919752
          ],
          [
            51.72352623061805,
            43.06589165834428
          ],
          [
            51.72365131410389,
            43.06580920537216
          ],
          [
            51.72377581594595,
            43.06572583338116
          ],
          [
            51.72389976570155,
            43.06564158907295
          ],
          [
            51.724023201536575,
            43.06555653275106
          ],
          [
            51.724146170225346,
            43.065470738320656
          ],
          [
            51.72426872715072,
            43.065384293288716
          ],
          [
            51.72439093630404,
            43.06529729876395
          ],
          [
            51.72451287028514,
            43.06520986945683
          ],
          [
            51.72463461030239,
            43.065122133679544
          ],
          [
            51.7247562461726,
            43.065034233346076
          ],
          [
            51.724877876321116,
            43.06494632397212
          ],
          [
            51.72499960778178,
            43.064858574675135
          ],
          [
            51.72512155619694,
            43.06477116817433
          ],
          [
            51.72524384581741,
            43.064684300790674
          ],
          [
            51.725366158677105,
            43.06459747012586
          ],
          [
            51.725488471536806,
            43.06451063946104
          ],
          [
            51.7256107843965,
            43.06442380879622
          ],
          [
            51.725733097256196,
            43.06433697813141
          ],
          [
            51.72585514130324,
            43.06424972085784
          ],
          [
            51.72597691991203,
            43.06416204233071
          ],
          [
            51.72609855554823,
            43.0640741369045
          ],
          [
            51.72622016177506,
            43.06398618480526
          ],
          [
            51.72634184325317,
            43.063898352130636
          ],
          [
            51.726463695740634,
            43.06381079084985
          ],
          [
            51.72658580609306,
            43.06372363880369
          ],
          [
            51.726708252263506,
            43.06363701970452
          ],
          [
            51.72683110330246,
            43.063551043136336
          ],
          [
            51.72695441935793,
            43.06346580455466
          ],
          [
            51.727078251675366,
            43.06338138528661
          ],
          [
            51.72720264259769,
            43.063297852530894
          ],
          [
            51.72732762556529,
            43.063215259357804
          ],
          [
            51.72745322511604,
            43.06313364470919
          ],
          [
            51.727579456885245,
            43.063053033398496
          ],
          [
            51.72770632760572,
            43.06297343611075
          ],
          [
            51.72783383510773,
            43.062894849402554
          ],
          [
            51.72796196831899,
            43.0628172557021
          ],
          [
            51.72809070726472,
            43.06274062330915
          ],
          [
            51.72822002306758,
            43.06266490639505
          ],
          [
            51.72834987794771,
            43.062590045002736
          ],
          [
            51.72848022522272,
            43.06251596504671
          ],
          [
            51.72861100930767,
            43.062442578313046
          ],
          [
            51.728742165715126,
            43.062369782459434
          ],
          [
            51.72887362105506,
            43.06229746101512
          ],
          [
            51.72900529303501,
            43.06222548338093
          ],
          [
            51.729137090459865,
            43.06215370482927
          ],
          [
            51.729268913232076,
            43.062081966504145
          ],
          [
            51.729400652351515,
            43.06201009542112
          ],
          [
            51.729532189915545,
            43.06193790446735
          ],
          [
            51.72966339911897,
            43.06186519240156
          ],
          [
            51.72979451569226,
            43.061792333330686
          ],
          [
            51.72992563226555,
            43.06171947425982
          ],
          [
            51.73005674883885,
            43.06164661518895
          ],
          [
            51.73018786541214,
            43.06157375611808
          ],
          [
            51.73031898198543,
            43.06150089704722
          ],
          [
            51.73045009855872,
            43.06142803797635
          ],
          [
            51.73058121513202,
            43.06135517890548
          ],
          [
            51.73071233170531,
            43.06128231983462
          ],
          [
            51.730843681228556,
            43.06120983544735
          ],
          [
            51.73097526637995,
            43.0611377300514
          ],
          [
            51.73110697903127,
            43.06106582973012
          ],
          [
            51.731238718907086,
            43.06099397319753
          ],
          [
            51.73137039358485,
            43.06092201179843
          ],
          [
            51.731501918494736,
            43.06084980950829
          ],
          [
            51.73163321691986,
            43.060777242933284
          ],
          [
            51.731764219996066,
            43.06070420131033
          ],
          [
            51.731894866712054,
            43.06063058650704
          ],
          [
            51.73202510390935,
            43.060556313021735
          ],
          [
            51.7321548862823,
            43.06048130798344
          ],
          [
            51.73228417637807,
            43.060405511151906
          ],
          [
            51.732412944596625,
            43.0603288749176
          ],
          [
            51.7325411691908,
            43.06025136430169
          ],
          [
            51.7326688362662,
            43.06017295695605
          ],
          [
            51.73279593978128,
            43.06009364316328
          ],
          [
            51.73292248154734,
            43.06001342583669
          ],
          [
            51.733048471228436,
            43.059932320520275
          ],
          [
            51.73317392634151,
            43.05985035538878
          ],
          [
            51.733298872256285,
            43.05976757124765
          ],
          [
            51.73342334219532,
            43.059684021533016
          ],
          [
            51.73354737723401,
            43.05959977231175
          ],
          [
            51.73367102630055,
            43.059514902281435
          ],
          [
            51.73379434617597,
            43.05942950277033
          ],
          [
            51.733917401494104,
            43.05934367773745
          ],
          [
            51.73404026474164,
            43.05925754377251
          ],
          [
            51.73416301625804,
            43.05917123009592
          ],
          [
            51.734285744235635,
            43.05908487855881
          ],
          [
            51.734408544719564,
            43.058998643643015
          ],
          [
            51.73453152160776,
            43.058912692461114
          ],
          [
            51.734654786651014,
            43.05882720475635
          ],
          [
            51.734778137568895,
            43.05874185517486
          ],
          [
            51.73490148848677,
            43.058656505593376
          ],
          [
            51.735024839404645,
            43.058571156011894
          ],
          [
            51.73514819032252,
            43.05848580643041
          ],
          [
            51.73527157685392,
            43.05840050542352
          ],
          [
            51.7353951498789,
            43.05831545878205
          ],
          [
            51.735518839127266,
            43.05823057066188
          ],
          [
            51.73564257923549,
            43.05814575191134
          ],
          [
            51.73576630974682,
            43.05806092007124
          ],
          [
            51.73588997511118,
            43.05797599937482
          ],
          [
            51.736013524685234,
            43.057890920747745
          ],
          [
            51.736136912732334,
            43.057805621808185
          ],
          [
            51.7362600984226,
            43.05772004686672
          ],
          [
            51.73638304583281,
            43.057634146926375
          ],
          [
            51.736505723946486,
            43.057547879682666
          ],
          [
            51.736628106653896,
            43.05746120952352
          ],
          [
            51.736750172751954,
            43.057374107529334
          ],
          [
            51.736871905944355,
            43.05728655147296
          ],
          [
            51.7369932948415,
            43.05719852581967
          ],
          [
            51.73711433296047,
            43.057110021727226
          ],
          [
            51.737235018725094,
            43.057021037045814
          ],
          [
            51.73735535546592,
            43.05693157631808
          ],
          [
            51.737475351420194,
            43.05684165077911
          ],
          [
            51.73759501973189,
            43.05675127835646
          ],
          [
            51.7377143784517,
            43.056660483670115
          ],
          [
            51.737833450537025,
            43.05656929803252
          ],
          [
            51.737952263851994,
            43.05647775944858
          ],
          [
            51.73807085116744,
            43.05638591261563
          ],
          [
            51.73818925016093,
            43.05629380892348
          ],
          [
            51.73830750341672,
            43.05620150645436
          ],
          [
            51.73842565842583,
            43.05610906998298
          ],
          [
            51.73854376758592,
            43.056016570976475
          ],
          [
            51.73866188820145,
            43.055924087594434
          ],
          [
            51.73878008248355,
            43.055831704688934
          ],
          [
            51.73889841755006,
            43.05573951380446
          ],
          [
            51.73901691621576,
            43.055647546058864
          ],
          [
            51.73913541488145,
            43.05555557831327
          ],
          [
            51.73925391354713,
            43.05546361056768
          ],
          [
            51.73937241221283,
            43.05537164282208
          ],
          [
            51.739490910878516,
            43.05527967507649
          ],
          [
            51.73960940954421,
            43.055187707330894
          ],
          [
            51.7397279082099,
            43.0550957395853
          ],
          [
            51.739846406875586,
            43.05500377183971
          ],
          [
            51.739964905541285,
            43.05491180409411
          ],
          [
            51.74008340420697,
            43.05481983634852
          ],
          [
            51.740201902872656,
            43.054727868602924
          ],
          [
            51.74032040153835,
            43.054635900857335
          ],
          [
            51.74043890020404,
            43.054543933111745
          ],
          [
            51.74055739886974,
            43.05445196536614
          ],
          [
            51.740675897535425,
            43.05435999762055
          ],
          [
            51.740794396201125,
            43.05426802987497
          ],
          [
            51.7409128948668,
            43.05417606212937
          ],
          [
            51.741031393532495,
            43.054084094383775
          ],
          [
            51.7411498921982,
            43.053992126638185
          ],
          [
            51.74126839086387,
            43.053900158892596
          ],
          [
            51.74138688952957,
            43.053808191147
          ],
          [
            51.741505388195264,
            43.0537162234014
          ],
          [
            51.74162388686094,
            43.05362425565581
          ],
          [
            51.74174238552665,
            43.053532287910215
          ],
          [
            51.741860884192334,
            43.05344032016462
          ],
          [
            51.74197938285801,
            43.05334835241903
          ],
          [
            51.74209788152372,
            43.05325638467343
          ],
          [
            51.7422163801894,
            43.05316441692784
          ],
          [
            51.742334878855104,
            43.05307244918225
          ],
          [
            51.74245337752079,
            43.052980481436656
          ],
          [
            51.742571876186474,
            43.05288851369106
          ],
          [
            51.742690374852174,
            43.052796545945476
          ],
          [
            51.74280887351786,
            43.05270457819988
          ],
          [
            51.74292737218355,
            43.05261261045428
          ],
          [
            51.743045870849244,
            43.05252064270869
          ],
          [
            51.74316436951493,
            43.052428674963096
          ],
          [
            51.74328286818062,
            43.052336707217506
          ],
          [
            51.743401366846314,
            43.05224473947191
          ],
          [
            51.74351986551201,
            43.05215277172632
          ],
          [
            51.7436383641777,
            43.05206080398072
          ],
          [
            51.743756862843384,
            43.05196883623513
          ],
          [
            51.74387536150908,
            43.051876868489536
          ],
          [
            51.74399386017476,
            43.05178490074394
          ],
          [
            51.744112358840454,
            43.05169293299835
          ],
          [
            51.74423085750615,
            43.05160096525276
          ],
          [
            51.74434935617184,
            43.051508997507156
          ],
          [
            51.74446785483753,
            43.051417029761566
          ],
          [
            51.744586353503216,
            43.05132506201598
          ],
          [
            51.744704852168915,
            43.05123309427039
          ],
          [
            51.74482335083461,
            43.05114112652478
          ],
          [
            51.744941849500286,
            43.05104915877919
          ],
          [
            51.745060348165985,
            43.05095719103361
          ],
          [
            51.74517884683168,
            43.050865223288014
          ],
          [
            51.74529734549736,
            43.05077325554242
          ],
          [
            51.74541584416306,
            43.05068128779682
          ],
          [
            51.74553434282875,
            43.05058932005123
          ],
          [
            51.74565284149443,
            43.05049735230564
          ],
          [
            51.745771340160125,
            43.050405384560044
          ],
          [
            51.74588983882582,
            43.05031341681445
          ],
          [
            51.74600833749151,
            43.05022144906886
          ],
          [
            51.746126836157195,
            43.05012948132326
          ],
          [
            51.7462453348229,
            43.050037513577664
          ],
          [
            51.74636383348858,
            43.049945545832074
          ],
          [
            51.746482332154265,
            43.049853578086484
          ],
          [
            51.746600830819965,
            43.049761610340894
          ],
          [
            51.74671932948565,
            43.049669642595305
          ],
          [
            51.74683782815134,
            43.04957767484971
          ],
          [
            51.746956326817035,
            43.04948570710411
          ],
          [
            51.74707482548273,
            43.04939373935852
          ],
          [
            51.74719332414842,
            43.049301771612924
          ],
          [
            51.747311822814105,
            43.04920980386733
          ],
          [
            51.7474303214798,
            43.04911783612174
          ],
          [
            51.74754882014549,
            43.04902586837615
          ],
          [
            51.747667318811175,
            43.04893390063055
          ],
          [
            51.747785817476874,
            43.048841932884955
          ],
          [
            51.74790431614257,
            43.048749965139365
          ],
          [
            51.748022814808245,
            43.048657997393775
          ],
          [
            51.748141313473944,
            43.04856602964817
          ],
          [
            51.74825981213962,
            43.04847406190259
          ],
          [
            51.74837831080532,
            43.04838209415699
          ],
          [
            51.74849680947102,
            43.0482901264114
          ],
          [
            51.748615308136706,
            43.048198158665805
          ],
          [
            51.74873380680239,
            43.04810619092021
          ],
          [
            51.74885230546809,
            43.048014223174626
          ],
          [
            51.748970804133776,
            43.04792225542903
          ],
          [
            51.74908930279947,
            43.04783028768343
          ],
          [
            51.74920780146516,
            43.04773831993784
          ],
          [
            51.749326300130846,
            43.047646352192245
          ],
          [
            51.74944479879654,
            43.04755438444665
          ],
          [
            51.74956329746223,
            43.04746241670106
          ],
          [
            51.74968179612792,
            43.04737044895546
          ],
          [
            51.749800294793616,
            43.04727848120987
          ],
          [
            51.7499187934593,
            43.04718651346428
          ],
          [
            51.750037292125,
            43.047094545718686
          ],
          [
            51.750155790790686,
            43.04700257797309
          ],
          [
            51.75027428945637,
            43.0469106102275
          ],
          [
            51.75039278812207,
            43.04681864248191
          ],
          [
            51.750511286787756,
            43.046726674736306
          ],
          [
            51.750629785453455,
            43.046634706990716
          ],
          [
            51.75074828411914,
            43.046542739245126
          ],
          [
            51.75086678278483,
            43.04645077149954
          ],
          [
            51.750985281450525,
            43.04635880375393
          ],
          [
            51.75110378011621,
            43.04626683600834
          ],
          [
            51.7512222787819,
            43.04617486826276
          ],
          [
            51.75134077744759,
            43.04608290051716
          ],
          [
            51.75145927611328,
            43.045990932771566
          ],
          [
            51.75157777477898,
            43.04589896502598
          ],
          [
            51.75169627344466,
            43.04580699728038
          ],
          [
            51.75181477211035,
            43.04571502953478
          ],
          [
            51.75193327077605,
            43.04562306178919
          ],
          [
            51.752051769441735,
            43.045531094043604
          ],
          [
            51.752170268107434,
            43.04543912629801
          ],
          [
            51.75228876677311,
            43.04534715855241
          ],
          [
            51.752407265438805,
            43.04525519080682
          ],
          [
            51.752525764104504,
            43.04516322306122
          ],
          [
            51.75264426277018,
            43.045071255315634
          ],
          [
            51.75276276143588,
            43.04497928757005
          ],
          [
            51.752881260101574,
            43.04488731982444
          ],
          [
            51.75299975876725,
            43.04479535207886
          ],
          [
            51.75311825743296,
            43.04470338433327
          ],
          [
            51.753236756098644,
            43.04461141658767
          ],
          [
            51.75335525476434,
            43.044519448842074
          ],
          [
            51.75347375343003,
            43.044427481096484
          ],
          [
            51.753592252095714,
            43.04433551335089
          ],
          [
            51.753710750761414,
            43.0442435456053
          ],
          [
            51.7538292494271,
            43.0441515778597
          ],
          [
            51.7539477480928,
            43.044059610114104
          ],
          [
            51.754066246758484,
            43.043967642368514
          ],
          [
            51.75418474542417,
            43.04387567462292
          ],
          [
            51.75430324408987,
            43.04378370687733
          ],
          [
            51.75442174275555,
            43.04369173913173
          ],
          [
            51.75454024142125,
            43.04359977138614
          ],
          [
            51.75465874008694,
            43.04350780364055
          ],
          [
            51.75477723875262,
            43.04341583589495
          ],
          [
            51.75489573741832,
            43.04332386814936
          ],
          [
            51.755014236084,
            43.043231900403775
          ],
          [
            51.755132734749694,
            43.04313993265818
          ],
          [
            51.75525123341539,
            43.04304796491259
          ],
          [
            51.75536973208107,
            43.04295599716699
          ],
          [
            51.75548823074677,
            43.042864029421395
          ],
          [
            51.75560672941246,
            43.042772061675805
          ],
          [
            51.75572522807814,
            43.04268009393021
          ],
          [
            51.75584372674385,
            43.04258812618461
          ],
          [
            51.75596222540952,
            43.04249615843902
          ],
          [
            51.756080724075225,
            43.042404190693425
          ],
          [
            51.75619922274092,
            43.042312222947835
          ],
          [
            51.7563177214066,
            43.04222025520223
          ],
          [
            51.756436220072295,
            43.04212828745665
          ],
          [
            51.75655471873798,
            43.04203631971106
          ],
          [
            51.75667321740367,
            43.04194435196546
          ],
          [
            51.756791716069365,
            43.041852384219865
          ],
          [
            51.75691021473506,
            43.041760416474276
          ],
          [
            51.75702871340074,
            43.041668448728686
          ],
          [
            51.75714721206644,
            43.04157648098309
          ],
          [
            51.757265710732135,
            43.0414845132375
          ],
          [
            51.75738420939782,
            43.04139254549191
          ],
          [
            51.757502708063505,
            43.04130057774631
          ],
          [
            51.75762120672921,
            43.041208610000716
          ],
          [
            51.75773970539489,
            43.04111664225512
          ],
          [
            51.75785820406058,
            43.04102467450953
          ],
          [
            51.757976702726275,
            43.04093270676394
          ],
          [
            51.75809520139197,
            43.040840739018336
          ],
          [
            51.75821370005766,
            43.04074877127275
          ],
          [
            51.75833219872335,
            43.040656803527156
          ],
          [
            51.75845069738904,
            43.040564835781566
          ],
          [
            51.75856919605473,
            43.04047286803596
          ],
          [
            51.758687694720415,
            43.04038090029037
          ],
          [
            51.75880619338611,
            43.04028893254478
          ],
          [
            51.7589246920518,
            43.0401969647992
          ],
          [
            51.759043190717485,
            43.04010499705359
          ],
          [
            51.759161689383184,
            43.04001302930801
          ],
          [
            51.75928018804888,
            43.03992106156242
          ],
          [
            51.75939868671456,
            43.03982909381682
          ],
          [
            51.759517185380254,
            43.03973712607122
          ],
          [
            51.759635980053204,
            43.03964549910304
          ],
          [
            51.759755114674554,
            43.03955426349934
          ],
          [
            51.759874437368936,
            43.03946324441412
          ],
          [
            51.75999380723798,
            43.039372279638584
          ],
          [
            51.760113094360314,
            43.03928121960115
          ],
          [
            51.7602321797915,
            43.03918992736745
          ],
          [
            51.76035095556411,
            43.039098278640296
          ],
          [
            51.76046932468767,
            43.039006161759744
          ],
          [
            51.7605872011487,
            43.03891347770305
          ],
          [
            51.760704509910695,
            43.03882014008467
          ],
          [
            51.76082118691413,
            43.03872607515627
          ],
          [
            51.760937179076436,
            43.038631221806725
          ],
          [
            51.761052444292034,
            43.03853553156215
          ],
          [
            51.76116695143234,
            43.03843896858583
          ],
          [
            51.76128068034571,
            43.03834150967826
          ],
          [
            51.76139362185751,
            43.038243144277175
          ],
          [
            51.76150577777008,
            43.038143874457504
          ],
          [
            51.76161716086272,
            43.03804371493138
          ],
          [
            51.7617277948917,
            43.037942693048144
          ],
          [
            51.76183771459031,
            43.03784084879436
          ],
          [
            51.76194696566876,
            43.03773823479377
          ],
          [
            51.76205560481429,
            43.03763491630739
          ],
          [
            51.76216369969107,
            43.037530971233366
          ],
          [
            51.7622713289403,
            43.03742649010712
          ],
          [
            51.7623785821801,
            43.03732157610125
          ],
          [
            51.7624855600056,
            43.037216345025534
          ],
          [
            51.76259237398891,
            43.03711092532703
          ],
          [
            51.762699146679104,
            43.037005458089965
          ],
          [
            51.762806011602244,
            43.036900097035776
          ],
          [
            51.762913113261334,
            43.03679500852309
          ],
          [
            51.763020607136426,
            43.03669037154781
          ],
          [
            51.76312825066951,
            43.03658590686581
          ],
          [
            51.76323589420261,
            43.03648144218382
          ],
          [
            51.76334353773569,
            43.03637697750183
          ],
          [
            51.76345118126879,
            43.036272512819835
          ],
          [
            51.763558874021726,
            43.036168089484335
          ],
          [
            51.76366750667747,
            43.0360644557022
          ],
          [
            51.76377673849073,
            43.03596132523465
          ],
          [
            51.763886252299464,
            43.035858431653814
          ],
          [
            51.763995754524956,
            43.03575552834261
          ],
          [
            51.76410497517174,
            43.03565238849481
          ],
          [
            51.76421366782763,
            43.03554880511501
          ],
          [
            51.76432160966377,
            43.03544459101868
          ],
          [
            51.76442860143454,
            43.03533957883209
          ],
          [
            51.76453446747762,
            43.03523362099233
          ],
          [
            51.76463905571398,
            43.03512658974738
          ],
          [
            51.76474223764787,
            43.035018377156014
          ],
          [
            51.76484390836682,
            43.03490889508787
          ],
          [
            51.76494398654166,
            43.03479807522338
          ],
          [
            51.76504241442647,
            43.03468586905386
          ],
          [
            51.765139157858655,
            43.03457224788145
          ],
          [
            51.765234206258874,
            43.03445720281909
          ],
          [
            51.76532757263108,
            43.03434074479062
          ],
          [
            51.76541929356252,
            43.03422290453066
          ],
          [
            51.76550942922371,
            43.03410373258469
          ],
          [
            51.76559806336846,
            43.033983299309014
          ],
          [
            51.765685303333846,
            43.033861694870815
          ],
          [
            51.765771280040255,
            43.033739029248046
          ],
          [
            51.765856147991336,
            43.03361543222954
          ],
          [
            51.76594008527403,
            43.03349105341496
          ],
          [
            51.766023293558575,
            43.033366062214796
          ],
          [
            51.76610599809846,
            43.03324064785037
          ],
          [
            51.7661884477305,
            43.033115019353865
          ],
          [
            51.76627091487475,
            43.03298940556829
          ],
          [
            51.766353695534605,
            43.032864055147456
          ],
          [
            51.76643710929667,
            43.03273923655606
          ],
          [
            51.76652143132022,
            43.03261518093812
          ],
          [
            51.766605753343775,
            43.03249112532018
          ],
          [
            51.766690075367336,
            43.032367069702225
          ],
          [
            51.76677439739089,
            43.03224301408428
          ],
          [
            51.76685847255391,
            43.03211876897978
          ],
          [
            51.76694207262571,
            43.03199415920213
          ],
          [
            51.7670253926887,
            43.03186933449379
          ],
          [
            51.767108613952075,
            43.03174443394829
          ],
          [
            51.76719190375166,
            43.0316195860102
          ],
          [
            51.767275415550024,
            43.03149490847515
          ],
          [
            51.76735928893646,
            43.03137050848984
          ],
          [
            51.767443649626905,
            43.03124648255206
          ],
          [
            51.76752860946408,
            43.0311229165106
          ],
          [
            51.767614266417354,
            43.03099988556534
          ],
          [
            51.767700704582836,
            43.030877454267255
          ],
          [
            51.76778799418334,
            43.03075567651834
          ],
          [
            51.76787619156834,
            43.03063459557164
          ],
          [
            51.76796533921409,
            43.03051424403132
          ],
          [
            51.7680554657235,
            43.030394643852546
          ],
          [
            51.7681465858262,
            43.03027580634157
          ],
          [
            51.76823870037855,
            43.03015773215572
          ],
          [
            51.768331796363555,
            43.030040411303354
          ],
          [
            51.768425846891,
            43.02992382314392
          ],
          [
            51.76852081119732,
            43.029807936387904
          ],
          [
            51.76861663464571,
            43.029692709096864
          ],
          [
            51.768713248726016,
            43.02957808868343
          ],
          [
            51.768810571054814,
            43.02946401191127
          ],
          [
            51.76890850537541,
            43.02935040489514
          ],
          [
            51.76900694155778,
            43.02923718310082
          ],
          [
            51.76910575559863,
            43.0291242513452
          ],
          [
            51.769204809621364,
            43.02901150379619
          ],
          [
            51.76930395187608,
            43.02889882397276
          ],
          [
            51.76940301673962,
            43.028786084745
          ],
          [
            51.7695018247155,
            43.028673148334
          ],
          [
            51.76960018243394,
            43.02855986631191
          ],
          [
            51.76969822375721,
            43.02844634142948
          ],
          [
            51.76979626508049,
            43.02833281654705
          ],
          [
            51.76989498647808,
            43.028219745837546
          ],
          [
            51.769994727115616,
            43.028107355805375
          ],
          [
            51.77009505298524,
            43.0279953566078
          ],
          [
            51.77019556116591,
            43.02788347916273
          ],
          [
            51.77029587982338,
            43.02777147514867
          ],
          [
            51.770395668210156,
            43.0276591170048
          ],
          [
            51.77049461666557,
            43.02754619793095
          ],
          [
            51.77059244661573,
            43.027432531887555
          ],
          [
            51.770688910573526,
            43.02731795359571
          ],
          [
            51.77078379213863,
            43.02720231853716
          ],
          [
            51.770876905997554,
            43.027085502954236
          ],
          [
            51.77096809792351,
            43.02696740384999
          ],
          [
            51.771057244776586,
            43.02684793898804
          ],
          [
            51.7711442545036,
            43.02672704689269
          ],
          [
            51.771229066138176,
            43.02660468684886
          ],
          [
            51.77131164980076,
            43.02648083890213
          ],
          [
            51.77139200669853,
            43.02635550385869
          ],
          [
            51.771470169125486,
            43.02622870328538
          ],
          [
            51.77154620046242,
            43.0261004795097
          ],
          [
            51.771620195176865,
            43.02597089561977
          ],
          [
            51.77169227882324,
            43.02584003546435
          ],
          [
            51.77176260804265,
            43.025708003652845
          ],
          [
            51.77183137056304,
            43.02557492555528
          ],
          [
            51.771898785199156,
            43.02544094730238
          ],
          [
            51.77196510185249,
            43.02530623578541
          ],
          [
            51.77203060151134,
            43.025170978656355
          ],
          [
            51.77209559625082,
            43.02503538432783
          ],
          [
            51.772160429232805,
            43.02489968197304
          ],
          [
            51.772225474705934,
            43.02476412152589
          ],
          [
            51.77229113800572,
            43.02462897368089
          ],
          [
            51.77235785555437,
            43.02449452989319
          ],
          [
            51.77242515515231,
            43.02436047481452
          ],
          [
            51.77249245475024,
            43.024226419735854
          ],
          [
            51.77255975434819,
            43.024092364657186
          ],
          [
            51.77262685346733,
            43.02395816836999
          ],
          [
            51.77269253559668,
            43.02382297401688
          ],
          [
            51.77275732743741,
            43.02368715258323
          ],
          [
            51.772821719025885,
            43.02355104922934
          ],
          [
            51.772886163733745,
            43.02341498329042
          ],
          [
            51.77295107826788,
            43.02327924827667
          ],
          [
            51.77301684267037,
            43.02314411187318
          ],
          [
            51.77308380031855,
            43.02300981593999
          ],
          [
            51.77315225792504,
            43.02287657651212
          ],
          [
            51.77322248553763,
            43.02274458379945
          ],
          [
            51.773294716539375,
            43.02261400218687
          ],
          [
            51.77336914764858,
            43.022484970234174
          ],
          [
            51.773445938918755,
            43.02235760067608
          ],
          [
            51.773525213738694,
            43.02223198042229
          ],
          [
            51.77360705883239,
            43.0221081705574
          ],
          [
            51.77369152425907,
            43.021986206340955
          ],
          [
            51.773778623413236,
            43.02186609720746
          ],
          [
            51.773868333024595,
            43.02174782676632
          ],
          [
            51.77396059315811,
            43.021631352801926
          ],
          [
            51.77405530721396,
            43.02151660727357
          ],
          [
            51.774152341927575,
            43.02140349631547
          ],
          [
            51.77425152736965,
            43.02129190023684
          ],
          [
            51.77435265694605,
            43.02118167352176
          ],
          [
            51.77445548739796,
            43.02107264482932
          ],
          [
            51.7745597388017,
            43.02096461699349
          ],
          [
            51.774665094568945,
            43.0208573670232
          ],
          [
            51.77477120144652,
            43.02075064610231
          ],
          [
            51.77487766951651,
            43.02064417958964
          ],
          [
            51.774984072196276,
            43.02053766701894
          ],
          [
            51.77508994623835,
            43.02043078209888
          ],
          [
            51.77519479173057,
            43.02032317271308
          ],
          [
            51.77529834911221,
            43.02021465603829
          ],
          [
            51.775401906493855,
            43.0201061393635
          ],
          [
            51.77550612491669,
            43.01999802066901
          ],
          [
            51.775612410943204,
            43.019891146776736
          ],
          [
            51.77571995810884,
            43.01978503215413
          ],
          [
            51.77582801669017,
            43.01967922542969
          ],
          [
            51.775935893704855,
            43.01957330939294
          ],
          [
            51.77604295291177,
            43.01946690099445
          ],
          [
            51.77614861481083,
            43.01935965134581
          ],
          [
            51.77625235664314,
            43.01925124571967
          ],
          [
            51.7763537123909,
            43.0191414035497
          ],
          [
            51.77645227277743,
            43.01902987843059
          ],
          [
            51.77654768526724,
            43.01891645811809
          ],
          [
            51.77663965406588,
            43.01880096452898
          ],
          [
            51.77672794012011,
            43.01868325374106
          ],
          [
            51.776812361117756,
            43.0185632159932
          ],
          [
            51.77689279148782,
            43.018440775685264
          ],
          [
            51.77696916240039,
            43.018315891378165
          ],
          [
            51.77704146176672,
            43.018188555793856
          ],
          [
            51.777109734239176,
            43.01805879581535
          ],
          [
            51.77717408121125,
            43.017926672486645
          ],
          [
            51.777234660817555,
            43.0177922810128
          ],
          [
            51.77729168793387,
            43.017655750759936
          ],
          [
            51.777345434177064,
            43.01751724525515
          ],
          [
            51.777396227905136,
            43.01737696218662
          ],
          [
            51.77744445421723,
            43.017235133403545
          ],
          [
            51.77749055495363,
            43.01709202491616
          ],
          [
            51.777535028695716,
            43.01694793689573
          ],
          [
            51.777578430766,
            43.016803203674584
          ],
          [
            51.77762137322816,
            43.01665819374603
          ],
          [
            51.77766452488697,
            43.01651330976448
          ],
          [
            51.77770861128832,
            43.01636898854531
          ],
          [
            51.77775441471928,
            43.01622570106499
          ],
          [
            51.77780186079887,
            43.01608340254239
          ],
          [
            51.77784930687845,
            43.015941104019795
          ],
          [
            51.777896752958036,
            43.015798805497205
          ],
          [
            51.77794419903762,
            43.01565650697461
          ],
          [
            51.77799164511721,
            43.015514208452025
          ],
          [
            51.7780390911968,
            43.01537190992943
          ],
          [
            51.77808425400019,
            43.015228143120645
          ],
          [
            51.77812767279275,
            43.01508325480626
          ],
          [
            51.778170205431366,
            43.01493779664071
          ],
          [
            51.7782126467319,
            43.01479227973917
          ],
          [
            51.778255728469105,
            43.01464717467759
          ],
          [
            51.778300119376745,
            43.01450291149264
          ],
          [
            51.778346425147504,
            43.01435987968175
          ],
          [
            51.778395188433024,
            43.014218428203115
          ],
          [
            51.7784468888439,
            43.01407886547566
          ],
          [
            51.77850194294968,
            43.01394145937908
          ],
          [
            51.77856070427884,
            43.01380643725379
          ],
          [
            51.77862346331883,
            43.013673985900994
          ],
          [
            51.77869044751605,
            43.01354425158263
          ],
          [
            51.77876182127584,
            43.01341734002139
          ],
          [
            51.778837685962486,
            43.013293316400706
          ],
          [
            51.778918079899235,
            43.013172205364754
          ],
          [
            51.7790029783683,
            43.013053991018495
          ],
          [
            51.77909229361079,
            43.0129386169276
          ],
          [
            51.779185874826844,
            43.01282598611853
          ],
          [
            51.77928350817547,
            43.012715961078456
          ],
          [
            51.77938491677469,
            43.01260836375535
          ],
          [
            51.77948976070143,
            43.01250297555788
          ],
          [
            51.77959763699162,
            43.01239953735549
          ],
          [
            51.779708079640066,
            43.0122977494784
          ],
          [
            51.779820559600594,
            43.01219727171752
          ],
          [
            51.77993448478594,
            43.01209772332459
          ],
          [
            51.78004920006782,
            43.011998683011996
          ],
          [
            51.78016398727686,
            43.011899688953
          ],
          [
            51.78027806520266,
            43.011800238781504
          ],
          [
            51.78039058959381,
            43.011699789592235
          ],
          [
            51.78050065315776,
            43.01159775794062
          ],
          [
            51.7806104405313,
            43.011495548681694
          ],
          [
            51.78072022790483,
            43.01139333942276
          ],
          [
            51.780830383291175,
            43.011291493578135
          ],
          [
            51.78094077537507,
            43.0111898814734
          ],
          [
            51.781051281745626,
            43.01108838222726
          ],
          [
            51.7811617890592,
            43.01098688391235
          ],
          [
            51.78127219303941,
            43.010885283555304
          ],
          [
            51.78138239847716,
            43.010783487136656
          ],
          [
            51.78149231923057,
            43.010681409590944
          ],
          [
            51.78160187822505,
            43.010578974806656
          ],
          [
            51.78171100745324,
            43.01047611562623
          ],
          [
            51.78181964797507,
            43.010372773846086
          ],
          [
            51.78192774991773,
            43.010268900216545
          ],
          [
            51.78203527247563,
            43.01016445444197
          ],
          [
            51.78214218391046,
            43.0100594051806
          ],
          [
            51.782248461551184,
            43.00995373004469
          ],
          [
            51.782354091794005,
            43.00984741560045
          ],
          [
            51.7824590701024,
            43.009740457368004
          ],
          [
            51.78256340100707,
            43.00963285982148
          ],
          [
            51.78266709810602,
            43.009524636388946
          ],
          [
            51.78277018406449,
            43.00941580945243
          ],
          [
            51.782872690614965,
            43.009306410347925
          ],
          [
            51.78297465855723,
            43.009196479365364
          ],
          [
            51.7830761377583,
            43.00908606574867
          ],
          [
            51.783177187152425,
            43.008975227695686
          ],
          [
            51.783277874741174,
            43.00886403235826
          ],
          [
            51.78337827759331,
            43.008752555842165
          ],
          [
            51.78347848184491,
            43.00864088320712
          ],
          [
            51.78357858269928,
            43.008529108466846
          ],
          [
            51.78367868442697,
            43.00841733458899
          ],
          [
            51.78377890036583,
            43.00830567349519
          ],
          [
            51.783879352920934,
            43.00819424606098
          ],
          [
            51.78398017356464,
            43.008083182115925
          ],
          [
            51.78408099432623,
            43.007972118287285
          ],
          [
            51.784182068070244,
            43.00786121472664
          ],
          [
            51.784284836278154,
            43.00775138463325
          ],
          [
            51.78438866774723,
            43.007642228131104
          ],
          [
            51.78449297523565,
            43.00753337319405
          ],
          [
            51.78459721546259,
            43.00742447564589
          ],
          [
            51.78470088910815,
            43.00731521916026
          ],
          [
            51.78480354081341,
            43.007205315260755
          ],
          [
            51.78490475918037,
            43.007094503320836
          ],
          [
            51.78500417677203,
            43.00698255056387
          ],
          [
            51.7851014701123,
            43.006869252063105
          ],
          [
            51.7851963596861,
            43.00675443074169
          ],
          [
            51.78528860993923,
            43.006637937372695
          ],
          [
            51.78537802927852,
            43.006519650579065
          ],
          [
            51.78546447007171,
            43.00639947683365
          ],
          [
            51.785547828647495,
            43.00627735045919
          ],
          [
            51.78562804529557,
            43.006153233628325
          ],
          [
            51.78570510426652,
            43.006027116363605
          ],
          [
            51.78577903377192,
            43.00589901653746
          ],
          [
            51.78584990598431,
            43.005768979872215
          ],
          [
            51.78591783703716,
            43.00563707994012
          ],
          [
            51.78598298702492,
            43.0055034181633
          ],
          [
            51.786045560002975,
            43.00536812381376
          ],
          [
            51.78610580398767,
            43.00523135401343
          ],
          [
            51.7861640109563,
            43.00509329373414
          ],
          [
            51.78622051684714,
            43.0049541557976
          ],
          [
            51.786275701559376,
            43.00481418087542
          ],
          [
            51.78632998895319,
            43.00467363748912
          ],
          [
            51.7863838468497,
            43.0045328220101
          ],
          [
            51.78643778703099,
            43.00439205865966
          ],
          [
            51.786492365240086,
            43.00425169950902
          ],
          [
            51.78654818118097,
            43.00411212447927
          ],
          [
            51.7866055289542,
            43.003973519887325
          ],
          [
            51.78666287672743,
            43.003834915295386
          ],
          [
            51.786720224500655,
            43.00369631070346
          ],
          [
            51.78677757227389,
            43.00355770611152
          ],
          [
            51.78683492004711,
            43.00341910151959
          ],
          [
            51.78689226782035,
            43.00328049692765
          ],
          [
            51.78694961559357,
            43.00314189233571
          ],
          [
            51.78700696336679,
            43.00300328774378
          ],
          [
            51.78706431114003,
            43.00286468315184
          ],
          [
            51.787121658913264,
            43.0027260785599
          ],
          [
            51.78717900668649,
            43.00258747396797
          ],
          [
            51.787236354459715,
            43.00244886937603
          ],
          [
            51.787293702232944,
            43.0023102647841
          ],
          [
            51.78735105000617,
            43.00217166019216
          ],
          [
            51.787408397779394,
            43.00203305560022
          ],
          [
            51.78746574555264,
            43.00189445100829
          ],
          [
            51.78752309332586,
            43.00175584641636
          ],
          [
            51.787580441099095,
            43.00161724182443
          ],
          [
            51.78763778887232,
            43.00147863723249
          ],
          [
            51.787695136645546,
            43.00134003264055
          ],
          [
            51.787752484418775,
            43.00120142804861
          ],
          [
            51.787809832192,
            43.00106282345668
          ],
          [
            51.78786717996523,
            43.00092421886474
          ],
          [
            51.78792452773846,
            43.0007856142728
          ],
          [
            51.7879818755117,
            43.000647009680875
          ],
          [
            51.788039223284926,
            43.000508405088944
          ],
          [
            51.788096571058155,
            43.000369800497
          ],
          [
            51.78815391883137,
            43.00023119590506
          ],
          [
            51.788211266604605,
            43.00009259131313
          ],
          [
            51.78826861437784,
            42.999953986721195
          ],
          [
            51.78832596215107,
            42.99981538212926
          ],
          [
            51.78838330992429,
            42.999676777537324
          ],
          [
            51.78844065769752,
            42.99953817294538
          ],
          [
            51.78849800547075,
            42.99939956835345
          ],
          [
            51.78855535324398,
            42.99926096376151
          ],
          [
            51.7886127010172,
            42.999122359169576
          ],
          [
            51.788670048790436,
            42.99898375457764
          ],
          [
            51.788727396563665,
            42.9988451499857
          ],
          [
            51.7887847443369,
            42.99870654539377
          ],
          [
            51.78884209211012,
            42.998567940801834
          ],
          [
            51.78889943988335,
            42.998429336209895
          ],
          [
            51.78895678765658,
            42.998290731617956
          ],
          [
            51.78901413542981,
            42.998152127026025
          ],
          [
            51.78907148320304,
            42.99801352243409
          ],
          [
            51.789128830976274,
            42.99787491784216
          ],
          [
            51.789186178749496,
            42.997736313250215
          ],
          [
            51.789243526522725,
            42.99759770865828
          ],
          [
            51.789300874295954,
            42.99745910406635
          ],
          [
            51.78935822206918,
            42.99732049947441
          ],
          [
            51.78941556984242,
            42.99718189488247
          ],
          [
            51.78947291761565,
            42.99704329029055
          ],
          [
            51.78953026538887,
            42.99690468569861
          ],
          [
            51.789587613162105,
            42.99676608110667
          ],
          [
            51.78964496093533,
            42.99662747651474
          ],
          [
            51.789702308708556,
            42.99648887192279
          ],
          [
            51.78975965648179,
            42.99635026733086
          ],
          [
            51.78981700425502,
            42.99621166273893
          ],
          [
            51.78987435202825,
            42.99607305814699
          ],
          [
            51.78993169980148,
            42.99593445355506
          ],
          [
            51.7899890475747,
            42.99579584896311
          ],
          [
            51.790046395347936,
            42.99565724437118
          ],
          [
            51.79010374312116,
            42.99551863977925
          ],
          [
            51.7901610908944,
            42.99538003518731
          ],
          [
            51.79021843866762,
            42.99524143059537
          ],
          [
            51.79027578644086,
            42.995102826003446
          ],
          [
            51.79033313421407,
            42.99496422141151
          ],
          [
            51.79039048198731,
            42.99482561681957
          ],
          [
            51.79044782976053,
            42.99468701222763
          ],
          [
            51.790505177533774,
            42.9945484076357
          ],
          [
            51.790562525306996,
            42.99440980304376
          ],
          [
            51.79061987308023,
            42.99427119845183
          ],
          [
            51.79067722085345,
            42.994132593859895
          ],
          [
            51.79073456862668,
            42.993993989267956
          ],
          [
            51.79079191639991,
            42.99385538467602
          ],
          [
            51.79084926417314,
            42.99371678008408
          ],
          [
            51.79090661194637,
            42.993578175492146
          ],
          [
            51.7909639597196,
            42.99343957090021
          ],
          [
            51.791021307492834,
            42.99330096630827
          ],
          [
            51.791078655266055,
            42.993162361716344
          ],
          [
            51.791136003039284,
            42.993023757124405
          ],
          [
            51.79119335081251,
            42.992885152532466
          ],
          [
            51.79125069858574,
            42.992746547940534
          ],
          [
            51.79130804635897,
            42.992607943348595
          ],
          [
            51.7913653941322,
            42.99246933875666
          ],
          [
            51.79142274190543,
            42.992330734164725
          ],
          [
            51.79148008967866,
            42.99219212957279
          ],
          [
            51.791537437451886,
            42.992053524980854
          ],
          [
            51.791594785225115,
            42.991914920388915
          ],
          [
            51.79165213299835,
            42.99177631579698
          ],
          [
            51.79170948077158,
            42.991637711205044
          ],
          [
            51.79176682854481,
            42.991499106613105
          ],
          [
            51.79182417631803,
            42.991360502021166
          ],
          [
            51.79188152409126,
            42.99122189742924
          ],
          [
            51.79193887186449,
            42.99108329283731
          ],
          [
            51.79199621963772,
            42.99094468824537
          ],
          [
            51.792053567410946,
            42.99080608365343
          ],
          [
            51.79211091518418,
            42.99066747906149
          ],
          [
            51.792168262957404,
            42.99052887446956
          ],
          [
            51.79222561073064,
            42.99039026987762
          ],
          [
            51.79228295850386,
            42.99025166528569
          ],
          [
            51.79234030627709,
            42.99011306069375
          ],
          [
            51.79239765405032,
            42.98997445610182
          ],
          [
            51.792455001823555,
            42.98983585150988
          ],
          [
            51.792512349596784,
            42.98969724691794
          ],
          [
            51.7925691346313,
            42.98955828180882
          ],
          [
            51.79262428977145,
            42.98941827251181
          ],
          [
            51.7926784550397,
            42.98927762905579
          ],
          [
            51.79273222536313,
            42.98913673257931
          ],
          [
            51.792786150573455,
            42.98899593533074
          ],
          [
            51.79284073540701,
            42.98885556066819
          ],
          [
            51.79289643950471,
            42.98871590305952
          ],
          [
            51.79295367741215,
            42.988577228082335
          ],
          [
            51.7930128185795,
            42.988439772424
          ],
          [
            51.793074187361555,
            42.988303743881616
          ],
          [
            51.79313806301774,
            42.98816932136208
          ],
          [
            51.79320467971209,
            42.988036654881995
          ],
          [
            51.79327422651328,
            42.98790586556774
          ],
          [
            51.79334684739457,
            42.98777704565545
          ],
          [
            51.793422641233846,
            42.987650258491
          ],
          [
            51.79350166181363,
            42.98752553853006
          ],
          [
            51.79358391782106,
            42.98740289133798
          ],
          [
            51.79366937284786,
            42.98728229358991
          ],
          [
            51.79375794539044,
            42.987163693070755
          ],
          [
            51.79384950884975,
            42.987047008675155
          ],
          [
            51.79394389153142,
            42.98693213040754
          ],
          [
            51.794040876645674,
            42.98681891938203
          ],
          [
            51.79414020230732,
            42.98670720782255
          ],
          [
            51.79424156153587,
            42.986596799062774
          ],
          [
            51.79434460225537,
            42.9864874675461
          ],
          [
            51.79444892729453,
            42.986378958825696
          ],
          [
            51.79455409438668,
            42.9862709895645
          ],
          [
            51.794659616169746,
            42.98616324753518
          ],
          [
            51.794764960186285,
            42.98605539162016
          ],
          [
            51.79486954888346,
            42.98594705181163
          ],
          [
            51.79497275961308,
            42.98583782921151
          ],
          [
            51.79507470220891,
            42.985727794184584
          ],
          [
            51.79517664480475,
            42.985617759157634
          ],
          [
            51.795278587400595,
            42.9855077241307
          ],
          [
            51.795380529996436,
            42.98539768910376
          ],
          [
            51.79548247259227,
            42.98528765407682
          ],
          [
            51.79558441518811,
            42.98517761904988
          ],
          [
            51.79568597421168,
            42.985067155850345
          ],
          [
            51.7957869066471,
            42.98495599320538
          ],
          [
            51.79588747575329,
            42.98484442498466
          ],
          [
            51.79598792598185,
            42.98473272406366
          ],
          [
            51.79608848297699,
            42.984621142323654
          ],
          [
            51.79618935357559,
            42.984509910651724
          ],
          [
            51.79629072580721,
            42.98439923894078
          ],
          [
            51.79639276889402,
            42.984289316089544
          ],
          [
            51.796495633250885,
            42.98418031000248
          ],
          [
            51.796599450485296,
            42.98407236758993
          ],
          [
            51.79670433339741,
            42.983965614768046
          ],
          [
            51.796810375980044,
            42.98386015645872
          ],
          [
            51.79691765341863,
            42.98375607658972
          ],
          [
            51.79702622209133,
            42.983653438094606
          ],
          [
            51.79713611956889,
            42.983552282912704
          ],
          [
            51.797247364614734,
            42.98345263198921
          ],
          [
            51.797359957184945,
            42.98335448527507
          ],
          [
            51.797473878428264,
            42.983257821727086
          ],
          [
            51.79758909068608,
            42.98316259930784
          ],
          [
            51.79770553749243,
            42.98306875498572
          ],
          [
            51.79782314357401,
            42.982976204734946
          ],
          [
            51.79794181485017,
            42.982884843535516
          ],
          [
            51.7980614384329,
            42.98279454537325
          ],
          [
            51.79818188262691,
            42.98270516323977
          ],
          [
            51.79830299692945,
            42.982616529132535
          ],
          [
            51.79842461203053,
            42.982528454054766
          ],
          [
            51.79854653981275,
            42.98244072801551
          ],
          [
            51.79866857335139,
            42.982353120029636
          ],
          [
            51.7987904869144,
            42.9822653781178
          ],
          [
            51.798912035962324,
            42.98217722930647
          ],
          [
            51.79903295714845,
            42.98208837962795
          ],
          [
            51.799153498328586,
            42.981999105757815
          ],
          [
            51.79927403950874,
            42.981909831887684
          ],
          [
            51.79939458068888,
            42.981820558017546
          ],
          [
            51.79951512186902,
            42.98173128414741
          ],
          [
            51.79963566304917,
            42.98164201027728
          ],
          [
            51.79975620422932,
            42.98155273640714
          ],
          [
            51.79987828929649,
            42.98146463695653
          ],
          [
            51.800002560532384,
            42.98137820050278
          ],
          [
            51.800128078264905,
            42.981292712246635
          ],
          [
            51.80025397024938,
            42.98120750868023
          ],
          [
            51.800379431668716,
            42.9811219775872
          ],
          [
            51.80050372513328,
            42.981035558042585
          ],
          [
            51.800626180681014,
            42.98094774041285
          ],
          [
            51.8007461957773,
            42.98085806635595
          ],
          [
            51.80086323531508,
            42.98076612882122
          ],
          [
            51.800976831614776,
            42.98067157204948
          ],
          [
            51.801086584424354,
            42.980574091572954
          ],
          [
            51.801192160919285,
            42.98047343421533
          ],
          [
            51.80129329570251,
            42.98036939809171
          ],
          [
            51.80138979080453,
            42.98026183260865
          ],
          [
            51.80148151568334,
            42.98015063846416
          ],
          [
            51.80156840722445,
            42.98003576764766
          ],
          [
            51.80165046974088,
            42.97991722344001
          ],
          [
            51.801727774973145,
            42.97979506041354
          ],
          [
            51.80180046208929,
            42.97966938443198
          ],
          [
            51.80186873768489,
            42.97954035265053
          ],
          [
            51.801932875782974,
            42.9794081735158
          ],
          [
            51.801993217834145,
            42.97927310676586
          ],
          [
            51.80205017271649,
            42.97913546343021
          ],
          [
            51.80210421673557,
            42.9789956058298
          ],
          [
            51.80215589362454,
            42.978853947577
          ],
          [
            51.802205814544,
            42.97871095357562
          ],
          [
            51.80225465808208,
            42.97856714002092
          ],
          [
            51.80230415748392,
            42.97842334338089
          ],
          [
            51.80235498787417,
            42.97828014474729
          ],
          [
            51.80240762533487,
            42.97813810390067
          ],
          [
            51.802462642969,
            42.9779978399761
          ],
          [
            51.80251857759844,
            42.97785840868143
          ],
          [
            51.802573919544905,
            42.97771881590391
          ],
          [
            51.80262838239345,
            42.97757898360672
          ],
          [
            51.802681709322556,
            42.97743884181607
          ],
          [
            51.802733673104136,
            42.97729832862123
          ],
          [
            51.80278407610352,
            42.977157390174504
          ],
          [
            51.80283275027946,
            42.97701598069126
          ],
          [
            51.80287955718412,
            42.97687406244991
          ],
          [
            51.80292438796312,
            42.97673160579187
          ],
          [
            51.80296716335544,
            42.976588589121654
          ],
          [
            51.80300783369356,
            42.97644499890679
          ],
          [
            51.80304637890333,
            42.97630082967789
          ],
          [
            51.80308280850403,
            42.97615608402856
          ],
          [
            51.80311716160838,
            42.97601077261548
          ],
          [
            51.80314950692251,
            42.975864914158386
          ],
          [
            51.80317994274597,
            42.975718535440045
          ],
          [
            51.80320859697172,
            42.97557167130626
          ],
          [
            51.803235627086174,
            42.975424364665905
          ],
          [
            51.80326122016914,
            42.975276666490885
          ],
          [
            51.80328559289387,
            42.975128635816155
          ],
          [
            51.80330899152703,
            42.974980339739695
          ],
          [
            51.80333169192871,
            42.974831853422565
          ],
          [
            51.8033539995524,
            42.97468326008887
          ],
          [
            51.80337624944505,
            42.97453465102572
          ],
          [
            51.803398806247,
            42.97438612558331
          ],
          [
            51.803422064192034,
            42.974237791174865
          ],
          [
            51.803445174792714,
            42.974089379436585
          ],
          [
            51.803467445571606,
            42.97394070807348
          ],
          [
            51.803489169671515,
            42.97379187178471
          ],
          [
            51.80351081734392,
            42.973643012438814
          ],
          [
            51.80353282168552,
            42.973494260695176
          ],
          [
            51.803555578638296,
            42.97334573600413
          ],
          [
            51.80357944698945,
            42.973197546606904
          ],
          [
            51.8036047483714,
            42.97304978953562
          ],
          [
            51.80363176726184,
            42.97290255061337
          ],
          [
            51.803660750983674,
            42.972755904454104
          ],
          [
            51.803691909705066,
            42.9726099144627
          ],
          [
            51.80372541643939,
            42.97246463283498
          ],
          [
            51.80376140704529,
            42.97232010055762
          ],
          [
            51.80379998022663,
            42.97217634740823
          ],
          [
            51.8038411975325,
            42.97203339195538
          ],
          [
            51.80388508335726,
            42.97189124155848
          ],
          [
            51.80393162494049,
            42.971749892367896
          ],
          [
            51.803980772367005,
            42.9716093293249
          ],
          [
            51.80403243856686,
            42.971469526161655
          ],
          [
            51.804086499315375,
            42.97133044540128
          ],
          [
            51.80414279323304,
            42.97119203835774
          ],
          [
            51.80420112178568,
            42.971054245135996
          ],
          [
            51.80426124928427,
            42.97091699463184
          ],
          [
            51.80432290288509,
            42.97078020453203
          ],
          [
            51.8043857725896,
            42.97064378131421
          ],
          [
            51.80444951124452,
            42.97050762024696
          ],
          [
            51.80451373454185,
            42.970371605389744
          ],
          [
            51.80457802101879,
            42.97023560959296
          ],
          [
            51.80464191205774,
            42.97009949449789
          ],
          [
            51.80470491188642,
            42.969963110536774
          ],
          [
            51.804766487577744,
            42.96982629693272
          ],
          [
            51.80482782710037,
            42.96968941207979
          ],
          [
            51.80488916662299,
            42.96955252722686
          ],
          [
            51.80495050614562,
            42.96941564237391
          ],
          [
            51.805011845668254,
            42.96927875752097
          ],
          [
            51.80507318519088,
            42.96914187266804
          ],
          [
            51.8051345247135,
            42.9690049878151
          ],
          [
            51.80519586423613,
            42.96886810296216
          ],
          [
            51.80525720375876,
            42.96873121810923
          ],
          [
            51.80531854328139,
            42.968594333256284
          ],
          [
            51.80537988280401,
            42.96845744840334
          ],
          [
            51.80544122232664,
            42.96832056355041
          ],
          [
            51.805502561849266,
            42.96818367869748
          ],
          [
            51.80556390137189,
            42.968046793844536
          ],
          [
            51.805625240894514,
            42.96790990899159
          ],
          [
            51.80568658041714,
            42.96777302413866
          ],
          [
            51.80574791993977,
            42.96763613928572
          ],
          [
            51.8058092594624,
            42.96749925443278
          ],
          [
            51.80587059898502,
            42.967362369579845
          ],
          [
            51.80593193850765,
            42.9672254847269
          ],
          [
            51.80599327803028,
            42.96708859987397
          ],
          [
            51.8060546175529,
            42.966951715021025
          ],
          [
            51.80611595707553,
            42.96681483016809
          ],
          [
            51.80617729659816,
            42.96667794531514
          ],
          [
            51.80623863612078,
            42.96654106046221
          ],
          [
            51.806299975643405,
            42.96640417560927
          ],
          [
            51.806361315166036,
            42.966267290756335
          ],
          [
            51.80642265468867,
            42.96613040590339
          ],
          [
            51.80648399421129,
            42.96599352105046
          ],
          [
            51.806545333733915,
            42.965856636197515
          ],
          [
            51.806606673256546,
            42.96571975134459
          ],
          [
            51.80666801277918,
            42.965582866491644
          ],
          [
            51.8067293523018,
            42.9654459816387
          ],
          [
            51.80679069182443,
            42.96530909678576
          ],
          [
            51.80685203134705,
            42.96517221193283
          ],
          [
            51.80691337086968,
            42.96503532707989
          ],
          [
            51.8069747103923,
            42.96489844222695
          ],
          [
            51.80703604991493,
            42.96476155737401
          ],
          [
            51.80709738943756,
            42.964624672521076
          ],
          [
            51.80715872896018,
            42.96448778766815
          ],
          [
            51.80722006848281,
            42.9643509028152
          ],
          [
            51.80728140800544,
            42.96421401796226
          ],
          [
            51.80734274752806,
            42.96407713310932
          ],
          [
            51.80740408705069,
            42.96394024825638
          ],
          [
            51.80746542657332,
            42.96380336340344
          ],
          [
            51.80752676609595,
            42.963666478550515
          ],
          [
            51.80758810561857,
            42.96352959369757
          ],
          [
            51.8076494451412,
            42.96339270884462
          ],
          [
            51.807710784663826,
            42.96325582399169
          ],
          [
            51.80777212418646,
            42.96311893913876
          ],
          [
            51.80783346370909,
            42.96298205428582
          ],
          [
            51.80789480323171,
            42.962845169432875
          ],
          [
            51.807956142754335,
            42.96270828457993
          ],
          [
            51.80801748227696,
            42.962571399727004
          ],
          [
            51.80807882179958,
            42.96243451487407
          ],
          [
            51.80814016132221,
            42.962297630021126
          ],
          [
            51.80820150084484,
            42.962160745168184
          ],
          [
            51.80826284036746,
            42.96202386031525
          ],
          [
            51.808324179890086,
            42.961886975462306
          ],
          [
            51.80838551941272,
            42.96175009060937
          ],
          [
            51.80844685893535,
            42.961613205756436
          ],
          [
            51.80850819845797,
            42.96147632090349
          ],
          [
            51.808569537980595,
            42.96133943605055
          ],
          [
            51.80863087750323,
            42.961202551197616
          ],
          [
            51.80869221702585,
            42.96106566634468
          ],
          [
            51.808753556548474,
            42.96092878149174
          ],
          [
            51.80881489607111,
            42.960791896638796
          ],
          [
            51.80887623559374,
            42.96065501178586
          ],
          [
            51.80893757511636,
            42.960518126932925
          ],
          [
            51.80899891463899,
            42.96038124207999
          ],
          [
            51.80906025416162,
            42.960244357227054
          ],
          [
            51.809121593684246,
            42.960107472374105
          ],
          [
            51.80918293320687,
            42.95997058752117
          ],
          [
            51.8092442727295,
            42.959833702668234
          ],
          [
            51.80930561225212,
            42.959696817815306
          ],
          [
            51.80936695177474,
            42.95955993296236
          ],
          [
            51.80942829129738,
            42.959423048109414
          ],
          [
            51.809489630819996,
            42.959286163256486
          ],
          [
            51.80955097034262,
            42.95914927840355
          ],
          [
            51.80961230986525,
            42.95901239355061
          ],
          [
            51.80967364938789,
            42.95887550869767
          ],
          [
            51.809734988910506,
            42.958738623844724
          ],
          [
            51.80979632843313,
            42.95860173899179
          ],
          [
            51.80985766795577,
            42.95846485413885
          ],
          [
            51.8099190074784,
            42.958327969285925
          ],
          [
            51.80998034700101,
            42.958191084432976
          ],
          [
            51.81004168652365,
            42.95805419958003
          ],
          [
            51.81010302604628,
            42.9579173147271
          ],
          [
            51.810164365568895,
            42.95778042987416
          ],
          [
            51.810225705091526,
            42.95764354502123
          ],
          [
            51.81028704461416,
            42.957506660168285
          ],
          [
            51.81034838413677,
            42.95736977531534
          ],
          [
            51.81040972365939,
            42.95723289046241
          ],
          [
            51.810471063182035,
            42.95709600560947
          ],
          [
            51.81053240270466,
            42.95695912075654
          ],
          [
            51.810593742227276,
            42.95682223590359
          ],
          [
            51.8106550817499,
            42.95668535105066
          ],
          [
            51.81071642127254,
            42.95654846619773
          ],
          [
            51.810777760795155,
            42.95641158134478
          ],
          [
            51.81083910031779,
            42.956274696491846
          ],
          [
            51.81090043984042,
            42.956137811638904
          ],
          [
            51.81096177936304,
            42.95600092678597
          ],
          [
            51.8110229576819,
            42.95586395192437
          ],
          [
            51.811083248956244,
            42.955726481778555
          ],
          [
            51.81114298657885,
            42.95558870249946
          ],
          [
            51.81120248067606,
            42.95545078724717
          ],
          [
            51.811262018107804,
            42.955312896190854
          ],
          [
            51.81132186246754,
            42.955175176508796
          ],
          [
            51.811382254082304,
            42.95503776238838
          ],
          [
            51.811443410012714,
            42.954900775026125
          ],
          [
            51.81150552405295,
            42.95476432262764
          ],
          [
            51.81156876673071,
            42.954628500407644
          ],
          [
            51.81163328530731,
            42.95449339058995
          ],
          [
            51.81169920377762,
            42.954359062407526
          ],
          [
            51.81176662287004,
            42.954225572102395
          ],
          [
            51.81183562004658,
            42.95409296292573
          ],
          [
            51.81190624950278,
            42.953961265137785
          ],
          [
            51.81197854216778,
            42.95383049600794
          ],
          [
            51.81205250570424,
            42.95370065981467
          ],
          [
            51.81212812450839,
            42.95357174784559
          ],
          [
            51.8122053597101,
            42.953443738397375
          ],
          [
            51.812284149172676,
            42.95331659677585
          ],
          [
            51.81236440749309,
            42.95319027529594
          ],
          [
            51.81244602600185,
            42.95306471328166
          ],
          [
            51.81252887276301,
            42.95293983706615
          ],
          [
            51.81261279257421,
            42.95281555999167
          ],
          [
            51.81269760696664,
            42.95269178240956
          ],
          [
            51.81278311420506,
            42.95256839168027
          ],
          [
            51.81286908928779,
            42.95244526217342
          ],
          [
            51.812955283946714,
            42.95232225526766
          ],
          [
            51.81304142664731,
            42.952199219350774
          ],
          [
            51.81312722258857,
            42.95207598981968
          ],
          [
            51.81321235370308,
            42.9519523890804
          ],
          [
            51.81329670140407,
            42.951828350919584
          ],
          [
            51.81338104910505,
            42.95170431275876
          ],
          [
            51.81346539680603,
            42.951580274597944
          ],
          [
            51.81354974450702,
            42.95145623643713
          ],
          [
            51.813634092208,
            42.951332198276305
          ],
          [
            51.813718439908996,
            42.9512081601155
          ],
          [
            51.81380278760998,
            42.95108412195468
          ],
          [
            51.81388713531096,
            42.950960083793866
          ],
          [
            51.813971483011954,
            42.950836045633054
          ],
          [
            51.81405583071293,
            42.95071200747224
          ],
          [
            51.814140178413915,
            42.95058796931143
          ],
          [
            51.814224526114906,
            42.95046393115061
          ],
          [
            51.81430887381589,
            42.95033989298979
          ],
          [
            51.81439322151687,
            42.95021585482897
          ],
          [
            51.81447756921786,
            42.95009181666816
          ],
          [
            51.81456191691884,
            42.94996777850735
          ],
          [
            51.81464626461984,
            42.94984374034653
          ],
          [
            51.81473061232082,
            42.94971970218572
          ],
          [
            51.814814960021806,
            42.9495956640249
          ],
          [
            51.81489930772279,
            42.94947162586408
          ],
          [
            51.81498365542377,
            42.949347587703265
          ],
          [
            51.81506800312475,
            42.94922354954245
          ],
          [
            51.815152350825755,
            42.94909951138164
          ],
          [
            51.81523669852673,
            42.94897547322081
          ],
          [
            51.81532104622772,
            42.94885143506
          ],
          [
            51.8154053939287,
            42.948727396899194
          ],
          [
            51.81548974162969,
            42.948603358738374
          ],
          [
            51.815574089330674,
            42.94847932057756
          ],
          [
            51.81565843703166,
            42.94835528241674
          ],
          [
            51.81574278473265,
            42.94823124425593
          ],
          [
            51.815827132433625,
            42.948107206095116
          ],
          [
            51.815911480134616,
            42.947983167934304
          ],
          [
            51.8159958278356,
            42.947859129773484
          ],
          [
            51.816080175536584,
            42.94773509161267
          ],
          [
            51.81616452323757,
            42.94761105345186
          ],
          [
            51.81624887093856,
            42.94748701529103
          ],
          [
            51.81633321863954,
            42.947362977130226
          ],
          [
            51.81641756634053,
            42.947238938969406
          ],
          [
            51.81650191404152,
            42.947114900808586
          ],
          [
            51.8165862617425,
            42.946990862647766
          ],
          [
            51.81667060944349,
            42.94686682448696
          ],
          [
            51.81675495714447,
            42.94674278632614
          ],
          [
            51.81683930484546,
            42.94661874816532
          ],
          [
            51.81692365254644,
            42.946494710004515
          ],
          [
            51.81700800024742,
            42.9463706718437
          ],
          [
            51.81709234794842,
            42.94624663368288
          ],
          [
            51.8171766956494,
            42.94612259552207
          ],
          [
            51.817261043350385,
            42.94599855736125
          ],
          [
            51.81734539105137,
            42.94587451920044
          ],
          [
            51.81742973875235,
            42.945750481039624
          ],
          [
            51.817514086453336,
            42.945626442878805
          ],
          [
            51.817598434154334,
            42.94550240471799
          ],
          [
            51.81768278185531,
            42.94537836655717
          ],
          [
            51.8177671295563,
            42.945254328396366
          ],
          [
            51.817851477257285,
            42.94513029023554
          ],
          [
            51.81793582495826,
            42.94500625207473
          ],
          [
            51.81802017265925,
            42.944882213913914
          ],
          [
            51.81810452036024,
            42.944758175753094
          ],
          [
            51.81818886806123,
            42.94463413759228
          ],
          [
            51.81827321576221,
            42.94451009943147
          ],
          [
            51.81835756346319,
            42.944386061270656
          ],
          [
            51.81844191116418,
            42.944262023109836
          ],
          [
            51.81852625886516,
            42.94413798494902
          ],
          [
            51.81861060656615,
            42.94401394678821
          ],
          [
            51.81869495426714,
            42.94388990862739
          ],
          [
            51.81877930196812,
            42.94376587046658
          ],
          [
            51.818863649669105,
            42.94364183230576
          ],
          [
            51.818947997370095,
            42.943517794144945
          ],
          [
            51.81903234507107,
            42.94339375598413
          ],
          [
            51.81911669277207,
            42.94326971782331
          ],
          [
            51.819201040473054,
            42.94314567966249
          ],
          [
            51.81928538817403,
            42.94302164150169
          ],
          [
            51.81936973587503,
            42.942897603340874
          ],
          [
            51.819454083576005,
            42.94277356518005
          ],
          [
            51.81953843127699,
            42.94264952701924
          ],
          [
            51.81962277897798,
            42.94252548885843
          ],
          [
            51.81970712667896,
            42.9424014506976
          ],
          [
            51.81979147437995,
            42.94227741253679
          ],
          [
            51.819875822080924,
            42.94215337437598
          ],
          [
            51.819960169781915,
            42.942029336215164
          ],
          [
            51.820044517482906,
            42.94190529805434
          ],
          [
            51.8201288651839,
            42.941781259893524
          ],
          [
            51.82021321288488,
            42.94165722173272
          ],
          [
            51.820297560585864,
            42.9415331835719
          ],
          [
            51.82038190828684,
            42.941409145411086
          ],
          [
            51.82046625598784,
            42.941285107250266
          ],
          [
            51.82055060368882,
            42.94116106908945
          ],
          [
            51.820634951389806,
            42.94103703092864
          ],
          [
            51.8207192990908,
            42.94091299276782
          ],
          [
            51.820803646791774,
            42.94078895460701
          ],
          [
            51.820887994492765,
            42.940664916446195
          ],
          [
            51.82097234219375,
            42.94054087828538
          ],
          [
            51.82105668989472,
            42.94041684012456
          ],
          [
            51.821141037595716,
            42.94029280196374
          ],
          [
            51.8212253852967,
            42.94016876380293
          ],
          [
            51.82130973299768,
            42.94004472564211
          ],
          [
            51.821394080698674,
            42.9399206874813
          ],
          [
            51.82147842839966,
            42.939796649320485
          ],
          [
            51.82156277610064,
            42.93967261115967
          ],
          [
            51.82164712380163,
            42.93954857299885
          ],
          [
            51.82173147150261,
            42.93942453483804
          ],
          [
            51.82181581920361,
            42.93930049667722
          ],
          [
            51.82190016690459,
            42.93917645851641
          ],
          [
            51.821984514605575,
            42.939052420355594
          ],
          [
            51.822068862306566,
            42.938928382194774
          ],
          [
            51.82215321000754,
            42.93880434403396
          ],
          [
            51.822237557708526,
            42.93868030587315
          ],
          [
            51.82232190540952,
            42.93855626771233
          ],
          [
            51.82240625311049,
            42.93843222955151
          ],
          [
            51.82249060081149,
            42.9383081913907
          ],
          [
            51.822574948512475,
            42.9381841532299
          ],
          [
            51.82265929621346,
            42.938060115069064
          ],
          [
            51.82274364391444,
            42.93793607690826
          ],
          [
            51.82282799161543,
            42.93781203874744
          ],
          [
            51.82291233931641,
            42.93768800058662
          ],
          [
            51.82299668701741,
            42.937563962425806
          ],
          [
            51.823081034718385,
            42.93743992426499
          ],
          [
            51.823165382419376,
            42.93731588610418
          ],
          [
            51.82324973012036,
            42.93719184794336
          ],
          [
            51.823334077821336,
            42.93706780978255
          ],
          [
            51.82341842552233,
            42.936943771621735
          ],
          [
            51.82350277322331,
            42.936819733460915
          ],
          [
            51.8235871209243,
            42.93669569530011
          ],
          [
            51.823671468625285,
            42.93657165713929
          ],
          [
            51.82375581632626,
            42.93644761897847
          ],
          [
            51.823840164027246,
            42.936323580817664
          ],
          [
            51.823924511728244,
            42.93619954265684
          ],
          [
            51.82400885942923,
            42.936075504496024
          ],
          [
            51.82409320713021,
            42.93595146633521
          ],
          [
            51.8241775548312,
            42.935827428174406
          ],
          [
            51.82426190253218,
            42.93570339001357
          ],
          [
            51.82434625023317,
            42.935579351852766
          ],
          [
            51.824430597934146,
            42.935455313691946
          ],
          [
            51.824514945635144,
            42.93533127553113
          ],
          [
            51.82459929333613,
            42.935207237370314
          ],
          [
            51.824683641037105,
            42.9350831992095
          ],
          [
            51.824767988738095,
            42.93495916104869
          ],
          [
            51.82485233643908,
            42.93483512288787
          ],
          [
            51.82493668414006,
            42.934711084727056
          ],
          [
            51.825021031841054,
            42.934587046566236
          ],
          [
            51.82510537954203,
            42.93446300840542
          ],
          [
            51.82518972724303,
            42.93433897024462
          ],
          [
            51.825274074944005,
            42.93421493208379
          ],
          [
            51.82535842264499,
            42.93409089392298
          ],
          [
            51.82544277034598,
            42.933966855762165
          ],
          [
            51.82552711804697,
            42.933842817601345
          ],
          [
            51.82561146574795,
            42.933718779440525
          ],
          [
            51.82569581344894,
            42.93359474127972
          ],
          [
            51.825780161149915,
            42.93347070311891
          ],
          [
            51.8258645088509,
            42.93334666495808
          ],
          [
            51.825948856551896,
            42.93322262679727
          ],
          [
            51.82603320425287,
            42.93309858863646
          ],
          [
            51.82611755195387,
            42.93297455047564
          ],
          [
            51.82620189965485,
            42.93285051231482
          ],
          [
            51.82628624735583,
            42.932726474154016
          ],
          [
            51.82637059505682,
            42.932602435993196
          ],
          [
            51.826454942757806,
            42.932478397832384
          ],
          [
            51.82653929045879,
            42.932354359671564
          ],
          [
            51.826623638159774,
            42.93223032151075
          ],
          [
            51.826707985860764,
            42.93210628334993
          ],
          [
            51.82679233356175,
            42.931982245189126
          ],
          [
            51.82687668126273,
            42.9318582070283
          ],
          [
            51.826961028963716,
            42.931734168867486
          ],
          [
            51.827045376664714,
            42.93161013070667
          ],
          [
            51.82712972436568,
            42.93148609254585
          ],
          [
            51.82721407206667,
            42.93136205438504
          ],
          [
            51.827298419767665,
            42.93123801622423
          ],
          [
            51.82738276746865,
            42.931113978063415
          ],
          [
            51.82746711516964,
            42.93098993990259
          ],
          [
            51.827551462870616,
            42.93086590174178
          ],
          [
            51.82763581057161,
            42.93074186358097
          ],
          [
            51.827720158272584,
            42.93061782542015
          ],
          [
            51.82780450597357,
            42.93049378725934
          ],
          [
            51.827888853674565,
            42.93036974909852
          ],
          [
            51.82797320137555,
            42.930245710937704
          ],
          [
            51.82805754907653,
            42.930121672776885
          ],
          [
            51.82814189677752,
            42.92999763461607
          ],
          [
            51.8282262444785,
            42.92987359645526
          ],
          [
            51.82831059217948,
            42.929749558294446
          ],
          [
            51.82839493988048,
            42.929625520133634
          ],
          [
            51.82847928758146,
            42.92950148197281
          ],
          [
            51.828563635282435,
            42.929377443811994
          ],
          [
            51.82864798298343,
            42.92925340565119
          ],
          [
            51.82873233068441,
            42.929129367490376
          ],
          [
            51.8288166783854,
            42.92900532932955
          ],
          [
            51.828901026086385,
            42.928881291168736
          ],
          [
            51.828985373787376,
            42.92875725300792
          ],
          [
            51.82906972148836,
            42.9286332148471
          ],
          [
            51.829154069189336,
            42.92850917668629
          ],
          [
            51.82923841689033,
            42.92838513852548
          ],
          [
            51.82932276459131,
            42.928261100364665
          ],
          [
            51.8294071122923,
            42.92813706220384
          ],
          [
            51.829491459993285,
            42.92801302404303
          ],
          [
            51.829575807694276,
            42.927888985882205
          ],
          [
            51.829660155395246,
            42.9277649477214
          ],
          [
            51.829744503096244,
            42.92764090956058
          ],
          [
            51.82982885079723,
            42.92751687139977
          ],
          [
            51.82991319849822,
            42.927392833238954
          ],
          [
            51.8299975461992,
            42.92726879507814
          ],
          [
            51.830081893900186,
            42.927144756917315
          ],
          [
            51.83016624160117,
            42.9270207187565
          ],
          [
            51.830250589302146,
            42.92689668059569
          ],
          [
            51.83033493700314,
            42.92677264243487
          ],
          [
            51.83041928470412,
            42.92664860427406
          ],
          [
            51.83050363240511,
            42.926524566113244
          ],
          [
            51.8305879801061,
            42.92640052795243
          ],
          [
            51.83067232780708,
            42.926276489791604
          ],
          [
            51.83075667550807,
            42.9261524516308
          ],
          [
            51.830841023209054,
            42.92602841346998
          ],
          [
            51.830925370910045,
            42.925904375309166
          ],
          [
            51.83100971861102,
            42.925780337148346
          ],
          [
            51.83109406631201,
            42.92565629898753
          ],
          [
            51.83117841401299,
            42.92553226082672
          ],
          [
            51.83126276171399,
            42.92540822266591
          ],
          [
            51.83134710941497,
            42.925284184505095
          ],
          [
            51.83143145711595,
            42.925160146344275
          ],
          [
            51.831515804816945,
            42.92503610818346
          ],
          [
            51.83160015251792,
            42.92491207002265
          ],
          [
            51.83168450021891,
            42.92478803186183
          ],
          [
            51.8317688479199,
            42.92466399370102
          ],
          [
            51.83185319562088,
            42.924539955540205
          ],
          [
            51.831937543321864,
            42.92441591737939
          ],
          [
            51.83202189102285,
            42.924291879218565
          ],
          [
            51.83210623872384,
            42.92416784105775
          ],
          [
            51.83219058642482,
            42.92404380289694
          ],
          [
            51.832274934125806,
            42.92391976473612
          ],
          [
            51.83235928182679,
            42.92379572657531
          ],
          [
            51.83244362952778,
            42.923671688414494
          ],
          [
            51.83252797722876,
            42.923547650253674
          ],
          [
            51.83261232492974,
            42.923423612092854
          ],
          [
            51.83269667263074,
            42.92329957393204
          ],
          [
            51.83278102033172,
            42.92317553577123
          ],
          [
            51.832865368032714,
            42.923051497610416
          ],
          [
            51.83294971573369,
            42.922927459449596
          ],
          [
            51.833034063434674,
            42.92280342128878
          ],
          [
            51.83311841113566,
            42.92267938312797
          ],
          [
            51.83320275883664,
            42.922555344967165
          ],
          [
            51.83328710653764,
            42.92243130680633
          ],
          [
            51.83337145423862,
            42.922307268645525
          ],
          [
            51.8334558019396,
            42.922183230484706
          ],
          [
            51.83354014964059,
            42.922059192323886
          ],
          [
            51.833624497341575,
            42.92193515416307
          ],
          [
            51.83370884504256,
            42.92181111600226
          ],
          [
            51.83379319274355,
            42.92168707784145
          ],
          [
            51.83387754044453,
            42.92156303968063
          ],
          [
            51.833961888145524,
            42.921439001519815
          ],
          [
            51.8340462358465,
            42.921314963358995
          ],
          [
            51.834130583547484,
            42.92119092519818
          ],
          [
            51.834214931248475,
            42.92106688703737
          ],
          [
            51.83429927894946,
            42.92094284887656
          ],
          [
            51.83438362665045,
            42.92081881071574
          ],
          [
            51.83446797435143,
            42.920694772554924
          ],
          [
            51.8345523220524,
            42.920570734394104
          ],
          [
            51.8346366697534,
            42.92044669623329
          ],
          [
            51.83472101745439,
            42.92032265807248
          ],
          [
            51.834805365155376,
            42.920198619911666
          ],
          [
            51.83488971285636,
            42.92007458175084
          ],
          [
            51.83497406055734,
            42.919950543590026
          ],
          [
            51.83505840825832,
            42.91982650542922
          ],
          [
            51.83514275595932,
            42.919702467268394
          ],
          [
            51.83522611104715,
            42.91957748594349
          ],
          [
            51.83530837456678,
            42.919451467429084
          ],
          [
            51.835390038524196,
            42.9193248792209
          ],
          [
            51.835471559307855,
            42.91919815497145
          ],
          [
            51.83555335768867,
            42.91907169449008
          ],
          [
            51.83563581881994,
            42.918945863742906
          ],
          [
            51.83571929223748,
            42.91882099485286
          ],
          [
            51.83580409185947,
            42.91869738609968
          ],
          [
            51.835890495986575,
            42.918575301919894
          ],
          [
            51.83597874730191,
            42.91845497290685
          ],
          [
            51.836069052870975,
            42.91833659581071
          ],
          [
            51.83616158414178,
            42.91822033353837
          ],
          [
            51.83625647694472,
            42.91810631515361
          ],
          [
            51.83635383149267,
            42.91799463587698
          ],
          [
            51.836453712380916,
            42.91788535708581
          ],
          [
            51.836556148587206,
            42.91777850631428
          ],
          [
            51.83666113347171,
            42.91767407725332
          ],
          [
            51.836768624777065,
            42.91757202975071
          ],
          [
            51.83687854462832,
            42.917472289810995
          ],
          [
            51.836990779532975,
            42.917374749595545
          ],
          [
            51.83710518038097,
            42.91727926742253
          ],
          [
            51.8372215624447,
            42.917185667766915
          ],
          [
            51.83733970537899,
            42.91709374126048
          ],
          [
            51.83745935322109,
            42.91700324469178
          ],
          [
            51.83758021439072,
            42.9169139010062
          ],
          [
            51.83770196169,
            42.916825399305914
          ],
          [
            51.83782423230353,
            42.91673739484992
          ],
          [
            51.83794662779836,
            42.91664950905398
          ],
          [
            51.83806871412392,
            42.9165613294907
          ],
          [
            51.83819002161215,
            42.91647240988944
          ],
          [
            51.83831004497736,
            42.91638227013641
          ],
          [
            51.838429614882834,
            42.91629169951366
          ],
          [
            51.8385491847883,
            42.9162011288909
          ],
          [
            51.838668754693764,
            42.91611055826814
          ],
          [
            51.838788324599236,
            42.91601998764537
          ],
          [
            51.8389078945047,
            42.91592941702261
          ],
          [
            51.83902738597962,
            42.91583867714004
          ],
          [
            51.83914580399679,
            42.91574562064372
          ],
          [
            51.839263540006094,
            42.91565109231602
          ],
          [
            51.839380958327624,
            42.91555587839092
          ],
          [
            51.83949839615172,
            42.91546070655402
          ],
          [
            51.839616163538956,
            42.915366245942614
          ],
          [
            51.83973454342013,
            42.91527310714554
          ],
          [
            51.83985379159626,
            42.91518184220334
          ],
          [
            51.83997413673862,
            42.91509294460817
          ],
          [
            51.84009578038869,
            42.91500684930381
          ],
          [
            51.840218896958184,
            42.914923932685674
          ],
          [
            51.84034363372906,
            42.91484451260082
          ],
          [
            51.840470110853495,
            42.91476884834794
          ],
          [
            51.84059842135388,
            42.91469714067736
          ],
          [
            51.84072863112287,
            42.91462953179102
          ],
          [
            51.84086077892335,
            42.914566105342516
          ],
          [
            51.84099487638838,
            42.91450688643707
          ],
          [
            51.84113090802131,
            42.91445184163153
          ],
          [
            51.841268831195706,
            42.9144008789344
          ],
          [
            51.84140857615533,
            42.91435384780579
          ],
          [
            51.84155004601423,
            42.91431053915748
          ],
          [
            51.84169311675664,
            42.914270685352825
          ],
          [
            51.84183763723702,
            42.91423396020687
          ],
          [
            51.84198342918012,
            42.914199978986275
          ],
          [
            51.84213028718084,
            42.914168298409315
          ],
          [
            51.84227797870437,
            42.91413841664593
          ],
          [
            51.842426244086106,
            42.9141097733177
          ],
          [
            51.842574796531665,
            42.91408174949776
          ],
          [
            51.8427233221169,
            42.91405366771099
          ],
          [
            51.842871479787945,
            42.91402479193383
          ],
          [
            51.84301890136108,
            42.91399432759437
          ],
          [
            51.84316529989607,
            42.91396165545104
          ],
          [
            51.84331169843108,
            42.91392898330774
          ],
          [
            51.84345809696609,
            42.91389631116442
          ],
          [
            51.84360449550108,
            42.91386363902111
          ],
          [
            51.843750894036084,
            42.91383096687779
          ],
          [
            51.84389729257109,
            42.913798294734484
          ],
          [
            51.84404369110609,
            42.91376562259116
          ],
          [
            51.844190089641096,
            42.91373295044785
          ],
          [
            51.844336488176104,
            42.91370027830453
          ],
          [
            51.8444828867111,
            42.91366760616122
          ],
          [
            51.84462928524611,
            42.913634934017914
          ],
          [
            51.844775683781116,
            42.913602261874594
          ],
          [
            51.84492208231611,
            42.913569589731274
          ],
          [
            51.845068480851126,
            42.91353691758796
          ],
          [
            51.84521487938613,
            42.91350424544465
          ],
          [
            51.84536127792113,
            42.91347157330134
          ],
          [
            51.84550767645613,
            42.913438901158024
          ],
          [
            51.84565407499114,
            42.913406229014704
          ],
          [
            51.84580047352613,
            42.913373556871406
          ],
          [
            51.84594687206115,
            42.91334088472808
          ],
          [
            51.84609327059616,
            42.91330821258477
          ],
          [
            51.846239669131144,
            42.91327554044145
          ],
          [
            51.84638606766615,
            42.913242868298134
          ],
          [
            51.846532466201154,
            42.91321019615482
          ],
          [
            51.846678864736155,
            42.9131775240115
          ],
          [
            51.846825263271164,
            42.9131448518682
          ],
          [
            51.84697166180618,
            42.913112179724884
          ],
          [
            51.84711806034117,
            42.91307950758156
          ],
          [
            51.847264458876175,
            42.91304683543826
          ],
          [
            51.847410857411184,
            42.91301416329494
          ],
          [
            51.84755725594619,
            42.912981491151626
          ],
          [
            51.847703654481194,
            42.912948819008314
          ],
          [
            51.847850053016195,
            42.912916146864994
          ],
          [
            51.8479964515512,
            42.91288347472169
          ],
          [
            51.848142850086205,
            42.91285080257837
          ],
          [
            51.84828924862121,
            42.91281813043505
          ],
          [
            51.84843564715621,
            42.912785458291744
          ],
          [
            51.84858204569121,
            42.912752786148424
          ],
          [
            51.84872844422621,
            42.91272011400511
          ],
          [
            51.84887484276121,
            42.9126874418618
          ],
          [
            51.84902124129622,
            42.91265476971848
          ],
          [
            51.84916763983122,
            42.912622097575166
          ],
          [
            51.849314038366224,
            42.91258942543185
          ],
          [
            51.849460436901225,
            42.91255675328854
          ],
          [
            51.84960683543624,
            42.91252408114522
          ],
          [
            51.84975323397124,
            42.9124914090019
          ],
          [
            51.84989963250625,
            42.9124587368586
          ],
          [
            51.85004603104126,
            42.912426064715284
          ],
          [
            51.85019242957625,
            42.91239339257198
          ],
          [
            51.850338828111255,
            42.91236072042865
          ],
          [
            51.85048522664626,
            42.91232804828534
          ],
          [
            51.850631625181265,
            42.912295376142026
          ],
          [
            51.85077802371627,
            42.912262703998714
          ],
          [
            51.85092442225128,
            42.912230031855394
          ],
          [
            51.85107082078627,
            42.91219735971209
          ],
          [
            51.85121721932128,
            42.91216468756877
          ],
          [
            51.85136361785628,
            42.912132015425456
          ],
          [
            51.85151001639128,
            42.912099343282144
          ],
          [
            51.85165641492628,
            42.912066671138824
          ],
          [
            51.8518028134613,
            42.91203399899551
          ],
          [
            51.8519492119963,
            42.9120013268522
          ],
          [
            51.85209561053131,
            42.911968654708886
          ],
          [
            51.85224200906631,
            42.911935982565566
          ],
          [
            51.85238840760131,
            42.911903310422254
          ],
          [
            51.85253480613632,
            42.91187063827894
          ],
          [
            51.85268120467132,
            42.91183796613562
          ],
          [
            51.85282760320632,
            42.911805293992316
          ],
          [
            51.85297400174132,
            42.911772621849
          ],
          [
            51.85312040027633,
            42.91173994970568
          ],
          [
            51.85326679881133,
            42.91170727756238
          ],
          [
            51.85341319734633,
            42.91167460541906
          ],
          [
            51.853559595881336,
            42.911641933275746
          ],
          [
            51.85370599441634,
            42.91160926113243
          ],
          [
            51.85385239295135,
            42.911576588989114
          ],
          [
            51.853998791486354,
            42.9115439168458
          ],
          [
            51.854145190021356,
            42.91151124470249
          ],
          [
            51.85429158855636,
            42.91147857255917
          ],
          [
            51.854437987091366,
            42.91144590041586
          ],
          [
            51.85458438562637,
            42.911413228272544
          ],
          [
            51.854730784161376,
            42.911380556129224
          ],
          [
            51.85487718269638,
            42.91134788398592
          ],
          [
            51.85502358123138,
            42.9113152118426
          ],
          [
            51.85516997976638,
            42.911282539699286
          ],
          [
            51.85531637830138,
            42.911249867555966
          ],
          [
            51.85546277683638,
            42.91121719541266
          ],
          [
            51.8556091753714,
            42.91118452326934
          ],
          [
            51.8557555739064,
            42.91115185112602
          ],
          [
            51.855901972441394,
            42.911119178982716
          ],
          [
            51.85604837097641,
            42.9110865068394
          ],
          [
            51.85619476951142,
            42.911053834696084
          ],
          [
            51.85634116804641,
            42.91102116255278
          ],
          [
            51.856487566581414,
            42.91098849040946
          ],
          [
            51.85663396511642,
            42.910955818266146
          ],
          [
            51.856780363651424,
            42.91092314612283
          ],
          [
            51.856926762186426,
            42.910890473979514
          ],
          [
            51.857073160721434,
            42.91085780183621
          ],
          [
            51.857219559256436,
            42.91082512969289
          ],
          [
            51.857365957791444,
            42.91079245754957
          ],
          [
            51.857512356326446,
            42.91075978540626
          ],
          [
            51.85765875486145,
            42.91072711326294
          ],
          [
            51.85780515339645,
            42.91069444111963
          ],
          [
            51.85795155193146,
            42.91066176897632
          ],
          [
            51.858097950466444,
            42.910629096833006
          ],
          [
            51.85824434900146,
            42.91059642468969
          ],
          [
            51.858390747536475,
            42.91056375254637
          ],
          [
            51.85853714607147,
            42.91053108040306
          ],
          [
            51.85868354460647,
            42.91049840825974
          ],
          [
            51.85882994314147,
            42.910465736116436
          ],
          [
            51.858976341676474,
            42.91043306397312
          ],
          [
            51.85912274021148,
            42.910400391829796
          ],
          [
            51.85926913874649,
            42.9103677196865
          ],
          [
            51.85941553728149,
            42.91033504754318
          ],
          [
            51.859561935816494,
            42.91030237539986
          ],
          [
            51.8597083343515,
            42.91026970325655
          ],
          [
            51.859854732886504,
            42.910237031113226
          ],
          [
            51.860001131421505,
            42.91020435896992
          ],
          [
            51.860147529956514,
            42.91017168682661
          ],
          [
            51.860293928491515,
            42.91013901468329
          ],
          [
            51.86044032702652,
            42.91010634253998
          ],
          [
            51.86058672556153,
            42.91007367039666
          ],
          [
            51.86073312409651,
            42.91004099825334
          ],
          [
            51.860879522631535,
            42.91000832611003
          ],
          [
            51.861025921166544,
            42.90997565396672
          ],
          [
            51.86117231970154,
            42.909942981823406
          ],
          [
            51.86131871823654,
            42.909910309680086
          ],
          [
            51.86146511677154,
            42.90987763753677
          ],
          [
            51.86161151530654,
            42.90984496539346
          ],
          [
            51.86175791384155,
            42.90981229325014
          ],
          [
            51.86190431237655,
            42.909779621106836
          ],
          [
            51.862050710911554,
            42.90974694896352
          ],
          [
            51.86219710944656,
            42.90971427682021
          ],
          [
            51.862343507981564,
            42.90968160467689
          ],
          [
            51.862489906516565,
            42.90964893253357
          ],
          [
            51.86263630505157,
            42.909616260390266
          ],
          [
            51.86278270358659,
            42.90958358824695
          ],
          [
            51.86292910212159,
            42.90955091610363
          ],
          [
            51.86307550065659,
            42.90951824396033
          ],
          [
            51.8632218991916,
            42.90948557181701
          ],
          [
            51.863368297726595,
            42.909452899673695
          ],
          [
            51.8635146962616,
            42.90942022753038
          ],
          [
            51.8636610947966,
            42.90938755538706
          ],
          [
            51.863807493331606,
            42.90935488324374
          ],
          [
            51.86395389186661,
            42.90932221110044
          ],
          [
            51.86410029040161,
            42.909289538957125
          ],
          [
            51.86424668893662,
            42.90925686681381
          ],
          [
            51.86439308747161,
            42.90922419467049
          ],
          [
            51.86453948600662,
            42.90919152252718
          ],
          [
            51.86468588454163,
            42.90915885038387
          ],
          [
            51.86483228307663,
            42.909126178240555
          ],
          [
            51.864978681611646,
            42.909093506097236
          ],
          [
            51.86512508014664,
            42.909060833953916
          ],
          [
            51.86527147868165,
            42.90902816181061
          ],
          [
            51.86541787721665,
            42.9089954896673
          ],
          [
            51.86556427575166,
            42.90896281752397
          ],
          [
            51.86571067428666,
            42.908930145380666
          ],
          [
            51.86585707282167,
            42.908897473237346
          ],
          [
            51.86600347135668,
            42.90886480109404
          ],
          [
            51.86614986989167,
            42.90883212895073
          ],
          [
            51.86629626842668,
            42.9087994568074
          ],
          [
            51.866442666961674,
            42.908766784664095
          ],
          [
            51.866589065496676,
            42.90873411252078
          ],
          [
            51.86673546403168,
            42.90870144037746
          ],
          [
            51.866881862566686,
            42.90866876823415
          ],
          [
            51.86702826110168,
            42.90863609609084
          ],
          [
            51.86717465963669,
            42.908603423947525
          ],
          [
            51.867321058171704,
            42.908570751804206
          ],
          [
            51.867467456706706,
            42.90853807966089
          ],
          [
            51.86761385524171,
            42.90850540751759
          ],
          [
            51.867760253776716,
            42.90847273537426
          ],
          [
            51.86790665231172,
            42.908440063230955
          ],
          [
            51.868053050846726,
            42.90840739108764
          ],
          [
            51.86819944938173,
            42.908374718944316
          ],
          [
            51.86834584791673,
            42.90834204680102
          ],
          [
            51.86849224645173,
            42.90830937465769
          ],
          [
            51.86863864498673,
            42.908276702514385
          ],
          [
            51.86878504352173,
            42.90824403037107
          ],
          [
            51.86893144205675,
            42.90821135822775
          ],
          [
            51.86907784059174,
            42.90817868608444
          ],
          [
            51.86922423912674,
            42.90814601394113
          ],
          [
            51.869370637661746,
            42.90811334179781
          ],
          [
            51.86951703619675,
            42.9080806696545
          ],
          [
            51.86966343473176,
            42.90804799751118
          ],
          [
            51.86980983326677,
            42.90801532536786
          ],
          [
            51.86995623180177,
            42.90798265322455
          ],
          [
            51.870102630336774,
            42.90794998108124
          ],
          [
            51.870249028871775,
            42.907917308937925
          ],
          [
            51.870395427406784,
            42.90788463679461
          ],
          [
            51.870541825941785,
            42.9078519646513
          ],
          [
            51.870688224476794,
            42.90781929250798
          ],
          [
            51.870834623011795,
            42.90778662036467
          ],
          [
            51.87098102154678,
            42.907753948221355
          ],
          [
            51.8711274200818,
            42.907721276078036
          ],
          [
            51.8712738186168,
            42.90768860393472
          ],
          [
            51.871420217151794,
            42.90765593179141
          ],
          [
            51.8715666156868,
            42.90762325964809
          ],
          [
            51.87171301422182,
            42.907590587504785
          ],
          [
            51.871859412756805,
            42.90755791536147
          ],
          [
            51.87200581129182,
            42.90752524321815
          ],
          [
            51.87215220982682,
            42.90749257107485
          ],
          [
            51.87229860836183,
            42.90745989893153
          ],
          [
            51.87244500689684,
            42.907427226788215
          ],
          [
            51.872591405431834,
            42.90739455464491
          ],
          [
            51.87273780396684,
            42.90736188250158
          ],
          [
            51.872884202501844,
            42.90732921035827
          ],
          [
            51.87303060103685,
            42.90729653821496
          ],
          [
            51.87317699957185,
            42.907263866071645
          ],
          [
            51.87332339810686,
            42.907231193928325
          ],
          [
            51.873469796641864,
            42.907198521785006
          ],
          [
            51.87361619517685,
            42.9071658496417
          ],
          [
            51.87376259371186,
            42.90713317749838
          ],
          [
            51.87390899224687,
            42.90710050535507
          ],
          [
            51.874055390781876,
            42.90706783321176
          ],
          [
            51.87420178931688,
            42.90703516106845
          ],
          [
            51.87434818785188,
            42.90700248892513
          ],
          [
            51.87449458638688,
            42.90696981678181
          ],
          [
            51.87464098492189,
            42.906937144638505
          ],
          [
            51.87478738345689,
            42.906904472495185
          ],
          [
            51.87493378199189,
            42.90687180035187
          ],
          [
            51.8750801805269,
            42.90683912820856
          ],
          [
            51.8752265790619,
            42.90680645606524
          ],
          [
            51.8753729775969,
            42.90677378392193
          ],
          [
            51.87551937613191,
            42.90674111177862
          ],
          [
            51.87566577466691,
            42.9067084396353
          ],
          [
            51.87581217320192,
            42.90667576749198
          ],
          [
            51.87595857173692,
            42.90664309534868
          ],
          [
            51.87610497027194,
            42.90661042320536
          ],
          [
            51.87625136880692,
            42.906577751062045
          ],
          [
            51.87639776734194,
            42.90654507891873
          ],
          [
            51.876544165876936,
            42.90651240677541
          ],
          [
            51.87669056441194,
            42.9064797346321
          ],
          [
            51.876836962946946,
            42.90644706248879
          ],
          [
            51.87698336148194,
            42.906414390345475
          ],
          [
            51.87712976001695,
            42.906381718202155
          ],
          [
            51.87727615855196,
            42.90634904605885
          ],
          [
            51.87742255708696,
            42.90631637391554
          ],
          [
            51.87756895562196,
            42.90628370177222
          ],
          [
            51.87771535415697,
            42.906251029628905
          ],
          [
            51.87786175269197,
            42.906218357485585
          ],
          [
            51.87800815122697,
            42.906185685342265
          ],
          [
            51.87815454976198,
            42.90615301319897
          ],
          [
            51.87830094829698,
            42.90612034105565
          ],
          [
            51.87844734683198,
            42.90608766891233
          ],
          [
            51.878593745367,
            42.90605499676902
          ],
          [
            51.87874014390201,
            42.9060223246257
          ],
          [
            51.878886542436994,
            42.90598965248239
          ],
          [
            51.87903294097201,
            42.90595698033908
          ],
          [
            51.879179339507004,
            42.90592430819576
          ],
          [
            51.879325738042006,
            42.90589163605246
          ],
          [
            51.879472136577014,
            42.90585896390914
          ],
          [
            51.879618535112016,
            42.90582629176582
          ],
          [
            51.87976493364702,
            42.9057936196225
          ],
          [
            51.879911332182026,
            42.90576094747919
          ],
          [
            51.88005773071703,
            42.905728275335875
          ],
          [
            51.88020412925203,
            42.90569560319257
          ],
          [
            51.88035052778704,
            42.90566293104925
          ],
          [
            51.88049692632204,
            42.90563025890594
          ],
          [
            51.88064332485704,
            42.90559758676261
          ],
          [
            51.880789723392056,
            42.90556491461931
          ],
          [
            51.88093612192706,
            42.90553224247599
          ],
          [
            51.88108252046206,
            42.90549957033268
          ],
          [
            51.88122891899707,
            42.90546689818937
          ],
          [
            51.88137531753206,
            42.90543422604605
          ],
          [
            51.88152171606706,
            42.905401553902735
          ],
          [
            51.88166811460207,
            42.905368881759415
          ],
          [
            51.88181451313707,
            42.9053362096161
          ],
          [
            51.881960911672074,
            42.9053035374728
          ],
          [
            51.882107310207076,
            42.90527086532947
          ],
          [
            51.88225370874208,
            42.905238193186165
          ],
          [
            51.882400107277086,
            42.90520552104285
          ],
          [
            51.882546505812094,
            42.90517284889953
          ],
          [
            51.882692904347095,
            42.90514017675621
          ],
          [
            51.8828393028821,
            42.90510750461291
          ],
          [
            51.8829857014171,
            42.905074832469595
          ],
          [
            51.883132099952114,
            42.905042160326275
          ],
          [
            51.883278498487115,
            42.90500948818297
          ],
          [
            51.883424897022124,
            42.90497681603966
          ],
          [
            51.88357129555712,
            42.90494414389634
          ],
          [
            51.88371769409213,
            42.904911471753024
          ],
          [
            51.883864092627135,
            42.90487879960971
          ],
          [
            51.88401049116213,
            42.904846127466385
          ],
          [
            51.88415688969713,
            42.90481345532309
          ],
          [
            51.88430328823214,
            42.90478078317977
          ],
          [
            51.88444968676714,
            42.90474811103645
          ],
          [
            51.88459608530214,
            42.90471543889314
          ],
          [
            51.88474248383715,
            42.90468276674982
          ],
          [
            51.88488888237215,
            42.9046500946065
          ],
          [
            51.885035280907154,
            42.9046174224632
          ],
          [
            51.885181679442155,
            42.90458475031988
          ],
          [
            51.88532807797717,
            42.904552078176565
          ],
          [
            51.88547447651217,
            42.90451940603325
          ],
          [
            51.88562087504718,
            42.90448673388994
          ],
          [
            51.88576727358218,
            42.90445406174662
          ],
          [
            51.885913672117184,
            42.90442138960331
          ],
          [
            51.88606007065219,
            42.904388717459994
          ],
          [
            51.88620646918719,
            42.904356045316675
          ],
          [
            51.886352867722195,
            42.90432337317336
          ],
          [
            51.88649926625719,
            42.90429070103005
          ],
          [
            51.8866456647922,
            42.90425802888673
          ],
          [
            51.8867920633272,
            42.904225356743424
          ],
          [
            51.88693846186221,
            42.904192684600105
          ],
          [
            51.8870848603972,
            42.904160012456785
          ],
          [
            51.88723125893221,
            42.90412734031349
          ],
          [
            51.88737765746721,
            42.90409466817016
          ],
          [
            51.88752405600223,
            42.904061996026854
          ],
          [
            51.88767045453723,
            42.90402932388354
          ],
          [
            51.88781685307224,
            42.90399665174022
          ],
          [
            51.88796325160724,
            42.90396397959692
          ],
          [
            51.88810965014224,
            42.9039313074536
          ],
          [
            51.88825604867724,
            42.90389863531028
          ],
          [
            51.88840244721224,
            42.90386596316697
          ],
          [
            51.88854884574725,
            42.90383329102365
          ],
          [
            51.88869524428226,
            42.90380061888033
          ],
          [
            51.888841642817255,
            42.90376794673703
          ],
          [
            51.88898804135225,
            42.903735274593714
          ],
          [
            51.88913443988726,
            42.903702602450394
          ],
          [
            51.88928083842226,
            42.903669930307075
          ],
          [
            51.88942723695727,
            42.90363725816377
          ],
          [
            51.88957363549228,
            42.90360458602046
          ],
          [
            51.889720034027285,
            42.90357191387713
          ],
          [
            51.889866432562286,
            42.903539241733824
          ],
          [
            51.89001283109729,
            42.903506569590505
          ],
          [
            51.890159229632296,
            42.90347389744719
          ],
          [
            51.8903056281673,
            42.90344122530389
          ],
          [
            51.8904520267023,
            42.90340855316057
          ],
          [
            51.8905984252373,
            42.903375881017254
          ],
          [
            51.89074482377231,
            42.90334320887394
          ],
          [
            51.89089122230731,
            42.90331053673062
          ],
          [
            51.89103762084232,
            42.90327786458732
          ],
          [
            51.891184019377306,
            42.903245192444
          ],
          [
            51.89133041791232,
            42.903212520300684
          ],
          [
            51.89147681644732,
            42.90317984815737
          ],
          [
            51.891623214982324,
            42.90314717601406
          ],
          [
            51.891769613517326,
            42.90311450387074
          ],
          [
            51.89191601205234,
            42.90308183172743
          ],
          [
            51.89206241058733,
            42.903049159584114
          ],
          [
            51.892208809122344,
            42.903016487440794
          ],
          [
            51.89235520765735,
            42.90298381529748
          ],
          [
            51.89250160619235,
            42.902951143154176
          ],
          [
            51.892648004727356,
            42.90291847101085
          ],
          [
            51.89279440326236,
            42.902885798867544
          ],
          [
            51.892940801797366,
            42.90285312672423
          ],
          [
            51.893087200332374,
            42.90282045458091
          ],
          [
            51.89323359886737,
            42.9027877824376
          ],
          [
            51.89337999740238,
            42.90275511029429
          ],
          [
            51.89352639593738,
            42.902722438150974
          ],
          [
            51.89367279447238,
            42.90268976600766
          ],
          [
            51.893819193007374,
            42.90265709386434
          ],
          [
            51.89396559154238,
            42.90262442172103
          ],
          [
            51.894111990077384,
            42.90259174957771
          ],
          [
            51.8942583886124,
            42.9025590774344
          ],
          [
            51.8944047871474,
            42.90252640529109
          ],
          [
            51.89455118568241,
            42.90249373314777
          ],
          [
            51.89469758421741,
            42.90246106100445
          ],
          [
            51.89484398275241,
            42.90242838886115
          ],
          [
            51.894990381287414,
            42.90239571671782
          ],
          [
            51.895136779822415,
            42.902363044574514
          ],
          [
            51.895283178357424,
            42.90233037243121
          ],
          [
            51.895429576892425,
            42.90229770028788
          ],
          [
            51.89557597542743,
            42.90226502814457
          ],
          [
            51.895722373962435,
            42.90223235600125
          ],
          [
            51.89586877249744,
            42.902199683857944
          ],
          [
            51.89601517103244,
            42.902167011714624
          ],
          [
            51.89616156956745,
            42.90213433957132
          ],
          [
            51.89630796810245,
            42.902101667428006
          ],
          [
            51.89645436663744,
            42.90206899528468
          ],
          [
            51.896600765172465,
            42.902036323141374
          ],
          [
            51.89674716370746,
            42.90200365099806
          ],
          [
            51.89689356224247,
            42.90197097885474
          ],
          [
            51.89703996077747,
            42.901938306711436
          ],
          [
            51.89718635931247,
            42.90190563456812
          ],
          [
            51.89733275784747,
            42.901872962424804
          ],
          [
            51.89747915638248,
            42.90184029028149
          ],
          [
            51.89762555491748,
            42.90180761813817
          ],
          [
            51.897771953452484,
            42.90177494599486
          ],
          [
            51.89791835198749,
            42.901742273851546
          ],
          [
            51.898064750522494,
            42.90170960170823
          ],
          [
            51.898211149057495,
            42.901676929564914
          ],
          [
            51.898357547592504,
            42.9016442574216
          ],
          [
            51.898503946127505,
            42.90161158527829
          ],
          [
            51.89865034466251,
            42.90157891313497
          ],
          [
            51.89879674319753,
            42.901546240991664
          ],
          [
            51.898943141732516,
            42.901513568848344
          ],
          [
            51.89908954026752,
            42.901480896705024
          ],
          [
            51.89923593880253,
            42.90144822456172
          ],
          [
            51.89938233733753,
            42.901415552418406
          ],
          [
            51.89952873587253,
            42.90138288027509
          ],
          [
            51.89967513440754,
            42.90135020813178
          ],
          [
            51.89982153294253,
            42.90131753598846
          ],
          [
            51.89996793147754,
            42.90128486384515
          ],
          [
            51.90011433001255,
            42.901252191701836
          ],
          [
            51.90026072854755,
            42.90121951955851
          ],
          [
            51.90040712708256,
            42.90118684741521
          ],
          [
            51.90055352561756,
            42.90115417527189
          ],
          [
            51.90069992415256,
            42.90112150312857
          ],
          [
            51.90084632268756,
            42.90108883098527
          ],
          [
            51.90099272122258,
            42.901056158841946
          ],
          [
            51.90113911975758,
            42.901023486698634
          ],
          [
            51.90128551829258,
            42.900990814555314
          ],
          [
            51.90143191682758,
            42.900958142412
          ],
          [
            51.901578315362585,
            42.900925470268696
          ],
          [
            51.901724713897586,
            42.90089279812538
          ],
          [
            51.901871112432595,
            42.900860125982064
          ],
          [
            51.902017510967596,
            42.90082745383875
          ],
          [
            51.9021639095026,
            42.90079478169544
          ],
          [
            51.902310308037606,
            42.90076210955212
          ],
          [
            51.90245670657261,
            42.9007294374088
          ],
          [
            51.90260310510761,
            42.900696765265494
          ],
          [
            51.90274950364262,
            42.90066409312218
          ],
          [
            51.90289590217762,
            42.90063142097886
          ],
          [
            51.90304230071261,
            42.900598748835556
          ],
          [
            51.903188699247636,
            42.900566076692236
          ],
          [
            51.90333509778262,
            42.900533404548916
          ],
          [
            51.90348149631764,
            42.90050073240561
          ],
          [
            51.90362789485265,
            42.900468060262284
          ],
          [
            51.90377429338765,
            42.90043538811898
          ],
          [
            51.903920691922636,
            42.900402715975666
          ],
          [
            51.904067090457644,
            42.900370043832346
          ],
          [
            51.90421348899265,
            42.90033737168904
          ],
          [
            51.904359887527654,
            42.90030469954573
          ],
          [
            51.90450628606266,
            42.90027202740241
          ],
          [
            51.904652684597664,
            42.90023935525909
          ],
          [
            51.90479908313266,
            42.90020668311578
          ],
          [
            51.90494548166767,
            42.90017401097247
          ],
          [
            51.90509188020267,
            42.90014133882915
          ],
          [
            51.90523827873768,
            42.90010866668584
          ],
          [
            51.90538467727269,
            42.900075994542526
          ],
          [
            51.905531075807694,
            42.900043322399206
          ],
          [
            51.905677474342696,
            42.90001065025589
          ],
          [
            51.905823872877704,
            42.89997797811258
          ],
          [
            51.9059702714127,
            42.89994530596927
          ],
          [
            51.90611666994771,
            42.89991263382595
          ],
          [
            51.90626306848271,
            42.899879961682636
          ],
          [
            51.90640946701771,
            42.89984728953932
          ],
          [
            51.90655586555272,
            42.89981461739601
          ],
          [
            51.90670226408771,
            42.89978194525269
          ],
          [
            51.906848662622714,
            42.89974927310938
          ],
          [
            51.90699506115772,
            42.899716600966066
          ],
          [
            51.907141459692724,
            42.89968392882275
          ],
          [
            51.90728785822773,
            42.899651256679434
          ],
          [
            51.90743425676273,
            42.89961858453612
          ],
          [
            51.907580655297735,
            42.89958591239281
          ],
          [
            51.90772705383275,
            42.89955324024949
          ],
          [
            51.90787345236775,
            42.89952056810618
          ],
          [
            51.908019850902754,
            42.89948789596287
          ],
          [
            51.908166249437755,
            42.899455223819544
          ],
          [
            51.908312647972764,
            42.899422551676246
          ],
          [
            51.908459046507765,
            42.899389879532926
          ],
          [
            51.908605445042774,
            42.89935720738961
          ],
          [
            51.908751843577775,
            42.8993245352463
          ],
          [
            51.908898242112784,
            42.899291863102974
          ],
          [
            51.90904464064778,
            42.899259190959675
          ],
          [
            51.90919103918278,
            42.899226518816356
          ],
          [
            51.909337437717795,
            42.899193846673036
          ],
          [
            51.90948383625279,
            42.89916117452973
          ],
          [
            51.90963023478779,
            42.89912850238641
          ],
          [
            51.90977663332281,
            42.8990958302431
          ],
          [
            51.909923031857794,
            42.899063158099786
          ],
          [
            51.910069430392795,
            42.899030485956466
          ],
          [
            51.91021582892781,
            42.898997813813146
          ],
          [
            51.91036222746281,
            42.89896514166984
          ],
          [
            51.91050862599782,
            42.89893246952652
          ],
          [
            51.91065502453282,
            42.89889979738321
          ],
          [
            51.91080142306783,
            42.898867125239896
          ],
          [
            51.910947821602825,
            42.89883445309659
          ],
          [
            51.911094220137834,
            42.898801780953264
          ],
          [
            51.911240618672835,
            42.89876910880995
          ],
          [
            51.91138701720784,
            42.89873643666664
          ],
          [
            51.911533415742845,
            42.89870376452332
          ],
          [
            51.911679814277846,
            42.89867109238002
          ],
          [
            51.91182621281284,
            42.8986384202367
          ],
          [
            51.91197261134785,
            42.89860574809338
          ],
          [
            51.912119009882865,
            42.898573075950075
          ],
          [
            51.91226540841785,
            42.898540403806756
          ],
          [
            51.91241180695287,
            42.898507731663436
          ],
          [
            51.91255820548787,
            42.89847505952013
          ],
          [
            51.91270460402287,
            42.89844238737681
          ],
          [
            51.912851002557886,
            42.8984097152335
          ],
          [
            51.91299740109288,
            42.898377043090186
          ],
          [
            51.91314379962788,
            42.898344370946866
          ],
          [
            51.91329019816289,
            42.89831169880355
          ],
          [
            51.91343659669789,
            42.89827902666024
          ],
          [
            51.91358299523289,
            42.89824635451693
          ],
          [
            51.9137293937679,
            42.89821368237361
          ],
          [
            51.91387579230291,
            42.898181010230296
          ],
          [
            51.9140221908379,
            42.89814833808699
          ],
          [
            51.914168589372906,
            42.89811566594366
          ],
          [
            51.91431498790791,
            42.898082993800365
          ],
          [
            51.91446138644291,
            42.898050321657045
          ],
          [
            51.914607784977925,
            42.89801764951373
          ],
          [
            51.914754183512926,
            42.89798497737041
          ],
          [
            51.914900582047935,
            42.8979523052271
          ],
          [
            51.915046980582936,
            42.897919633083795
          ],
          [
            51.91519337911794,
            42.897886960940475
          ],
          [
            51.91533977765294,
            42.897854288797156
          ],
          [
            51.91548617618795,
            42.89782161665385
          ],
          [
            51.915632574722956,
            42.89778894451052
          ],
          [
            51.91577897325796,
            42.89775627236722
          ],
          [
            51.91592537179296,
            42.897723600223905
          ],
          [
            51.91607177032796,
            42.897690928080586
          ],
          [
            51.91621816886297,
            42.89765825593727
          ],
          [
            51.91636456739796,
            42.89762558379396
          ],
          [
            51.91651096593297,
            42.89759291165064
          ],
          [
            51.916657364467966,
            42.89756023950733
          ],
          [
            51.91680376300299,
            42.897527567364016
          ],
          [
            51.91695016153798,
            42.8974948952207
          ],
          [
            51.917096560072984,
            42.89746222307738
          ],
          [
            51.91724295860799,
            42.89742955093407
          ],
          [
            51.917389357142994,
            42.897396878790765
          ],
          [
            51.917535755677996,
            42.897364206647445
          ],
          [
            51.917682154213004,
            42.89733153450413
          ],
          [
            51.917828552748006,
            42.89729886236082
          ],
          [
            51.91797495128301,
            42.89726619021749
          ],
          [
            51.91812134981801,
            42.897233518074195
          ],
          [
            51.918267748353024,
            42.89720084593087
          ],
          [
            51.918414146888026,
            42.897168173787556
          ],
          [
            51.91856054542303,
            42.89713550164425
          ],
          [
            51.91870694395803,
            42.89710282950093
          ],
          [
            51.91885334249303,
            42.89707015735762
          ],
          [
            51.918999741028045,
            42.897037485214305
          ],
          [
            51.91914613956304,
            42.89700481307099
          ],
          [
            51.91929253809804,
            42.89697214092767
          ],
          [
            51.91943893663306,
            42.89693946878435
          ],
          [
            51.91958533516805,
            42.89690679664105
          ],
          [
            51.91973173370305,
            42.89687412449773
          ],
          [
            51.91987813223806,
            42.896841452354415
          ],
          [
            51.92002453077306,
            42.8968087802111
          ],
          [
            51.920170929308064,
            42.8967761080678
          ],
          [
            51.92031732784307,
            42.89674343592448
          ],
          [
            51.920463726378074,
            42.89671076378116
          ],
          [
            51.920610124913075,
            42.89667809163785
          ],
          [
            51.920756523448084,
            42.89664541949453
          ],
          [
            51.92090292198308,
            42.89661274735121
          ],
          [
            51.92104932051809,
            42.89658007520791
          ],
          [
            51.92119571905309,
            42.896547403064595
          ],
          [
            51.921342117588104,
            42.89651473092127
          ],
          [
            51.921488516123105,
            42.89648205877796
          ],
          [
            51.921634914658114,
            42.89644938663465
          ],
          [
            51.92178131319311,
            42.89641671449134
          ],
          [
            51.92192771172811,
            42.896384042348025
          ],
          [
            51.92207411026312,
            42.896351370204705
          ],
          [
            51.92222050879812,
            42.89631869806139
          ],
          [
            51.92236690733312,
            42.89628602591808
          ],
          [
            51.92251330586812,
            42.89625335377476
          ],
          [
            51.92265970440313,
            42.89622068163145
          ],
          [
            51.922806102938125,
            42.896188009488135
          ],
          [
            51.922952501473134,
            42.89615533734482
          ],
          [
            51.923098900008135,
            42.8961226652015
          ],
          [
            51.923245298543144,
            42.89608999305819
          ],
          [
            51.92339169707816,
            42.89605732091488
          ],
          [
            51.92353809561316,
            42.89602464877156
          ],
          [
            51.92368449414816,
            42.89599197662825
          ],
          [
            51.92383089268316,
            42.89595930448494
          ],
          [
            51.92397729121817,
            42.89592663234162
          ],
          [
            51.92412368975317,
            42.895893960198315
          ],
          [
            51.92427008828817,
            42.895861288054995
          ],
          [
            51.924416486823176,
            42.895828615911675
          ],
          [
            51.92456288535818,
            42.89579594376837
          ],
          [
            51.924709283893186,
            42.89576327162505
          ],
          [
            51.92485568242819,
            42.89573059948173
          ],
          [
            51.92500208096319,
            42.89569792733843
          ],
          [
            51.9251484794982,
            42.895665255195105
          ],
          [
            51.92529487803319,
            42.89563258305179
          ],
          [
            51.9254412765682,
            42.89559991090848
          ],
          [
            51.925587675103216,
            42.89556723876516
          ],
          [
            51.92573407363822,
            42.89553456662186
          ],
          [
            51.92588047217322,
            42.895501894478535
          ],
          [
            51.92602687070823,
            42.89546922233522
          ],
          [
            51.92617326924322,
            42.8954365501919
          ],
          [
            51.92631966777823,
            42.89540387804859
          ],
          [
            51.92646606631324,
            42.89537120590528
          ],
          [
            51.92661246484823,
            42.89533853376196
          ],
          [
            51.92675886338324,
            42.89530586161865
          ],
          [
            51.926905261918236,
            42.89527318947534
          ],
          [
            51.927051660453245,
            42.89524051733202
          ],
          [
            51.927198058988246,
            42.895207845188715
          ],
          [
            51.92734445752325,
            42.895175173045395
          ],
          [
            51.927490856058256,
            42.89514250090208
          ],
          [
            51.92763725459326,
            42.89510982875877
          ],
          [
            51.92778365312827,
            42.89507715661545
          ],
          [
            51.92793005166326,
            42.895044484472145
          ],
          [
            51.92807645019826,
            42.895011812328825
          ],
          [
            51.928222848733284,
            42.894979140185505
          ],
          [
            51.928369247268286,
            42.8949464680422
          ],
          [
            51.92851564580329,
            42.89491379589888
          ],
          [
            51.928662044338296,
            42.89488112375557
          ],
          [
            51.92880844287329,
            42.894848451612255
          ],
          [
            51.9289548414083,
            42.89481577946894
          ],
          [
            51.9291012399433,
            42.89478310732563
          ],
          [
            51.9292476384783,
            42.8947504351823
          ],
          [
            51.9293940370133,
            42.894717763039004
          ],
          [
            51.929540435548304,
            42.894685090895685
          ],
          [
            51.929686834083306,
            42.89465241875237
          ],
          [
            51.929833232618314,
            42.89461974660906
          ],
          [
            51.929979631153316,
            42.89458707446574
          ],
          [
            51.93012602968832,
            42.89455440232243
          ],
          [
            51.93027242822333,
            42.894521730179115
          ],
          [
            51.930418826758334,
            42.89448905803579
          ],
          [
            51.93056522529334,
            42.89445638589249
          ],
          [
            51.93071162382834,
            42.89442371374916
          ],
          [
            51.930858022363346,
            42.89439104160585
          ],
          [
            51.93100442089835,
            42.894358369462545
          ],
          [
            51.93115081943335,
            42.894325697319225
          ],
          [
            51.93129721796836,
            42.89429302517591
          ],
          [
            51.93144361650336,
            42.89426035303259
          ],
          [
            51.93159001503837,
            42.89422768088928
          ],
          [
            51.93173641357337,
            42.89419500874597
          ],
          [
            51.93188281210837,
            42.89416233660266
          ],
          [
            51.932029210643364,
            42.89412966445934
          ],
          [
            51.93217560917837,
            42.89409699231604
          ],
          [
            51.932322007713374,
            42.89406432017271
          ],
          [
            51.93246840624839,
            42.894031648029404
          ],
          [
            51.9326148047834,
            42.89399897588608
          ],
          [
            51.9327612033184,
            42.89396630374277
          ],
          [
            51.932907601853394,
            42.89393363159945
          ],
          [
            51.9330540003884,
            42.89390095945613
          ],
          [
            51.933200398923404,
            42.893868287312834
          ],
          [
            51.933346797458405,
            42.893835615169515
          ],
          [
            51.93349319599342,
            42.8938029430262
          ],
          [
            51.93363959452842,
            42.89377027088289
          ],
          [
            51.93378599306342,
            42.89373759873956
          ],
          [
            51.933932391598425,
            42.89370492659626
          ],
          [
            51.93407879013343,
            42.893672254452945
          ],
          [
            51.93422518866842,
            42.893639582309625
          ],
          [
            51.93437158720343,
            42.89360691016632
          ],
          [
            51.93451798573843,
            42.893574238023
          ],
          [
            51.93466438427343,
            42.89354156587968
          ],
          [
            51.93481078280845,
            42.893508893736374
          ],
          [
            51.93495718134345,
            42.893476221593055
          ],
          [
            51.93510357987845,
            42.89344354944975
          ],
          [
            51.93524997841346,
            42.89341087730642
          ],
          [
            51.93539637694847,
            42.89337820516312
          ],
          [
            51.93554277548346,
            42.893345533019804
          ],
          [
            51.93568917401847,
            42.89331286087648
          ],
          [
            51.93583557255347,
            42.89328018873317
          ],
          [
            51.935981971088474,
            42.89324751658986
          ],
          [
            51.93612836962348,
            42.89321484444655
          ],
          [
            51.93627476815848,
            42.89318217230323
          ],
          [
            51.936421166693485,
            42.89314950015991
          ],
          [
            51.93656756522849,
            42.89311682801661
          ],
          [
            51.936713963763495,
            42.89308415587329
          ],
          [
            51.93686036229849,
            42.89305148372997
          ],
          [
            51.93700676083351,
            42.893018811586664
          ],
          [
            51.937153159368506,
            42.892986139443344
          ],
          [
            51.937299557903515,
            42.892953467300025
          ],
          [
            51.937445956438516,
            42.89292079515672
          ],
          [
            51.93759235497352,
            42.8928881230134
          ],
          [
            51.937738753508526,
            42.89285545087009
          ],
          [
            51.93788515204353,
            42.892822778726774
          ],
          [
            51.93803155057853,
            42.892790106583455
          ],
          [
            51.93817794911353,
            42.892757434440156
          ],
          [
            51.93832434764854,
            42.89272476229683
          ],
          [
            51.93847074618355,
            42.89269209015352
          ],
          [
            51.93861714471854,
            42.8926594180102
          ],
          [
            51.93876354325355,
            42.89262674586689
          ],
          [
            51.93890994178855,
            42.89259407372357
          ],
          [
            51.93905634032355,
            42.89256140158026
          ],
          [
            51.93920273885857,
            42.89252872943695
          ],
          [
            51.93934913739356,
            42.892496057293634
          ],
          [
            51.939495535928565,
            42.892463385150315
          ],
          [
            51.93964193446358,
            42.892430713007
          ],
          [
            51.93978833299857,
            42.89239804086368
          ],
          [
            51.93993473153357,
            42.89236536872038
          ],
          [
            51.940081130068585,
            42.892332696577064
          ],
          [
            51.940227528603586,
            42.892300024433744
          ],
          [
            51.94037392713859,
            42.89226735229044
          ],
          [
            51.940520325673596,
            42.89223468014712
          ],
          [
            51.9406667242086,
            42.8922020080038
          ],
          [
            51.9408131227436,
            42.892169335860494
          ],
          [
            51.94095952127861,
            42.892136663717174
          ],
          [
            51.94110591981361,
            42.89210399157386
          ],
          [
            51.94125231834861,
            42.89207131943054
          ],
          [
            51.941398716883626,
            42.89203864728724
          ],
          [
            51.94154511541863,
            42.89200597514392
          ],
          [
            51.94169151395363,
            42.8919733030006
          ],
          [
            51.94183791248863,
            42.89194063085729
          ],
          [
            51.94198431102363,
            42.89190795871397
          ],
          [
            51.94213070955863,
            42.89187528657065
          ],
          [
            51.94227710809364,
            42.891842614427354
          ],
          [
            51.94242350662864,
            42.891809942284034
          ],
          [
            51.942569905163644,
            42.89177727014072
          ],
          [
            51.94271630369865,
            42.89174459799741
          ],
          [
            51.942862702233654,
            42.89171192585409
          ],
          [
            51.943009100768656,
            42.891679253710784
          ],
          [
            51.943155499303664,
            42.891646581567464
          ],
          [
            51.943301897838666,
            42.89161390942415
          ],
          [
            51.94344829637367,
            42.89158123728084
          ],
          [
            51.94359469490868,
            42.89154856513752
          ],
          [
            51.943741093443684,
            42.89151589299421
          ],
          [
            51.943887491978685,
            42.891483220850894
          ],
          [
            51.94403389051369,
            42.891450548707574
          ],
          [
            51.944180289048695,
            42.89141787656426
          ],
          [
            51.94432668758368,
            42.891385204420956
          ],
          [
            51.94447308611869,
            42.891352532277644
          ],
          [
            51.9446194846537,
            42.891319860134324
          ],
          [
            51.944765883188694,
            42.891287187991004
          ],
          [
            51.94491228172371,
            42.89125451584769
          ],
          [
            51.945058680258704,
            42.89122184370437
          ],
          [
            51.94520507879371,
            42.89118917156107
          ],
          [
            51.94535147732872,
            42.891156499417754
          ],
          [
            51.94549787586372,
            42.89112382727443
          ],
          [
            51.94564427439872,
            42.89109115513113
          ],
          [
            51.945790672933725,
            42.8910584829878
          ],
          [
            51.94593707146873,
            42.891025810844496
          ],
          [
            51.94608347000373,
            42.890993138701184
          ],
          [
            51.946229868538744,
            42.890960466557864
          ],
          [
            51.946376267073745,
            42.89092779441455
          ],
          [
            51.946522665608754,
            42.89089512227124
          ],
          [
            51.94666906414376,
            42.89086245012792
          ],
          [
            51.94681546267876,
            42.890829777984614
          ],
          [
            51.94696186121375,
            42.890797105841294
          ],
          [
            51.94710825974876,
            42.89076443369798
          ],
          [
            51.94725465828377,
            42.89073176155466
          ],
          [
            51.94740105681876,
            42.890699089411356
          ],
          [
            51.94754745535377,
            42.89066641726804
          ],
          [
            51.94769385388877,
            42.89063374512472
          ],
          [
            51.947840252423774,
            42.89060107298141
          ],
          [
            51.94798665095878,
            42.89056840083809
          ],
          [
            51.9481330494938,
            42.89053572869477
          ],
          [
            51.9482794480288,
            42.89050305655147
          ],
          [
            51.9484258465638,
            42.890470384408154
          ],
          [
            51.9485722450988,
            42.89043771226484
          ],
          [
            51.94871864363381,
            42.89040504012153
          ],
          [
            51.94886504216881,
            42.89037236797821
          ],
          [
            51.94901144070381,
            42.890339695834896
          ],
          [
            51.949157839238815,
            42.890307023691584
          ],
          [
            51.94930423777382,
            42.890274351548264
          ],
          [
            51.949450636308825,
            42.89024167940496
          ],
          [
            51.949597034843826,
            42.89020900726164
          ],
          [
            51.94974343337884,
            42.890176335118326
          ],
          [
            51.94988983191383,
            42.890143662975014
          ],
          [
            51.95003623044883,
            42.890110990831694
          ],
          [
            51.95018262898384,
            42.89007831868838
          ],
          [
            51.95032902751885,
            42.89004564654507
          ],
          [
            51.950475426053856,
            42.89001297440175
          ],
          [
            51.95062182458886,
            42.889980302258444
          ],
          [
            51.95076822312386,
            42.889947630115124
          ],
          [
            51.95091462165886,
            42.88991495797182
          ],
          [
            51.95106102019387,
            42.88988228582849
          ],
          [
            51.95120741872887,
            42.889849613685186
          ],
          [
            51.95135381726387,
            42.889816941541866
          ],
          [
            51.95150021579889,
            42.889784269398554
          ],
          [
            51.95164661433389,
            42.88975159725524
          ],
          [
            51.951793012868876,
            42.88971892511192
          ],
          [
            51.95193941140389,
            42.8896862529686
          ],
          [
            51.95208580993889,
            42.889653580825296
          ],
          [
            51.95223220847389,
            42.889620908681984
          ],
          [
            51.952378607008896,
            42.88958823653867
          ],
          [
            51.952525005543905,
            42.88955556439536
          ],
          [
            51.9526714040789,
            42.88952289225204
          ],
          [
            51.952817802613914,
            42.889490220108726
          ],
          [
            51.952964201148916,
            42.889457547965414
          ],
          [
            51.95311059968392,
            42.889424875822094
          ],
          [
            51.953256998218926,
            42.88939220367878
          ],
          [
            51.95340339675393,
            42.88935953153547
          ],
          [
            51.95354979528893,
            42.889326859392156
          ],
          [
            51.95369619382394,
            42.88929418724885
          ],
          [
            51.953842592358946,
            42.88926151510553
          ],
          [
            51.95398899089394,
            42.88922884296221
          ],
          [
            51.95413538942895,
            42.889196170818906
          ],
          [
            51.95428178796395,
            42.889163498675586
          ],
          [
            51.95442818649896,
            42.889130826532266
          ],
          [
            51.95457458503395,
            42.88909815438896
          ],
          [
            51.954720983568954,
            42.88906548224565
          ],
          [
            51.954867382103956,
            42.88903281010232
          ],
          [
            51.95501378063896,
            42.889000137959016
          ],
          [
            51.95516017917398,
            42.8889674658157
          ],
          [
            51.95530657770898,
            42.888934793672384
          ],
          [
            51.95545297624398,
            42.88890212152908
          ],
          [
            51.955599374778984,
            42.88886944938576
          ],
          [
            51.95574577331399,
            42.888836777242446
          ],
          [
            51.95589217184899,
            42.88880410509913
          ],
          [
            51.956038570383996,
            42.88877143295581
          ],
          [
            51.956184968919,
            42.8887387608125
          ],
          [
            51.956331367454005,
            42.88870608866919
          ],
          [
            51.95647776598901,
            42.88867341652587
          ],
          [
            51.95662416452401,
            42.88864074438256
          ],
          [
            51.956770563059024,
            42.88860807223924
          ],
          [
            51.95691696159402,
            42.88857540009593
          ],
          [
            51.95706336012901,
            42.88854272795261
          ],
          [
            51.957209758664035,
            42.8885100558093
          ],
          [
            51.95735615719903,
            42.88847738366599
          ],
          [
            51.95750255573403,
            42.88844471152267
          ],
          [
            51.95764895426904,
            42.88841203937936
          ],
          [
            51.95779535280404,
            42.88837936723605
          ],
          [
            51.95794175133904,
            42.88834669509272
          ],
          [
            51.95808814987405,
            42.88831402294942
          ],
          [
            51.95823454840905,
            42.8882813508061
          ],
          [
            51.958380946944054,
            42.888248678662784
          ],
          [
            51.95852734547906,
            42.88821600651948
          ],
          [
            51.958673744014064,
            42.88818333437616
          ],
          [
            51.958820142549065,
            42.888150662232846
          ],
          [
            51.958966541084074,
            42.88811799008954
          ],
          [
            51.959112939619075,
            42.888085317946214
          ],
          [
            51.95925933815408,
            42.8880526458029
          ],
          [
            51.95940573668908,
            42.88801997365959
          ],
          [
            51.95955213522409,
            42.887987301516276
          ],
          [
            51.95969853375909,
            42.88795462937297
          ],
          [
            51.9598449322941,
            42.88792195722965
          ],
          [
            51.9599913308291,
            42.88788928508634
          ],
          [
            51.9601377293641,
            42.887856612943025
          ],
          [
            51.96028412789911,
            42.887823940799706
          ],
          [
            51.96043052643411,
            42.887791268656386
          ],
          [
            51.960576924969104,
            42.887758596513066
          ],
          [
            51.96072332350412,
            42.88772592436976
          ],
          [
            51.96086972203912,
            42.88769325222645
          ],
          [
            51.96101612057412,
            42.887660580083136
          ],
          [
            51.96116251910912,
            42.88762790793983
          ],
          [
            51.96130891764413,
            42.887595235796496
          ],
          [
            51.96145531617913,
            42.88756256365319
          ],
          [
            51.96160171471415,
            42.88752989150988
          ],
          [
            51.96174811324915,
            42.88749721936656
          ],
          [
            51.96189451178415,
            42.88746454722325
          ],
          [
            51.96204091031916,
            42.88743187507993
          ],
          [
            51.962187308854155,
            42.887399202936614
          ],
          [
            51.962333707389156,
            42.8873665307933
          ],
          [
            51.962480105924165,
            42.88733385864999
          ],
          [
            51.96262650445916,
            42.887301186506676
          ],
          [
            51.96277290299417,
            42.88726851436336
          ],
          [
            51.962919301529176,
            42.88723584222005
          ],
          [
            51.96306570006418,
            42.88720317007673
          ],
          [
            51.96321209859918,
            42.887170497933425
          ],
          [
            51.96335849713419,
            42.887137825790106
          ],
          [
            51.96350489566919,
            42.887105153646786
          ],
          [
            51.96365129420418,
            42.88707248150348
          ],
          [
            51.96379769273919,
            42.88703980936017
          ],
          [
            51.96394409127419,
            42.88700713721685
          ],
          [
            51.96409048980921,
            42.886974465073536
          ],
          [
            51.96423688834422,
            42.886941792930216
          ],
          [
            51.96438328687922,
            42.8869091207869
          ],
          [
            51.96452968541422,
            42.8868764486436
          ],
          [
            51.964676083949215,
            42.88684377650027
          ],
          [
            51.96482248248422,
            42.886811104356966
          ],
          [
            51.964968881019225,
            42.88677843221365
          ],
          [
            51.96511527955423,
            42.88674576007033
          ],
          [
            51.965261678089234,
            42.88671308792702
          ],
          [
            51.96540807662423,
            42.88668041578371
          ],
          [
            51.965554475159244,
            42.886647743640395
          ],
          [
            51.965700873694246,
            42.886615071497076
          ],
          [
            51.96584727222924,
            42.88658239935376
          ],
          [
            51.96599367076425,
            42.88654972721045
          ],
          [
            51.96614006929925,
            42.886517055067145
          ],
          [
            51.966286467834266,
            42.88648438292382
          ],
          [
            51.96643286636927,
            42.886451710780506
          ],
          [
            51.96657926490427,
            42.886419038637186
          ],
          [
            51.96672566343928,
            42.88638636649388
          ],
          [
            51.966872061974286,
            42.88635369435057
          ],
          [
            51.96701846050928,
            42.88632102220724
          ],
          [
            51.96716485904429,
            42.886288350063936
          ],
          [
            51.96731125757928,
            42.88625567792062
          ],
          [
            51.96745765611429,
            42.88622300577731
          ],
          [
            51.967604054649286,
            42.886190333634
          ],
          [
            51.9677504531843,
            42.88615766149068
          ],
          [
            51.967896851719296,
            42.88612498934737
          ],
          [
            51.9680432502543,
            42.88609231720405
          ],
          [
            51.96818964878931,
            42.88605964506073
          ],
          [
            51.96833604732431,
            42.88602697291743
          ],
          [
            51.96848244585932,
            42.88599430077411
          ],
          [
            51.96862884439433,
            42.885961628630795
          ],
          [
            51.968775242929325,
            42.88592895648748
          ],
          [
            51.96892164146433,
            42.88589628434416
          ],
          [
            51.969068039999335,
            42.88586361220085
          ],
          [
            51.96921443853434,
            42.88583094005754
          ],
          [
            51.969360837069345,
            42.88579826791423
          ],
          [
            51.969507235604354,
            42.88576559577091
          ],
          [
            51.96965363413935,
            42.8857329236276
          ],
          [
            51.96980003267435,
            42.88570025148429
          ],
          [
            51.96994643120935,
            42.88566757934097
          ],
          [
            51.97009282974435,
            42.88563490719766
          ],
          [
            51.970239228279354,
            42.88560223505434
          ],
          [
            51.97038562681436,
            42.88556956291102
          ],
          [
            51.97053202534937,
            42.88553689076771
          ],
          [
            51.970678423884365,
            42.8855042186244
          ],
          [
            51.97082482241938,
            42.88547154648108
          ],
          [
            51.97097122095438,
            42.88543887433777
          ],
          [
            51.971117619489384,
            42.88540620219445
          ],
          [
            51.97126401802439,
            42.88537353005114
          ],
          [
            51.9714104165594,
            42.88534085790783
          ],
          [
            51.971556815094395,
            42.885308185764515
          ],
          [
            51.971703213629404,
            42.885275513621195
          ],
          [
            51.971849612164405,
            42.88524284147788
          ],
          [
            51.9719960106994,
            42.88521016933457
          ],
          [
            51.97214240923441,
            42.885177497191265
          ],
          [
            51.97228880776942,
            42.88514482504794
          ],
          [
            51.97243520630441,
            42.88511215290463
          ],
          [
            51.97258160483942,
            42.885079480761306
          ],
          [
            51.97272800337442,
            42.885046808618
          ],
          [
            51.97287440190942,
            42.88501413647469
          ],
          [
            51.97302080044444,
            42.88498146433136
          ],
          [
            51.97316719897944,
            42.88494879218806
          ],
          [
            51.97331359751444,
            42.88491612004474
          ],
          [
            51.97345999604945,
            42.88488344790143
          ],
          [
            51.97360639458446,
            42.88485077575812
          ],
          [
            51.97375279311945,
            42.8848181036148
          ],
          [
            51.97389919165446,
            42.884785431471485
          ],
          [
            51.97404559018946,
            42.88475275932817
          ],
          [
            51.97419198872446,
            42.88472008718485
          ],
          [
            51.97433838725947,
            42.884687415041554
          ],
          [
            51.97448478579447,
            42.88465474289823
          ],
          [
            51.97463118432947,
            42.88462207075491
          ],
          [
            51.974777582864476,
            42.8845893986116
          ],
          [
            51.97492398139948,
            42.88455672646828
          ],
          [
            51.97507037993448,
            42.88452405432497
          ],
          [
            51.975216778469495,
            42.88449138218166
          ],
          [
            51.975363177004496,
            42.884458710038345
          ],
          [
            51.9755095755395,
            42.884426037895025
          ],
          [
            51.975655974074506,
            42.88439336575172
          ],
          [
            51.97580237260951,
            42.8843606936084
          ],
          [
            51.97594877114451,
            42.88432802146509
          ],
          [
            51.97609516967952,
            42.884295349321775
          ],
          [
            51.97624156821452,
            42.884262677178455
          ],
          [
            51.97638796674952,
            42.88423000503514
          ],
          [
            51.97653436528453,
            42.88419733289183
          ],
          [
            51.97668076381953,
            42.88416466074851
          ],
          [
            51.976827162354525,
            42.8841319886052
          ],
          [
            51.97697356088954,
            42.88409931646189
          ],
          [
            51.97711995942454,
            42.88406664431857
          ],
          [
            51.977266357959536,
            42.88403397217526
          ],
          [
            51.97741275649456,
            42.88400130003195
          ],
          [
            51.97755915502955,
            42.88396862788863
          ],
          [
            51.977705553564554,
            42.883935955745315
          ],
          [
            51.97785195209956,
            42.883903283602
          ],
          [
            51.977998350634564,
            42.88387061145868
          ],
          [
            51.978144749169566,
            42.88383793931537
          ],
          [
            51.978291147704574,
            42.88380526717206
          ],
          [
            51.97843754623958,
            42.883772595028745
          ],
          [
            51.97858394477458,
            42.883739922885425
          ],
          [
            51.978730343309586,
            42.88370725074212
          ],
          [
            51.97887674184458,
            42.8836745785988
          ],
          [
            51.97902314037959,
            42.88364190645548
          ],
          [
            51.97916953891459,
            42.88360923431218
          ],
          [
            51.9793159374496,
            42.88357656216886
          ],
          [
            51.97946233598459,
            42.88354389002554
          ],
          [
            51.979608734519616,
            42.88351121788224
          ],
          [
            51.97975513305461,
            42.88347854573892
          ],
          [
            51.97990153158961,
            42.883445873595605
          ],
          [
            51.98004793012461,
            42.88341320145229
          ],
          [
            51.98019432865962,
            42.883380529308965
          ],
          [
            51.98034072719462,
            42.88334785716567
          ],
          [
            51.98048712572963,
            42.88331518502235
          ],
          [
            51.98063352426463,
            42.88328251287903
          ],
          [
            51.980779922799634,
            42.88324984073573
          ],
          [
            51.98092632133464,
            42.8832171685924
          ],
          [
            51.981072719869644,
            42.88318449644909
          ],
          [
            51.981219118404645,
            42.88315182430577
          ],
          [
            51.981365516939654,
            42.88311915216246
          ],
          [
            51.981511915474655,
            42.88308648001915
          ],
          [
            51.98165831400966,
            42.88305380787584
          ],
          [
            51.98180471254467,
            42.88302113573252
          ],
          [
            51.981951111079674,
            42.88298846358921
          ],
          [
            51.982097509614675,
            42.88295579144588
          ],
          [
            51.982243908149684,
            42.88292311930258
          ],
          [
            51.98239030668468,
            42.882890447159255
          ],
          [
            51.98253670521968,
            42.88285777501595
          ],
          [
            51.98268310375469,
            42.88282510287264
          ],
          [
            51.98282950228969,
            42.88279243072932
          ],
          [
            51.982975900824684,
            42.882759758586005
          ],
          [
            51.9831222993597,
            42.88272708644269
          ],
          [
            51.9832686978947,
            42.88269441429937
          ],
          [
            51.9834150964297,
            42.88266174215607
          ],
          [
            51.98356149496471,
            42.88262907001275
          ],
          [
            51.98370789349971,
            42.882596397869435
          ],
          [
            51.983854292034714,
            42.88256372572612
          ],
          [
            51.98400069056973,
            42.8825310535828
          ],
          [
            51.98414708910473,
            42.882498381439504
          ],
          [
            51.98429348763973,
            42.88246570929618
          ],
          [
            51.98443988617474,
            42.882433037152865
          ],
          [
            51.98458628470974,
            42.882400365009545
          ],
          [
            51.984732683244744,
            42.88236769286624
          ],
          [
            51.98487908177974,
            42.88233502072293
          ],
          [
            51.98502548031475,
            42.88230234857961
          ],
          [
            51.98517187884975,
            42.882269676436295
          ],
          [
            51.98531827738475,
            42.88223700429298
          ],
          [
            51.98546467591975,
            42.882204332149655
          ],
          [
            51.98561107445476,
            42.88217166000635
          ],
          [
            51.98575747298977,
            42.88213898786304
          ],
          [
            51.98590387152476,
            42.882106315719724
          ],
          [
            51.98605027005977,
            42.88207364357641
          ],
          [
            51.98619666859478,
            42.8820409714331
          ],
          [
            51.98634306712978,
            42.88200829928978
          ],
          [
            51.986489465664775,
            42.88197562714647
          ],
          [
            51.98663586419979,
            42.88194295500315
          ],
          [
            51.98678226273479,
            42.88191028285984
          ],
          [
            51.9869286612698,
            42.88187761071652
          ],
          [
            51.9870750598048,
            42.88184493857321
          ],
          [
            51.9872214583398,
            42.88181226642989
          ],
          [
            51.987367856874805,
            42.88177959428658
          ],
          [
            51.987514255409806,
            42.881746922143265
          ],
          [
            51.98766065394481,
            42.881714249999945
          ],
          [
            51.987807052479816,
            42.88168157785664
          ],
          [
            51.98795345101482,
            42.88164890571332
          ],
          [
            51.98809984954982,
            42.881616233570014
          ],
          [
            51.98824624808482,
            42.881583561426694
          ],
          [
            51.98839264661983,
            42.881550889283375
          ],
          [
            51.98853904515484,
            42.88151821714007
          ],
          [
            51.98868544368983,
            42.88148554499676
          ],
          [
            51.98883184222485,
            42.88145287285344
          ],
          [
            51.98897824075985,
            42.88142020071013
          ],
          [
            51.98912463929486,
            42.88138752856681
          ],
          [
            51.989271037829866,
            42.88135485642349
          ],
          [
            51.98941743636487,
            42.88132218428019
          ],
          [
            51.98956383489987,
            42.88128951213687
          ],
          [
            51.98971023343487,
            42.881256839993554
          ],
          [
            51.98985663196987,
            42.88122416785024
          ],
          [
            51.990003030504866,
            42.88119149570692
          ],
          [
            51.990149429039874,
            42.88115882356361
          ],
          [
            51.990295827574876,
            42.8811261514203
          ],
          [
            51.990442226109884,
            42.88109347927698
          ],
          [
            51.990588624644886,
            42.881060807133665
          ],
          [
            51.99073502317989,
            42.88102813499035
          ],
          [
            51.99088142171489,
            42.88099546284704
          ],
          [
            51.991027820249904,
            42.88096279070372
          ],
          [
            51.99117421878491,
            42.880930118560414
          ],
          [
            51.991320617319914,
            42.8808974464171
          ],
          [
            51.99146701585492,
            42.88086477427378
          ],
          [
            51.991613414389924,
            42.88083210213047
          ],
          [
            51.99175981292492,
            42.88079942998716
          ],
          [
            51.99190621145993,
            42.88076675784384
          ],
          [
            51.99205260999493,
            42.88073408570053
          ],
          [
            51.99219900852992,
            42.880701413557205
          ],
          [
            51.99234540706493,
            42.8806687414139
          ],
          [
            51.99249180559994,
            42.88063606927059
          ],
          [
            51.992638204134934,
            42.88060339712727
          ],
          [
            51.99278460266994,
            42.88057072498396
          ],
          [
            51.99293100120495,
            42.88053805284064
          ],
          [
            51.99307739973995,
            42.88050538069732
          ],
          [
            51.99322379827496,
            42.88047270855401
          ],
          [
            51.99337019680997,
            42.8804400364107
          ],
          [
            51.99351659534497,
            42.88040736426739
          ],
          [
            51.99366299387997,
            42.880374692124064
          ],
          [
            51.99380939241498,
            42.88034201998075
          ],
          [
            51.99395579094998,
            42.880309347837446
          ],
          [
            51.994102189484984,
            42.880276675694134
          ],
          [
            51.994248588019985,
            42.88024400355082
          ],
          [
            51.99439498655499,
            42.8802113314075
          ],
          [
            51.994541385089995,
            42.88017865926419
          ],
          [
            51.994687783625004,
            42.880145987120876
          ],
          [
            51.994834182160005,
            42.88011331497756
          ],
          [
            51.994980580695,
            42.880080642834244
          ],
          [
            51.99512697923001,
            42.88004797069093
          ],
          [
            51.99527337776501,
            42.88001529854761
          ],
          [
            51.99541977630002,
            42.879982626404306
          ],
          [
            51.99556617483503,
            42.87994995426098
          ],
          [
            51.99571257337002,
            42.87991728211767
          ],
          [
            51.99585897190503,
            42.87988460997436
          ],
          [
            51.99600537044003,
            42.87985193783104
          ],
          [
            51.99615176897503,
            42.87981926568772
          ],
          [
            51.99629816751005,
            42.87978659354442
          ],
          [
            51.99644456604504,
            42.8797539214011
          ],
          [
            51.99659096458005,
            42.879721249257784
          ],
          [
            51.996737363115045,
            42.87968857711447
          ],
          [
            51.996883761650054,
            42.87965590497116
          ],
          [
            51.997030160185055,
            42.879623232827846
          ],
          [
            51.997176558720064,
            42.879590560684534
          ],
          [
            51.997322957255065,
            42.879557888541214
          ],
          [
            51.99746935579007,
            42.879525216397894
          ],
          [
            51.99761575432507,
            42.87949254425459
          ],
          [
            51.997762152860076,
            42.879459872111276
          ],
          [
            51.99790855139508,
            42.87942719996796
          ],
          [
            51.998054949930086,
            42.87939452782465
          ],
          [
            51.99820134846509,
            42.87936185568133
          ],
          [
            51.99834774700009,
            42.87932918353802
          ],
          [
            51.9984941455351,
            42.879296511394706
          ],
          [
            51.998640544070106,
            42.87926383925139
          ],
          [
            51.9987869426051,
            42.87923116710807
          ],
          [
            51.99893334114011,
            42.87919849496476
          ],
          [
            51.99907973967511,
            42.87916582282144
          ],
          [
            51.99922613821012,
            42.87913315067814
          ],
          [
            51.99937253674512,
            42.879100478534816
          ],
          [
            51.99951893528012,
            42.879067806391504
          ],
          [
            51.999665333815116,
            42.879035134248184
          ],
          [
            51.99981173235014,
            42.87900246210487
          ],
          [
            51.99995813088514,
            42.87896978996156
          ],
          [
            52.000104529420135,
            42.87893711781824
          ],
          [
            52.00025092795514,
            42.87890444567493
          ],
          [
            52.000397326490145,
            42.87887177353162
          ],
          [
            52.000543725025146,
            42.878839101388294
          ],
          [
            52.000690123560155,
            42.87880642924499
          ],
          [
            52.00083652209516,
            42.87877375710167
          ],
          [
            52.00098292063016,
            42.878741084958364
          ],
          [
            52.00112931916516,
            42.87870841281505
          ],
          [
            52.00127571770017,
            42.87867574067173
          ],
          [
            52.00142211623517,
            42.87864306852842
          ],
          [
            52.00156851477018,
            42.8786103963851
          ],
          [
            52.001714913305186,
            42.87857772424178
          ],
          [
            52.00186131184018,
            42.87854505209849
          ],
          [
            52.00200771037518,
            42.87851237995516
          ],
          [
            52.0021541089102,
            42.87847970781185
          ],
          [
            52.0023005074452,
            42.878447035668536
          ],
          [
            52.00244690598021,
            42.878414363525216
          ],
          [
            52.00259330451521,
            42.878381691381904
          ],
          [
            52.002739703050196,
            42.87834901923859
          ],
          [
            52.00288610158521,
            42.87831634709528
          ],
          [
            52.00303250012021,
            42.87828367495196
          ],
          [
            52.003178898655214,
            42.878251002808646
          ],
          [
            52.003325297190216,
            42.87821833066534
          ],
          [
            52.00347169572523,
            42.87818565852202
          ],
          [
            52.00361809426022,
            42.87815298637871
          ],
          [
            52.00376449279523,
            42.87812031423539
          ],
          [
            52.003910891330236,
            42.87808764209207
          ],
          [
            52.00405728986524,
            42.87805496994877
          ],
          [
            52.004203688400246,
            42.87802229780545
          ],
          [
            52.004350086935254,
            42.87798962566213
          ],
          [
            52.004496485470256,
            42.877956953518826
          ],
          [
            52.00464288400526,
            42.877924281375506
          ],
          [
            52.004789282540266,
            42.87789160923219
          ],
          [
            52.00493568107527,
            42.87785893708888
          ],
          [
            52.005082079610276,
            42.87782626494556
          ],
          [
            52.00522847814527,
            42.87779359280225
          ],
          [
            52.00537487668027,
            42.877760920658936
          ],
          [
            52.00552127521527,
            42.87772824851562
          ],
          [
            52.00566767375028,
            42.877695576372304
          ],
          [
            52.00581407228528,
            42.87766290422899
          ],
          [
            52.005960470820284,
            42.87763023208568
          ],
          [
            52.006106869355285,
            42.87759755994236
          ],
          [
            52.006253267890294,
            42.877564887799046
          ],
          [
            52.0063996664253,
            42.87753221565574
          ],
          [
            52.00654606496031,
            42.87749954351243
          ],
          [
            52.006692463495305,
            42.87746687136911
          ],
          [
            52.006838862030314,
            42.87743419922579
          ],
          [
            52.00698526056532,
            42.87740152708247
          ],
          [
            52.007131659100324,
            42.877368854939164
          ],
          [
            52.007278057635325,
            42.87733618279585
          ],
          [
            52.007424456170334,
            42.87730351065254
          ],
          [
            52.00757085470533,
            42.877270838509226
          ],
          [
            52.007717253240344,
            42.877238166365906
          ],
          [
            52.00786365177534,
            42.8772054942226
          ],
          [
            52.00801005031034,
            42.87717282207928
          ],
          [
            52.00815644884534,
            42.87714014993596
          ],
          [
            52.00830284738035,
            42.87710747779266
          ],
          [
            52.00844924591535,
            42.87707480564934
          ],
          [
            52.00859564445035,
            42.87704213350602
          ],
          [
            52.008742042985354,
            42.87700946136271
          ],
          [
            52.00888844152036,
            42.87697678921939
          ],
          [
            52.00903484005538,
            42.87694411707608
          ],
          [
            52.00918123859038,
            42.876911444932766
          ],
          [
            52.00932763712538,
            42.87687877278945
          ],
          [
            52.00947403566038,
            42.876846100646134
          ],
          [
            52.00962043419539,
            42.876813428502814
          ],
          [
            52.00976683273038,
            42.876780756359516
          ],
          [
            52.009913231265394,
            42.876748084216196
          ],
          [
            52.0100596298004,
            42.87671541207288
          ],
          [
            52.010206028335396,
            42.876682739929564
          ],
          [
            52.0103524268704,
            42.87665006778625
          ],
          [
            52.010498825405406,
            42.876617395642945
          ],
          [
            52.0106452239404,
            42.876584723499626
          ],
          [
            52.01079162247541,
            42.876552051356306
          ],
          [
            52.010938021010425,
            42.87651937921299
          ],
          [
            52.01108441954542,
            42.87648670706968
          ],
          [
            52.01123081808043,
            42.87645403492637
          ],
          [
            52.011377216615436,
            42.876421362783056
          ],
          [
            52.01152361515044,
            42.87638869063974
          ],
          [
            52.01167001368544,
            42.87635601849642
          ],
          [
            52.01181641222045,
            42.87632334635311
          ],
          [
            52.01196281075545,
            42.8762906742098
          ],
          [
            52.01210920929045,
            42.87625800206648
          ],
          [
            52.01225560782546,
            42.876225329923166
          ],
          [
            52.01240200636046,
            42.87619265777985
          ],
          [
            52.012548404895455,
            42.87615998563655
          ],
          [
            52.01269480343047,
            42.87612731349323
          ],
          [
            52.01284120196546,
            42.876094641349916
          ],
          [
            52.012987600500466,
            42.876061969206596
          ],
          [
            52.01313399903547,
            42.87602929706328
          ],
          [
            52.013280397570476,
            42.87599662491997
          ],
          [
            52.013426796105485,
            42.87596395277666
          ],
          [
            52.013573194640486,
            42.875931280633345
          ],
          [
            52.01371959317549,
            42.875898608490026
          ],
          [
            52.013865991710496,
            42.87586593634671
          ],
          [
            52.014012390245504,
            42.8758332642034
          ],
          [
            52.0141587887805,
            42.87580059206008
          ],
          [
            52.01430518731551,
            42.875767919916775
          ],
          [
            52.01445158585051,
            42.875735247773456
          ],
          [
            52.01459798438551,
            42.87570257563014
          ],
          [
            52.01474438292052,
            42.87566990348684
          ],
          [
            52.01489078145553,
            42.87563723134351
          ],
          [
            52.015037179990514,
            42.8756045592002
          ],
          [
            52.01518357852552,
            42.875571887056886
          ],
          [
            52.015329977060546,
            42.87553921491357
          ],
          [
            52.015476375595526,
            42.87550654277025
          ],
          [
            52.01562277413054,
            42.875473870626934
          ],
          [
            52.01576917266555,
            42.875441198483635
          ],
          [
            52.015915571200544,
            42.875408526340316
          ],
          [
            52.01606196973555,
            42.875375854197
          ],
          [
            52.016208368270554,
            42.87534318205368
          ],
          [
            52.016354766805556,
            42.87531050991036
          ],
          [
            52.016501165340564,
            42.87527783776706
          ],
          [
            52.016647563875566,
            42.875245165623745
          ],
          [
            52.016793962410574,
            42.875212493480426
          ],
          [
            52.016940360945576,
            42.87517982133711
          ],
          [
            52.01708675948058,
            42.8751471491938
          ],
          [
            52.017233158015586,
            42.87511447705048
          ],
          [
            52.01737955655059,
            42.875081804907175
          ],
          [
            52.017525955085596,
            42.875049132763856
          ],
          [
            52.01767235362058,
            42.87501646062056
          ],
          [
            52.017818752155605,
            42.87498378847723
          ],
          [
            52.017965150690614,
            42.87495111633391
          ],
          [
            52.0181115492256,
            42.8749184441906
          ],
          [
            52.01825794776061,
            42.874885772047286
          ],
          [
            52.01840434629561,
            42.87485309990398
          ],
          [
            52.01855074483061,
            42.87482042776066
          ],
          [
            52.018697143365614,
            42.87478775561735
          ],
          [
            52.01884354190062,
            42.874755083474035
          ],
          [
            52.018989940435624,
            42.874722411330715
          ],
          [
            52.01913633897063,
            42.8746897391874
          ],
          [
            52.019282737505634,
            42.87465706704408
          ],
          [
            52.01942913604064,
            42.87462439490077
          ],
          [
            52.01957553457564,
            42.874591722757465
          ],
          [
            52.019721933110645,
            42.874559050614145
          ],
          [
            52.01986833164564,
            42.87452637847083
          ],
          [
            52.02001473018066,
            42.87449370632752
          ],
          [
            52.020161128715664,
            42.8744610341842
          ],
          [
            52.02030752725066,
            42.87442836204089
          ],
          [
            52.02045392578567,
            42.87439568989757
          ],
          [
            52.02060032432067,
            42.874363017754256
          ],
          [
            52.02074672285567,
            42.87433034561096
          ],
          [
            52.02089312139067,
            42.87429767346763
          ],
          [
            52.02103951992568,
            42.87426500132432
          ],
          [
            52.02118591846068,
            42.87423232918101
          ],
          [
            52.02133231699568,
            42.87419965703769
          ],
          [
            52.02147871553069,
            42.87416698489437
          ],
          [
            52.02162511406569,
            42.87413431275105
          ],
          [
            52.0217715126007,
            42.874101640607755
          ],
          [
            52.0219179111357,
            42.874068968464435
          ],
          [
            52.02206430967071,
            42.87403629632112
          ],
          [
            52.02221070820571,
            42.87400362417781
          ],
          [
            52.02235710674072,
            42.87397095203448
          ],
          [
            52.02250350527572,
            42.87393827989118
          ],
          [
            52.02264990381073,
            42.873905607747865
          ],
          [
            52.02279630234573,
            42.87387293560454
          ],
          [
            52.02294270088073,
            42.87384026346124
          ],
          [
            52.023089099415735,
            42.87380759131792
          ],
          [
            52.023235497950736,
            42.8737749191746
          ],
          [
            52.02338189648574,
            42.873742247031295
          ],
          [
            52.023528295020746,
            42.873709574887975
          ],
          [
            52.02367469355575,
            42.87367690274466
          ],
          [
            52.02382109209075,
            42.87364423060135
          ],
          [
            52.02396749062576,
            42.87361155845803
          ],
          [
            52.02411388916076,
            42.87357888631473
          ],
          [
            52.02426028769576,
            42.873546214171405
          ],
          [
            52.02440668623076,
            42.87351354202809
          ],
          [
            52.02455308476578,
            42.87348086988477
          ],
          [
            52.02469948330077,
            42.87344819774146
          ],
          [
            52.02484588183578,
            42.873415525598155
          ],
          [
            52.02499228037079,
            42.87338285345483
          ],
          [
            52.02513867890579,
            42.87335018131152
          ],
          [
            52.0252850774408,
            42.87331750916821
          ],
          [
            52.02543147597579,
            42.87328483702489
          ],
          [
            52.025577874510795,
            42.87325216488158
          ],
          [
            52.025724273045796,
            42.873219492738265
          ],
          [
            52.0258706715808,
            42.87318682059495
          ],
          [
            52.026017070115806,
            42.87315414845164
          ],
          [
            52.02616346865081,
            42.87312147630831
          ],
          [
            52.026309867185816,
            42.87308880416502
          ],
          [
            52.02645626572082,
            42.873056132021695
          ],
          [
            52.02660266425582,
            42.87302345987838
          ],
          [
            52.026749062790834,
            42.87299078773507
          ],
          [
            52.02689546132583,
            42.87295811559175
          ],
          [
            52.027041859860844,
            42.87292544344843
          ],
          [
            52.027188258395846,
            42.87289277130512
          ],
          [
            52.02733465693085,
            42.872860099161805
          ],
          [
            52.02748105546585,
            42.87282742701849
          ],
          [
            52.02762745400086,
            42.87279475487517
          ],
          [
            52.02777385253585,
            42.87276208273187
          ],
          [
            52.02792025107085,
            42.872729410588555
          ],
          [
            52.02806664960586,
            42.87269673844524
          ],
          [
            52.02821304814086,
            42.87266406630192
          ],
          [
            52.02835944667587,
            42.8726313941586
          ],
          [
            52.02850584521087,
            42.8725987220153
          ],
          [
            52.028652243745874,
            42.872566049871985
          ],
          [
            52.02879864228088,
            42.872533377728665
          ],
          [
            52.02894504081589,
            42.87250070558535
          ],
          [
            52.029091439350886,
            42.87246803344205
          ],
          [
            52.029237837885894,
            42.87243536129872
          ],
          [
            52.0293842364209,
            42.872402689155415
          ],
          [
            52.0295306349559,
            42.872370017012095
          ],
          [
            52.029677033490906,
            42.87233734486878
          ],
          [
            52.02982343202591,
            42.87230467272547
          ],
          [
            52.029969830560916,
            42.87227200058215
          ],
          [
            52.03011622909592,
            42.87223932843884
          ],
          [
            52.03026262763092,
            42.872206656295525
          ],
          [
            52.03040902616591,
            42.872173984152205
          ],
          [
            52.03055542470093,
            42.8721413120089
          ],
          [
            52.03070182323593,
            42.87210863986558
          ],
          [
            52.03084822177093,
            42.87207596772227
          ],
          [
            52.03099462030593,
            42.87204329557895
          ],
          [
            52.03114101884095,
            42.872010623435635
          ],
          [
            52.03128741737594,
            42.87197795129233
          ],
          [
            52.03143381591094,
            42.87194527914901
          ],
          [
            52.03158021444596,
            42.8719126070057
          ],
          [
            52.031726612980954,
            42.87187993486238
          ],
          [
            52.03187301151596,
            42.87184726271906
          ],
          [
            52.032019410050964,
            42.87181459057576
          ],
          [
            52.03216580858597,
            42.87178191843243
          ],
          [
            52.03231220712098,
            42.87174924628913
          ],
          [
            52.03245860565598,
            42.871716574145815
          ],
          [
            52.032605004190984,
            42.871683902002495
          ],
          [
            52.03275140272598,
            42.87165122985918
          ],
          [
            52.03289780126099,
            42.87161855771587
          ],
          [
            52.03304419979598,
            42.87158588557256
          ],
          [
            52.03319059833099,
            42.87155321342924
          ],
          [
            52.033336996866005,
            42.871520541285925
          ],
          [
            52.033483395401,
            42.87148786914261
          ],
          [
            52.03362979393601,
            42.87145519699929
          ],
          [
            52.03377619247102,
            42.87142252485598
          ],
          [
            52.03392259100601,
            42.87138985271267
          ],
          [
            52.03406898954102,
            42.87135718056936
          ],
          [
            52.03421538807602,
            42.87132450842604
          ],
          [
            52.03436178661102,
            42.87129183628273
          ],
          [
            52.03450818514603,
            42.87125916413942
          ],
          [
            52.03465458368104,
            42.871226491996104
          ],
          [
            52.03480098221604,
            42.871193819852785
          ],
          [
            52.03494738075104,
            42.87116114770948
          ],
          [
            52.03509377928604,
            42.87112847556616
          ],
          [
            52.03524017782105,
            42.87109580342284
          ],
          [
            52.035386576356046,
            42.871063131279534
          ],
          [
            52.035532974891055,
            42.871030459136215
          ],
          [
            52.03567937342605,
            42.870997786992895
          ],
          [
            52.035825771961065,
            42.87096511484959
          ],
          [
            52.03597217049607,
            42.87093244270627
          ],
          [
            52.03611856903107,
            42.87089977056296
          ],
          [
            52.036264967566076,
            42.870867098419644
          ],
          [
            52.03641136610108,
            42.870834426276325
          ],
          [
            52.03655776463608,
            42.87080175413302
          ],
          [
            52.03670416317109,
            42.8707690819897
          ],
          [
            52.03685056170609,
            42.87073640984639
          ],
          [
            52.0369969602411,
            42.87070373770307
          ],
          [
            52.0371433587761,
            42.870671065559755
          ],
          [
            52.03728975731111,
            42.87063839341645
          ],
          [
            52.0374361558461,
            42.87060572127312
          ],
          [
            52.03758255438111,
            42.87057304912982
          ],
          [
            52.03772895291611,
            42.870540376986504
          ],
          [
            52.037875351451106,
            42.87050770484318
          ],
          [
            52.03802174998613,
            42.87047503269988
          ],
          [
            52.03816814852112,
            42.87044236055655
          ],
          [
            52.038314547056125,
            42.87040968841325
          ],
          [
            52.038460945591126,
            42.870377016269934
          ],
          [
            52.038607344126135,
            42.870344344126615
          ],
          [
            52.038753742661136,
            42.8703116719833
          ],
          [
            52.038900141196144,
            42.87027899983999
          ],
          [
            52.039046539731146,
            42.87024632769667
          ],
          [
            52.03919293826615,
            42.87021365555337
          ],
          [
            52.039339336801156,
            42.870180983410044
          ],
          [
            52.039485735336164,
            42.87014831126673
          ],
          [
            52.039632133871166,
            42.87011563912341
          ],
          [
            52.03977853240617,
            42.87008296698011
          ],
          [
            52.03992493094117,
            42.870050294836794
          ],
          [
            52.04007132947616,
            42.87001762269348
          ],
          [
            52.04021772801117,
            42.86998495055016
          ],
          [
            52.04036412654619,
            42.86995227840684
          ],
          [
            52.04051052508118,
            42.86991960626352
          ],
          [
            52.04065692361618,
            42.869886934120224
          ],
          [
            52.04080332215119,
            42.869854261976904
          ],
          [
            52.04094972068619,
            42.86982158983359
          ],
          [
            52.0410961192212,
            42.86978891769028
          ],
          [
            52.0412425177562,
            42.86975624554696
          ],
          [
            52.04138891629121,
            42.86972357340365
          ],
          [
            52.04153531482621,
            42.869690901260334
          ],
          [
            52.041681713361214,
            42.869658229117015
          ],
          [
            52.041828111896216,
            42.8696255569737
          ],
          [
            52.041974510431224,
            42.86959288483039
          ],
          [
            52.042120908966226,
            42.86956021268708
          ],
          [
            52.04226730750122,
            42.869527540543764
          ],
          [
            52.042413706036236,
            42.869494868400444
          ],
          [
            52.04256010457123,
            42.86946219625713
          ],
          [
            52.04270650310623,
            42.869429524113826
          ],
          [
            52.04285290164124,
            42.86939685197051
          ],
          [
            52.042999300176255,
            42.86936417982719
          ],
          [
            52.04314569871125,
            42.869331507683874
          ],
          [
            52.04329209724625,
            42.86929883554057
          ],
          [
            52.04343849578126,
            42.86926616339725
          ],
          [
            52.04358489431626,
            42.86923349125394
          ],
          [
            52.04373129285126,
            42.869200819110624
          ],
          [
            52.04387769138627,
            42.869168146967304
          ],
          [
            52.04402408992127,
            42.86913547482399
          ],
          [
            52.044170488456274,
            42.86910280268068
          ],
          [
            52.04431688699128,
            42.86907013053736
          ],
          [
            52.04446328552628,
            42.869037458394054
          ],
          [
            52.044609684061285,
            42.86900478625073
          ],
          [
            52.0447560825963,
            42.868972114107414
          ],
          [
            52.044902481131295,
            42.86893944196411
          ],
          [
            52.04504887966631,
            42.86890676982079
          ],
          [
            52.04519527820131,
            42.86887409767748
          ],
          [
            52.045341676736314,
            42.868841425534164
          ],
          [
            52.04548807527131,
            42.868808753390844
          ],
          [
            52.04563447380632,
            42.86877608124753
          ],
          [
            52.04578087234131,
            42.86874340910422
          ],
          [
            52.04592727087632,
            42.86871073696091
          ],
          [
            52.04607366941133,
            42.8686780648176
          ],
          [
            52.04622006794632,
            42.86864539267428
          ],
          [
            52.04636646648133,
            42.86861272053097
          ],
          [
            52.04651286501634,
            42.86858004838764
          ],
          [
            52.04665926355134,
            42.86854737624434
          ],
          [
            52.04680566208634,
            42.868514704101024
          ],
          [
            52.04695206062136,
            42.868482031957704
          ],
          [
            52.04709845915635,
            42.8684493598144
          ],
          [
            52.04724485769136,
            42.86841668767108
          ],
          [
            52.04739125622637,
            42.86838401552777
          ],
          [
            52.04753765476137,
            42.868351343384454
          ],
          [
            52.04768405329637,
            42.86831867124113
          ],
          [
            52.04783045183138,
            42.86828599909783
          ],
          [
            52.047976850366375,
            42.86825332695451
          ],
          [
            52.048123248901376,
            42.86822065481119
          ],
          [
            52.048269647436385,
            42.868187982667884
          ],
          [
            52.048416045971386,
            42.868155310524564
          ],
          [
            52.048562444506395,
            42.86812263838125
          ],
          [
            52.04870884304139,
            42.86808996623794
          ],
          [
            52.0488552415764,
            42.86805729409462
          ],
          [
            52.0490016401114,
            42.86802462195131
          ],
          [
            52.0491480386464,
            42.867991949808
          ],
          [
            52.04929443718141,
            42.86795927766468
          ],
          [
            52.04944083571642,
            42.86792660552137
          ],
          [
            52.049587234251426,
            42.867893933378056
          ],
          [
            52.04973363278642,
            42.867861261234744
          ],
          [
            52.04988003132143,
            42.867828589091424
          ],
          [
            52.050037701043905,
            42.867796115858916
          ],
          [
            52.05020331526387,
            42.86776378282868
          ],
          [
            52.0503728766248,
            42.867731519456505
          ],
          [
            52.05054268259578,
            42.86769926040116
          ],
          [
            52.050709325471594,
            42.86766694552436
          ],
          [
            52.05086969237268,
            42.867634519890906
          ],
          [
            52.0510209652451,
            42.867601933768555
          ],
          [
            52.05116062086057,
            42.86756914262806
          ],
          [
            52.05128643081651,
            42.8675361071432
          ],
          [
            52.05139646153595,
            42.867502793190745
          ],
          [
            52.051489074267565,
            42.867469171850445
          ],
          [
            52.051562925085754,
            42.86743521940511
          ],
          [
            52.05161696489048,
            42.867400917340476
          ],
          [
            52.051650439407425,
            42.867366252345334
          ],
          [
            52.05166288918791,
            42.867331216311456
          ],
          [
            52.05165414960891,
            42.86729580633364
          ],
          [
            52.05162435087302,
            42.867260024709644
          ],
          [
            52.05157391800857,
            42.86722387894025
          ],
          [
            52.05150357086947,
            42.86718738172925
          ],
          [
            52.051414324135315,
            42.86715055098343
          ],
          [
            52.05130748731136,
            42.867113409812575
          ],
          [
            52.051184664728495,
            42.86707598652945
          ],
          [
            52.05104775554328,
            42.867038314649896
          ],
          [
            52.050898953737935,
            42.86700043289265
          ],
          [
            52.05074074812034,
            42.866962385179534
          ],
          [
            52.05057592232398,
            42.86692422063533
          ],
          [
            52.05040755480806,
            42.86688599358785
          ],
          [
            52.050239018857404,
            42.86684776356788
          ],
          [
            52.0500739825825,
            42.86680959530921
          ],
          [
            52.049916408919486,
            42.86677155874865
          ],
          [
            52.04977055563017,
            42.86673372902601
          ],
          [
            52.04962540107498,
            42.86669591163443
          ],
          [
            52.04948024651978,
            42.86665809424285
          ],
          [
            52.049335091964586,
            42.86662027685128
          ],
          [
            52.04918993740938,
            42.8665824594597
          ],
          [
            52.049044782854196,
            42.86654464206811
          ],
          [
            52.048899628299,
            42.86650682467654
          ],
          [
            52.0487544737438,
            42.86646900728496
          ],
          [
            52.0486093191886,
            42.86643118989338
          ],
          [
            52.0484641646334,
            42.866393372501804
          ],
          [
            52.0483190100782,
            42.866355555110225
          ],
          [
            52.04817385552302,
            42.86631773771865
          ],
          [
            52.04802870096782,
            42.866279920327074
          ],
          [
            52.04788354641263,
            42.866242102935495
          ],
          [
            52.04773839185743,
            42.866204285543915
          ],
          [
            52.04759323730222,
            42.866166468152336
          ],
          [
            52.04744808274704,
            42.86612865076076
          ],
          [
            52.04730292819183,
            42.86609083336918
          ],
          [
            52.04715777363665,
            42.8660530159776
          ],
          [
            52.04701261908144,
            42.86601519858602
          ],
          [
            52.046867464526244,
            42.86597738119444
          ],
          [
            52.04672230997106,
            42.86593956380286
          ],
          [
            52.046577155415854,
            42.86590174641128
          ],
          [
            52.04643200086066,
            42.86586392901972
          ],
          [
            52.04628684630546,
            42.86582611162813
          ],
          [
            52.04614169175027,
            42.86578829423655
          ],
          [
            52.045996537195066,
            42.865750476844966
          ],
          [
            52.04585138263987,
            42.8657126594534
          ],
          [
            52.045706228084676,
            42.86567484206182
          ],
          [
            52.045561073529484,
            42.86563702467024
          ],
          [
            52.045415918974285,
            42.86559920727867
          ],
          [
            52.04527076441909,
            42.865561389887084
          ],
          [
            52.04512560986388,
            42.86552357249551
          ],
          [
            52.04498045530869,
            42.86548575510392
          ],
          [
            52.044835300753505,
            42.865447937712354
          ],
          [
            52.044690146198306,
            42.86541012032077
          ],
          [
            52.04454499164311,
            42.865372302929195
          ],
          [
            52.04439983708791,
            42.865334485537616
          ],
          [
            52.04425468271805,
            42.865296667431494
          ],
          [
            52.0441095316173,
            42.86525883672184
          ],
          [
            52.04396438259905,
            42.86522099798346
          ],
          [
            52.043819234558825,
            42.865183155474455
          ],
          [
            52.04367408647432,
            42.86514531313615
          ],
          [
            52.04352893740537,
            42.86510747459323
          ],
          [
            52.04338378649396,
            42.86506964315362
          ],
          [
            52.043238632964226,
            42.86503182180853
          ],
          [
            52.043093476122465,
            42.86499401323245
          ],
          [
            52.0429483153571,
            42.86495621978317
          ],
          [
            52.04280315013874,
            42.86491844350174
          ],
          [
            52.042657980020095,
            42.86488068611252
          ],
          [
            52.04251280463609,
            42.864842949023135
          ],
          [
            52.042367623703726,
            42.864805233324496
          ],
          [
            52.04222243702223,
            42.86476753979079
          ],
          [
            52.04207724447291,
            42.8647298688795
          ],
          [
            52.04193204601926,
            42.86469222073137
          ],
          [
            52.041786841706944,
            42.864654595170464
          ],
          [
            52.04164163166372,
            42.86461699170409
          ],
          [
            52.04149641609956,
            42.86457940952287
          ],
          [
            52.04135119530653,
            42.86454184750068
          ],
          [
            52.04120596965888,
            42.864504304194696
          ],
          [
            52.041060739613016,
            42.86446677784537
          ],
          [
            52.04091550570746,
            42.86442926637646
          ],
          [
            52.040770268562916,
            42.864391767394956
          ],
          [
            52.04062502888222,
            42.86435427819118
          ],
          [
            52.04047978745036,
            42.86431679573872
          ],
          [
            52.040334545134485,
            42.86427931669444
          ],
          [
            52.04018930288389,
            42.8642418373985
          ],
          [
            52.040044061730015,
            42.864204353874314
          ],
          [
            52.03989882278646,
            42.86416686182862
          ],
          [
            52.039753586992866,
            42.86412935763875
          ],
          [
            52.03960835119926,
            42.86409185344887
          ],
          [
            52.03946311540566,
            42.86405434925901
          ],
          [
            52.039317879612064,
            42.86401684506913
          ],
          [
            52.03917264381846,
            42.86397934087926
          ],
          [
            52.039027408024864,
            42.863941836689406
          ],
          [
            52.03888217223127,
            42.86390433249952
          ],
          [
            52.038736936437665,
            42.863866828309654
          ],
          [
            52.03859170064407,
            42.863829324119784
          ],
          [
            52.038446464850466,
            42.86379181992991
          ],
          [
            52.03830122905688,
            42.863754315740046
          ],
          [
            52.038155993263274,
            42.86371681155017
          ],
          [
            52.03801075746968,
            42.86367930736031
          ],
          [
            52.03786552167608,
            42.86364180317043
          ],
          [
            52.03772028588247,
            42.86360429898055
          ],
          [
            52.037575050088876,
            42.86356679479069
          ],
          [
            52.03742981429528,
            42.86352929060081
          ],
          [
            52.03728457850168,
            42.86349178641095
          ],
          [
            52.03713934270809,
            42.86345428222107
          ],
          [
            52.0369941069145,
            42.8634167780312
          ],
          [
            52.03684887112089,
            42.863379273841325
          ],
          [
            52.03670363532729,
            42.86334176965146
          ],
          [
            52.03655839953369,
            42.863304265461586
          ],
          [
            52.03641316374009,
            42.863266761271724
          ],
          [
            52.036267927946504,
            42.86322925708185
          ],
          [
            52.0361226921529,
            42.86319175289197
          ],
          [
            52.03597745635931,
            42.86315424870211
          ],
          [
            52.035832220565695,
            42.863116744512226
          ],
          [
            52.035686984772106,
            42.863079240322364
          ],
          [
            52.0355417489785,
            42.86304173613249
          ],
          [
            52.03539651318491,
            42.86300423194262
          ],
          [
            52.03525127739131,
            42.86296672775275
          ],
          [
            52.035106041597714,
            42.86292922356288
          ],
          [
            52.03496080580411,
            42.862891719373
          ],
          [
            52.034815570010515,
            42.86285421518314
          ],
          [
            52.03467033421691,
            42.862816710993265
          ],
          [
            52.03452509842332,
            42.862779206803395
          ],
          [
            52.03437986262973,
            42.862741702613526
          ],
          [
            52.03423462683613,
            42.86270419842365
          ],
          [
            52.03408939104252,
            42.86266669423378
          ],
          [
            52.03394415524892,
            42.86262919004391
          ],
          [
            52.03379891945532,
            42.86259168585404
          ],
          [
            52.033653683661726,
            42.86255418166417
          ],
          [
            52.03350844786813,
            42.862516677474304
          ],
          [
            52.03336321144986,
            42.86247917556155
          ],
          [
            52.033217926287115,
            42.86244185133818
          ],
          [
            52.03307260985288,
            42.86240464110932
          ],
          [
            52.03292727841415,
            42.86236748557675
          ],
          [
            52.03278194703175,
            42.86233032983882
          ],
          [
            52.032636629560436,
            42.86229312339056
          ],
          [
            52.032491338648825,
            42.862255820123586
          ],
          [
            52.03234608573949,
            42.8622183783261
          ],
          [
            52.03220088106886,
            42.86218076068298
          ],
          [
            52.0320557336673,
            42.86214293427567
          ],
          [
            52.031910651359055,
            42.86210487058226
          ],
          [
            52.03176564076228,
            42.86206654547743
          ],
          [
            52.03162070728904,
            42.862027939232526
          ],
          [
            52.031475855145295,
            42.86198903651544
          ],
          [
            52.03133113695431,
            42.861949643139056
          ],
          [
            52.031186546122534,
            42.86190978353769
          ],
          [
            52.031042063403156,
            42.86186952881464
          ],
          [
            52.03089766979552,
            42.86182894910716
          ],
          [
            52.030753346545005,
            42.86178811358641
          ],
          [
            52.030609075143104,
            42.86174709045744
          ],
          [
            52.030464837327365,
            42.861705946959276
          ],
          [
            52.030320615081486,
            42.86166474936482
          ],
          [
            52.03017639063519,
            42.86162356298088
          ],
          [
            52.0300321464643,
            42.86158245214823
          ],
          [
            52.029887865290775,
            42.86154148024152
          ],
          [
            52.02974353008257,
            42.861500709669315
          ],
          [
            52.02959912405384,
            42.86146020187414
          ],
          [
            52.02945463066474,
            42.861420017332414
          ],
          [
            52.02931003362154,
            42.861380215554455
          ],
          [
            52.0291653168766,
            42.8613408550845
          ],
          [
            52.029020464628374,
            42.86130199350075
          ],
          [
            52.028875462184544,
            42.8612636842688
          ],
          [
            52.02873036128855,
            42.86122573860552
          ],
          [
            52.028585166793135,
            42.861188138590585
          ],
          [
            52.028439885003195,
            42.86115086094094
          ],
          [
            52.02829452367578,
            42.86111387701087
          ],
          [
            52.028149092020215,
            42.86107715279192
          ],
          [
            52.028003600697915,
            42.86104064891299
          ],
          [
            52.027858061822556,
            42.861004320640234
          ],
          [
            52.027712488959956,
            42.86096811787713
          ],
          [
            52.02756689712814,
            42.860931985164456
          ],
          [
            52.02742130279729,
            42.86089586168028
          ],
          [
            52.02727572388982,
            42.86085968123998
          ],
          [
            52.02713017978028,
            42.860823372296224
          ],
          [
            52.026984691295446,
            42.860786857939004
          ],
          [
            52.02683921214593,
            42.86075030910791
          ],
          [
            52.026693732996414,
            42.8607137602768
          ],
          [
            52.02654825384688,
            42.86067721144571
          ],
          [
            52.02640277469736,
            42.86064066261461
          ],
          [
            52.02625729554784,
            42.860604113783516
          ],
          [
            52.02611181639833,
            42.86056756495242
          ],
          [
            52.0259663372488,
            42.860531016121314
          ],
          [
            52.02582085809928,
            42.860494467290216
          ],
          [
            52.025675378949764,
            42.86045791845911
          ],
          [
            52.02552989980023,
            42.860421369628014
          ],
          [
            52.02538442065072,
            42.86038482079692
          ],
          [
            52.0252389415012,
            42.860348271965826
          ],
          [
            52.025093462351684,
            42.86031172313472
          ],
          [
            52.02494798320215,
            42.860275174303624
          ],
          [
            52.02480250405263,
            42.86023862547252
          ],
          [
            52.024657024903114,
            42.86020207664143
          ],
          [
            52.0245115457536,
            42.86016552781033
          ],
          [
            52.02436606660407,
            42.860128978979226
          ],
          [
            52.02422058745455,
            42.860092430148136
          ],
          [
            52.024075108305034,
            42.86005588131704
          ],
          [
            52.023929629155504,
            42.86001933248593
          ],
          [
            52.02378415000599,
            42.85998278365483
          ],
          [
            52.02363867085647,
            42.85994623482373
          ],
          [
            52.02349319170695,
            42.85990968599264
          ],
          [
            52.02334771255743,
            42.859873137161536
          ],
          [
            52.0232022334079,
            42.859836588330445
          ],
          [
            52.023056754258384,
            42.85980003949935
          ],
          [
            52.02291127510887,
            42.85976349066824
          ],
          [
            52.022765795959344,
            42.85972694183715
          ],
          [
            52.02262031680983,
            42.85969039300605
          ],
          [
            52.02247483778784,
            42.859653843644914
          ],
          [
            52.02232938753676,
            42.8596171747164
          ],
          [
            52.02218395576813,
            42.8595804289777
          ],
          [
            52.02203853290327,
            42.85954364623632
          ],
          [
            52.02189311007326,
            42.85950686335013
          ],
          [
            52.02174767911895,
            42.859470114227236
          ],
          [
            52.021602232590936,
            42.8594334298262
          ],
          [
            52.021456763749626,
            42.85939683815582
          ],
          [
            52.021311266565135,
            42.85936036427526
          ],
          [
            52.02116573571737,
            42.859324030294005
          ],
          [
            52.021020166596,
            42.85928785537186
          ],
          [
            52.02087455530048,
            42.859251855718966
          ],
          [
            52.020728898639994,
            42.8592160445958
          ],
          [
            52.0205831941335,
            42.85918043231313
          ],
          [
            52.02043744000974,
            42.85914502623213
          ],
          [
            52.02029163520721,
            42.8591098307642
          ],
          [
            52.02014577937416,
            42.85907484737116
          ],
          [
            52.01999987286861,
            42.859040074565094
          ],
          [
            52.019853916758365,
            42.85900550790846
          ],
          [
            52.01970791282096,
            42.858971140014006
          ],
          [
            52.01956186354374,
            42.85893696054483
          ],
          [
            52.01941577212376,
            42.85890295621435
          ],
          [
            52.01926964246787,
            42.858869110786344
          ],
          [
            52.01912347919269,
            42.858835405074856
          ],
          [
            52.01897728762461,
            42.8588018169443
          ],
          [
            52.01883107379976,
            42.85876832130942
          ],
          [
            52.018684844464026,
            42.85873489013528
          ],
          [
            52.01853860707312,
            42.858701492437255
          ],
          [
            52.018392369792444,
            42.85866809428107
          ],
          [
            52.01824614149722,
            42.85863465878278
          ],
          [
            52.01809993177241,
            42.85860114610877
          ],
          [
            52.0179537507365,
            42.85856751420812
          ],
          [
            52.0178075697006,
            42.858533882307455
          ],
          [
            52.0176613886647,
            42.8585002504068
          ],
          [
            52.01751520762879,
            42.85846661850614
          ],
          [
            52.01736902659289,
            42.85843298660549
          ],
          [
            52.01722284555697,
            42.85839935470483
          ],
          [
            52.01707666452107,
            42.85836572280418
          ],
          [
            52.01693048348517,
            42.85833209090352
          ],
          [
            52.01678430244926,
            42.85829845900286
          ],
          [
            52.01663812141335,
            42.85826482710221
          ],
          [
            52.016491940377456,
            42.85823119520155
          ],
          [
            52.01634575934155,
            42.85819756330089
          ],
          [
            52.016199578305645,
            42.85816393140024
          ],
          [
            52.01605339726974,
            42.858130299499585
          ],
          [
            52.01590721623383,
            42.85809666759893
          ],
          [
            52.015761035197926,
            42.858063035698265
          ],
          [
            52.015614854162024,
            42.85802940379762
          ],
          [
            52.015468673126115,
            42.85799577189696
          ],
          [
            52.01532249209021,
            42.8579621399963
          ],
          [
            52.01517631105431,
            42.857928508095654
          ],
          [
            52.01503013001842,
            42.85789487619499
          ],
          [
            52.0148839489825,
            42.857861244294334
          ],
          [
            52.01473776794659,
            42.85782761239368
          ],
          [
            52.01459158691069,
            42.85779398049302
          ],
          [
            52.01444540587479,
            42.85776034859237
          ],
          [
            52.01429922483889,
            42.857726716691715
          ],
          [
            52.01415304380297,
            42.85769308479106
          ],
          [
            52.01400686276706,
            42.8576594528904
          ],
          [
            52.01386068173116,
            42.857625820989746
          ],
          [
            52.01371450069526,
            42.85759218908908
          ],
          [
            52.013568319659356,
            42.857558557188426
          ],
          [
            52.01342213862345,
            42.85752492528778
          ],
          [
            52.01327595758754,
            42.85749129338712
          ],
          [
            52.013129776551644,
            42.857457661486464
          ],
          [
            52.01298359551574,
            42.8574240295858
          ],
          [
            52.01283741447983,
            42.85739039768515
          ],
          [
            52.01269123344392,
            42.857356765784495
          ],
          [
            52.01254505240802,
            42.85732313388384
          ],
          [
            52.01239887137212,
            42.85728950198318
          ],
          [
            52.01225269033622,
            42.857255870082525
          ],
          [
            52.0121065093003,
            42.85722223818187
          ],
          [
            52.01196032826563,
            42.85718860628222
          ],
          [
            52.01181414722973,
            42.857154974381565
          ],
          [
            52.01166796619382,
            42.85712134248091
          ],
          [
            52.01152178515791,
            42.85708771058025
          ],
          [
            52.011375604122,
            42.857054078679596
          ],
          [
            52.0112294230861,
            42.85702044677894
          ],
          [
            52.01108324205019,
            42.85698681487828
          ],
          [
            52.01093706101428,
            42.856953182977634
          ],
          [
            52.01079087997838,
            42.85691955107698
          ],
          [
            52.01064469894247,
            42.85688591917632
          ],
          [
            52.01049851790656,
            42.85685228727567
          ],
          [
            52.01035233687066,
            42.856818655375015
          ],
          [
            52.01020615583475,
            42.856785023474366
          ],
          [
            52.01005997479885,
            42.85675139157372
          ],
          [
            52.00991379376294,
            42.85671775967306
          ]
        ]
      },
      "properties": {
        "id": "main_shoreline"
      }
    }
  ]
}