{
  "type": "FeatureCollection",
  "crs": {
    "type": "name",
    "properties": {
      "name": "EPSG:4326"
    }
  },
  "features": [
    {
      "type": "Feature",
      "geometry": {
        "type": "LineString",
        "coordinates": [
          [
            51.33247268702961,
            43.520270606415174
          ],
          [
            51.33225994187142,
            43.52021433781456
          ],
          [
            51.33208586337945,
            43.52015481482806
          ],
          [
            51.33194818824691,
            43.52009210590846
          ],
          [
            51.33184465316705,
            43.52002627950849
          ],
          [
            51.3317729948331,
            43.51995740408092
          ],
          [
            51.33173094993829,
            43.519885548078506
          ],
          [
            51.33171625517586,
            43.519810779953986
          ],
          [
            51.331726647239044,
            43.51973316816014
          ],
          [
            51.33175986282108,
            43.5196527811497
          ],
          [
            51.33181363861519,
            43.519569687375444
          ],
          [
            51.33188571131461,
            43.519483955290106
          ],
          [
            51.33197381761259,
            43.51939565334646
          ],
          [
            51.332075694202345,
            43.51930484999725
          ],
          [
            51.33218907777712,
            43.519211613695234
          ],
          [
            51.33231170502894,
            43.51911601289214
          ],
          [
            51.33243115095469,
            43.51901889228734
          ],
          [
            51.33255669438864,
            43.51891902567367
          ],
          [
            51.33268550468575,
            43.51881652488618
          ],
          [
            51.33281454378627,
            43.51871158242265
          ],
          [
            51.3329405662158,
            43.51860447144353
          ],
          [
            51.333060119085175,
            43.51849554577198
          ],
          [
            51.33316954209062,
            43.51838523989386
          ],
          [
            51.33326564743726,
            43.51827395583767
          ],
          [
            51.333358269274214,
            43.51815997530379
          ],
          [
            51.33344736929947,
            43.518043268643794
          ],
          [
            51.333532958288785,
            43.51792384419886
          ],
          [
            51.3336150960957,
            43.51780174829979
          ],
          [
            51.33369389165158,
            43.51767706526699
          ],
          [
            51.33376950296553,
            43.517549917410456
          ],
          [
            51.33384213712452,
            43.51742046502982
          ],
          [
            51.33391205029325,
            43.51728890641432
          ],
          [
            51.333979547714236,
            43.51715547784282
          ],
          [
            51.33404498370779,
            43.517020453583726
          ],
          [
            51.33410876167201,
            43.51688414589511
          ],
          [
            51.3341713340828,
            43.51674690502467
          ],
          [
            51.33423320249383,
            43.51660911920968
          ],
          [
            51.33429491753658,
            43.51647121467702
          ],
          [
            51.33435707892031,
            43.51633365564317
          ],
          [
            51.33442033543211,
            43.51619694431428
          ],
          [
            51.3344853849368,
            43.51606162088605
          ],
          [
            51.334550426935515,
            43.515926405382395
          ],
          [
            51.334614947162954,
            43.51579089078526
          ],
          [
            51.33467919024875,
            43.51565521732301
          ],
          [
            51.334743382989615,
            43.515519515001685
          ],
          [
            51.334807734349326,
            43.515383903605
          ],
          [
            51.33487243545872,
            43.515248492694305
          ],
          [
            51.33493765961563,
            43.51511338160868
          ],
          [
            51.33500356228506,
            43.514978659464845
          ],
          [
            51.335070281098965,
            43.51484440515719
          ],
          [
            51.3351379358564,
            43.5147106873578
          ],
          [
            51.335206628523515,
            43.51457756451641
          ],
          [
            51.33527644323344,
            43.514445084860455
          ],
          [
            51.33534744628642,
            43.51431328639501
          ],
          [
            51.33541968614975,
            43.51418219690283
          ],
          [
            51.33549319345776,
            43.514051833944386
          ],
          [
            51.335567981011856,
            43.513922204857764
          ],
          [
            51.335644043780505,
            43.513793306758764
          ],
          [
            51.33572135889921,
            43.513665126540815
          ],
          [
            51.33579988567056,
            43.51353764087509
          ],
          [
            51.33587956556416,
            43.51341081621037
          ],
          [
            51.33596032221675,
            43.51328460877312
          ],
          [
            51.336042061432025,
            43.5131589645675
          ],
          [
            51.336124671180826,
            43.513033819375345
          ],
          [
            51.336208021600996,
            43.51290909875613
          ],
          [
            51.33629196499747,
            43.512784718047044
          ],
          [
            51.336376335842225,
            43.51266058236291
          ],
          [
            51.33646095077428,
            43.51253658659626
          ],
          [
            51.33654560859975,
            43.51241261541727
          ],
          [
            51.33663009029178,
            43.51228854327381
          ],
          [
            51.336714158990574,
            43.51216423439141
          ],
          [
            51.3367975600034,
            43.51203954277329
          ],
          [
            51.336880803288054,
            43.511914760741085
          ],
          [
            51.33696434660241,
            43.511790144968224
          ],
          [
            51.3370486682979,
            43.51166596052976
          ],
          [
            51.33713345950207,
            43.511542036266206
          ],
          [
            51.33721843315364,
            43.51141821310459
          ],
          [
            51.33730332400255,
            43.51129434405846
          ],
          [
            51.337387888609925,
            43.511170294227895
          ],
          [
            51.33747190534807,
            43.51104594079948
          ],
          [
            51.33755517440054,
            43.51092117304633
          ],
          [
            51.33763751776202,
            43.510795892328076
          ],
          [
            51.337718779238465,
            43.51067001209087
          ],
          [
            51.33779882444694,
            43.510543457867385
          ],
          [
            51.33787754081579,
            43.51041616727682
          ],
          [
            51.33795483758452,
            43.510288090024886
          ],
          [
            51.33803064580381,
            43.510159187903824
          ],
          [
            51.33810491833559,
            43.51002943479238
          ],
          [
            51.338177629852936,
            43.50989881665585
          ],
          [
            51.33824877684016,
            43.509767331546
          ],
          [
            51.338318377592756,
            43.50963498960118
          ],
          [
            51.338386472217394,
            43.509501813046214
          ],
          [
            51.338453122631975,
            43.50936783619247
          ],
          [
            51.33851841256559,
            43.50923310543781
          ],
          [
            51.33858244755851,
            43.509097679266645
          ],
          [
            51.33864535496221,
            43.50896162824989
          ],
          [
            51.338707283939385,
            43.50882503504501
          ],
          [
            51.33876840546389,
            43.508687994395935
          ],
          [
            51.33882891232081,
            43.50855061313317
          ],
          [
            51.33888901910639,
            43.5084130101737
          ],
          [
            51.3389489622281,
            43.50827531652105
          ],
          [
            51.339008999904635,
            43.508137675265296
          ],
          [
            51.33906941216581,
            43.50800024158297
          ],
          [
            51.33913050085271,
            43.507863182737154
          ],
          [
            51.33919333002672,
            43.507726767464355
          ],
          [
            51.339257569577164,
            43.50759074187613
          ],
          [
            51.33932259692684,
            43.50745493395548
          ],
          [
            51.33938783439684,
            43.507319184090704
          ],
          [
            51.339452749206544,
            43.50718334507546
          ],
          [
            51.33951685347357,
            43.50704728210866
          ],
          [
            51.339579704213854,
            43.50691087279456
          ],
          [
            51.33964090334159,
            43.50677400714279
          ],
          [
            51.33970009766925,
            43.50663658756818
          ],
          [
            51.33975697890758,
            43.50649852889098
          ],
          [
            51.33981128366563,
            43.5063597583367
          ],
          [
            51.339862793450706,
            43.50622021553621
          ],
          [
            51.33991133466839,
            43.506079852525644
          ],
          [
            51.33995677862256,
            43.505938633746496
          ],
          [
            51.339999041515334,
            43.505796536045565
          ],
          [
            51.34003808444715,
            43.50565354867496
          ],
          [
            51.34007391341671,
            43.505509673292096
          ],
          [
            51.34010657932098,
            43.505364923959746
          ],
          [
            51.34013617795523,
            43.505219327145966
          ],
          [
            51.34016285001297,
            43.50507292172413
          ],
          [
            51.34018678108604,
            43.504925758972945
          ],
          [
            51.3402082016645,
            43.50477790257641
          ],
          [
            51.34022738713673,
            43.50462942862387
          ],
          [
            51.340244657789384,
            43.504480425609984
          ],
          [
            51.340260378807365,
            43.50433099443471
          ],
          [
            51.34027496027388,
            43.504181248403306
          ],
          [
            51.34028885717043,
            43.50403131322641
          ],
          [
            51.34030256937673,
            43.50388132701991
          ],
          [
            51.34031664167083,
            43.50373144030505
          ],
          [
            51.340331663729046,
            43.503581816008385
          ],
          [
            51.340347769071876,
            43.50343254269586
          ],
          [
            51.34036404139782,
            43.503283367179534
          ],
          [
            51.34038004328232,
            43.50313414483175
          ],
          [
            51.340395988443504,
            43.50298491266136
          ],
          [
            51.34041207385436,
            43.502835704777546
          ],
          [
            51.34042847974274,
            43.50268655238981
          ],
          [
            51.34044536959139,
            43.5025374838079
          ],
          [
            51.34046289013788,
            43.502388524441905
          ],
          [
            51.34048117137464,
            43.50223969680219
          ],
          [
            51.340500326549005,
            43.50209102049944
          ],
          [
            51.34052045216312,
            43.501942512244604
          ],
          [
            51.34054162797401,
            43.501794185848965
          ],
          [
            51.34056391699358,
            43.501646052224075
          ],
          [
            51.340587365488574,
            43.50149811938181
          ],
          [
            51.340612002980606,
            43.50135039243433
          ],
          [
            51.340637842246146,
            43.501202873594096
          ],
          [
            51.34066487931653,
            43.50105556217386
          ],
          [
            51.34069309347794,
            43.500908454586686
          ],
          [
            51.34072244727147,
            43.50076154434592
          ],
          [
            51.34075288649301,
            43.50061482206523
          ],
          [
            51.340784340193366,
            43.500468275458566
          ],
          [
            51.34081672067815,
            43.50032188934017
          ],
          [
            51.34084992350787,
            43.5001756456246
          ],
          [
            51.34088382749792,
            43.5000295233267
          ],
          [
            51.3409182947185,
            43.49988349856162
          ],
          [
            51.3409531704947,
            43.49973754454481
          ],
          [
            51.34098828340649,
            43.49959163159198
          ],
          [
            51.34102344528866,
            43.4994457271192
          ],
          [
            51.34105845123089,
            43.49929979564282
          ],
          [
            51.34109307957773,
            43.499153798779446
          ],
          [
            51.341125953745326,
            43.49900729416723
          ],
          [
            51.34115776554485,
            43.498860447236325
          ],
          [
            51.34118912647773,
            43.49871344142674
          ],
          [
            51.34122043747191,
            43.498566418019486
          ],
          [
            51.341252067680394,
            43.4984195070986
          ],
          [
            51.34128435448121,
            43.49827282755107
          ],
          [
            51.34131760347741,
            43.49812648706684
          ],
          [
            51.34135208849709,
            43.49798058213885
          ],
          [
            51.3413880515934,
            43.497835198063036
          ],
          [
            51.341425703044465,
            43.49769040893826
          ],
          [
            51.341465221353516,
            43.4975462776664
          ],
          [
            51.34150675324878,
            43.49740285595231
          ],
          [
            51.34155041368353,
            43.497260184303784
          ],
          [
            51.341596285836076,
            43.497118292031644
          ],
          [
            51.34164442110976,
            43.496977197249635
          ],
          [
            51.341694839132956,
            43.49683690687452
          ],
          [
            51.34174752775908,
            43.49669741662604
          ],
          [
            51.34180244306659,
            43.49655871102686
          ],
          [
            51.34185950935894,
            43.49642076340267
          ],
          [
            51.34191861916468,
            43.49628353588214
          ],
          [
            51.34197963323735,
            43.49614697939687
          ],
          [
            51.34204238055554,
            43.49601103368149
          ],
          [
            51.342106658322884,
            43.49587562727356
          ],
          [
            51.34217223196803,
            43.49574067751365
          ],
          [
            51.34223883514467,
            43.495606090545294
          ],
          [
            51.34230616973156,
            43.49547176131499
          ],
          [
            51.34237390583244,
            43.495337573572236
          ],
          [
            51.342441681776116,
            43.4952033998695
          ],
          [
            51.34250910411643,
            43.495069101562216
          ],
          [
            51.34257574763225,
            43.49493452880877
          ],
          [
            51.3426411553275,
            43.49479952057059
          ],
          [
            51.34270641114238,
            43.49466445881204
          ],
          [
            51.34277166695727,
            43.49452939705348
          ],
          [
            51.34283692277215,
            43.49439433529493
          ],
          [
            51.342902178587046,
            43.49425927353638
          ],
          [
            51.342967434401935,
            43.49412421177782
          ],
          [
            51.34303269021682,
            43.493989150019274
          ],
          [
            51.34309794603171,
            43.493854088260726
          ],
          [
            51.34316320184659,
            43.49371902650216
          ],
          [
            51.34322845766148,
            43.493583964743614
          ],
          [
            51.34329371347637,
            43.493448902985065
          ],
          [
            51.343358969291266,
            43.49331384122652
          ],
          [
            51.34342422510615,
            43.49317877946796
          ],
          [
            51.34348948092103,
            43.493043717709405
          ],
          [
            51.34355473673592,
            43.492908655950856
          ],
          [
            51.34361999255081,
            43.49277359419231
          ],
          [
            51.343685248365695,
            43.49263853243375
          ],
          [
            51.343750504180576,
            43.492503470675196
          ],
          [
            51.34381575999547,
            43.49236840891665
          ],
          [
            51.34388101581036,
            43.4922333471581
          ],
          [
            51.343946271625256,
            43.49209828539955
          ],
          [
            51.34401152744014,
            43.49196322364099
          ],
          [
            51.344076783255026,
            43.49182816188244
          ],
          [
            51.344142039069915,
            43.49169310012388
          ],
          [
            51.34420796719614,
            43.491558114189196
          ],
          [
            51.344277711117705,
            43.49142355860328
          ],
          [
            51.344349838855955,
            43.49128927186633
          ],
          [
            51.34442301833139,
            43.49115510374522
          ],
          [
            51.344496017363745,
            43.49102091527359
          ],
          [
            51.34456770367187,
            43.49088657875174
          ],
          [
            51.34463704487383,
            43.490751977746754
          ],
          [
            51.34470310848683,
            43.490617007092396
          ],
          [
            51.34476506192728,
            43.49048157288913
          ],
          [
            51.34482217251077,
            43.49034559250418
          ],
          [
            51.34487380745204,
            43.49020899457145
          ],
          [
            51.34491943386501,
            43.490071718991594
          ],
          [
            51.34495861876278,
            43.489933716931944
          ],
          [
            51.34499102905765,
            43.48979495082659
          ],
          [
            51.345016431561056,
            43.48965539437632
          ],
          [
            51.345034692983624,
            43.48951503254864
          ],
          [
            51.34504577993518,
            43.489373861577775
          ],
          [
            51.34504975892469,
            43.489231888964646
          ],
          [
            51.34504679636031,
            43.489089133476945
          ],
          [
            51.345037158549374,
            43.48894562514903
          ],
          [
            51.345021211698395,
            43.488801405282004
          ],
          [
            51.344999421913045,
            43.48865652644366
          ],
          [
            51.34497235519817,
            43.488511052468546
          ],
          [
            51.34494067745783,
            43.488365058457894
          ],
          [
            51.34490515449522,
            43.488218630779684
          ],
          [
            51.344866652012726,
            43.48807186706858
          ],
          [
            51.344826135611925,
            43.48792487622599
          ],
          [
            51.34478467079353,
            43.48777777842002
          ],
          [
            51.34474342295745,
            43.487630705085515
          ],
          [
            51.344703657402796,
            43.48748379892401
          ],
          [
            51.344666739327806,
            43.487337213903785
          ],
          [
            51.34463320484801,
            43.48719101048842
          ],
          [
            51.344599670368204,
            43.487044807073055
          ],
          [
            51.3445661358884,
            43.4868986036577
          ],
          [
            51.34453260140861,
            43.48675240024233
          ],
          [
            51.344498770793855,
            43.486606235499984
          ],
          [
            51.344463880021536,
            43.486460209206335
          ],
          [
            51.3444283381977,
            43.48631426793519
          ],
          [
            51.344392525711164,
            43.486168362010574
          ],
          [
            51.3443567942335,
            43.4860224455068
          ],
          [
            51.34432146671904,
            43.48587647624843
          ],
          [
            51.34428683740483,
            43.485730415810295
          ],
          [
            51.344253171810735,
            43.48558422951749
          ],
          [
            51.344220706739364,
            43.48543788644534
          ],
          [
            51.34418965027604,
            43.48529135941943
          ],
          [
            51.34416018178892,
            43.485144625015636
          ],
          [
            51.34413245192884,
            43.48499766356009
          ],
          [
            51.34410658262943,
            43.48485045912913
          ],
          [
            51.34408266710708,
            43.48470299954941
          ],
          [
            51.344060769860945,
            43.48455527639783
          ],
          [
            51.3440409266729,
            43.48440728500152
          ],
          [
            51.34402314460762,
            43.48425902443789
          ],
          [
            51.34400740201252,
            43.484110497534616
          ],
          [
            51.34399364851777,
            43.48396171086963
          ],
          [
            51.34398180503628,
            43.483812674771094
          ],
          [
            51.34397176376376,
            43.483663403317465
          ],
          [
            51.343963388178636,
            43.48351391433745
          ],
          [
            51.34395651304213,
            43.483364229409986
          ],
          [
            51.34395094439819,
            43.483214373864314
          ],
          [
            51.34394645957352,
            43.48306437677989
          ],
          [
            51.34394280717762,
            43.48291427098647
          ],
          [
            51.343939707102706,
            43.48276409306402
          ],
          [
            51.34393685052376,
            43.48261388334282
          ],
          [
            51.343933899898545,
            43.482463685903355
          ],
          [
            51.343930488967544,
            43.4823135485764
          ],
          [
            51.343926222754035,
            43.482163522943
          ],
          [
            51.343921089649534,
            43.48201361073792
          ],
          [
            51.34391620985291,
            43.481863684604775
          ],
          [
            51.3439114925992,
            43.481713749534244
          ],
          [
            51.34390685338802,
            43.48156381017255
          ],
          [
            51.34390221398355,
            43.4814138708215
          ],
          [
            51.3438975024145,
            43.4812639354384
          ],
          [
            51.343892652974205,
            43.48111400763611
          ],
          [
            51.34388760622056,
            43.48096409068305
          ],
          [
            51.34388230897599,
            43.48081418750319
          ],
          [
            51.343876714327514,
            43.480664300676004
          ],
          [
            51.343870781626734,
            43.48051443243654
          ],
          [
            51.343864476489806,
            43.48036458467541
          ],
          [
            51.343857770797435,
            43.48021475893872
          ],
          [
            51.343850642694925,
            43.48006495642815
          ],
          [
            51.34384307659215,
            43.47991517800094
          ],
          [
            51.34383506316353,
            43.47976542416982
          ],
          [
            51.343826599348056,
            43.47961569510313
          ],
          [
            51.343817688349304,
            43.4794659906247
          ],
          [
            51.34380833963541,
            43.47931631021393
          ],
          [
            51.34379856893907,
            43.47916665300579
          ],
          [
            51.34378839825757,
            43.479017017790724
          ],
          [
            51.34377785585276,
            43.47886740301479
          ],
          [
            51.34376697625104,
            43.47871780677954
          ],
          [
            51.34375580024337,
            43.478568226842114
          ],
          [
            51.34374437488534,
            43.47841866061515
          ],
          [
            51.34373275349704,
            43.47826910516687
          ],
          [
            51.34372099566313,
            43.47811955722102
          ],
          [
            51.34370916723294,
            43.4779700131569
          ],
          [
            51.343697340320226,
            43.47782046900933
          ],
          [
            51.343685593303405,
            43.477670920468704
          ],
          [
            51.343674010825445,
            43.47752136288095
          ],
          [
            51.34366267979486,
            43.47737179146741
          ],
          [
            51.34365119137887,
            43.47722221743967
          ],
          [
            51.343638625078576,
            43.477072625508015
          ],
          [
            51.343625382050824,
            43.47692302233575
          ],
          [
            51.34361183551914,
            43.476773414122206
          ],
          [
            51.343598330773744,
            43.476623806602746
          ],
          [
            51.34358518517149,
            43.476474205048746
          ],
          [
            51.34357268813589,
            43.47632461426758
          ],
          [
            51.34356110115716,
            43.47617503860268
          ],
          [
            51.34355065779214,
            43.47602548193348
          ],
          [
            51.343541563664346,
            43.475875947675455
          ],
          [
            51.34353399646398,
            43.47572643878006
          ],
          [
            51.34352810594789,
            43.47557695773478
          ],
          [
            51.3435240139396,
            43.47542750656317
          ],
          [
            51.34352181432928,
            43.47527808682474
          ],
          [
            51.34352157307379,
            43.475128699615055
          ],
          [
            51.34352332819664,
            43.47497934556569
          ],
          [
            51.34352708978801,
            43.47483002484428
          ],
          [
            51.34353284000475,
            43.4746807371544
          ],
          [
            51.34354053307037,
            43.4745314817357
          ],
          [
            51.343550095275035,
            43.47438225736387
          ],
          [
            51.3435614249756,
            43.474233062350564
          ],
          [
            51.34357439259554,
            43.4740838945435
          ],
          [
            51.34358884062507,
            43.4739347513264
          ],
          [
            51.343604583620994,
            43.473785629619
          ],
          [
            51.34362140820683,
            43.47363652587708
          ],
          [
            51.343639073072744,
            43.47348743609241
          ],
          [
            51.34365730897557,
            43.4733383557928
          ],
          [
            51.343675818738795,
            43.47318928004208
          ],
          [
            51.34369427725258,
            43.473040203440085
          ],
          [
            51.343712331473775,
            43.472891120122696
          ],
          [
            51.34373028133624,
            43.47274202590514
          ],
          [
            51.34374831053452,
            43.47259291878839
          ],
          [
            51.34376694853849,
            43.47244381358803
          ],
          [
            51.34378578011065,
            43.472294708996955
          ],
          [
            51.34380442201417,
            43.47214560380884
          ],
          [
            51.343822523012854,
            43.47199649691811
          ],
          [
            51.34383976387115,
            43.471847387319855
          ],
          [
            51.34385585735414,
            43.471698274109954
          ],
          [
            51.343870548227564,
            43.47154915648498
          ],
          [
            51.34388361325778,
            43.471400033742256
          ],
          [
            51.34389486121184,
            43.47125090527983
          ],
          [
            51.34390413285733,
            43.47110177059646
          ],
          [
            51.34391130096264,
            43.47095262929167
          ],
          [
            51.34391627029665,
            43.47080348106569
          ],
          [
            51.343918977628974,
            43.47065432571948
          ],
          [
            51.343919391729834,
            43.47050516315475
          ],
          [
            51.34391751337008,
            43.47035599337391
          ],
          [
            51.34391337532126,
            43.470206816480136
          ],
          [
            51.34390704235551,
            43.470057632677296
          ],
          [
            51.343898611245635,
            43.469908442270025
          ],
          [
            51.343888210765066,
            43.469759245663646
          ],
          [
            51.34387600168788,
            43.46961004336426
          ],
          [
            51.343862176788825,
            43.469460835978666
          ],
          [
            51.343846960843265,
            43.4693116242144
          ],
          [
            51.34383061062719,
            43.469162408879725
          ],
          [
            51.34381341491725,
            43.46901319088365
          ],
          [
            51.34379569449077,
            43.46886397123589
          ],
          [
            51.34377780212567,
            43.46871475104691
          ],
          [
            51.34376012260053,
            43.4685655315279
          ],
          [
            51.34374307269458,
            43.46841631399078
          ],
          [
            51.34372710118767,
            43.4682670998482
          ],
          [
            51.343711747996466,
            43.46811788765191
          ],
          [
            51.343696298813725,
            43.467968681505226
          ],
          [
            51.34368039732434,
            43.46781950386394
          ],
          [
            51.343664214945875,
            43.46767034392492
          ],
          [
            51.343647911110956,
            43.46752119164036
          ],
          [
            51.34363163326726,
            43.46737203771778
          ],
          [
            51.34361551687749,
            43.46722287362
          ],
          [
            51.343599685419406,
            43.467073691565176
          ],
          [
            51.343584250385774,
            43.4669244845268
          ],
          [
            51.343569311284455,
            43.466775246233624
          ],
          [
            51.343554955638304,
            43.46662597116979
          ],
          [
            51.343541258985226,
            43.466476654574706
          ],
          [
            51.3435282848782,
            43.46632729244314
          ],
          [
            51.3435160848852,
            43.466177881525155
          ],
          [
            51.343504698589264,
            43.46602841932612
          ],
          [
            51.343494153588466,
            43.465878904106766
          ],
          [
            51.34348446549593,
            43.46572933488311
          ],
          [
            51.343475637939804,
            43.46557971142648
          ],
          [
            51.34346766256329,
            43.465430034263576
          ],
          [
            51.343460519024624,
            43.465280304676355
          ],
          [
            51.3434541749971,
            43.465130524702126
          ],
          [
            51.34344858616899,
            43.46498069713351
          ],
          [
            51.34344369624371,
            43.46483082551846
          ],
          [
            51.343439436939626,
            43.46468091416023
          ],
          [
            51.34343572799019,
            43.4645309681174
          ],
          [
            51.34343247714389,
            43.464380993203875
          ],
          [
            51.34342958016424,
            43.46423099598886
          ],
          [
            51.34342692082981,
            43.464080983796904
          ],
          [
            51.343424370934194,
            43.46393096470788
          ],
          [
            51.34342179028605,
            43.46378094755694
          ],
          [
            51.34341902670906,
            43.463630941934596
          ],
          [
            51.34341591604195,
            43.46348095818666
          ],
          [
            51.34341196419244,
            43.46333083599464
          ],
          [
            51.343403979020145,
            43.4631792541978
          ],
          [
            51.34339344737189,
            43.46302675086584
          ],
          [
            51.34338175278786,
            43.46287382668322
          ],
          [
            51.34337017550183,
            43.46272094494914
          ],
          [
            51.34335989244094,
            43.46256853157758
          ],
          [
            51.34335197722578,
            43.46241697509729
          ],
          [
            51.34334740017044,
            43.462266626651754
          ],
          [
            51.34334702828241,
            43.462117799999234
          ],
          [
            51.34335162526267,
            43.46197077151277
          ],
          [
            51.34336185150564,
            43.461825780180135
          ],
          [
            51.343378264099194,
            43.461683027603875
          ],
          [
            51.34340131682464,
            43.46154267800129
          ],
          [
            51.34343136015677,
            43.46140485820445
          ],
          [
            51.343468641263826,
            43.46126965766019
          ],
          [
            51.34351330400746,
            43.4611371284301
          ],
          [
            51.34356538894281,
            43.461007285190554
          ],
          [
            51.343624833318465,
            43.46088010523261
          ],
          [
            51.34369147107646,
            43.460755528462194
          ],
          [
            51.343765032852296,
            43.46063345739992
          ],
          [
            51.34384514597489,
            43.4605137571812
          ],
          [
            51.34393133446666,
            43.460396255556184
          ],
          [
            51.34402301904342,
            43.46028074288978
          ],
          [
            51.34411951711451,
            43.4601669721617
          ],
          [
            51.344220042782645,
            43.46005465896636
          ],
          [
            51.34432370684403,
            43.45994348151298
          ],
          [
            51.344429516788324,
            43.45983308062552
          ],
          [
            51.34453637679866,
            43.45972305974272
          ],
          [
            51.34464308775154,
            43.45961298491804
          ],
          [
            51.34474834721703,
            43.459502384819764
          ],
          [
            51.34485074945855,
            43.45939075073088
          ],
          [
            51.34494940803878,
            43.459277761861756
          ],
          [
            51.345048066619015,
            43.45916477299264
          ],
          [
            51.34514672519925,
            43.45905178412352
          ],
          [
            51.34524538377948,
            43.45893879525438
          ],
          [
            51.34534404235972,
            43.458825806385256
          ],
          [
            51.34544270093995,
            43.45871281751612
          ],
          [
            51.345541359520176,
            43.458599828646996
          ],
          [
            51.34564001810041,
            43.458486839777876
          ],
          [
            51.34573867668065,
            43.45837385090875
          ],
          [
            51.34583733526087,
            43.45826086203962
          ],
          [
            51.34593599384111,
            43.458147873170496
          ],
          [
            51.34603465242134,
            43.45803488430137
          ],
          [
            51.34613331100157,
            43.45792189543224
          ],
          [
            51.34623196958181,
            43.457808906563116
          ],
          [
            51.34633062816204,
            43.45769591769399
          ],
          [
            51.346429286742264,
            43.45758292882486
          ],
          [
            51.34652794532251,
            43.457469939955736
          ],
          [
            51.34662660390274,
            43.45735695108661
          ],
          [
            51.34672526248297,
            43.45724396221748
          ],
          [
            51.346823921063205,
            43.45713097334836
          ],
          [
            51.34692257964344,
            43.45701798447923
          ],
          [
            51.34702123822367,
            43.45690499561011
          ],
          [
            51.3471198968039,
            43.45679200674098
          ],
          [
            51.34721855538414,
            43.456679017871856
          ],
          [
            51.34731721396437,
            43.45656602900273
          ],
          [
            51.3474158725446,
            43.4564530401336
          ],
          [
            51.34751453112484,
            43.456340051264476
          ],
          [
            51.34761318970506,
            43.45622706239535
          ],
          [
            51.3477118482853,
            43.45611407352622
          ],
          [
            51.34781050686553,
            43.456001084657096
          ],
          [
            51.34790916544577,
            43.45588809578797
          ],
          [
            51.34800782402599,
            43.45577510691884
          ],
          [
            51.348106482606234,
            43.455662118049716
          ],
          [
            51.348205141186455,
            43.45554912918059
          ],
          [
            51.3483037997667,
            43.45543614031146
          ],
          [
            51.348402458346925,
            43.455323151442336
          ],
          [
            51.34850111692716,
            43.45521016257321
          ],
          [
            51.34859977550739,
            43.45509717370408
          ],
          [
            51.34869843408763,
            43.45498418483496
          ],
          [
            51.34879709266785,
            43.45487119596583
          ],
          [
            51.348895751248094,
            43.45475820709671
          ],
          [
            51.348994409828336,
            43.45464521822758
          ],
          [
            51.34909306840856,
            43.454532229358456
          ],
          [
            51.34919172698879,
            43.45441924048933
          ],
          [
            51.349290385569034,
            43.4543062516202
          ],
          [
            51.349389044149255,
            43.454193262751076
          ],
          [
            51.34948770272949,
            43.45408027388195
          ],
          [
            51.34958636130973,
            43.45396728501282
          ],
          [
            51.349685019889954,
            43.453854296143696
          ],
          [
            51.34978367847019,
            43.45374130727457
          ],
          [
            51.349882337050424,
            43.453628318405435
          ],
          [
            51.349980995630645,
            43.453515329536316
          ],
          [
            51.35007965421089,
            43.45340234066719
          ],
          [
            51.350178312791115,
            43.45328935179806
          ],
          [
            51.35027697137135,
            43.453176362928936
          ],
          [
            51.350375629951586,
            43.45306337405981
          ],
          [
            51.35047428853182,
            43.45295038519068
          ],
          [
            51.35057294711204,
            43.45283739632156
          ],
          [
            51.35067160569228,
            43.45272440745243
          ],
          [
            51.35077026427252,
            43.45261141858331
          ],
          [
            51.35086892285274,
            43.452498429714176
          ],
          [
            51.35096758143298,
            43.452385440845056
          ],
          [
            51.35106624001322,
            43.45227245197593
          ],
          [
            51.35116489859344,
            43.452159463106796
          ],
          [
            51.35126355717368,
            43.452046474237676
          ],
          [
            51.351362215753916,
            43.45193348536855
          ],
          [
            51.351460874334144,
            43.45182049649942
          ],
          [
            51.35155953291438,
            43.451707507630296
          ],
          [
            51.351658191494614,
            43.45159451876117
          ],
          [
            51.351756850074835,
            43.45148152989204
          ],
          [
            51.35185550865508,
            43.451368541022916
          ],
          [
            51.35195416723531,
            43.451255552153796
          ],
          [
            51.35205282581554,
            43.45114256328467
          ],
          [
            51.352151484395776,
            43.451029574415536
          ],
          [
            51.352250142976004,
            43.45091658554641
          ],
          [
            51.35234880155624,
            43.45080359667728
          ],
          [
            51.352447460136474,
            43.450690607808156
          ],
          [
            51.35254611871671,
            43.450577618939036
          ],
          [
            51.35264477729693,
            43.45046463006991
          ],
          [
            51.35274343587717,
            43.450351641200776
          ],
          [
            51.352842094457394,
            43.450238652331656
          ],
          [
            51.352940753037636,
            43.45012566346253
          ],
          [
            51.353039411617864,
            43.4500126745934
          ],
          [
            51.353138070198106,
            43.44989968572427
          ],
          [
            51.35323672877833,
            43.44978669685515
          ],
          [
            51.35333538735857,
            43.44967370798602
          ],
          [
            51.353434045938805,
            43.449560719116896
          ],
          [
            51.35353270451904,
            43.44944773024777
          ],
          [
            51.35363136309927,
            43.44933474137864
          ],
          [
            51.3537300216795,
            43.449221752509516
          ],
          [
            51.35382868025973,
            43.44910876364039
          ],
          [
            51.353927338839966,
            43.44899577477126
          ],
          [
            51.354025997420194,
            43.448882785902136
          ],
          [
            51.35412465600044,
            43.44876979703301
          ],
          [
            51.35422331458066,
            43.44865680816388
          ],
          [
            51.3543219731609,
            43.44854381929476
          ],
          [
            51.35442063174113,
            43.44843083042563
          ],
          [
            51.35451929032136,
            43.4483178415565
          ],
          [
            51.35461794890159,
            43.448204852687375
          ],
          [
            51.354716607481826,
            43.448091863818256
          ],
          [
            51.354815266062054,
            43.44797887494913
          ],
          [
            51.35491392464229,
            43.44786588608
          ],
          [
            51.35501258322252,
            43.44775289721086
          ],
          [
            51.35511124180275,
            43.44763990834174
          ],
          [
            51.35520990038299,
            43.44752691947262
          ],
          [
            51.35530855896323,
            43.4474139306035
          ],
          [
            51.35540721754345,
            43.44730094173437
          ],
          [
            51.355505876123694,
            43.44718795286524
          ],
          [
            51.35560453470392,
            43.447074963996116
          ],
          [
            51.35570319328416,
            43.44696197512698
          ],
          [
            51.35580185186439,
            43.44684898625786
          ],
          [
            51.35590051044462,
            43.44673599738874
          ],
          [
            51.355999169024855,
            43.446623008519616
          ],
          [
            51.35609782760509,
            43.44651001965048
          ],
          [
            51.35619648618532,
            43.446397030781355
          ],
          [
            51.356295144765554,
            43.44628404191223
          ],
          [
            51.35639380334578,
            43.4461710530431
          ],
          [
            51.35649246192602,
            43.44605806417398
          ],
          [
            51.356591120506245,
            43.445945075304856
          ],
          [
            51.35668977908648,
            43.44583208643572
          ],
          [
            51.35678843766671,
            43.445719097566595
          ],
          [
            51.35688709624695,
            43.44560610869747
          ],
          [
            51.35698575482718,
            43.44549311982835
          ],
          [
            51.357084413407414,
            43.445380130959215
          ],
          [
            51.35718307198764,
            43.445267142090096
          ],
          [
            51.35728173056789,
            43.44515415322097
          ],
          [
            51.357380389148105,
            43.44504116435184
          ],
          [
            51.35747904772834,
            43.444928175482715
          ],
          [
            51.357577706308575,
            43.44481518661359
          ],
          [
            51.35767636488881,
            43.44470219774446
          ],
          [
            51.35777502346904,
            43.444589208875335
          ],
          [
            51.35787368204928,
            43.44447622000621
          ],
          [
            51.35797234062951,
            43.44436323113708
          ],
          [
            51.358070999209744,
            43.444250242267955
          ],
          [
            51.358169657789986,
            43.44413725339883
          ],
          [
            51.35826831637021,
            43.44402426452971
          ],
          [
            51.358366974950435,
            43.443911275660575
          ],
          [
            51.35846563353067,
            43.44379828679145
          ],
          [
            51.35856429211091,
            43.44368529792232
          ],
          [
            51.358662950691134,
            43.443572309053195
          ],
          [
            51.35876160927137,
            43.44345932018407
          ],
          [
            51.358860267851604,
            43.44334633131495
          ],
          [
            51.35895892643183,
            43.443233342445815
          ],
          [
            51.35905758501207,
            43.443120353576695
          ],
          [
            51.359156243592295,
            43.44300736470756
          ],
          [
            51.35925490217253,
            43.44289437583845
          ],
          [
            51.35935356075278,
            43.442781386969315
          ],
          [
            51.359452219333,
            43.44266839810019
          ],
          [
            51.35955087791323,
            43.44255540923106
          ],
          [
            51.35964953649347,
            43.44244242036193
          ],
          [
            51.359748195073706,
            43.4423294314928
          ],
          [
            51.35984685365393,
            43.44221644262369
          ],
          [
            51.35994551223417,
            43.442103453754555
          ],
          [
            51.3600441708144,
            43.44199046488543
          ],
          [
            51.36014282939463,
            43.4418774760163
          ],
          [
            51.36024148797487,
            43.44176448714717
          ],
          [
            51.36034014655509,
            43.44165149827805
          ],
          [
            51.360438805135324,
            43.44153850940893
          ],
          [
            51.360537463715566,
            43.44142552053981
          ],
          [
            51.36063612229579,
            43.44131253167067
          ],
          [
            51.36073478087603,
            43.44119954280155
          ],
          [
            51.360833439456265,
            43.441086553932415
          ],
          [
            51.36093209803649,
            43.440973565063295
          ],
          [
            51.36103075661673,
            43.44086057619417
          ],
          [
            51.36112941519696,
            43.44074758732505
          ],
          [
            51.361228073777184,
            43.44063459845591
          ],
          [
            51.361326732357426,
            43.44052160958679
          ],
          [
            51.361425390937654,
            43.44040862071766
          ],
          [
            51.36152404951789,
            43.440295631848535
          ],
          [
            51.361622708098125,
            43.44018264297941
          ],
          [
            51.36172136667835,
            43.44006965411028
          ],
          [
            51.36182002525859,
            43.439956665241155
          ],
          [
            51.36191868383882,
            43.43984367637202
          ],
          [
            51.36201734241905,
            43.4397306875029
          ],
          [
            51.362116000999286,
            43.43961769863378
          ],
          [
            51.36221465957952,
            43.43950470976465
          ],
          [
            51.36231331815976,
            43.43939172089552
          ],
          [
            51.362411976739985,
            43.439278732026395
          ],
          [
            51.36251063532022,
            43.43916574315726
          ],
          [
            51.362609293900455,
            43.43905275428815
          ],
          [
            51.36270795248068,
            43.438939765419015
          ],
          [
            51.36280661106092,
            43.438826776549895
          ],
          [
            51.36290526964115,
            43.43871378768076
          ],
          [
            51.363003928221374,
            43.43860079881164
          ],
          [
            51.36310258680162,
            43.4384878099425
          ],
          [
            51.363201245381845,
            43.43837482107338
          ],
          [
            51.36329990396208,
            43.438261832204255
          ],
          [
            51.36339856254231,
            43.438148843335135
          ],
          [
            51.36349722112255,
            43.43803585446601
          ],
          [
            51.36359587970277,
            43.43792286559688
          ],
          [
            51.363694538283006,
            43.437809876727755
          ],
          [
            51.36379319686325,
            43.43769688785863
          ],
          [
            51.36389185544348,
            43.4375838989895
          ],
          [
            51.3639905140237,
            43.437470910120375
          ],
          [
            51.36408917260395,
            43.43735792125125
          ],
          [
            51.364187831184175,
            43.43724493238212
          ],
          [
            51.3642864897644,
            43.43713194351299
          ],
          [
            51.36438514834464,
            43.43701895464387
          ],
          [
            51.36448380692487,
            43.43690596577475
          ],
          [
            51.36458246550511,
            43.436792976905615
          ],
          [
            51.364681124085344,
            43.436679988036495
          ],
          [
            51.36477978266557,
            43.43656699916736
          ],
          [
            51.3648784412458,
            43.43645401029825
          ],
          [
            51.364977099826035,
            43.43634102142911
          ],
          [
            51.36507575840627,
            43.43622803255999
          ],
          [
            51.3651744169865,
            43.436115043690855
          ],
          [
            51.36527307556674,
            43.436002054821735
          ],
          [
            51.36537173414696,
            43.4358890659526
          ],
          [
            51.3654703927272,
            43.43577607708349
          ],
          [
            51.36556905130743,
            43.435663088214355
          ],
          [
            51.36566770988767,
            43.43555009934523
          ],
          [
            51.365766368467895,
            43.4354371104761
          ],
          [
            51.36586502704814,
            43.43532412160697
          ],
          [
            51.36596368562836,
            43.43521113273785
          ],
          [
            51.36606234420859,
            43.435098143868714
          ],
          [
            51.36616100278883,
            43.4349851549996
          ],
          [
            51.366259661369064,
            43.434872166130475
          ],
          [
            51.3663583199493,
            43.43475917726134
          ],
          [
            51.366456978529534,
            43.434646188392215
          ],
          [
            51.366555637109755,
            43.43453319952309
          ],
          [
            51.36665429569,
            43.43442021065397
          ],
          [
            51.366752954270225,
            43.43430722178484
          ],
          [
            51.36685161285046,
            43.43419423291571
          ],
          [
            51.36695027143069,
            43.43408124404659
          ],
          [
            51.367048930010924,
            43.433968255177454
          ],
          [
            51.36714758859115,
            43.43385526630833
          ],
          [
            51.36724624717139,
            43.43374227743921
          ],
          [
            51.36734490575162,
            43.43362928857008
          ],
          [
            51.36744356433186,
            43.43351629970095
          ],
          [
            51.367542222912085,
            43.43340331083183
          ],
          [
            51.36764088149232,
            43.433290321962694
          ],
          [
            51.36773954007255,
            43.43317733309358
          ],
          [
            51.36783819865278,
            43.43306434422445
          ],
          [
            51.36793685723302,
            43.43295135535532
          ],
          [
            51.36803551581325,
            43.4328383664862
          ],
          [
            51.368134174393475,
            43.43272537761707
          ],
          [
            51.36823283297371,
            43.43261238874794
          ],
          [
            51.368331491553946,
            43.43249939987881
          ],
          [
            51.368430150134174,
            43.43238641100969
          ],
          [
            51.368528808714416,
            43.43227342214056
          ],
          [
            51.36862746729465,
            43.43216043327144
          ],
          [
            51.368726125874886,
            43.43204744440231
          ],
          [
            51.36882478445512,
            43.43193445553318
          ],
          [
            51.36892344303535,
            43.43182146666405
          ],
          [
            51.36902210161558,
            43.431708477794935
          ],
          [
            51.36912076019581,
            43.4315954889258
          ],
          [
            51.36921941877605,
            43.43148250005668
          ],
          [
            51.36931807735627,
            43.43136951118755
          ],
          [
            51.36941673593651,
            43.43125652231842
          ],
          [
            51.369515394516746,
            43.4311435334493
          ],
          [
            51.369614053096974,
            43.431030544580175
          ],
          [
            51.36971271167721,
            43.43091755571104
          ],
          [
            51.36981137025744,
            43.43080456684192
          ],
          [
            51.369910028837666,
            43.43069157797279
          ],
          [
            51.3700086874179,
            43.43057858910366
          ],
          [
            51.37010734599814,
            43.43046560023454
          ],
          [
            51.37020600457837,
            43.430352611365414
          ],
          [
            51.370304663158606,
            43.43023962249629
          ],
          [
            51.370403321738834,
            43.430126633627154
          ],
          [
            51.37050198031906,
            43.430013644758034
          ],
          [
            51.37060063889931,
            43.429900655888915
          ],
          [
            51.37069929747954,
            43.42978766701979
          ],
          [
            51.37079795605976,
            43.429674678150654
          ],
          [
            51.37089661464001,
            43.429561689281535
          ],
          [
            51.37099527322024,
            43.429448700412394
          ],
          [
            51.37109393180047,
            43.429335711543274
          ],
          [
            51.3711925903807,
            43.429222722674155
          ],
          [
            51.37129124896094,
            43.42910973380503
          ],
          [
            51.371389907541165,
            43.4289967449359
          ],
          [
            51.3714885661214,
            43.42888375606677
          ],
          [
            51.37158722470163,
            43.42877076719764
          ],
          [
            51.37168588328186,
            43.428657778328514
          ],
          [
            51.37178454186209,
            43.428544789459394
          ],
          [
            51.371883200442326,
            43.428431800590275
          ],
          [
            51.37198185902256,
            43.42831881172115
          ],
          [
            51.3720805176028,
            43.428205822852014
          ],
          [
            51.37217917618303,
            43.42809283398289
          ],
          [
            51.37227783476326,
            43.427979845113754
          ],
          [
            51.37237649334349,
            43.42786685624464
          ],
          [
            51.37247515192373,
            43.427753867375515
          ],
          [
            51.37257381050395,
            43.42764087850639
          ],
          [
            51.372672469084186,
            43.427527889637254
          ],
          [
            51.37277112766442,
            43.42741490076813
          ],
          [
            51.372869786244664,
            43.42730191189901
          ],
          [
            51.372968444824885,
            43.42718892302989
          ],
          [
            51.37306710340513,
            43.42707593416075
          ],
          [
            51.373165761985355,
            43.42696294529163
          ],
          [
            51.3732644205656,
            43.4268499564225
          ],
          [
            51.373363079145825,
            43.42673696755337
          ],
          [
            51.37346173772606,
            43.42662397868425
          ],
          [
            51.37356039630628,
            43.42651098981513
          ],
          [
            51.373659054886524,
            43.426398000945994
          ],
          [
            51.37375771346675,
            43.42628501207687
          ],
          [
            51.37385637204699,
            43.42617202320774
          ],
          [
            51.37395503062722,
            43.42605903433861
          ],
          [
            51.37405368920745,
            43.425946045469495
          ],
          [
            51.374152347787685,
            43.42583305660036
          ],
          [
            51.37425100636792,
            43.425720067731234
          ],
          [
            51.37434966494814,
            43.4256070788621
          ],
          [
            51.37444832352838,
            43.42549408999298
          ],
          [
            51.37454698210861,
            43.42538110112385
          ],
          [
            51.37464564068884,
            43.425268112254734
          ],
          [
            51.374744299269075,
            43.4251551233856
          ],
          [
            51.37484295784931,
            43.42504213451648
          ],
          [
            51.374941616429545,
            43.42492914564734
          ],
          [
            51.37504027500979,
            43.42481615677822
          ],
          [
            51.375138933590016,
            43.4247031679091
          ],
          [
            51.37523759217025,
            43.424590179039974
          ],
          [
            51.37533625075048,
            43.42447719017084
          ],
          [
            51.375434909330714,
            43.42436420130172
          ],
          [
            51.37553356791094,
            43.424251212432594
          ],
          [
            51.375632226491184,
            43.42413822356346
          ],
          [
            51.375730885071405,
            43.42402523469434
          ],
          [
            51.37582954365165,
            43.423912245825214
          ],
          [
            51.375928202231876,
            43.42379925695609
          ],
          [
            51.37602686081211,
            43.42368626808696
          ],
          [
            51.37612551939234,
            43.423573279217834
          ],
          [
            51.376224177972574,
            43.423460290348714
          ],
          [
            51.3763228365528,
            43.42334730147959
          ],
          [
            51.37642149513304,
            43.42323431261046
          ],
          [
            51.37652015371327,
            43.42312132374133
          ],
          [
            51.37661881229351,
            43.4230083348722
          ],
          [
            51.37671747087373,
            43.422895346003074
          ],
          [
            51.37681612945397,
            43.422782357133954
          ],
          [
            51.37691478803421,
            43.422669368264835
          ],
          [
            51.377013446614434,
            43.422556379395694
          ],
          [
            51.37711210519467,
            43.422443390526574
          ],
          [
            51.377210763774904,
            43.42233040165744
          ],
          [
            51.37730942235514,
            43.422217412788314
          ],
          [
            51.37740808093537,
            43.42210442391919
          ],
          [
            51.3775067395156,
            43.42199143505007
          ],
          [
            51.37760539809583,
            43.42187844618094
          ],
          [
            51.377704056676066,
            43.421765457311814
          ],
          [
            51.3778027152563,
            43.42165246844268
          ],
          [
            51.377901373836536,
            43.42153947957357
          ],
          [
            51.37800003241676,
            43.421426490704434
          ],
          [
            51.378098690997,
            43.421313501835314
          ],
          [
            51.37819734957723,
            43.42120051296618
          ],
          [
            51.37829600815746,
            43.421087524097054
          ],
          [
            51.3783946667377,
            43.42097453522793
          ],
          [
            51.37849332531792,
            43.42086154635881
          ],
          [
            51.37859198389816,
            43.420748557489674
          ],
          [
            51.3786906424784,
            43.42063556862055
          ],
          [
            51.378789301058625,
            43.42052257975142
          ],
          [
            51.37888795963885,
            43.420409590882294
          ],
          [
            51.37898661821909,
            43.42029660201317
          ],
          [
            51.37908527679932,
            43.42018361314405
          ],
          [
            51.37918393537956,
            43.42007062427493
          ],
          [
            51.3792825939598,
            43.41995763540579
          ],
          [
            51.37938125254002,
            43.41984464653667
          ],
          [
            51.379479911120264,
            43.41973165766754
          ],
          [
            51.37957856970049,
            43.41961866879841
          ],
          [
            51.37967722828072,
            43.41950567992929
          ],
          [
            51.379775886860955,
            43.41939269106016
          ],
          [
            51.37987454544119,
            43.419279702191034
          ],
          [
            51.37997320402141,
            43.41916671332191
          ],
          [
            51.38007186260165,
            43.41905372445278
          ],
          [
            51.38017052118188,
            43.418940735583654
          ],
          [
            51.38026917976212,
            43.41882774671453
          ],
          [
            51.38036783834235,
            43.4187147578454
          ],
          [
            51.38046649692259,
            43.41860176897627
          ],
          [
            51.380565155502815,
            43.41848878010714
          ],
          [
            51.38066381408305,
            43.41837579123802
          ],
          [
            51.38076247266328,
            43.418262802368886
          ],
          [
            51.38086113124351,
            43.418149813499774
          ],
          [
            51.38095978982374,
            43.41803682463064
          ],
          [
            51.38105844840398,
            43.41792383576152
          ],
          [
            51.38115710698421,
            43.41781084689239
          ],
          [
            51.38125576556445,
            43.41769785802327
          ],
          [
            51.38135442414468,
            43.41758486915414
          ],
          [
            51.38145308272491,
            43.417471880285014
          ],
          [
            51.381551741305145,
            43.41735889141589
          ],
          [
            51.38165039988538,
            43.41724590254676
          ],
          [
            51.38174905846561,
            43.417132913677634
          ],
          [
            51.381847717045844,
            43.4170199248085
          ],
          [
            51.38194637562608,
            43.41690693593938
          ],
          [
            51.382045034206314,
            43.41679394707025
          ],
          [
            51.38214369278654,
            43.41668095820113
          ],
          [
            51.38224235136678,
            43.416567969332
          ],
          [
            51.382341009947005,
            43.41645498046287
          ],
          [
            51.38243966852723,
            43.41634199159374
          ],
          [
            51.38253832710747,
            43.41622900272462
          ],
          [
            51.382636985687704,
            43.41611601385549
          ],
          [
            51.38273564426793,
            43.416003024986374
          ],
          [
            51.382834302848174,
            43.41589003611724
          ],
          [
            51.3829329614284,
            43.41577704724811
          ],
          [
            51.38303162000863,
            43.41566405837898
          ],
          [
            51.38313027858886,
            43.41555106950987
          ],
          [
            51.3832289371691,
            43.41543808064073
          ],
          [
            51.38332759574932,
            43.415325091771614
          ],
          [
            51.38342625432957,
            43.41521210290248
          ],
          [
            51.38352491290979,
            43.41509911403335
          ],
          [
            51.38362357149003,
            43.41498612516423
          ],
          [
            51.38372223007026,
            43.414873136295114
          ],
          [
            51.3838208886505,
            43.41476014742598
          ],
          [
            51.38391954723072,
            43.41464715855685
          ],
          [
            51.38401820581097,
            43.41453416968773
          ],
          [
            51.384116864391196,
            43.41442118081859
          ],
          [
            51.384215522971424,
            43.41430819194947
          ],
          [
            51.38431418155166,
            43.414195203080354
          ],
          [
            51.384412840131894,
            43.41408221421122
          ],
          [
            51.38451149871212,
            43.41396922534209
          ],
          [
            51.384610157292364,
            43.41385623647297
          ],
          [
            51.384708815872585,
            43.41374324760383
          ],
          [
            51.38480747445283,
            43.41363025873471
          ],
          [
            51.384906133033056,
            43.41351726986559
          ],
          [
            51.38500479161329,
            43.41340428099647
          ],
          [
            51.38510345019352,
            43.41329129212733
          ],
          [
            51.385202108773754,
            43.413178303258206
          ],
          [
            51.38530076735398,
            43.41306531438908
          ],
          [
            51.38539942593422,
            43.41295232551996
          ],
          [
            51.38549808451445,
            43.412839336650826
          ],
          [
            51.38559674309469,
            43.41272634778171
          ],
          [
            51.385695401674916,
            43.41261335891258
          ],
          [
            51.38579406025516,
            43.412500370043446
          ],
          [
            51.38589271883538,
            43.41238738117433
          ],
          [
            51.38599137741562,
            43.4122743923052
          ],
          [
            51.386090035995856,
            43.41216140343607
          ],
          [
            51.386188694576084,
            43.41204841456695
          ],
          [
            51.38628735315631,
            43.41193542569782
          ],
          [
            51.386386011736555,
            43.411822436828686
          ],
          [
            51.38648467031679,
            43.411709447959566
          ],
          [
            51.38658332889702,
            43.41159645909044
          ],
          [
            51.386681987477246,
            43.41148347022131
          ],
          [
            51.38678064605748,
            43.411370481352186
          ],
          [
            51.386879304637716,
            43.41125749248306
          ],
          [
            51.386977963217944,
            43.411144503613926
          ],
          [
            51.38707662179817,
            43.411031514744806
          ],
          [
            51.38717528037841,
            43.41091852587569
          ],
          [
            51.38727393895865,
            43.41080553700656
          ],
          [
            51.38737259753887,
            43.410692548137426
          ],
          [
            51.3874712561191,
            43.41057955926831
          ],
          [
            51.38756991469934,
            43.41046657039918
          ],
          [
            51.387668573279576,
            43.41035358153005
          ],
          [
            51.3877672318598,
            43.41024059266093
          ],
          [
            51.38786589044005,
            43.4101276037918
          ],
          [
            51.38796454902027,
            43.41001461492267
          ],
          [
            51.38806320760051,
            43.40990162605354
          ],
          [
            51.38816186618074,
            43.40978863718442
          ],
          [
            51.38826052476098,
            43.4096756483153
          ],
          [
            51.3883591833412,
            43.409562659446166
          ],
          [
            51.38845784192144,
            43.40944967057704
          ],
          [
            51.38855650050167,
            43.40933668170791
          ],
          [
            51.38865515908189,
            43.409223692838786
          ],
          [
            51.388753817662135,
            43.40911070396966
          ],
          [
            51.38885247624237,
            43.40899771510054
          ],
          [
            51.3889511348226,
            43.40888472623141
          ],
          [
            51.38904979340284,
            43.40877173736228
          ],
          [
            51.38914845198307,
            43.40865874849315
          ],
          [
            51.389247110563296,
            43.408545759624026
          ],
          [
            51.38934576914353,
            43.408432770754914
          ],
          [
            51.38944442772377,
            43.40831978188578
          ],
          [
            51.389543086303995,
            43.408206793016646
          ],
          [
            51.38964174488423,
            43.40809380414752
          ],
          [
            51.38974040346446,
            43.4079808152784
          ],
          [
            51.38983906204469,
            43.40786782640927
          ],
          [
            51.38993772062493,
            43.40775483754015
          ],
          [
            51.39003637920517,
            43.40764184867102
          ],
          [
            51.39013503778539,
            43.40752885980189
          ],
          [
            51.390233696365634,
            43.407415870932766
          ],
          [
            51.39033235494586,
            43.40730288206364
          ],
          [
            51.3904310135261,
            43.40718989319451
          ],
          [
            51.390529672106325,
            43.40707690432539
          ],
          [
            51.39062833068656,
            43.40696391545626
          ],
          [
            51.39072698926679,
            43.40685092658713
          ],
          [
            51.39082564784703,
            43.406737937718006
          ],
          [
            51.39092430642725,
            43.40662494884887
          ],
          [
            51.391022965007494,
            43.40651195997977
          ],
          [
            51.39112162358772,
            43.406398971110626
          ],
          [
            51.39122028216796,
            43.406285982241506
          ],
          [
            51.391318940748185,
            43.40617299337237
          ],
          [
            51.39141759932842,
            43.40606000450325
          ],
          [
            51.39151625790865,
            43.40594701563411
          ],
          [
            51.391614916488884,
            43.40583402676501
          ],
          [
            51.39171357506912,
            43.40572103789587
          ],
          [
            51.391812233649354,
            43.405608049026746
          ],
          [
            51.39191089222958,
            43.40549506015762
          ],
          [
            51.39200955080982,
            43.405382071288486
          ],
          [
            51.392108209390045,
            43.405269082419366
          ],
          [
            51.39220686797028,
            43.40515609355024
          ],
          [
            51.392305526550516,
            43.40504310468111
          ],
          [
            51.392404185130744,
            43.404930115811986
          ],
          [
            51.39250284371098,
            43.40481712694286
          ],
          [
            51.39260150229122,
            43.40470413807373
          ],
          [
            51.39270016087145,
            43.404591149204606
          ],
          [
            51.392798819451684,
            43.404478160335486
          ],
          [
            51.39289747803191,
            43.40436517146636
          ],
          [
            51.39299613661215,
            43.404252182597226
          ],
          [
            51.393094795192376,
            43.404139193728106
          ],
          [
            51.39319345377261,
            43.40402620485897
          ],
          [
            51.393292112352846,
            43.40391321598985
          ],
          [
            51.393390770933074,
            43.40380022712072
          ],
          [
            51.39348942951331,
            43.4036872382516
          ],
          [
            51.393588088093544,
            43.403574249382466
          ],
          [
            51.393686746673765,
            43.403461260513346
          ],
          [
            51.39378540525401,
            43.40334827164422
          ],
          [
            51.393884063834236,
            43.40323528277509
          ],
          [
            51.39398272241447,
            43.403122293905966
          ],
          [
            51.394081380994706,
            43.403009305036846
          ],
          [
            51.39418003957494,
            43.40289631616771
          ],
          [
            51.39427869815516,
            43.40278332729858
          ],
          [
            51.394377356735404,
            43.40267033842946
          ],
          [
            51.39447601531565,
            43.40255734956033
          ],
          [
            51.39457467389587,
            43.40244436069121
          ],
          [
            51.39467333247612,
            43.40233137182208
          ],
          [
            51.39477199105634,
            43.40221838295295
          ],
          [
            51.394870649636566,
            43.402105394083826
          ],
          [
            51.3949693082168,
            43.4019924052147
          ],
          [
            51.39506796679704,
            43.40187941634557
          ],
          [
            51.395166625377264,
            43.40176642747646
          ],
          [
            51.39526528395751,
            43.40165343860732
          ],
          [
            51.395363942537735,
            43.4015404497382
          ],
          [
            51.39546260111797,
            43.401427460869066
          ],
          [
            51.395561259698205,
            43.401314471999946
          ],
          [
            51.395659918278426,
            43.40120148313082
          ],
          [
            51.39575857685866,
            43.40108849426169
          ],
          [
            51.3958572354389,
            43.40097550539256
          ],
          [
            51.39595589401913,
            43.40086251652344
          ],
          [
            51.39605455259935,
            43.40074952765431
          ],
          [
            51.396153211179595,
            43.400636538785186
          ],
          [
            51.39625186975983,
            43.40052354991606
          ],
          [
            51.39635052834006,
            43.40041056104693
          ],
          [
            51.39644918692029,
            43.400297572177806
          ],
          [
            51.39654784550053,
            43.40018458330867
          ],
          [
            51.39664650408076,
            43.40007159443955
          ],
          [
            51.396745162661,
            43.399958605570426
          ],
          [
            51.396843821241234,
            43.3998456167013
          ],
          [
            51.396942479821455,
            43.39973262783217
          ],
          [
            51.3970411384017,
            43.39961963896305
          ],
          [
            51.397139796981925,
            43.39950665009392
          ],
          [
            51.39723845556216,
            43.39939366122479
          ],
          [
            51.39733711414239,
            43.399280672355665
          ],
          [
            51.39743577272262,
            43.399167683486546
          ],
          [
            51.39753443130285,
            43.39905469461742
          ],
          [
            51.39763308988309,
            43.398941705748285
          ],
          [
            51.39773174846332,
            43.39882871687916
          ],
          [
            51.39783040704355,
            43.39871572801004
          ],
          [
            51.39792906562378,
            43.39860273914091
          ],
          [
            51.39802772420402,
            43.398489750271786
          ],
          [
            51.39812638278424,
            43.39837676140266
          ],
          [
            51.39822504136448,
            43.39826377253353
          ],
          [
            51.39832369994471,
            43.3981507836644
          ],
          [
            51.39842235852495,
            43.39803779479528
          ],
          [
            51.398521017105175,
            43.39792480592616
          ],
          [
            51.39861967568542,
            43.397811817057026
          ],
          [
            51.39871833426564,
            43.3976988281879
          ],
          [
            51.39881699284588,
            43.397585839318765
          ],
          [
            51.398915651426115,
            43.397472850449645
          ],
          [
            51.39901431000634,
            43.397359861580526
          ],
          [
            51.39911296858658,
            43.39724687271139
          ],
          [
            51.39921162716682,
            43.397133883842265
          ],
          [
            51.39931028574704,
            43.397020894973146
          ],
          [
            51.39940894432728,
            43.396907906104005
          ],
          [
            51.39950760290751,
            43.39679491723489
          ],
          [
            51.39960626148774,
            43.39668192836576
          ],
          [
            51.399704920067975,
            43.39656893949664
          ],
          [
            51.39980357864821,
            43.39645595062751
          ],
          [
            51.39990223722844,
            43.396342961758386
          ],
          [
            51.400000895808674,
            43.39622997288925
          ],
          [
            51.4000995543889,
            43.39611698402014
          ],
          [
            51.40019821296914,
            43.396003995151005
          ],
          [
            51.400296871549365,
            43.395891006281886
          ],
          [
            51.40039553012961,
            43.39577801741275
          ],
          [
            51.40049418870983,
            43.395665028543625
          ],
          [
            51.40059284729007,
            43.3955520396745
          ],
          [
            51.4006915058703,
            43.39543905080538
          ],
          [
            51.400790164450534,
            43.395326061936245
          ],
          [
            51.40088882303076,
            43.395213073067126
          ],
          [
            51.400987481611004,
            43.39510008419799
          ],
          [
            51.401086140191225,
            43.394987095328865
          ],
          [
            51.40118479877147,
            43.39487410645974
          ],
          [
            51.4012834573517,
            43.39476111759062
          ],
          [
            51.40138211593193,
            43.3946481287215
          ],
          [
            51.40148077451216,
            43.39453513985236
          ],
          [
            51.4015794330924,
            43.39442215098324
          ],
          [
            51.40167809167262,
            43.394309162114105
          ],
          [
            51.401776750252864,
            43.39419617324499
          ],
          [
            51.40187540883309,
            43.39408318437586
          ],
          [
            51.401974067413335,
            43.39397019550674
          ],
          [
            51.402072725993555,
            43.393857206637605
          ],
          [
            51.4021713845738,
            43.39374421776848
          ],
          [
            51.40227004315402,
            43.393631228899345
          ],
          [
            51.40236870173426,
            43.39351824003023
          ],
          [
            51.40246736031449,
            43.393405251161106
          ],
          [
            51.402566018894724,
            43.39329226229197
          ],
          [
            51.40266467747495,
            43.393179273422845
          ],
          [
            51.40276333605519,
            43.39306628455371
          ],
          [
            51.40286199463542,
            43.39295329568459
          ],
          [
            51.40296065321565,
            43.39284030681547
          ],
          [
            51.403059311795886,
            43.392727317946346
          ],
          [
            51.40315797037612,
            43.39261432907721
          ],
          [
            51.403256628956356,
            43.392501340208085
          ],
          [
            51.40335528753659,
            43.39238835133896
          ],
          [
            51.40345394611682,
            43.39227536246983
          ],
          [
            51.403552604697055,
            43.39216237360071
          ],
          [
            51.4036512632773,
            43.392049384731585
          ],
          [
            51.40374992185751,
            43.39193639586245
          ],
          [
            51.40384858043775,
            43.39182340699333
          ],
          [
            51.40394723901799,
            43.391710418124205
          ],
          [
            51.40404589759821,
            43.391597429255086
          ],
          [
            51.40414455617845,
            43.39148444038595
          ],
          [
            51.40424321475869,
            43.39137145151683
          ],
          [
            51.404341873338915,
            43.3912584626477
          ],
          [
            51.40444053191915,
            43.39114547377857
          ],
          [
            51.404539190499385,
            43.391032484909445
          ],
          [
            51.404637849079606,
            43.390919496040325
          ],
          [
            51.40473650765984,
            43.3908065071712
          ],
          [
            51.40483516624008,
            43.390693518302065
          ],
          [
            51.404933824820304,
            43.390580529432945
          ],
          [
            51.40503248340054,
            43.39046754056381
          ],
          [
            51.405131141980775,
            43.390354551694685
          ],
          [
            51.405229800561,
            43.390241562825565
          ],
          [
            51.40532845914124,
            43.39012857395644
          ],
          [
            51.40542711772148,
            43.390015585087305
          ],
          [
            51.4055257763017,
            43.389902596218185
          ],
          [
            51.40562443488194,
            43.38978960734905
          ],
          [
            51.40572309346218,
            43.389676618479925
          ],
          [
            51.40582175204241,
            43.389563629610805
          ],
          [
            51.40592041062264,
            43.38945064074168
          ],
          [
            51.40601906920288,
            43.38933765187255
          ],
          [
            51.406117727783105,
            43.389224663003425
          ],
          [
            51.40621638636335,
            43.3891116741343
          ],
          [
            51.40631504494357,
            43.38899868526518
          ],
          [
            51.4064137035238,
            43.388885696396045
          ],
          [
            51.40651236210403,
            43.38877270752692
          ],
          [
            51.406611020684274,
            43.38865971865779
          ],
          [
            51.406709679264495,
            43.388546729788665
          ],
          [
            51.40680833784473,
            43.38843374091954
          ],
          [
            51.406906996424965,
            43.38832075205042
          ],
          [
            51.4070056550052,
            43.38820776318129
          ],
          [
            51.40710431358543,
            43.38809477431216
          ],
          [
            51.40720297216567,
            43.38798178544304
          ],
          [
            51.4073016307459,
            43.387868796573905
          ],
          [
            51.40740028932613,
            43.387755807704785
          ],
          [
            51.40749894790636,
            43.38764281883566
          ],
          [
            51.407597606486604,
            43.38752982996653
          ],
          [
            51.40769626506683,
            43.387416841097405
          ],
          [
            51.40779492364707,
            43.38730385222828
          ],
          [
            51.407893582227295,
            43.387190863359145
          ],
          [
            51.40799224080753,
            43.38707787449003
          ],
          [
            51.40809089938776,
            43.3869648856209
          ],
          [
            51.408189557968,
            43.38685189675177
          ],
          [
            51.40828821654823,
            43.38673890788264
          ],
          [
            51.408386875128464,
            43.38662591901352
          ],
          [
            51.40848553370869,
            43.38651293014439
          ],
          [
            51.40858419228892,
            43.38639994127527
          ],
          [
            51.408682850869155,
            43.38628695240614
          ],
          [
            51.40878150944939,
            43.38617396353702
          ],
          [
            51.40888016802962,
            43.386060974667885
          ],
          [
            51.40897882660986,
            43.38594798579876
          ],
          [
            51.40907748519008,
            43.38583499692963
          ],
          [
            51.409176143770324,
            43.3857220080605
          ],
          [
            51.40927480235055,
            43.385609019191385
          ],
          [
            51.40937346093078,
            43.38549603032225
          ],
          [
            51.409472119511015,
            43.38538304145313
          ],
          [
            51.40957077809125,
            43.385270052584
          ],
          [
            51.409669436671486,
            43.385157063714885
          ],
          [
            51.409768095251714,
            43.38504407484575
          ],
          [
            51.409866753831956,
            43.384931085976625
          ],
          [
            51.409965412412184,
            43.38481809710749
          ],
          [
            51.41006407099242,
            43.38470510823837
          ],
          [
            51.41016272957266,
            43.384592119369245
          ],
          [
            51.410261388152875,
            43.38447913050011
          ],
          [
            51.41036004673312,
            43.38436614163099
          ],
          [
            51.410458705313346,
            43.384253152761865
          ],
          [
            51.41055736389358,
            43.38414016389274
          ],
          [
            51.410656022473816,
            43.38402717502361
          ],
          [
            51.41075468105405,
            43.383914186154485
          ],
          [
            51.41085333963428,
            43.38380119728535
          ],
          [
            51.410951998214514,
            43.38368820841623
          ],
          [
            51.41105065679474,
            43.383575219547104
          ],
          [
            51.41114931537498,
            43.38346223067798
          ],
          [
            51.411247973955206,
            43.383349241808844
          ],
          [
            51.41134663253544,
            43.38323625293973
          ],
          [
            51.41144529111567,
            43.38312326407059
          ],
          [
            51.41154394969591,
            43.38301027520148
          ],
          [
            51.41164260827615,
            43.38289728633235
          ],
          [
            51.411741266856374,
            43.382784297463225
          ],
          [
            51.411839925436595,
            43.38267130859409
          ],
          [
            51.411938584016845,
            43.38255831972498
          ],
          [
            51.41203724259706,
            43.382445330855845
          ],
          [
            51.41213590117731,
            43.38233234198672
          ],
          [
            51.41223455975755,
            43.38221935311759
          ],
          [
            51.41233321833777,
            43.382106364248465
          ],
          [
            51.412431876918006,
            43.38199337537934
          ],
          [
            51.41253053549824,
            43.38188038651022
          ],
          [
            51.41262919407848,
            43.38176739764109
          ],
          [
            51.4127278526587,
            43.381654408771965
          ],
          [
            51.41282651123894,
            43.38154141990283
          ],
          [
            51.41292516981917,
            43.381428431033704
          ],
          [
            51.413023828399396,
            43.38131544216458
          ],
          [
            51.41312248697963,
            43.38120245329546
          ],
          [
            51.41322114555986,
            43.38108946442633
          ],
          [
            51.413319804140095,
            43.3809764755572
          ],
          [
            51.41341846272034,
            43.38086348668808
          ],
          [
            51.413517121300565,
            43.380750497818944
          ],
          [
            51.413615779880786,
            43.38063750894982
          ],
          [
            51.41371443846103,
            43.3805245200807
          ],
          [
            51.413813097041256,
            43.38041153121157
          ],
          [
            51.41391175562149,
            43.38029854234244
          ],
          [
            51.41401041420173,
            43.38018555347332
          ],
          [
            51.41410907278196,
            43.38007256460419
          ],
          [
            51.41420773136218,
            43.37995957573507
          ],
          [
            51.41430638994243,
            43.379846586865945
          ],
          [
            51.41440504852267,
            43.37973359799681
          ],
          [
            51.414503707102895,
            43.379620609127684
          ],
          [
            51.41460236568313,
            43.379507620258565
          ],
          [
            51.41470102426336,
            43.37939463138943
          ],
          [
            51.414799682843594,
            43.37928164252031
          ],
          [
            51.41489834142383,
            43.379168653651185
          ],
          [
            51.41499700000406,
            43.37905566478205
          ],
          [
            51.415095658584285,
            43.37894267591293
          ],
          [
            51.41519431716453,
            43.3788296870438
          ],
          [
            51.41529297574475,
            43.37871669817468
          ],
          [
            51.41539163432499,
            43.37860370930555
          ],
          [
            51.41549029290522,
            43.378490720436425
          ],
          [
            51.415588951485454,
            43.37837773156729
          ],
          [
            51.41568761006568,
            43.37826474269817
          ],
          [
            51.41578626864592,
            43.378151753829044
          ],
          [
            51.415884927226145,
            43.378038764959925
          ],
          [
            51.41598358580638,
            43.37792577609079
          ],
          [
            51.41608224438661,
            43.37781278722167
          ],
          [
            51.41618090296685,
            43.37769979835254
          ],
          [
            51.41627956154708,
            43.37758680948341
          ],
          [
            51.41637822012732,
            43.37747382061428
          ],
          [
            51.41647687870754,
            43.377360831745165
          ],
          [
            51.41657553728778,
            43.37724784287604
          ],
          [
            51.41667419586801,
            43.37713485400691
          ],
          [
            51.41677285444825,
            43.37702186513778
          ],
          [
            51.41687151302848,
            43.376908876268644
          ],
          [
            51.41697017160872,
            43.376795887399524
          ],
          [
            51.417068830188946,
            43.376682898530404
          ],
          [
            51.417167488769174,
            43.37656990966128
          ],
          [
            51.41726614734941,
            43.37645692079215
          ],
          [
            51.41736480592965,
            43.376343931923024
          ],
          [
            51.41746346450987,
            43.37623094305388
          ],
          [
            51.41756212309011,
            43.37611795418477
          ],
          [
            51.417660781670335,
            43.376004965315644
          ],
          [
            51.41775944025057,
            43.37589197644652
          ],
          [
            51.417858098830806,
            43.37577898757739
          ],
          [
            51.41795675741104,
            43.375665998708264
          ],
          [
            51.41805541599127,
            43.37555300983913
          ],
          [
            51.41815407457151,
            43.37544002097001
          ],
          [
            51.41825273315173,
            43.375327032100884
          ],
          [
            51.41835139173197,
            43.375214043231765
          ],
          [
            51.4184500503122,
            43.37510105436264
          ],
          [
            51.41854870889244,
            43.374988065493504
          ],
          [
            51.41864736747266,
            43.37487507662438
          ],
          [
            51.41874602605291,
            43.37476208775525
          ],
          [
            51.418844684633136,
            43.37464909888613
          ],
          [
            51.41894334321337,
            43.374536110017004
          ],
          [
            51.4190420017936,
            43.37442312114788
          ],
          [
            51.419140660373834,
            43.374310132278744
          ],
          [
            51.41923931895406,
            43.37419714340962
          ],
          [
            51.4193379775343,
            43.37408415454049
          ],
          [
            51.419436636114526,
            43.37397116567137
          ],
          [
            51.41953529469476,
            43.373858176802244
          ],
          [
            51.419633953274996,
            43.37374518793312
          ],
          [
            51.41973261185523,
            43.373632199063984
          ],
          [
            51.41983127043546,
            43.373519210194864
          ],
          [
            51.419929929015694,
            43.37340622132574
          ],
          [
            51.42002858759593,
            43.37329323245662
          ],
          [
            51.42012724617616,
            43.373180243587484
          ],
          [
            51.42022590475639,
            43.37306725471836
          ],
          [
            51.42032456333662,
            43.37295426584922
          ],
          [
            51.42042322191685,
            43.3728412769801
          ],
          [
            51.4205218804971,
            43.372728288110984
          ],
          [
            51.42062053907732,
            43.37261529924185
          ],
          [
            51.42071919765756,
            43.372502310372724
          ],
          [
            51.42081785623779,
            43.3723893215036
          ],
          [
            51.42091651481803,
            43.37227633263447
          ],
          [
            51.42101517339825,
            43.37216334376534
          ],
          [
            51.42111383197849,
            43.372050354896224
          ],
          [
            51.421212490558716,
            43.3719373660271
          ],
          [
            51.42131114913895,
            43.371824377157964
          ],
          [
            51.42140980771919,
            43.37171138828884
          ],
          [
            51.42150846629942,
            43.37159839941971
          ],
          [
            51.42160712487965,
            43.37148541055058
          ],
          [
            51.421705783459885,
            43.371372421681464
          ],
          [
            51.42180444204011,
            43.37125943281234
          ],
          [
            51.42190310062035,
            43.37114644394321
          ],
          [
            51.42200175920058,
            43.37103345507408
          ],
          [
            51.42210041778081,
            43.37092046620496
          ],
          [
            51.42219907636105,
            43.37080747733583
          ],
          [
            51.42229773494128,
            43.370694488466704
          ],
          [
            51.42239639352151,
            43.37058149959758
          ],
          [
            51.422495052101745,
            43.37046851072845
          ],
          [
            51.42259371068199,
            43.370355521859324
          ],
          [
            51.42269236926222,
            43.37024253299019
          ],
          [
            51.422791027842436,
            43.37012954412107
          ],
          [
            51.422889686422685,
            43.370016555251944
          ],
          [
            51.42298834500292,
            43.369903566382824
          ],
          [
            51.42308700358314,
            43.36979057751369
          ],
          [
            51.423185662163384,
            43.369677588644564
          ],
          [
            51.42328432074361,
            43.36956459977544
          ],
          [
            51.42338297932383,
            43.36945161090631
          ],
          [
            51.423481637904075,
            43.36933862203719
          ],
          [
            51.42358029648431,
            43.369225633168064
          ],
          [
            51.42367895506454,
            43.36911264429893
          ],
          [
            51.42377761364478,
            43.36899965542981
          ],
          [
            51.42387627222501,
            43.36888666656067
          ],
          [
            51.42397493080523,
            43.368773677691564
          ],
          [
            51.42407358938547,
            43.36866068882243
          ],
          [
            51.42417224796571,
            43.368547699953304
          ],
          [
            51.424270906545935,
            43.36843471108418
          ],
          [
            51.42436956512618,
            43.36832172221505
          ],
          [
            51.4244682237064,
            43.368208733345924
          ],
          [
            51.42456688228663,
            43.368095744476804
          ],
          [
            51.42466554086687,
            43.36798275560767
          ],
          [
            51.4247641994471,
            43.36786976673854
          ],
          [
            51.424862858027325,
            43.36775677786942
          ],
          [
            51.424961516607574,
            43.36764378900029
          ],
          [
            51.4250601751878,
            43.36753080013116
          ],
          [
            51.42515883376804,
            43.367417811262044
          ],
          [
            51.42525749234827,
            43.36730482239291
          ],
          [
            51.4253561509285,
            43.36719183352378
          ],
          [
            51.42545480950873,
            43.36707884465466
          ],
          [
            51.42555346808897,
            43.36696585578552
          ],
          [
            51.42565212666919,
            43.3668528669164
          ],
          [
            51.42575078524943,
            43.36673987804728
          ],
          [
            51.42584944382966,
            43.36662688917816
          ],
          [
            51.4259481024099,
            43.36651390030902
          ],
          [
            51.426046760990126,
            43.366400911439904
          ],
          [
            51.42614541957037,
            43.36628792257078
          ],
          [
            51.426244078150596,
            43.36617493370165
          ],
          [
            51.42634273673083,
            43.36606194483252
          ],
          [
            51.42644139531105,
            43.365948955963404
          ],
          [
            51.426540053891294,
            43.36583596709427
          ],
          [
            51.42663871247152,
            43.36572297822514
          ],
          [
            51.42673737105177,
            43.36560998935602
          ],
          [
            51.426836029631986,
            43.36549700048689
          ],
          [
            51.42693468821222,
            43.36538401161776
          ],
          [
            51.42703334679246,
            43.36527102274864
          ],
          [
            51.427132005372684,
            43.36515803387951
          ],
          [
            51.42723066395292,
            43.365045045010376
          ],
          [
            51.42732932253316,
            43.36493205614126
          ],
          [
            51.42742798111339,
            43.36481906727214
          ],
          [
            51.427526639693625,
            43.364706078403
          ],
          [
            51.42762529827385,
            43.36459308953388
          ],
          [
            51.42772395685409,
            43.36448010066476
          ],
          [
            51.42782261543431,
            43.36436711179562
          ],
          [
            51.42792127401455,
            43.3642541229265
          ],
          [
            51.428019932594786,
            43.36414113405738
          ],
          [
            51.428118591175014,
            43.36402814518825
          ],
          [
            51.42821724975525,
            43.36391515631912
          ],
          [
            51.42831590833548,
            43.36380216744999
          ],
          [
            51.428414566915706,
            43.36368917858087
          ],
          [
            51.42851322549594,
            43.36357618971174
          ],
          [
            51.428611884076176,
            43.363463200842624
          ],
          [
            51.42871054265641,
            43.3633502119735
          ],
          [
            51.42880920123664,
            43.363237223104356
          ],
          [
            51.428907859816874,
            43.36312423423523
          ],
          [
            51.4290065183971,
            43.36301124536611
          ],
          [
            51.429105176977345,
            43.36289825649699
          ],
          [
            51.42920383555759,
            43.362785267627864
          ],
          [
            51.42930249413781,
            43.36267227875873
          ],
          [
            51.42940115271804,
            43.36255928988961
          ],
          [
            51.42949981129828,
            43.362446301020476
          ],
          [
            51.429598469878506,
            43.36233331215135
          ],
          [
            51.42969712845874,
            43.36222032328223
          ],
          [
            51.42979578703897,
            43.3621073344131
          ],
          [
            51.429894445619205,
            43.36199434554397
          ],
          [
            51.42999310419944,
            43.36188135667485
          ],
          [
            51.43009176277967,
            43.36176836780572
          ],
          [
            51.430190421359896,
            43.361655378936604
          ],
          [
            51.43028907994014,
            43.36154239006747
          ],
          [
            51.430387738520366,
            43.36142940119834
          ],
          [
            51.4304863971006,
            43.36131641232922
          ],
          [
            51.43058505568084,
            43.36120342346009
          ],
          [
            51.430683714261065,
            43.36109043459096
          ],
          [
            51.43078237284129,
            43.36097744572184
          ],
          [
            51.430881031421535,
            43.36086445685271
          ],
          [
            51.43097969000176,
            43.36075146798358
          ],
          [
            51.431078348582,
            43.36063847911446
          ],
          [
            51.43117700716222,
            43.36052549024532
          ],
          [
            51.43127566574247,
            43.3604125013762
          ],
          [
            51.43137432432269,
            43.36029951250708
          ],
          [
            51.43147298290293,
            43.36018652363795
          ],
          [
            51.431571641483174,
            43.36007353476882
          ],
          [
            51.431670300063395,
            43.359960545899696
          ],
          [
            51.43176895864363,
            43.35984755703057
          ],
          [
            51.431867617223865,
            43.35973456816146
          ],
          [
            51.4319662758041,
            43.359621579292316
          ],
          [
            51.43206493438433,
            43.3595085904232
          ],
          [
            51.432163592964564,
            43.35939560155406
          ],
          [
            51.43226225154479,
            43.35928261268494
          ],
          [
            51.43236091012503,
            43.359169623815816
          ],
          [
            51.432459568705255,
            43.35905663494669
          ],
          [
            51.43255822728548,
            43.35894364607756
          ],
          [
            51.432656885865725,
            43.358830657208436
          ],
          [
            51.43275554444596,
            43.3587176683393
          ],
          [
            51.43285420302619,
            43.35860467947018
          ],
          [
            51.432952861606424,
            43.358491690601056
          ],
          [
            51.43305152018665,
            43.35837870173193
          ],
          [
            51.43315017876689,
            43.3582657128628
          ],
          [
            51.43324883734712,
            43.358152723993676
          ],
          [
            51.43334749592735,
            43.35803973512456
          ],
          [
            51.43344615450758,
            43.35792674625542
          ],
          [
            51.43354481308782,
            43.357813757386296
          ],
          [
            51.433643471668056,
            43.35770076851718
          ],
          [
            51.433742130248284,
            43.35758777964805
          ],
          [
            51.43384078882852,
            43.357474790778916
          ],
          [
            51.433939447408754,
            43.357361801909796
          ],
          [
            51.43403810598898,
            43.35724881304066
          ],
          [
            51.43413676456922,
            43.35713582417155
          ],
          [
            51.43423542314945,
            43.357022835302416
          ],
          [
            51.43433408172968,
            43.3569098464333
          ],
          [
            51.434432740309916,
            43.35679685756416
          ],
          [
            51.43453139889016,
            43.35668386869503
          ],
          [
            51.43463005747037,
            43.35657087982591
          ],
          [
            51.434728716050614,
            43.35645789095679
          ],
          [
            51.43482737463085,
            43.356344902087656
          ],
          [
            51.43492603321108,
            43.35623191321854
          ],
          [
            51.43502469179131,
            43.3561189243494
          ],
          [
            51.43512335037155,
            43.356005935480276
          ],
          [
            51.43522200895177,
            43.35589294661115
          ],
          [
            51.43532066753201,
            43.35577995774202
          ],
          [
            51.43541932611224,
            43.3556669688729
          ],
          [
            51.43551798469247,
            43.35555398000377
          ],
          [
            51.4356166432727,
            43.35544099113465
          ],
          [
            51.435715301852944,
            43.355328002265516
          ],
          [
            51.435813960433165,
            43.35521501339639
          ],
          [
            51.43591261901341,
            43.35510202452727
          ],
          [
            51.43601127759364,
            43.35498903565814
          ],
          [
            51.43610993617387,
            43.35487604678901
          ],
          [
            51.436208594754106,
            43.35476305791989
          ],
          [
            51.43630725333434,
            43.354650069050756
          ],
          [
            51.43640591191456,
            43.35453708018164
          ],
          [
            51.436504570494805,
            43.35442409131251
          ],
          [
            51.43660322907503,
            43.35431110244338
          ],
          [
            51.43670188765527,
            43.354198113574256
          ],
          [
            51.436800546235496,
            43.35408512470513
          ],
          [
            51.43689920481574,
            43.353972135836
          ],
          [
            51.43699786339596,
            43.35385914696688
          ],
          [
            51.4370965219762,
            43.35374615809775
          ],
          [
            51.43719518055643,
            43.35363316922862
          ],
          [
            51.437293839136665,
            43.353520180359496
          ],
          [
            51.43739249771689,
            43.35340719149037
          ],
          [
            51.43749115629713,
            43.35329420262126
          ],
          [
            51.437589814877356,
            43.35318121375212
          ],
          [
            51.43768847345759,
            43.35306822488299
          ],
          [
            51.437787132037826,
            43.35295523601386
          ],
          [
            51.437885790618054,
            43.35284224714474
          ],
          [
            51.43798444919829,
            43.35272925827561
          ],
          [
            51.43808310777853,
            43.3526162694065
          ],
          [
            51.43818176635875,
            43.35250328053736
          ],
          [
            51.438280424938995,
            43.35239029166824
          ],
          [
            51.43837908351922,
            43.35227730279911
          ],
          [
            51.43847774209946,
            43.35216431392998
          ],
          [
            51.43857640067969,
            43.352051325060856
          ],
          [
            51.43867505925993,
            43.35193833619173
          ],
          [
            51.43877371784015,
            43.3518253473226
          ],
          [
            51.43887237642039,
            43.35171235845348
          ],
          [
            51.438971035000634,
            43.35159936958435
          ],
          [
            51.43906969358085,
            43.35148638071522
          ],
          [
            51.43916835216109,
            43.351373391846096
          ],
          [
            51.439267010741325,
            43.35126040297697
          ],
          [
            51.439365669321546,
            43.35114741410785
          ],
          [
            51.43946432790178,
            43.35103442523872
          ],
          [
            51.439562986482024,
            43.350921436369596
          ],
          [
            51.439661645062245,
            43.35080844750046
          ],
          [
            51.43976030364249,
            43.350695458631336
          ],
          [
            51.43985896222272,
            43.35058246976221
          ],
          [
            51.43995762080294,
            43.35046948089309
          ],
          [
            51.44005627938318,
            43.35035649202396
          ],
          [
            51.44015493796342,
            43.350243503154836
          ],
          [
            51.44025359654364,
            43.3501305142857
          ],
          [
            51.440352255123884,
            43.35001752541658
          ],
          [
            51.44045091370412,
            43.349904536547456
          ],
          [
            51.440549572284354,
            43.349791547678336
          ],
          [
            51.44064823086458,
            43.3496785588092
          ],
          [
            51.44074688944482,
            43.349565569940076
          ],
          [
            51.440845548025045,
            43.34945258107095
          ],
          [
            51.44094420660528,
            43.34933959220182
          ],
          [
            51.44104286518551,
            43.3492266033327
          ],
          [
            51.441141523765744,
            43.34911361446357
          ],
          [
            51.44124018234598,
            43.34900062559445
          ],
          [
            51.441338840926214,
            43.348887636725316
          ],
          [
            51.44143749950644,
            43.348774647856196
          ],
          [
            51.44153615808668,
            43.34866165898707
          ],
          [
            51.441634816666905,
            43.34854867011794
          ],
          [
            51.44173347524714,
            43.34843568124881
          ],
          [
            51.44183213382736,
            43.34832269237969
          ],
          [
            51.441930792407604,
            43.348209703510555
          ],
          [
            51.44202945098784,
            43.34809671464144
          ],
          [
            51.44212810956807,
            43.34798372577231
          ],
          [
            51.4422267681483,
            43.34787073690318
          ],
          [
            51.442325426728544,
            43.347757748034056
          ],
          [
            51.442424085308765,
            43.34764475916493
          ],
          [
            51.44252274388901,
            43.347531770295795
          ],
          [
            51.442621402469236,
            43.34741878142668
          ],
          [
            51.44272006104947,
            43.34730579255755
          ],
          [
            51.4428187196297,
            43.34719280368843
          ],
          [
            51.442917378209934,
            43.347079814819296
          ],
          [
            51.44301603679016,
            43.34696682595017
          ],
          [
            51.4431146953704,
            43.34685383708104
          ],
          [
            51.44321335395063,
            43.34674084821191
          ],
          [
            51.44331201253087,
            43.34662785934279
          ],
          [
            51.443410671111096,
            43.34651487047367
          ],
          [
            51.44350932969133,
            43.34640188160454
          ],
          [
            51.44360798827156,
            43.34628889273541
          ],
          [
            51.443706646851794,
            43.34617590386629
          ],
          [
            51.44380530543202,
            43.34606291499716
          ],
          [
            51.44390396401226,
            43.345949926128036
          ],
          [
            51.44400262259249,
            43.34583693725891
          ],
          [
            51.44410128117273,
            43.34572394838978
          ],
          [
            51.444199939752956,
            43.34561095952065
          ],
          [
            51.444298598333205,
            43.34549797065152
          ],
          [
            51.44439725691342,
            43.3453849817824
          ],
          [
            51.444495915493654,
            43.345271992913275
          ],
          [
            51.44459457407389,
            43.34515900404415
          ],
          [
            51.444693232654124,
            43.34504601517503
          ],
          [
            51.44479189123435,
            43.34493302630589
          ],
          [
            51.444890549814595,
            43.34482003743676
          ],
          [
            51.44498920839482,
            43.34470704856765
          ],
          [
            51.44508786697506,
            43.344594059698515
          ],
          [
            51.445186525555286,
            43.34448107082939
          ],
          [
            51.44528518413552,
            43.34436808196027
          ],
          [
            51.44538384271575,
            43.344255093091135
          ],
          [
            51.44548250129599,
            43.344142104222016
          ],
          [
            51.44558115987622,
            43.34402911535289
          ],
          [
            51.44567981845645,
            43.343916126483755
          ],
          [
            51.44577847703668,
            43.343803137614636
          ],
          [
            51.44587713561692,
            43.3436901487455
          ],
          [
            51.445975794197146,
            43.343577159876375
          ],
          [
            51.44607445277738,
            43.343464171007255
          ],
          [
            51.44617311135761,
            43.34335118213813
          ],
          [
            51.446271769937844,
            43.343238193268995
          ],
          [
            51.44637042851808,
            43.343125204399875
          ],
          [
            51.44646908709831,
            43.34301221553074
          ],
          [
            51.446567745678536,
            43.34289922666163
          ],
          [
            51.446666404258785,
            43.342786237792495
          ],
          [
            51.44676506283901,
            43.34267324892337
          ],
          [
            51.44686372141924,
            43.34256026005424
          ],
          [
            51.446962379999476,
            43.342447271185115
          ],
          [
            51.44706103857971,
            43.34233428231599
          ],
          [
            51.44715969715994,
            43.342221293446855
          ],
          [
            51.447258355740175,
            43.34210830457774
          ],
          [
            51.4473570143204,
            43.341995315708616
          ],
          [
            51.44745567290064,
            43.34188232683948
          ],
          [
            51.44755433148087,
            43.341769337970355
          ],
          [
            51.44765299006111,
            43.341656349101235
          ],
          [
            51.447751648641336,
            43.34154336023211
          ],
          [
            51.447850307221564,
            43.34143037136298
          ],
          [
            51.4479489658018,
            43.34131738249385
          ],
          [
            51.448047624382035,
            43.34120439362473
          ],
          [
            51.44814628296227,
            43.341091404755595
          ],
          [
            51.448244941542505,
            43.34097841588648
          ],
          [
            51.448343600122726,
            43.34086542701735
          ],
          [
            51.44844225870297,
            43.34075243814823
          ],
          [
            51.4485409172832,
            43.340639449279095
          ],
          [
            51.448639575863425,
            43.34052646040997
          ],
          [
            51.44873823444367,
            43.340413471540835
          ],
          [
            51.4488368930239,
            43.34030048267172
          ],
          [
            51.44893555160412,
            43.340187493802595
          ],
          [
            51.449034210184365,
            43.34007450493347
          ],
          [
            51.44913286876461,
            43.339961516064335
          ],
          [
            51.449231527344836,
            43.33984852719521
          ],
          [
            51.44933018592507,
            43.33973553832608
          ],
          [
            51.4494288445053,
            43.33962254945696
          ],
          [
            51.449527503085534,
            43.339509560587835
          ],
          [
            51.44962616166577,
            43.33939657171871
          ],
          [
            51.449724820246,
            43.339283582849575
          ],
          [
            51.44982347882623,
            43.33917059398045
          ],
          [
            51.44992213740647,
            43.33905760511132
          ],
          [
            51.45002079598669,
            43.33894461624219
          ],
          [
            51.45011945456692,
            43.33883162737308
          ],
          [
            51.45021811314716,
            43.33871863850394
          ],
          [
            51.45031677172739,
            43.33860564963482
          ],
          [
            51.45041543030762,
            43.33849266076569
          ],
          [
            51.450514088887864,
            43.338379671896575
          ],
          [
            51.450612747468085,
            43.33826668302744
          ],
          [
            51.45071140604833,
            43.33815369415832
          ],
          [
            51.45081006462856,
            43.33804070528919
          ],
          [
            51.45090872320879,
            43.33792771642006
          ],
          [
            51.45100738178901,
            43.337814727550935
          ],
          [
            51.45110604036927,
            43.337701738681815
          ],
          [
            51.45120469894949,
            43.33758874981269
          ],
          [
            51.45130335752972,
            43.33747576094356
          ],
          [
            51.45140201610995,
            43.33736277207443
          ],
          [
            51.45150067469019,
            43.3372497832053
          ],
          [
            51.45159933327042,
            43.337136794336175
          ],
          [
            51.45169799185065,
            43.337023805467055
          ],
          [
            51.45179665043088,
            43.33691081659793
          ],
          [
            51.45189530901112,
            43.3367978277288
          ],
          [
            51.45199396759135,
            43.33668483885968
          ],
          [
            51.452092626171584,
            43.33657184999054
          ],
          [
            51.45219128475181,
            43.33645886112143
          ],
          [
            51.45228994333205,
            43.336345872252295
          ],
          [
            51.452388601912276,
            43.336232883383175
          ],
          [
            51.45248726049251,
            43.33611989451404
          ],
          [
            51.452585919072746,
            43.336006905644915
          ],
          [
            51.452684577652974,
            43.33589391677579
          ],
          [
            51.4527832362332,
            43.33578092790667
          ],
          [
            51.45288189481345,
            43.33566793903754
          ],
          [
            51.45298055339367,
            43.335554950168415
          ],
          [
            51.45307921197391,
            43.33544196129928
          ],
          [
            51.45317787055415,
            43.335328972430155
          ],
          [
            51.45327652913438,
            43.33521598356103
          ],
          [
            51.45337518771461,
            43.33510299469191
          ],
          [
            51.45347384629484,
            43.33499000582278
          ],
          [
            51.453572504875076,
            43.33487701695365
          ],
          [
            51.453671163455304,
            43.33476402808452
          ],
          [
            51.45376982203554,
            43.334651039215395
          ],
          [
            51.453868480615775,
            43.334538050346275
          ],
          [
            51.453967139196,
            43.33442506147715
          ],
          [
            51.454065797776245,
            43.33431207260803
          ],
          [
            51.454164456356466,
            43.334199083738895
          ],
          [
            51.4542631149367,
            43.33408609486977
          ],
          [
            51.454361773516936,
            43.333973106000634
          ],
          [
            51.45446043209717,
            43.33386011713152
          ],
          [
            51.4545590906774,
            43.33374712826239
          ],
          [
            51.454657749257635,
            43.33363413939326
          ],
          [
            51.45475640783786,
            43.333521150524135
          ],
          [
            51.4548550664181,
            43.33340816165501
          ],
          [
            51.45495372499833,
            43.33329517278588
          ],
          [
            51.45505238357856,
            43.33318218391676
          ],
          [
            51.45515104215879,
            43.333069195047635
          ],
          [
            51.45524970073904,
            43.33295620617851
          ],
          [
            51.45534835931926,
            43.332843217309374
          ],
          [
            51.45544701789949,
            43.33273022844025
          ],
          [
            51.45554567647973,
            43.33261723957113
          ],
          [
            51.455644335059965,
            43.332504250702
          ],
          [
            51.45574299364019,
            43.332391261832875
          ],
          [
            51.45584165222043,
            43.33227827296374
          ],
          [
            51.455940310800656,
            43.33216528409462
          ],
          [
            51.4560389693809,
            43.33205229522549
          ],
          [
            51.45613762796113,
            43.33193930635637
          ],
          [
            51.456236286541355,
            43.33182631748724
          ],
          [
            51.45633494512159,
            43.331713328618115
          ],
          [
            51.456433603701825,
            43.33160033974899
          ],
          [
            51.45653226228205,
            43.33148735087986
          ],
          [
            51.45663092086229,
            43.331374362010735
          ],
          [
            51.45672957944253,
            43.33126137314161
          ],
          [
            51.45682823802275,
            43.33114838427249
          ],
          [
            51.45692689660299,
            43.331035395403354
          ],
          [
            51.457025555183215,
            43.33092240653423
          ],
          [
            51.45712421376345,
            43.3308094176651
          ],
          [
            51.457222872343685,
            43.330696428795974
          ],
          [
            51.45732153092393,
            43.33058343992685
          ],
          [
            51.45742018950415,
            43.33047045105772
          ],
          [
            51.457518848084376,
            43.330357462188594
          ],
          [
            51.457617506664626,
            43.330244473319475
          ],
          [
            51.45771616524485,
            43.33013148445034
          ],
          [
            51.457814823825075,
            43.330018495581214
          ],
          [
            51.45791348240532,
            43.32990550671209
          ],
          [
            51.458012140985545,
            43.32979251784297
          ],
          [
            51.45811079956577,
            43.32967952897384
          ],
          [
            51.458209458146015,
            43.329566540104715
          ],
          [
            51.45830811672626,
            43.32945355123559
          ],
          [
            51.45840677530648,
            43.32934056236646
          ],
          [
            51.458505433886714,
            43.329227573497334
          ],
          [
            51.45860409246694,
            43.32911458462821
          ],
          [
            51.45870275104717,
            43.32900159575908
          ],
          [
            51.458801409627405,
            43.328888606889954
          ],
          [
            51.45890006820764,
            43.32877561802083
          ],
          [
            51.45899872678787,
            43.328662629151694
          ],
          [
            51.45909738536811,
            43.32854964028258
          ],
          [
            51.45919604394834,
            43.328436651413455
          ],
          [
            51.45929470252857,
            43.32832366254432
          ],
          [
            51.4593933611088,
            43.328210673675194
          ],
          [
            51.45949201968904,
            43.32809768480607
          ],
          [
            51.459590678269265,
            43.32798469593694
          ],
          [
            51.4596893368495,
            43.32787170706782
          ],
          [
            51.459787995429735,
            43.32775871819869
          ],
          [
            51.45988665400996,
            43.32764572932957
          ],
          [
            51.459985312590206,
            43.32753274046044
          ],
          [
            51.46008397117044,
            43.32741975159131
          ],
          [
            51.46018262975067,
            43.32730676272218
          ],
          [
            51.46028128833091,
            43.32719377385306
          ],
          [
            51.46037994691114,
            43.327080784983934
          ],
          [
            51.46047860549137,
            43.32696779611481
          ],
          [
            51.4605772640716,
            43.326854807245674
          ],
          [
            51.46067592265183,
            43.326741818376554
          ],
          [
            51.46077458123206,
            43.326628829507435
          ],
          [
            51.460873239812294,
            43.3265158406383
          ],
          [
            51.46097189839253,
            43.326402851769174
          ],
          [
            51.461070556972764,
            43.326289862900055
          ],
          [
            51.46116921555299,
            43.32617687403092
          ],
          [
            51.461267874133235,
            43.326063885161794
          ],
          [
            51.461366532713456,
            43.325950896292674
          ],
          [
            51.46146519129369,
            43.32583790742354
          ],
          [
            51.461563849873926,
            43.32572491855442
          ],
          [
            51.46166250845416,
            43.32561192968529
          ],
          [
            51.46176116703439,
            43.32549894081616
          ],
          [
            51.461859825614624,
            43.325385951947034
          ],
          [
            51.46195848419486,
            43.325272963077914
          ],
          [
            51.46205714277509,
            43.32515997420878
          ],
          [
            51.46215580135533,
            43.32504698533966
          ],
          [
            51.462254459935565,
            43.324933996470534
          ],
          [
            51.462353118515786,
            43.32482100760141
          ],
          [
            51.46245177709603,
            43.324708018732274
          ],
          [
            51.462550435676256,
            43.32459502986316
          ],
          [
            51.46264909425649,
            43.32448204099403
          ],
          [
            51.46274775283672,
            43.3243690521249
          ],
          [
            51.462846411416955,
            43.324256063255774
          ],
          [
            51.46294506999718,
            43.32414307438665
          ],
          [
            51.463043728577425,
            43.32403008551752
          ],
          [
            51.46314238715765,
            43.3239170966484
          ],
          [
            51.46324104573788,
            43.32380410777927
          ],
          [
            51.463339704318116,
            43.32369111891014
          ],
          [
            51.46343836289835,
            43.323578130041014
          ],
          [
            51.46353702147858,
            43.32346514117189
          ],
          [
            51.463635680058815,
            43.32335215230276
          ],
          [
            51.46373433863904,
            43.32323916343364
          ],
          [
            51.463832997219285,
            43.323126174564514
          ],
          [
            51.46393165579952,
            43.32301318569538
          ],
          [
            51.46403031437975,
            43.32290019682626
          ],
          [
            51.46412897295997,
            43.32278720795713
          ],
          [
            51.46422763154022,
            43.322674219088015
          ],
          [
            51.46432629012043,
            43.32256123021888
          ],
          [
            51.46442494870068,
            43.32244824134976
          ],
          [
            51.46452360728091,
            43.32233525248062
          ],
          [
            51.464622265861145,
            43.3222222636115
          ],
          [
            51.46472092444137,
            43.322109274742374
          ],
          [
            51.46481958302161,
            43.32199628587325
          ],
          [
            51.46491824160184,
            43.32188329700413
          ],
          [
            51.46501690018208,
            43.321770308134994
          ],
          [
            51.46511555876231,
            43.32165731926587
          ],
          [
            51.46521421734254,
            43.32154433039674
          ],
          [
            51.46531287592278,
            43.321431341527614
          ],
          [
            51.465411534503005,
            43.321318352658494
          ],
          [
            51.46551019308323,
            43.32120536378936
          ],
          [
            51.465608851663475,
            43.321092374920234
          ],
          [
            51.4657075102437,
            43.320979386051114
          ],
          [
            51.46580616882394,
            43.32086639718198
          ],
          [
            51.465904827404174,
            43.320753408312854
          ],
          [
            51.4660034859844,
            43.320640419443734
          ],
          [
            51.46610214456463,
            43.32052743057461
          ],
          [
            51.46620080314487,
            43.32041444170547
          ],
          [
            51.46629946172511,
            43.320301452836354
          ],
          [
            51.466398120305335,
            43.32018846396722
          ],
          [
            51.46649677888557,
            43.32007547509811
          ],
          [
            51.466595437465806,
            43.319962486228974
          ],
          [
            51.46669409604604,
            43.319849497359854
          ],
          [
            51.46679275462626,
            43.31973650849072
          ],
          [
            51.466891413206504,
            43.319623519621594
          ],
          [
            51.46699007178673,
            43.31951053075247
          ],
          [
            51.467088730366974,
            43.31939754188335
          ],
          [
            51.4671873889472,
            43.319284553014214
          ],
          [
            51.46728604752742,
            43.31917156414509
          ],
          [
            51.46738470610766,
            43.31905857527596
          ],
          [
            51.4674833646879,
            43.318945586406834
          ],
          [
            51.46758202326813,
            43.31883259753771
          ],
          [
            51.46768068184836,
            43.31871960866859
          ],
          [
            51.46777934042859,
            43.31860661979945
          ],
          [
            51.46787799900883,
            43.31849363093033
          ],
          [
            51.467976657589055,
            43.3183806420612
          ],
          [
            51.46807531616929,
            43.31826765319207
          ],
          [
            51.46817397474952,
            43.31815466432295
          ],
          [
            51.46827263332976,
            43.31804167545383
          ],
          [
            51.468371291909996,
            43.3179286865847
          ],
          [
            51.468469950490224,
            43.317815697715574
          ],
          [
            51.46856860907046,
            43.31770270884645
          ],
          [
            51.468667267650694,
            43.31758971997732
          ],
          [
            51.46876592623092,
            43.317476731108194
          ],
          [
            51.46886458481116,
            43.31736374223907
          ],
          [
            51.46896324339139,
            43.31725075336994
          ],
          [
            51.46906190197162,
            43.31713776450081
          ],
          [
            51.469160560551856,
            43.31702477563169
          ],
          [
            51.46925921913209,
            43.31691178676256
          ],
          [
            51.46935787771231,
            43.31679879789343
          ],
          [
            51.469456536292554,
            43.316685809024314
          ],
          [
            51.46955519487278,
            43.31657282015518
          ],
          [
            51.46965385345301,
            43.31645983128605
          ],
          [
            51.469752512033246,
            43.31634684241693
          ],
          [
            51.46985117061349,
            43.316233853547814
          ],
          [
            51.46994982919371,
            43.31612086467868
          ],
          [
            51.47004848777395,
            43.316007875809554
          ],
          [
            51.47014714635418,
            43.31589488694043
          ],
          [
            51.470245804934414,
            43.3157818980713
          ],
          [
            51.47034446351464,
            43.31566890920217
          ],
          [
            51.470443122094885,
            43.31555592033305
          ],
          [
            51.470541780675106,
            43.31544293146391
          ],
          [
            51.47064043925535,
            43.31532994259479
          ],
          [
            51.470739097835576,
            43.31521695372567
          ],
          [
            51.47083775641582,
            43.31510396485654
          ],
          [
            51.470936414996046,
            43.31499097598741
          ],
          [
            51.47103507357628,
            43.314877987118294
          ],
          [
            51.47113373215651,
            43.31476499824917
          ],
          [
            51.471232390736745,
            43.31465200938004
          ],
          [
            51.47133104931697,
            43.31453902051091
          ],
          [
            51.47142970789721,
            43.31442603164178
          ],
          [
            51.47152836647743,
            43.31431304277265
          ],
          [
            51.47162702505768,
            43.31420005390353
          ],
          [
            51.47172568363791,
            43.31408706503441
          ],
          [
            51.47182434221814,
            43.31397407616528
          ],
          [
            51.47192300079837,
            43.31386108729615
          ],
          [
            51.472021659378605,
            43.31374809842702
          ],
          [
            51.47212031795884,
            43.31363510955791
          ],
          [
            51.47221897653907,
            43.313522120688766
          ],
          [
            51.472317635119296,
            43.31340913181965
          ],
          [
            51.47241629369953,
            43.31329614295052
          ],
          [
            51.47251495227977,
            43.31318315408139
          ],
          [
            51.47261361086,
            43.31307016521225
          ],
          [
            51.47271226944023,
            43.31295717634315
          ],
          [
            51.47281092802047,
            43.312844187474006
          ],
          [
            51.47290958660069,
            43.31273119860489
          ],
          [
            51.47300824518093,
            43.31261820973576
          ],
          [
            51.47310690376116,
            43.31250522086663
          ],
          [
            51.4732055623414,
            43.31239223199751
          ],
          [
            51.47330422092163,
            43.31227924312838
          ],
          [
            51.47340287950187,
            43.31216625425925
          ],
          [
            51.47350153808209,
            43.31205326539013
          ],
          [
            51.47360019666233,
            43.311940276521
          ],
          [
            51.47369885524256,
            43.31182728765187
          ],
          [
            51.473797513822795,
            43.311714298782746
          ],
          [
            51.473896172403016,
            43.31160130991363
          ],
          [
            51.47399483098326,
            43.3114883210445
          ],
          [
            51.47409348956349,
            43.31137533217537
          ],
          [
            51.47419214814372,
            43.31126234330625
          ],
          [
            51.47429080672396,
            43.31114935443711
          ],
          [
            51.474389465304185,
            43.311036365568
          ],
          [
            51.47448812388441,
            43.31092337669887
          ],
          [
            51.474586782464655,
            43.31081038782974
          ],
          [
            51.47468544104488,
            43.31069739896061
          ],
          [
            51.47478409962511,
            43.310584410091494
          ],
          [
            51.47488275820536,
            43.31047142122236
          ],
          [
            51.47498141678558,
            43.31035843235324
          ],
          [
            51.47508007536582,
            43.31024544348411
          ],
          [
            51.47517873394605,
            43.31013245461498
          ],
          [
            51.47527739252628,
            43.31001946574586
          ],
          [
            51.475376051106515,
            43.309906476876726
          ],
          [
            51.47547470968676,
            43.3097934880076
          ],
          [
            51.475573368266986,
            43.30968049913848
          ],
          [
            51.47567202684721,
            43.30956751026935
          ],
          [
            51.47577068542745,
            43.30945452140023
          ],
          [
            51.47586934400768,
            43.30934153253109
          ],
          [
            51.47596800258791,
            43.309228543661966
          ],
          [
            51.47606666116815,
            43.30911555479284
          ],
          [
            51.47616531974838,
            43.30900256592372
          ],
          [
            51.47626397832862,
            43.30888957705459
          ],
          [
            51.476362636908846,
            43.30877658818546
          ],
          [
            51.47646129548908,
            43.30866359931634
          ],
          [
            51.47655995406931,
            43.308550610447206
          ],
          [
            51.476658612649544,
            43.30843762157809
          ],
          [
            51.47675727122977,
            43.30832463270896
          ],
          [
            51.47685592981,
            43.30821164383984
          ],
          [
            51.47695458839024,
            43.308098654970706
          ],
          [
            51.47705324697047,
            43.30798566610159
          ],
          [
            51.4771519055507,
            43.30787267723245
          ],
          [
            51.47725056413095,
            43.30775968836333
          ],
          [
            51.477349222711176,
            43.30764669949421
          ],
          [
            51.47744788129141,
            43.30753371062507
          ],
          [
            51.47754653987164,
            43.307420721755946
          ],
          [
            51.477645198451874,
            43.30730773288682
          ],
          [
            51.4777438570321,
            43.30719474401769
          ],
          [
            51.477842515612345,
            43.30708175514857
          ],
          [
            51.47794117419257,
            43.30696876627945
          ],
          [
            51.4780398327728,
            43.30685577741032
          ],
          [
            51.478138491353036,
            43.306742788541186
          ],
          [
            51.47823714993327,
            43.306629799672066
          ],
          [
            51.4783358085135,
            43.30651681080293
          ],
          [
            51.478434467093734,
            43.30640382193381
          ],
          [
            51.47853312567396,
            43.30629083306469
          ],
          [
            51.4786317842542,
            43.30617784419556
          ],
          [
            51.478730442834426,
            43.30606485532643
          ],
          [
            51.47882910141466,
            43.3059518664573
          ],
          [
            51.478927759994896,
            43.30583887758818
          ],
          [
            51.47902641857513,
            43.30572588871905
          ],
          [
            51.47912507715536,
            43.30561289984993
          ],
          [
            51.479223735735594,
            43.3054999109808
          ],
          [
            51.47932239431583,
            43.30538692211167
          ],
          [
            51.47942105289606,
            43.305273933242546
          ],
          [
            51.47951971147629,
            43.30516094437342
          ],
          [
            51.479618370056535,
            43.3050479555043
          ],
          [
            51.479717028636756,
            43.30493496663517
          ],
          [
            51.479815687217,
            43.30482197776604
          ],
          [
            51.479914345797226,
            43.30470898889691
          ],
          [
            51.48001300437746,
            43.30459600002779
          ],
          [
            51.48011166295769,
            43.304483011158666
          ],
          [
            51.480210321537925,
            43.30437002228954
          ],
          [
            51.48030898011815,
            43.30425703342041
          ],
          [
            51.48040763869839,
            43.304144044551286
          ],
          [
            51.48050629727862,
            43.30403105568215
          ],
          [
            51.48060495585886,
            43.303918066813026
          ],
          [
            51.48070361443908,
            43.303805077943906
          ],
          [
            51.48080227301932,
            43.30369208907479
          ],
          [
            51.48090093159955,
            43.30357910020565
          ],
          [
            51.480999590179785,
            43.303466111336526
          ],
          [
            51.48109824876002,
            43.30335312246739
          ],
          [
            51.48119690734025,
            43.30324013359828
          ],
          [
            51.481295565920476,
            43.303127144729146
          ],
          [
            51.48139422450072,
            43.303014155860026
          ],
          [
            51.48149288308095,
            43.30290116699089
          ],
          [
            51.48159154166118,
            43.302788178121766
          ],
          [
            51.48169020024142,
            43.30267518925264
          ],
          [
            51.48178885882165,
            43.30256220038352
          ],
          [
            51.48188751740188,
            43.30244921151439
          ],
          [
            51.481986175982115,
            43.30233622264526
          ],
          [
            51.48208483456235,
            43.30222323377613
          ],
          [
            51.48218349314258,
            43.302110244907006
          ],
          [
            51.48228215172281,
            43.30199725603788
          ],
          [
            51.48238081030305,
            43.30188426716876
          ],
          [
            51.48247946888327,
            43.30177127829964
          ],
          [
            51.48257812746351,
            43.301658289430506
          ],
          [
            51.48267678604374,
            43.30154530056138
          ],
          [
            51.482775444623975,
            43.301432311692245
          ],
          [
            51.48287410320421,
            43.30131932282313
          ],
          [
            51.482972761784445,
            43.301206333954
          ],
          [
            51.483071420364666,
            43.30109334508487
          ],
          [
            51.48317007894491,
            43.300980356215746
          ],
          [
            51.48326873752514,
            43.30086736734662
          ],
          [
            51.483367396105365,
            43.300754378477485
          ],
          [
            51.48346605468561,
            43.30064138960837
          ],
          [
            51.48356471326584,
            43.300528400739246
          ],
          [
            51.48366337184606,
            43.30041541187011
          ],
          [
            51.483762030426306,
            43.300302423000986
          ],
          [
            51.48386068900655,
            43.30018943413186
          ],
          [
            51.48395934758677,
            43.30007644526274
          ],
          [
            51.48405800616701,
            43.2999634563936
          ],
          [
            51.48415666474724,
            43.299850467524486
          ],
          [
            51.484255323327474,
            43.29973747865536
          ],
          [
            51.4843539819077,
            43.29962448978623
          ],
          [
            51.48445264048793,
            43.2995115009171
          ],
          [
            51.484551299068166,
            43.29939851204798
          ],
          [
            51.4846499576484,
            43.29928552317885
          ],
          [
            51.484748616228636,
            43.299172534309726
          ],
          [
            51.48484727480887,
            43.2990595454406
          ],
          [
            51.4849459333891,
            43.29894655657147
          ],
          [
            51.485044591969334,
            43.298833567702346
          ],
          [
            51.48514325054956,
            43.298720578833226
          ],
          [
            51.4852419091298,
            43.29860758996409
          ],
          [
            51.485340567710026,
            43.29849460109497
          ],
          [
            51.485439226290254,
            43.29838161222584
          ],
          [
            51.48553788487049,
            43.29826862335672
          ],
          [
            51.48563654345073,
            43.298155634487586
          ],
          [
            51.48573520203096,
            43.298042645618466
          ],
          [
            51.4858338606112,
            43.29792965674934
          ],
          [
            51.48593251919143,
            43.297816667880205
          ],
          [
            51.48603117777165,
            43.297703679011086
          ],
          [
            51.48612983635189,
            43.29759069014195
          ],
          [
            51.48622849493213,
            43.297477701272825
          ],
          [
            51.486327153512356,
            43.297364712403706
          ],
          [
            51.48642581209259,
            43.29725172353458
          ],
          [
            51.486524470672826,
            43.29713873466545
          ],
          [
            51.486623129253054,
            43.297025745796326
          ],
          [
            51.48672178783329,
            43.29691275692719
          ],
          [
            51.486820446413525,
            43.29679976805808
          ],
          [
            51.48691910499375,
            43.296686779188946
          ],
          [
            51.48701776357399,
            43.296573790319826
          ],
          [
            51.487116422154216,
            43.2964608014507
          ],
          [
            51.48721508073445,
            43.29634781258157
          ],
          [
            51.48731373931468,
            43.29623482371244
          ],
          [
            51.48741239789492,
            43.29612183484332
          ],
          [
            51.48751105647514,
            43.29600884597419
          ],
          [
            51.48760971505538,
            43.29589585710506
          ],
          [
            51.48770837363561,
            43.29578286823593
          ],
          [
            51.48780703221585,
            43.29566987936681
          ],
          [
            51.487905690796076,
            43.29555689049768
          ],
          [
            51.48800434937632,
            43.29544390162856
          ],
          [
            51.48810300795654,
            43.29533091275943
          ],
          [
            51.48820166653678,
            43.2952179238903
          ],
          [
            51.48830032511702,
            43.29510493502118
          ],
          [
            51.488398983697245,
            43.29499194615205
          ],
          [
            51.48849764227748,
            43.294878957282926
          ],
          [
            51.488596300857715,
            43.2947659684138
          ],
          [
            51.48869495943794,
            43.29465297954467
          ],
          [
            51.48879361801818,
            43.294539990675545
          ],
          [
            51.488892276598406,
            43.294427001806426
          ],
          [
            51.488990935178634,
            43.294314012937285
          ],
          [
            51.48908959375887,
            43.29420102406817
          ],
          [
            51.48918825233911,
            43.29408803519904
          ],
          [
            51.48928691091933,
            43.29397504632991
          ],
          [
            51.48938556949957,
            43.293862057460785
          ],
          [
            51.4894842280798,
            43.29374906859166
          ],
          [
            51.48958288666004,
            43.29363607972253
          ],
          [
            51.489681545240266,
            43.29352309085341
          ],
          [
            51.4897802038205,
            43.29341010198428
          ],
          [
            51.48987886240073,
            43.29329711311516
          ],
          [
            51.489977520980965,
            43.29318412424603
          ],
          [
            51.4900761795612,
            43.293071135376906
          ],
          [
            51.490174838141435,
            43.29295814650777
          ],
          [
            51.49027349672166,
            43.29284515763865
          ],
          [
            51.490372155301905,
            43.292732168769525
          ],
          [
            51.490470813882126,
            43.2926191799004
          ],
          [
            51.49056947246236,
            43.29250619103127
          ],
          [
            51.4906681310426,
            43.292393202162145
          ],
          [
            51.49076678962283,
            43.29228021329301
          ],
          [
            51.49086544820306,
            43.29216722442389
          ],
          [
            51.4909641067833,
            43.29205423555477
          ],
          [
            51.49106276536352,
            43.29194124668564
          ],
          [
            51.491161423943765,
            43.29182825781652
          ],
          [
            51.49126008252399,
            43.29171526894738
          ],
          [
            51.49135874110422,
            43.291602280078266
          ],
          [
            51.49145739968446,
            43.29148929120914
          ],
          [
            51.49155605826469,
            43.29137630234001
          ],
          [
            51.49165471684492,
            43.29126331347088
          ],
          [
            51.491753375425155,
            43.29115032460176
          ],
          [
            51.49185203400539,
            43.291037335732625
          ],
          [
            51.49195069258562,
            43.290924346863505
          ],
          [
            51.492049351165846,
            43.29081135799438
          ],
          [
            51.49214800974609,
            43.29069836912525
          ],
          [
            51.49224666832632,
            43.290585380256125
          ],
          [
            51.49234532690655,
            43.29047239138699
          ],
          [
            51.49244398548679,
            43.29035940251787
          ],
          [
            51.492542644067015,
            43.290246413648745
          ],
          [
            51.49264130264726,
            43.290133424779626
          ],
          [
            51.49273996122749,
            43.29002043591049
          ],
          [
            51.49283861980771,
            43.28990744704137
          ],
          [
            51.492937278387956,
            43.28979445817223
          ],
          [
            51.493035936968184,
            43.28968146930312
          ],
          [
            51.49313459554842,
            43.289568480433985
          ],
          [
            51.493233254128654,
            43.289455491564865
          ],
          [
            51.49333191270889,
            43.28934250269574
          ],
          [
            51.49343057128911,
            43.289229513826605
          ],
          [
            51.493529229869345,
            43.28911652495748
          ],
          [
            51.49362788844959,
            43.28900353608836
          ],
          [
            51.49372654702981,
            43.28889054721923
          ],
          [
            51.49382520561005,
            43.288777558350105
          ],
          [
            51.49392386419028,
            43.28866456948098
          ],
          [
            51.49402252277051,
            43.288551580611845
          ],
          [
            51.49412118135074,
            43.288438591742725
          ],
          [
            51.494219839930985,
            43.2883256028736
          ],
          [
            51.494318498511205,
            43.28821261400447
          ],
          [
            51.49441715709145,
            43.28809962513534
          ],
          [
            51.494515815671676,
            43.28798663626622
          ],
          [
            51.494614474251904,
            43.287873647397085
          ],
          [
            51.49471313283214,
            43.287760658527965
          ],
          [
            51.49481179141238,
            43.28764766965884
          ],
          [
            51.49491044999261,
            43.28753468078972
          ],
          [
            51.495009108572845,
            43.287421691920585
          ],
          [
            51.49510776715307,
            43.28730870305146
          ],
          [
            51.49520642573331,
            43.287195714182324
          ],
          [
            51.49530508431354,
            43.287082725313205
          ],
          [
            51.49540374289378,
            43.286969736444085
          ],
          [
            51.495502401474,
            43.28685674757495
          ],
          [
            51.49560106005424,
            43.286743758705825
          ],
          [
            51.49569971863447,
            43.286630769836705
          ],
          [
            51.495798377214705,
            43.28651778096757
          ],
          [
            51.49589703579493,
            43.286404792098445
          ],
          [
            51.49599569437517,
            43.286291803229325
          ],
          [
            51.496094352955396,
            43.2861788143602
          ],
          [
            51.49619301153563,
            43.286065825491065
          ],
          [
            51.496291670115866,
            43.28595283662194
          ],
          [
            51.496390328696094,
            43.28583984775281
          ],
          [
            51.49648898727633,
            43.285726858883685
          ],
          [
            51.496587645856565,
            43.28561387001457
          ],
          [
            51.4966863044368,
            43.28550088114543
          ],
          [
            51.49678496301703,
            43.28538789227631
          ],
          [
            51.49688362159726,
            43.28527490340718
          ],
          [
            51.496982280177505,
            43.28516191453806
          ],
          [
            51.497080938757726,
            43.28504892566893
          ],
          [
            51.49717959733797,
            43.28493593679981
          ],
          [
            51.49727825591819,
            43.28482294793068
          ],
          [
            51.49737691449843,
            43.28470995906155
          ],
          [
            51.49747557307866,
            43.284596970192425
          ],
          [
            51.497574231658895,
            43.2844839813233
          ],
          [
            51.49767289023912,
            43.28437099245418
          ],
          [
            51.497771548819365,
            43.28425800358505
          ],
          [
            51.49787020739959,
            43.28414501471592
          ],
          [
            51.49796886597983,
            43.2840320258468
          ],
          [
            51.49806752456006,
            43.283919036977665
          ],
          [
            51.49816618314029,
            43.28380604810854
          ],
          [
            51.49826484172052,
            43.28369305923942
          ],
          [
            51.498363500300755,
            43.283580070370284
          ],
          [
            51.498462158880976,
            43.283467081501165
          ],
          [
            51.49856081746122,
            43.28335409263203
          ],
          [
            51.49865947604146,
            43.28324110376291
          ],
          [
            51.49875813462168,
            43.28312811489378
          ],
          [
            51.498856793201924,
            43.28301512602466
          ],
          [
            51.49895545178216,
            43.282902137155524
          ],
          [
            51.49905411036237,
            43.28278914828641
          ],
          [
            51.49915276894262,
            43.28267615941728
          ],
          [
            51.49925142752286,
            43.28256317054815
          ],
          [
            51.499350086103085,
            43.28245018167903
          ],
          [
            51.49944874468331,
            43.2823371928099
          ],
          [
            51.499547403263556,
            43.28222420394077
          ],
          [
            51.49964606184378,
            43.28211121507165
          ],
          [
            51.49974472042401,
            43.28199822620252
          ],
          [
            51.49984337900425,
            43.28188523733339
          ],
          [
            51.49994203758448,
            43.28177224846427
          ],
          [
            51.50004069616471,
            43.28165925959514
          ],
          [
            51.500139354744945,
            43.28154627072601
          ],
          [
            51.50023801332517,
            43.281433281856884
          ],
          [
            51.50033667190541,
            43.28132029298776
          ],
          [
            51.500435330485644,
            43.28120730411863
          ],
          [
            51.50053398906587,
            43.28109431524952
          ],
          [
            51.500632647646114,
            43.28098132638038
          ],
          [
            51.50073130622634,
            43.280868337511265
          ],
          [
            51.50082996480657,
            43.280755348642124
          ],
          [
            51.50092862338681,
            43.280642359773005
          ],
          [
            51.50102728196704,
            43.28052937090387
          ],
          [
            51.501125940547276,
            43.28041638203475
          ],
          [
            51.50122459912751,
            43.280303393165624
          ],
          [
            51.501323257707746,
            43.280190404296505
          ],
          [
            51.50142191628798,
            43.28007741542737
          ],
          [
            51.50152057486821,
            43.279964426558244
          ],
          [
            51.501619233448444,
            43.27985143768912
          ],
          [
            51.501717892028665,
            43.27973844881999
          ],
          [
            51.50181655060891,
            43.279625459950864
          ],
          [
            51.50191520918914,
            43.279512471081745
          ],
          [
            51.502013867769364,
            43.27939948221261
          ],
          [
            51.5021125263496,
            43.279286493343484
          ],
          [
            51.50221118492984,
            43.27917350447436
          ],
          [
            51.50230984351007,
            43.27906051560524
          ],
          [
            51.5024085020903,
            43.27894752673611
          ],
          [
            51.50250716067053,
            43.278834537866985
          ],
          [
            51.50260581925076,
            43.27872154899786
          ],
          [
            51.502704477830996,
            43.278608560128724
          ],
          [
            51.50280313641123,
            43.27849557125961
          ],
          [
            51.50290179499146,
            43.27838258239048
          ],
          [
            51.503000453571694,
            43.27826959352136
          ],
          [
            51.503099112151936,
            43.278156604652224
          ],
          [
            51.503197770732164,
            43.2780436157831
          ],
          [
            51.503296429312385,
            43.27793062691397
          ],
          [
            51.503395087892635,
            43.277817638044844
          ],
          [
            51.50349374647286,
            43.27770464917572
          ],
          [
            51.503592405053084,
            43.2775916603066
          ],
          [
            51.503691063633326,
            43.277478671437464
          ],
          [
            51.50378972221356,
            43.27736568256834
          ],
          [
            51.50388838079379,
            43.27725269369921
          ],
          [
            51.503987039374024,
            43.27713970483009
          ],
          [
            51.50408569795425,
            43.277026715960965
          ],
          [
            51.50418435653448,
            43.27691372709184
          ],
          [
            51.50428301511472,
            43.276800738222704
          ],
          [
            51.50438167369496,
            43.27668774935358
          ],
          [
            51.504480332275186,
            43.27657476048445
          ],
          [
            51.50457899085542,
            43.27646177161533
          ],
          [
            51.50467764943565,
            43.276348782746204
          ],
          [
            51.504776308015884,
            43.27623579387708
          ],
          [
            51.50487496659612,
            43.27612280500795
          ],
          [
            51.504973625176355,
            43.27600981613882
          ],
          [
            51.50507228375658,
            43.275896827269705
          ],
          [
            51.505170942336825,
            43.27578383840057
          ],
          [
            51.50526960091704,
            43.275670849531444
          ],
          [
            51.50536825949728,
            43.27555786066232
          ],
          [
            51.505466918077516,
            43.27544487179319
          ],
          [
            51.50556557665775,
            43.275331882924064
          ],
          [
            51.50566423523797,
            43.275218894054944
          ],
          [
            51.505762893818215,
            43.27510590518581
          ],
          [
            51.50586155239845,
            43.274992916316684
          ],
          [
            51.505960210978685,
            43.27487992744756
          ],
          [
            51.50605886955891,
            43.27476693857843
          ],
          [
            51.50615752813915,
            43.27465394970932
          ],
          [
            51.506256186719376,
            43.274540960840184
          ],
          [
            51.50635484529961,
            43.27442797197106
          ],
          [
            51.50645350387984,
            43.27431498310193
          ],
          [
            51.506552162460075,
            43.2742019942328
          ],
          [
            51.5066508210403,
            43.27408900536367
          ],
          [
            51.50674947962054,
            43.273976016494544
          ],
          [
            51.50684813820077,
            43.273863027625424
          ],
          [
            51.50694679678101,
            43.2737500387563
          ],
          [
            51.50704545536123,
            43.273637049887164
          ],
          [
            51.50714411394147,
            43.27352406101805
          ],
          [
            51.5072427725217,
            43.27341107214892
          ],
          [
            51.507341431101935,
            43.2732980832798
          ],
          [
            51.50744008968216,
            43.273185094410664
          ],
          [
            51.50753874826241,
            43.273072105541544
          ],
          [
            51.50763740684263,
            43.27295911667241
          ],
          [
            51.50773606542286,
            43.272846127803284
          ],
          [
            51.507834724003104,
            43.27273313893416
          ],
          [
            51.50793338258333,
            43.27262015006504
          ],
          [
            51.50803204116357,
            43.27250716119591
          ],
          [
            51.5081306997438,
            43.27239417232678
          ],
          [
            51.50822935832403,
            43.27228118345766
          ],
          [
            51.508328016904265,
            43.272168194588524
          ],
          [
            51.5084266754845,
            43.2720552057194
          ],
          [
            51.508525334064736,
            43.27194221685028
          ],
          [
            51.508623992644964,
            43.27182922798115
          ],
          [
            51.5087226512252,
            43.271716239112024
          ],
          [
            51.50882130980543,
            43.2716032502429
          ],
          [
            51.50891996838566,
            43.27149026137376
          ],
          [
            51.5090186269659,
            43.27137727250465
          ],
          [
            51.509117285546125,
            43.27126428363552
          ],
          [
            51.50921594412635,
            43.27115129476639
          ],
          [
            51.509314602706596,
            43.271038305897264
          ],
          [
            51.509413261286824,
            43.27092531702814
          ],
          [
            51.50951191986705,
            43.27081232815901
          ],
          [
            51.509610578447294,
            43.27069933928989
          ],
          [
            51.50970923702752,
            43.270586350420764
          ],
          [
            51.50980789560775,
            43.27047336155163
          ],
          [
            51.509906554188,
            43.270360372682504
          ],
          [
            51.51000521276822,
            43.27024738381338
          ],
          [
            51.51010387134845,
            43.27013439494425
          ],
          [
            51.5102025299287,
            43.27002140607513
          ],
          [
            51.510301188508926,
            43.269908417206004
          ],
          [
            51.510399847089154,
            43.26979542833687
          ],
          [
            51.510498505669396,
            43.26968243946775
          ],
          [
            51.51059716424962,
            43.26956945059862
          ],
          [
            51.51069582282985,
            43.26945646172949
          ],
          [
            51.51079448141009,
            43.26934347286037
          ],
          [
            51.510893139990316,
            43.269230483991244
          ],
          [
            51.510991798570544,
            43.26911749512212
          ],
          [
            51.51109045715078,
            43.26900450625299
          ],
          [
            51.511189115731014,
            43.26889151738386
          ],
          [
            51.51128777431125,
            43.268778528514744
          ],
          [
            51.511386432891484,
            43.26866553964562
          ],
          [
            51.51148509147171,
            43.26855255077649
          ],
          [
            51.51158375005194,
            43.26843956190736
          ],
          [
            51.51168240863218,
            43.26832657303823
          ],
          [
            51.51178106721241,
            43.268213584169104
          ],
          [
            51.511879725792646,
            43.268100595299984
          ],
          [
            51.51197838437288,
            43.26798760643086
          ],
          [
            51.51207704295311,
            43.26787461756172
          ],
          [
            51.51217570153335,
            43.2677616286926
          ],
          [
            51.51227436011358,
            43.26764863982347
          ],
          [
            51.512373018693815,
            43.26753565095434
          ],
          [
            51.51247167727404,
            43.26742266208522
          ],
          [
            51.51257033585428,
            43.2673096732161
          ],
          [
            51.51266899443451,
            43.26719668434696
          ],
          [
            51.512767653014734,
            43.26708369547784
          ],
          [
            51.512866311594976,
            43.26697070660871
          ],
          [
            51.51296497017521,
            43.2668577177396
          ],
          [
            51.51306362875543,
            43.26674472887046
          ],
          [
            51.513162287335675,
            43.266631740001344
          ],
          [
            51.51326094591591,
            43.26651875113221
          ],
          [
            51.51335960449614,
            43.26640576226308
          ],
          [
            51.513458263076366,
            43.26629277339396
          ],
          [
            51.5135569216566,
            43.26617978452484
          ],
          [
            51.51365558023683,
            43.26606679565571
          ],
          [
            51.51375423881707,
            43.265953806786584
          ],
          [
            51.5138528973973,
            43.26584081791745
          ],
          [
            51.513951555977535,
            43.26572782904832
          ],
          [
            51.51405021455777,
            43.2656148401792
          ],
          [
            51.514148873138,
            43.26550185131008
          ],
          [
            51.51424753171823,
            43.26538886244095
          ],
          [
            51.51434619029847,
            43.265275873571824
          ],
          [
            51.514444848878696,
            43.2651628847027
          ],
          [
            51.51454350745893,
            43.26504989583356
          ],
          [
            51.51464216603917,
            43.26493690696445
          ],
          [
            51.5147408246194,
            43.26482391809532
          ],
          [
            51.51483948319963,
            43.26471092922619
          ],
          [
            51.514938141779865,
            43.26459794035706
          ],
          [
            51.51503680036009,
            43.26448495148794
          ],
          [
            51.51513545894033,
            43.26437196261881
          ],
          [
            51.51523411752056,
            43.26425897374969
          ],
          [
            51.51533277610079,
            43.26414598488056
          ],
          [
            51.51543143468102,
            43.26403299601144
          ],
          [
            51.51553009326126,
            43.2639200071423
          ],
          [
            51.51562875184149,
            43.26380701827318
          ],
          [
            51.515727410421725,
            43.26369402940405
          ],
          [
            51.51582606900195,
            43.26358104053493
          ],
          [
            51.51592472758219,
            43.263468051665804
          ],
          [
            51.516023386162416,
            43.26335506279667
          ],
          [
            51.51612204474266,
            43.26324207392754
          ],
          [
            51.516220703322894,
            43.263129085058424
          ],
          [
            51.516319361903115,
            43.26301609618929
          ],
          [
            51.51641802048336,
            43.26290310732017
          ],
          [
            51.51651667906359,
            43.26279011845104
          ],
          [
            51.51661533764382,
            43.26267712958192
          ],
          [
            51.516713996224055,
            43.26256414071279
          ],
          [
            51.51681265480429,
            43.26245115184366
          ],
          [
            51.51691131338452,
            43.26233816297454
          ],
          [
            51.517009971964754,
            43.26222517410541
          ],
          [
            51.51710863054498,
            43.26211218523628
          ],
          [
            51.51720728912522,
            43.26199919636716
          ],
          [
            51.517305947705445,
            43.26188620749803
          ],
          [
            51.51740460628568,
            43.261773218628896
          ],
          [
            51.517503264865915,
            43.261660229759784
          ],
          [
            51.51760192344615,
            43.26154724089065
          ],
          [
            51.517700582026386,
            43.26143425202152
          ],
          [
            51.51779924060661,
            43.261321263152404
          ],
          [
            51.51789789918685,
            43.26120827428327
          ],
          [
            51.51799655776708,
            43.26109528541414
          ],
          [
            51.518095216347305,
            43.260982296545016
          ],
          [
            51.51819387492755,
            43.2608693076759
          ],
          [
            51.51829253350778,
            43.26075631880677
          ],
          [
            51.518391192088,
            43.26064332993764
          ],
          [
            51.518489850668246,
            43.26053034106851
          ],
          [
            51.518588509248474,
            43.26041735219939
          ],
          [
            51.51868716782871,
            43.260304363330256
          ],
          [
            51.518785826408944,
            43.26019137446114
          ],
          [
            51.51888448498917,
            43.26007838559201
          ],
          [
            51.5189831435694,
            43.25996539672288
          ],
          [
            51.51908180214964,
            43.25985240785376
          ],
          [
            51.51918046072987,
            43.25973941898464
          ],
          [
            51.519279119310106,
            43.2596264301155
          ],
          [
            51.51937777789034,
            43.25951344124638
          ],
          [
            51.51947643647057,
            43.25940045237725
          ],
          [
            51.5195750950508,
            43.25928746350813
          ],
          [
            51.51967375363104,
            43.25917447463899
          ],
          [
            51.51977241221127,
            43.25906148576988
          ],
          [
            51.519871070791496,
            43.25894849690075
          ],
          [
            51.51996972937174,
            43.258835508031616
          ],
          [
            51.520068387951966,
            43.2587225191625
          ],
          [
            51.520167046532194,
            43.25860953029337
          ],
          [
            51.52026570511242,
            43.258496541424236
          ],
          [
            51.520364363692664,
            43.25838355255512
          ],
          [
            51.52046302227289,
            43.25827056368599
          ],
          [
            51.520561680853135,
            43.25815757481686
          ],
          [
            51.520660339433356,
            43.25804458594774
          ],
          [
            51.52075899801359,
            43.25793159707861
          ],
          [
            51.520857656593826,
            43.25781860820948
          ],
          [
            51.52095631517407,
            43.257705619340356
          ],
          [
            51.521054973754296,
            43.25759263047124
          ],
          [
            51.52115363233454,
            43.2574796416021
          ],
          [
            51.52125229091477,
            43.257366652732976
          ],
          [
            51.52135094949499,
            43.25725366386385
          ],
          [
            51.52144960807522,
            43.25714067499473
          ],
          [
            51.52154826665546,
            43.257027686125596
          ],
          [
            51.521646925235686,
            43.25691469725648
          ],
          [
            51.52174558381592,
            43.25680170838735
          ],
          [
            51.521844242396156,
            43.25668871951822
          ],
          [
            51.52194290097639,
            43.25657573064909
          ],
          [
            51.52204155955662,
            43.25646274177997
          ],
          [
            51.522140218136855,
            43.25634975291084
          ],
          [
            51.52223887671708,
            43.25623676404172
          ],
          [
            51.52233753529732,
            43.25612377517259
          ],
          [
            51.52243619387755,
            43.25601078630346
          ],
          [
            51.52253485245779,
            43.25589779743433
          ],
          [
            51.522633511038016,
            43.25578480856521
          ],
          [
            51.52273216961826,
            43.25567181969608
          ],
          [
            51.52283082819848,
            43.25555883082695
          ],
          [
            51.52292948677872,
            43.25544584195783
          ],
          [
            51.52302814535895,
            43.255332853088696
          ],
          [
            51.523126803939185,
            43.255219864219576
          ],
          [
            51.52322546251942,
            43.25510687535045
          ],
          [
            51.523324121099655,
            43.25499388648133
          ],
          [
            51.523422779679876,
            43.25488089761219
          ],
          [
            51.52352143826012,
            43.25476790874307
          ],
          [
            51.52362009684035,
            43.25465491987394
          ],
          [
            51.52371875542058,
            43.25454193100482
          ],
          [
            51.52381741400082,
            43.254428942135696
          ],
          [
            51.52391607258105,
            43.25431595326657
          ],
          [
            51.52401473116127,
            43.254202964397436
          ],
          [
            51.524113389741515,
            43.25408997552831
          ],
          [
            51.524212048321736,
            43.25397698665918
          ],
          [
            51.52431070690197,
            43.25386399779006
          ],
          [
            51.52440936548221,
            43.253751008920936
          ],
          [
            51.52450802406245,
            43.25363802005181
          ],
          [
            51.52460668264267,
            43.253525031182676
          ],
          [
            51.52470534122291,
            43.253412042313556
          ],
          [
            51.52480399980314,
            43.25329905344442
          ],
          [
            51.52490265838337,
            43.2531860645753
          ],
          [
            51.5250013169636,
            43.253073075706176
          ],
          [
            51.52509997554384,
            43.25296008683705
          ],
          [
            51.52519863412407,
            43.25284709796792
          ],
          [
            51.52529729270431,
            43.25273410909879
          ],
          [
            51.52539595128454,
            43.252621120229676
          ],
          [
            51.52549460986477,
            43.25250813136054
          ],
          [
            51.525593268445,
            43.25239514249142
          ],
          [
            51.525691927025235,
            43.25228215362229
          ],
          [
            51.52579058560546,
            43.25216916475317
          ],
          [
            51.5258892441857,
            43.252056175884036
          ],
          [
            51.525987902765934,
            43.251943187014916
          ],
          [
            51.52608656134617,
            43.25183019814579
          ],
          [
            51.5261852199264,
            43.25171720927666
          ],
          [
            51.52628387850663,
            43.251604220407536
          ],
          [
            51.52638253708686,
            43.2514912315384
          ],
          [
            51.5264811956671,
            43.251378242669276
          ],
          [
            51.52657985424733,
            43.251265253800156
          ],
          [
            51.52667851282756,
            43.25115226493103
          ],
          [
            51.526777171407794,
            43.2510392760619
          ],
          [
            51.52687582998803,
            43.250926287192776
          ],
          [
            51.52697448856825,
            43.25081329832364
          ],
          [
            51.52707314714849,
            43.25070030945452
          ],
          [
            51.52717180572873,
            43.250587320585396
          ],
          [
            51.527270464308955,
            43.250474331716276
          ],
          [
            51.5273691228892,
            43.25036134284714
          ],
          [
            51.52746778146943,
            43.250248353978016
          ],
          [
            51.527566440049654,
            43.25013536510888
          ],
          [
            51.527665098629896,
            43.25002237623977
          ],
          [
            51.527763757210124,
            43.24990938737064
          ],
          [
            51.52786241579036,
            43.249796398501516
          ],
          [
            51.527961074370594,
            43.24968340963238
          ],
          [
            51.52805973295083,
            43.24957042076326
          ],
          [
            51.52815839153105,
            43.24945743189413
          ],
          [
            51.52825705011129,
            43.24934444302501
          ],
          [
            51.52835570869153,
            43.24923145415588
          ],
          [
            51.52845436727175,
            43.24911846528675
          ],
          [
            51.52855302585199,
            43.24900547641763
          ],
          [
            51.52865168443222,
            43.248892487548495
          ],
          [
            51.52875034301245,
            43.248779498679376
          ],
          [
            51.52884900159268,
            43.24866650981025
          ],
          [
            51.52894766017292,
            43.24855352094112
          ],
          [
            51.529046318753146,
            43.248440532071996
          ],
          [
            51.52914497733338,
            43.248327543202876
          ],
          [
            51.529243635913616,
            43.248214554333735
          ],
          [
            51.529342294493844,
            43.24810156546462
          ],
          [
            51.52944095307408,
            43.24798857659549
          ],
          [
            51.52953961165433,
            43.24787558772636
          ],
          [
            51.52963827023454,
            43.247762598857236
          ],
          [
            51.529736928814785,
            43.24764960998811
          ],
          [
            51.52983558739501,
            43.247536621118975
          ],
          [
            51.52993424597525,
            43.24742363224986
          ],
          [
            51.53003290455548,
            43.24731064338073
          ],
          [
            51.53013156313572,
            43.2471976545116
          ],
          [
            51.53023022171595,
            43.247084665642475
          ],
          [
            51.53032888029618,
            43.24697167677335
          ],
          [
            51.53042753887641,
            43.24685868790423
          ],
          [
            51.530526197456645,
            43.2467456990351
          ],
          [
            51.53062485603687,
            43.246632710165976
          ],
          [
            51.53072351461711,
            43.24651972129685
          ],
          [
            51.530822173197336,
            43.24640673242772
          ],
          [
            51.53092083177757,
            43.246293743558596
          ],
          [
            51.53101949035781,
            43.24618075468947
          ],
          [
            51.531118148938035,
            43.24606776582034
          ],
          [
            51.53121680751827,
            43.24595477695122
          ],
          [
            51.531315466098505,
            43.24584178808209
          ],
          [
            51.53141412467873,
            43.24572879921296
          ],
          [
            51.53151278325897,
            43.245615810343836
          ],
          [
            51.53161144183921,
            43.245502821474716
          ],
          [
            51.53171010041943,
            43.24538983260558
          ],
          [
            51.531808758999674,
            43.24527684373646
          ],
          [
            51.53190741757991,
            43.24516385486733
          ],
          [
            51.53200607616014,
            43.24505086599821
          ],
          [
            51.53210473474037,
            43.244937877129075
          ],
          [
            51.5322033933206,
            43.244824888259956
          ],
          [
            51.53230205190083,
            43.24471189939082
          ],
          [
            51.53240071048106,
            43.2445989105217
          ],
          [
            51.5324993690613,
            43.244485921652576
          ],
          [
            51.53259802764153,
            43.24437293278344
          ],
          [
            51.53269668622176,
            43.244259943914315
          ],
          [
            51.532795344802,
            43.244146955045196
          ],
          [
            51.53289400338223,
            43.24403396617607
          ],
          [
            51.53299266196246,
            43.24392097730694
          ],
          [
            51.5330913205427,
            43.243807988437815
          ],
          [
            51.53318997912292,
            43.24369499956868
          ],
          [
            51.53328863770316,
            43.24358201069956
          ],
          [
            51.533387296283394,
            43.243469021830435
          ],
          [
            51.53348595486362,
            43.243356032961316
          ],
          [
            51.53358461344385,
            43.24324304409218
          ],
          [
            51.53368327202409,
            43.243130055223055
          ],
          [
            51.53378193060431,
            43.24301706635393
          ],
          [
            51.53388058918456,
            43.24290407748481
          ],
          [
            51.5339792477648,
            43.242791088615675
          ],
          [
            51.534077906345026,
            43.242678099746556
          ],
          [
            51.534176564925254,
            43.24256511087743
          ],
          [
            51.53427522350549,
            43.242452122008295
          ],
          [
            51.53437388208572,
            43.24233913313917
          ],
          [
            51.53447254066596,
            43.24222614427005
          ],
          [
            51.53457119924619,
            43.24211315540092
          ],
          [
            51.53466985782642,
            43.242000166531795
          ],
          [
            51.53476851640665,
            43.24188717766266
          ],
          [
            51.53486717498688,
            43.24177418879354
          ],
          [
            51.534965833567114,
            43.24166119992441
          ],
          [
            51.53506449214735,
            43.24154821105529
          ],
          [
            51.535163150727584,
            43.24143522218616
          ],
          [
            51.53526180930781,
            43.241322233317035
          ],
          [
            51.53536046788804,
            43.24120924444791
          ],
          [
            51.53545912646828,
            43.24109625557878
          ],
          [
            51.53555778504851,
            43.240983266709655
          ],
          [
            51.535656443628746,
            43.24087027784053
          ],
          [
            51.53575510220898,
            43.24075728897141
          ],
          [
            51.535853760789216,
            43.24064430010228
          ],
          [
            51.53595241936944,
            43.240531311233156
          ],
          [
            51.53605107794968,
            43.24041832236402
          ],
          [
            51.53614973652991,
            43.240305333494895
          ],
          [
            51.53624839511014,
            43.240192344625775
          ],
          [
            51.53634705369038,
            43.24007935575664
          ],
          [
            51.536445712270606,
            43.23996636688752
          ],
          [
            51.53654437085084,
            43.23985337801839
          ],
          [
            51.536643029431076,
            43.23974038914927
          ],
          [
            51.536741688011304,
            43.239627400280135
          ],
          [
            51.53684034659154,
            43.239514411411015
          ],
          [
            51.536939005171774,
            43.23940142254189
          ],
          [
            51.53703766375201,
            43.23928843367276
          ],
          [
            51.53713632233223,
            43.239175444803635
          ],
          [
            51.53723498091247,
            43.2390624559345
          ],
          [
            51.5373336394927,
            43.238949467065375
          ],
          [
            51.537432298072936,
            43.23883647819626
          ],
          [
            51.53753095665317,
            43.23872348932713
          ],
          [
            51.5376296152334,
            43.23861050045801
          ],
          [
            51.53772827381362,
            43.23849751158887
          ],
          [
            51.53782693239386,
            43.23838452271975
          ],
          [
            51.5379255909741,
            43.23827153385063
          ],
          [
            51.538024249554326,
            43.2381585449815
          ],
          [
            51.53812290813457,
            43.238045556112375
          ],
          [
            51.5382215667148,
            43.23793256724325
          ],
          [
            51.538320225295024,
            43.237819578374115
          ],
          [
            51.538418883875266,
            43.237706589504995
          ],
          [
            51.5385175424555,
            43.23759360063587
          ],
          [
            51.53861620103573,
            43.23748061176674
          ],
          [
            51.53871485961597,
            43.237367622897615
          ],
          [
            51.53881351819619,
            43.23725463402849
          ],
          [
            51.53891217677642,
            43.23714164515936
          ],
          [
            51.53901083535666,
            43.23702865629023
          ],
          [
            51.5391094939369,
            43.23691566742111
          ],
          [
            51.539208152517126,
            43.23680267855198
          ],
          [
            51.53930681109737,
            43.236689689682855
          ],
          [
            51.53940546967759,
            43.23657670081373
          ],
          [
            51.53950412825782,
            43.23646371194461
          ],
          [
            51.53960278683806,
            43.236350723075475
          ],
          [
            51.53970144541829,
            43.236237734206355
          ],
          [
            51.539800103998516,
            43.23612474533723
          ],
          [
            51.539898762578765,
            43.2360117564681
          ],
          [
            51.53999742115898,
            43.23589876759897
          ],
          [
            51.540096079739214,
            43.23578577872984
          ],
          [
            51.54019473831946,
            43.235672789860715
          ],
          [
            51.54029339689969,
            43.235559800991595
          ],
          [
            51.54039205547991,
            43.23544681212246
          ],
          [
            51.54049071406016,
            43.235333823253335
          ],
          [
            51.54058937264038,
            43.235220834384215
          ],
          [
            51.54068803122062,
            43.23510784551509
          ],
          [
            51.54078668980086,
            43.234994856645955
          ],
          [
            51.54088534838109,
            43.23488186777683
          ],
          [
            51.54098400696132,
            43.23476887890771
          ],
          [
            51.54108266554155,
            43.234655890038574
          ],
          [
            51.54118132412178,
            43.234542901169455
          ],
          [
            51.541279982702015,
            43.23442991230033
          ],
          [
            51.54137864128224,
            43.23431692343121
          ],
          [
            51.54147729986248,
            43.234203934562075
          ],
          [
            51.54157595844271,
            43.23409094569295
          ],
          [
            51.54167461702294,
            43.23397795682382
          ],
          [
            51.54177327560318,
            43.233864967954695
          ],
          [
            51.54187193418341,
            43.23375197908557
          ],
          [
            51.54197059276364,
            43.23363899021645
          ],
          [
            51.542069251343875,
            43.23352600134732
          ],
          [
            51.5421679099241,
            43.233413012478195
          ],
          [
            51.54226656850435,
            43.23330002360906
          ],
          [
            51.542365227084574,
            43.233187034739935
          ],
          [
            51.5424638856648,
            43.23307404587081
          ],
          [
            51.542562544245044,
            43.23296105700169
          ],
          [
            51.54266120282528,
            43.23284806813256
          ],
          [
            51.54275986140551,
            43.232735079263435
          ],
          [
            51.54285851998575,
            43.2326220903943
          ],
          [
            51.54295717856597,
            43.232509101525174
          ],
          [
            51.54305583714621,
            43.23239611265606
          ],
          [
            51.54315449572644,
            43.23228312378693
          ],
          [
            51.54325315430667,
            43.2321701349178
          ],
          [
            51.5433518128869,
            43.23205714604867
          ],
          [
            51.54345047146714,
            43.23194415717955
          ],
          [
            51.54354913004737,
            43.231831168310414
          ],
          [
            51.5436477886276,
            43.2317181794413
          ],
          [
            51.54374644720784,
            43.23160519057217
          ],
          [
            51.543845105788066,
            43.23149220170305
          ],
          [
            51.543943764368294,
            43.231379212833914
          ],
          [
            51.544042422948536,
            43.23126622396479
          ],
          [
            51.544141081528764,
            43.23115323509566
          ],
          [
            51.544239740109,
            43.23104024622654
          ],
          [
            51.544338398689234,
            43.230927257357415
          ],
          [
            51.54443705726946,
            43.23081426848828
          ],
          [
            51.54453571584969,
            43.230701279619154
          ],
          [
            51.54463437442994,
            43.230588290750035
          ],
          [
            51.54473303301016,
            43.2304753018809
          ],
          [
            51.5448316915904,
            43.23036231301178
          ],
          [
            51.54493035017063,
            43.230249324142655
          ],
          [
            51.54502900875086,
            43.23013633527352
          ],
          [
            51.545127667331094,
            43.230023346404394
          ],
          [
            51.54522632591133,
            43.22991035753527
          ],
          [
            51.54532498449156,
            43.229797368666155
          ],
          [
            51.54542364307179,
            43.229684379797014
          ],
          [
            51.545522301652035,
            43.2295713909279
          ],
          [
            51.545620960232256,
            43.22945840205877
          ],
          [
            51.54571961881249,
            43.22934541318964
          ],
          [
            51.545818277392726,
            43.229232424320514
          ],
          [
            51.545916935972954,
            43.229119435451395
          ],
          [
            51.54601559455318,
            43.22900644658227
          ],
          [
            51.546114253133425,
            43.22889345771314
          ],
          [
            51.54621291171365,
            43.22878046884401
          ],
          [
            51.54631157029388,
            43.22866747997488
          ],
          [
            51.54641022887412,
            43.228554491105754
          ],
          [
            51.54650888745435,
            43.22844150223663
          ],
          [
            51.546607546034586,
            43.2283285133675
          ],
          [
            51.54670620461482,
            43.228215524498374
          ],
          [
            51.54680486319505,
            43.22810253562925
          ],
          [
            51.54690352177529,
            43.22798954676012
          ],
          [
            51.54700218035552,
            43.22787655789101
          ],
          [
            51.547100838935755,
            43.227763569021874
          ],
          [
            51.54719949751598,
            43.22765058015275
          ],
          [
            51.547298156096225,
            43.227537591283614
          ],
          [
            51.547396814676446,
            43.227424602414494
          ],
          [
            51.547495473256674,
            43.22731161354536
          ],
          [
            51.54759413183691,
            43.22719862467624
          ],
          [
            51.547692790417145,
            43.227085635807114
          ],
          [
            51.54779144899738,
            43.22697264693799
          ],
          [
            51.547890107577615,
            43.22685965806886
          ],
          [
            51.54798876615785,
            43.226746669199734
          ],
          [
            51.54808742473807,
            43.22663368033061
          ],
          [
            51.54818608331831,
            43.22652069146149
          ],
          [
            51.54828474189855,
            43.22640770259236
          ],
          [
            51.54838340047877,
            43.22629471372323
          ],
          [
            51.548482059059005,
            43.2261817248541
          ],
          [
            51.54858071763923,
            43.22606873598498
          ],
          [
            51.54867937621947,
            43.22595574711585
          ],
          [
            51.5487780347997,
            43.22584275824673
          ],
          [
            51.54887669337994,
            43.2257297693776
          ],
          [
            51.54897535196017,
            43.22561678050847
          ],
          [
            51.5490740105404,
            43.22550379163935
          ],
          [
            51.54917266912064,
            43.225390802770214
          ],
          [
            51.54927132770087,
            43.22527781390109
          ],
          [
            51.54936998628111,
            43.22516482503197
          ],
          [
            51.54946864486134,
            43.22505183616285
          ],
          [
            51.54956730344157,
            43.224938847293714
          ],
          [
            51.549665962021805,
            43.224825858424595
          ],
          [
            51.54976462060203,
            43.224712869555454
          ],
          [
            51.54986327918227,
            43.22459988068634
          ],
          [
            51.549961937762504,
            43.22448689181721
          ],
          [
            51.55006059634273,
            43.22437390294809
          ],
          [
            51.55015925492296,
            43.224260914078954
          ],
          [
            51.5502579135032,
            43.224147925209834
          ],
          [
            51.55035657208342,
            43.2240349363407
          ],
          [
            51.55045523066366,
            43.22392194747158
          ],
          [
            51.55055388924389,
            43.223808958602454
          ],
          [
            51.55065254782413,
            43.22369596973333
          ],
          [
            51.55075120640436,
            43.2235829808642
          ],
          [
            51.5508498649846,
            43.223469991995074
          ],
          [
            51.550948523564834,
            43.22335700312594
          ],
          [
            51.55104718214506,
            43.22324401425682
          ],
          [
            51.55114584072528,
            43.223131025387694
          ],
          [
            51.55124449930553,
            43.22301803651857
          ],
          [
            51.551343157885746,
            43.22290504764945
          ],
          [
            51.551441816465996,
            43.222792058780314
          ],
          [
            51.551540475046224,
            43.222679069911194
          ],
          [
            51.55163913362646,
            43.22256608104206
          ],
          [
            51.55173779220669,
            43.22245309217294
          ],
          [
            51.55183645078693,
            43.2223401033038
          ],
          [
            51.55193510936716,
            43.22222711443469
          ],
          [
            51.552033767947385,
            43.222114125565554
          ],
          [
            51.55213242652762,
            43.222001136696434
          ],
          [
            51.552231085107856,
            43.22188814782731
          ],
          [
            51.55232974368808,
            43.221775158958174
          ],
          [
            51.55242840226832,
            43.221662170089054
          ],
          [
            51.55252706084855,
            43.22154918121993
          ],
          [
            51.55262571942878,
            43.221436192350794
          ],
          [
            51.55272437800902,
            43.221323203481674
          ],
          [
            51.552823036589245,
            43.22121021461255
          ],
          [
            51.55292169516947,
            43.22109722574342
          ],
          [
            51.553020353749716,
            43.220984236874294
          ],
          [
            51.553119012329944,
            43.22087124800517
          ],
          [
            51.553217670910186,
            43.22075825913603
          ],
          [
            51.55331632949043,
            43.220645270266914
          ],
          [
            51.55341498807065,
            43.22053228139779
          ],
          [
            51.55351364665088,
            43.22041929252866
          ],
          [
            51.55361230523112,
            43.22030630365954
          ],
          [
            51.55371096381135,
            43.2201933147904
          ],
          [
            51.553809622391576,
            43.22008032592129
          ],
          [
            51.55390828097181,
            43.219967337052154
          ],
          [
            51.55400693955204,
            43.219854348183034
          ],
          [
            51.55410559813228,
            43.2197413593139
          ],
          [
            51.55420425671251,
            43.21962837044478
          ],
          [
            51.55430291529274,
            43.21951538157565
          ],
          [
            51.55440157387298,
            43.21940239270653
          ],
          [
            51.55450023245321,
            43.2192894038374
          ],
          [
            51.55459889103344,
            43.219176414968274
          ],
          [
            51.554697549613664,
            43.21906342609915
          ],
          [
            51.554796208193906,
            43.21895043723001
          ],
          [
            51.554894866774134,
            43.21883744836089
          ],
          [
            51.55499352535437,
            43.21872445949177
          ],
          [
            51.555092183934605,
            43.21861147062264
          ],
          [
            51.55519084251483,
            43.218498481753514
          ],
          [
            51.555289501095075,
            43.21838549288438
          ],
          [
            51.555388159675296,
            43.21827250401525
          ],
          [
            51.55548681825553,
            43.218159515146134
          ],
          [
            51.55558547683577,
            43.21804652627701
          ],
          [
            51.55568413541601,
            43.21793353740789
          ],
          [
            51.55578279399623,
            43.217820548538754
          ],
          [
            51.55588145257647,
            43.21770755966963
          ],
          [
            51.5559801111567,
            43.2175945708005
          ],
          [
            51.55607876973693,
            43.21748158193138
          ],
          [
            51.55617742831716,
            43.21736859306225
          ],
          [
            51.556276086897405,
            43.21725560419313
          ],
          [
            51.55637474547763,
            43.21714261532399
          ],
          [
            51.55647340405787,
            43.21702962645487
          ],
          [
            51.5565720626381,
            43.21691663758574
          ],
          [
            51.556670721218325,
            43.21680364871663
          ],
          [
            51.55676937979856,
            43.2166906598475
          ],
          [
            51.556868038378795,
            43.21657767097836
          ],
          [
            51.55696669695902,
            43.21646468210924
          ],
          [
            51.55706535553926,
            43.21635169324011
          ],
          [
            51.55716401411949,
            43.21623870437099
          ],
          [
            51.55726267269973,
            43.21612571550186
          ],
          [
            51.55736133127995,
            43.21601272663274
          ],
          [
            51.5574599898602,
            43.21589973776361
          ],
          [
            51.55755864844042,
            43.21578674889448
          ],
          [
            51.55765730702065,
            43.21567376002535
          ],
          [
            51.55775596560089,
            43.215560771156234
          ],
          [
            51.557854624181125,
            43.2154477822871
          ],
          [
            51.55795328276136,
            43.21533479341797
          ],
          [
            51.558051941341596,
            43.21522180454885
          ],
          [
            51.55815059992182,
            43.21510881567972
          ],
          [
            51.55824925850205,
            43.21499582681059
          ],
          [
            51.55834791708229,
            43.21488283794148
          ],
          [
            51.55844657566252,
            43.21476984907235
          ],
          [
            51.55854523424275,
            43.21465686020322
          ],
          [
            51.55864389282299,
            43.21454387133409
          ],
          [
            51.55874255140321,
            43.21443088246496
          ],
          [
            51.55884120998345,
            43.21431789359583
          ],
          [
            51.55893986856369,
            43.214204904726714
          ],
          [
            51.55903852714392,
            43.21409191585759
          ],
          [
            51.55913718572414,
            43.21397892698845
          ],
          [
            51.55923584430438,
            43.21386593811933
          ],
          [
            51.55933450288461,
            43.2137529492502
          ],
          [
            51.559433161464845,
            43.21363996038107
          ],
          [
            51.55953182004507,
            43.21352697151195
          ],
          [
            51.55963047862531,
            43.213413982642834
          ],
          [
            51.559729137205544,
            43.2133009937737
          ],
          [
            51.559827795785786,
            43.21318800490457
          ],
          [
            51.55992645436601,
            43.21307501603544
          ],
          [
            51.56002511294625,
            43.21296202716633
          ],
          [
            51.56012377152648,
            43.2128490382972
          ],
          [
            51.56022243010671,
            43.21273604942807
          ],
          [
            51.56032108868694,
            43.21262306055894
          ],
          [
            51.560419747267176,
            43.21251007168981
          ],
          [
            51.560518405847404,
            43.21239708282069
          ],
          [
            51.560617064427646,
            43.21228409395157
          ],
          [
            51.560715723007874,
            43.21217110508244
          ],
          [
            51.56081438158811,
            43.212058116213306
          ],
          [
            51.56091304016834,
            43.21194512734419
          ],
          [
            51.56101169874857,
            43.21183213847505
          ],
          [
            51.5611103573288,
            43.211719149605926
          ],
          [
            51.561209015909036,
            43.21160616073681
          ],
          [
            51.56130767448927,
            43.21149317186769
          ],
          [
            51.561406333069506,
            43.21138018299855
          ],
          [
            51.561504991649734,
            43.21126719412943
          ],
          [
            51.56160365022997,
            43.2111542052603
          ],
          [
            51.5617023088102,
            43.21104121639117
          ],
          [
            51.561800967390425,
            43.21092822752205
          ],
          [
            51.56189962597067,
            43.21081523865293
          ],
          [
            51.561998284550896,
            43.21070224978379
          ],
          [
            51.56209694313113,
            43.210589260914674
          ],
          [
            51.56219560171137,
            43.21047627204554
          ],
          [
            51.562294260291594,
            43.21036328317642
          ],
          [
            51.56239291887183,
            43.21025029430729
          ],
          [
            51.562491577452064,
            43.21013730543817
          ],
          [
            51.5625902360323,
            43.21002431656904
          ],
          [
            51.56268889461252,
            43.20991132769991
          ],
          [
            51.56278755319276,
            43.20979833883079
          ],
          [
            51.56288621177299,
            43.20968534996166
          ],
          [
            51.562984870353226,
            43.20957236109253
          ],
          [
            51.56308352893346,
            43.20945937222341
          ],
          [
            51.56318218751369,
            43.20934638335428
          ],
          [
            51.56328084609392,
            43.20923339448515
          ],
          [
            51.56337950467416,
            43.20912040561602
          ],
          [
            51.56347816325439,
            43.2090074167469
          ],
          [
            51.563576821834616,
            43.20889442787777
          ],
          [
            51.56367548041486,
            43.208781439008646
          ],
          [
            51.563774138995086,
            43.20866845013952
          ],
          [
            51.563872797575314,
            43.208555461270386
          ],
          [
            51.563971456155556,
            43.20844247240127
          ],
          [
            51.564070114735785,
            43.20832948353214
          ],
          [
            51.56416877331602,
            43.20821649466302
          ],
          [
            51.56426743189626,
            43.20810350579389
          ],
          [
            51.56436609047649,
            43.20799051692477
          ],
          [
            51.56446474905672,
            43.20787752805563
          ],
          [
            51.56456340763695,
            43.20776453918651
          ],
          [
            51.56466206621718,
            43.20765155031739
          ],
          [
            51.56476072479742,
            43.20753856144826
          ],
          [
            51.56485938337765,
            43.20742557257913
          ],
          [
            51.56495804195788,
            43.20731258371001
          ],
          [
            51.56505670053811,
            43.20719959484087
          ],
          [
            51.56515535911835,
            43.20708660597175
          ],
          [
            51.565254017698585,
            43.20697361710263
          ],
          [
            51.56535267627881,
            43.2068606282335
          ],
          [
            51.56545133485905,
            43.20674763936437
          ],
          [
            51.56554999343928,
            43.206634650495246
          ],
          [
            51.565648652019505,
            43.20652166162612
          ],
          [
            51.56574731059974,
            43.20640867275699
          ],
          [
            51.565845969179975,
            43.20629568388787
          ],
          [
            51.56594462776021,
            43.20618269501874
          ],
          [
            51.566043286340445,
            43.20606970614961
          ],
          [
            51.56614194492067,
            43.205956717280486
          ],
          [
            51.5662406035009,
            43.20584372841137
          ],
          [
            51.566339262081144,
            43.20573073954224
          ],
          [
            51.56643792066137,
            43.205617750673106
          ],
          [
            51.56653657924161,
            43.20550476180399
          ],
          [
            51.56663523782184,
            43.20539177293486
          ],
          [
            51.56673389640207,
            43.205278784065726
          ],
          [
            51.566832554982305,
            43.205165795196606
          ],
          [
            51.56693121356254,
            43.20505280632749
          ],
          [
            51.567029872142776,
            43.20493981745835
          ],
          [
            51.567128530723004,
            43.204826828589226
          ],
          [
            51.56722718930324,
            43.2047138397201
          ],
          [
            51.56732584788347,
            43.20460085085097
          ],
          [
            51.5674245064637,
            43.204487861981846
          ],
          [
            51.56752316504394,
            43.20437487311273
          ],
          [
            51.56762182362417,
            43.20426188424359
          ],
          [
            51.56772048220439,
            43.204148895374466
          ],
          [
            51.567819140784636,
            43.20403590650534
          ],
          [
            51.567917799364864,
            43.20392291763622
          ],
          [
            51.5680164579451,
            43.203809928767086
          ],
          [
            51.56811511652533,
            43.203696939897966
          ],
          [
            51.56821377510556,
            43.20358395102883
          ],
          [
            51.56831243368579,
            43.203470962159706
          ],
          [
            51.56841109226603,
            43.20335797329058
          ],
          [
            51.56850975084625,
            43.20324498442146
          ],
          [
            51.568608409426496,
            43.20313199555234
          ],
          [
            51.56870706800673,
            43.203019006683206
          ],
          [
            51.568805726586966,
            43.20290601781408
          ],
          [
            51.568904385167194,
            43.20279302894495
          ],
          [
            51.56900304374743,
            43.202680040075826
          ],
          [
            51.56910170232766,
            43.2025670512067
          ],
          [
            51.56920036090789,
            43.20245406233757
          ],
          [
            51.56929901948813,
            43.202341073468446
          ],
          [
            51.569397678068356,
            43.20222808459932
          ],
          [
            51.569496336648584,
            43.202115095730186
          ],
          [
            51.569594995228826,
            43.202002106861066
          ],
          [
            51.569693653809054,
            43.20188911799194
          ],
          [
            51.56979231238929,
            43.20177612912282
          ],
          [
            51.569890970969524,
            43.201663140253686
          ],
          [
            51.56998962954976,
            43.20155015138456
          ],
          [
            51.57008828812998,
            43.20143716251543
          ],
          [
            51.570186946710216,
            43.20132417364631
          ],
          [
            51.57028560529045,
            43.201211184777186
          ],
          [
            51.57038426387068,
            43.20109819590806
          ],
          [
            51.57048292245092,
            43.20098520703893
          ],
          [
            51.570581581031156,
            43.2008722181698
          ],
          [
            51.57068023961138,
            43.20075922930067
          ],
          [
            51.57077889819162,
            43.20064624043155
          ],
          [
            51.570877556771855,
            43.200533251562426
          ],
          [
            51.57097621535208,
            43.2004202626933
          ],
          [
            51.57107487393232,
            43.200307273824166
          ],
          [
            51.57117353251255,
            43.200194284955046
          ],
          [
            51.57127219109278,
            43.20008129608591
          ],
          [
            51.571370849673016,
            43.19996830721679
          ],
          [
            51.571469508253244,
            43.199855318347666
          ],
          [
            51.57156816683348,
            43.19974232947854
          ],
          [
            51.571666825413715,
            43.19962934060941
          ],
          [
            51.57176548399395,
            43.19951635174028
          ],
          [
            51.57186414257417,
            43.19940336287116
          ],
          [
            51.571962801154406,
            43.19929037400203
          ],
          [
            51.57206145973464,
            43.19917738513291
          ],
          [
            51.57216011831487,
            43.19906439626378
          ],
          [
            51.57225877689511,
            43.19895140739465
          ],
          [
            51.57235743547534,
            43.198838418525526
          ],
          [
            51.57245609405557,
            43.198725429656406
          ],
          [
            51.5725547526358,
            43.19861244078728
          ],
          [
            51.57265341121604,
            43.19849945191815
          ],
          [
            51.572752069796266,
            43.198386463049026
          ],
          [
            51.572850728376515,
            43.198273474179906
          ],
          [
            51.57294938695673,
            43.19816048531077
          ],
          [
            51.573048045536964,
            43.198047496441646
          ],
          [
            51.57314670411721,
            43.19793450757252
          ],
          [
            51.573245362697435,
            43.19782151870339
          ],
          [
            51.57334402127767,
            43.19770852983427
          ],
          [
            51.573442679857905,
            43.19759554096514
          ],
          [
            51.57354133843813,
            43.19748255209601
          ],
          [
            51.57363999701836,
            43.197369563226886
          ],
          [
            51.5737386555986,
            43.197256574357766
          ],
          [
            51.57383731417883,
            43.19714358548863
          ],
          [
            51.57393597275906,
            43.197030596619506
          ],
          [
            51.5740346313393,
            43.19691760775038
          ],
          [
            51.57413328991953,
            43.19680461888125
          ],
          [
            51.57423194849976,
            43.196691630012126
          ],
          [
            51.57433060707999,
            43.196578641143006
          ],
          [
            51.57442926566023,
            43.19646565227387
          ],
          [
            51.574527924240456,
            43.19635266340475
          ],
          [
            51.5746265828207,
            43.196239674535626
          ],
          [
            51.57472524140092,
            43.19612668566649
          ],
          [
            51.574823899981155,
            43.19601369679737
          ],
          [
            51.57492255856139,
            43.195900707928246
          ],
          [
            51.57502121714163,
            43.19578771905912
          ],
          [
            51.57511987572185,
            43.19567473018999
          ],
          [
            51.575218534302095,
            43.19556174132086
          ],
          [
            51.57531719288233,
            43.19544875245173
          ],
          [
            51.57541585146256,
            43.19533576358261
          ],
          [
            51.575514510042794,
            43.195222774713486
          ],
          [
            51.57561316862303,
            43.19510978584436
          ],
          [
            51.57571182720325,
            43.19499679697523
          ],
          [
            51.57581048578349,
            43.194883808106106
          ],
          [
            51.57590914436372,
            43.19477081923698
          ],
          [
            51.576007802943955,
            43.19465783036786
          ],
          [
            51.57610646152418,
            43.194544841498725
          ],
          [
            51.576205120104426,
            43.1944318526296
          ],
          [
            51.57630377868465,
            43.19431886376047
          ],
          [
            51.57640243726489,
            43.194205874891345
          ],
          [
            51.57650109584512,
            43.194092886022226
          ],
          [
            51.57659975442535,
            43.1939798971531
          ],
          [
            51.57669841300558,
            43.193866908283965
          ],
          [
            51.576797071585816,
            43.19375391941484
          ],
          [
            51.576895730166044,
            43.19364093054572
          ],
          [
            51.57699438874628,
            43.19352794167659
          ],
          [
            51.577093047326514,
            43.193414952807466
          ],
          [
            51.57719170590674,
            43.19330196393834
          ],
          [
            51.577290364486984,
            43.19318897506921
          ],
          [
            51.57738902306722,
            43.193075986200085
          ],
          [
            51.57748768164744,
            43.19296299733096
          ],
          [
            51.57758634022768,
            43.192850008461825
          ],
          [
            51.57768499880791,
            43.192737019592705
          ],
          [
            51.577783657388146,
            43.19262403072358
          ],
          [
            51.577882315968374,
            43.19251104185445
          ],
          [
            51.577980974548616,
            43.192398052985325
          ],
          [
            51.57807963312884,
            43.1922850641162
          ],
          [
            51.57817829170907,
            43.192172075247065
          ],
          [
            51.5782769502893,
            43.19205908637795
          ],
          [
            51.57837560886954,
            43.19194609750882
          ],
          [
            51.57847426744978,
            43.1918331086397
          ],
          [
            51.578572926030006,
            43.191720119770565
          ],
          [
            51.57867158461023,
            43.191607130901446
          ],
          [
            51.57877024319047,
            43.19149414203231
          ],
          [
            51.578868901770704,
            43.19138115316319
          ],
          [
            51.57896756035093,
            43.191268164294065
          ],
          [
            51.57906621893117,
            43.19115517542494
          ],
          [
            51.5791648775114,
            43.19104218655581
          ],
          [
            51.57926353609163,
            43.190929197686685
          ],
          [
            51.579362194671866,
            43.190816208817566
          ],
          [
            51.5794608532521,
            43.19070321994843
          ],
          [
            51.57955951183233,
            43.190590231079305
          ],
          [
            51.579658170412564,
            43.19047724221018
          ],
          [
            51.5797568289928,
            43.19036425334105
          ],
          [
            51.57985548757303,
            43.19025126447192
          ],
          [
            51.57995414615327,
            43.190138275602806
          ],
          [
            51.5800528047335,
            43.19002528673367
          ],
          [
            51.58015146331373,
            43.18991229786455
          ],
          [
            51.58025012189396,
            43.18979930899542
          ],
          [
            51.580348780474196,
            43.1896863201263
          ],
          [
            51.58044545496084,
            43.18956906068037
          ],
          [
            51.580540731067465,
            43.189448791351616
          ],
          [
            51.580635312419375,
            43.18932702662797
          ],
          [
            51.58072985074568,
            43.189205169295725
          ],
          [
            51.58082494587933,
            43.189084510439436
          ],
          [
            51.58092114575705,
            43.188966229442
          ],
          [
            51.581018946419455,
            43.18885139398459
          ],
          [
            51.58111879201094,
            43.18874096004671
          ],
          [
            51.581221074779705,
            43.18863577190612
          ],
          [
            51.581326135077816,
            43.18853656213894
          ],
          [
            51.58143426136114,
            43.18844395161956
          ],
          [
            51.58154569018933,
            43.1883584495207
          ],
          [
            51.58166060622591,
            43.18828045331334
          ],
          [
            51.58177914223822,
            43.188210248766836
          ],
          [
            51.581901379097374,
            43.18814800994877
          ],
          [
            51.582027345778386,
            43.18809379922508
          ],
          [
            51.58215701936001,
            43.188047567259986
          ],
          [
            51.582290325024864,
            43.18800915301604
          ],
          [
            51.58242713605938,
            43.18797828375405
          ],
          [
            51.58256727385381,
            43.187954575033174
          ],
          [
            51.582710507902235,
            43.187937530710855
          ],
          [
            51.58285655580254,
            43.18792654294284
          ],
          [
            51.583005083256445,
            43.187920892183186
          ],
          [
            51.58315570406948,
            43.18791974718424
          ],
          [
            51.58330798015101,
            43.187922164996685
          ],
          [
            51.58346142151422,
            43.187927090969474
          ],
          [
            51.583615486276095,
            43.187933358749866
          ],
          [
            51.58376958065745,
            43.187939690283464
          ],
          [
            51.58392305898293,
            43.18794469581414
          ],
          [
            51.584075223681026,
            43.187946873884066
          ],
          [
            51.58422532528399,
            43.18794461133375
          ],
          [
            51.58437530399566,
            43.18794208427137
          ],
          [
            51.58452528270733,
            43.18793955720899
          ],
          [
            51.58467526141901,
            43.18793703014662
          ],
          [
            51.584825240130684,
            43.18793450308425
          ],
          [
            51.58497521884236,
            43.187931976021886
          ],
          [
            51.58512519755404,
            43.187929448959515
          ],
          [
            51.585275176265704,
            43.187926921897144
          ],
          [
            51.58542515497739,
            43.18792439483477
          ],
          [
            51.58557513368906,
            43.1879218677724
          ],
          [
            51.58572511240074,
            43.18791934071003
          ],
          [
            51.58587509111241,
            43.18791681364766
          ],
          [
            51.58602506982409,
            43.18791428658529
          ],
          [
            51.586175048535765,
            43.18791175952292
          ],
          [
            51.58632502724744,
            43.18790923246055
          ],
          [
            51.58647500595911,
            43.18790670539818
          ],
          [
            51.586624984670784,
            43.187904178335806
          ],
          [
            51.58677496338246,
            43.18790165127343
          ],
          [
            51.586924942094136,
            43.187899124211064
          ],
          [
            51.58707492080582,
            43.187896597148686
          ],
          [
            51.58722489951748,
            43.18789407008632
          ],
          [
            51.58737487822917,
            43.18789154302395
          ],
          [
            51.58752485694084,
            43.18788901596158
          ],
          [
            51.58767483565251,
            43.18788648889921
          ],
          [
            51.58782481436418,
            43.18788396183683
          ],
          [
            51.587974793075865,
            43.18788143477446
          ],
          [
            51.58812477178754,
            43.1878789077121
          ],
          [
            51.58827475049922,
            43.187876380649726
          ],
          [
            51.588424729210885,
            43.187873853587355
          ],
          [
            51.58857470792256,
            43.187871326524984
          ],
          [
            51.58872468663424,
            43.18786879946261
          ],
          [
            51.58887466534591,
            43.187866272400235
          ],
          [
            51.58902464405759,
            43.18786374533787
          ],
          [
            51.589174622769264,
            43.1878612182755
          ],
          [
            51.58932460148094,
            43.18785869121313
          ],
          [
            51.58947458019262,
            43.187856164150766
          ],
          [
            51.5896245589043,
            43.18785363708838
          ],
          [
            51.589774537615966,
            43.18785111002602
          ],
          [
            51.58992451632765,
            43.187848582963646
          ],
          [
            51.59007449503932,
            43.187846055901275
          ],
          [
            51.59022447375099,
            43.187843528838904
          ],
          [
            51.59037445246267,
            43.187841001776526
          ],
          [
            51.59052443117435,
            43.18783847471416
          ],
          [
            51.59067440988602,
            43.18783594765179
          ],
          [
            51.590824388597696,
            43.18783342058942
          ],
          [
            51.59097436730938,
            43.18783089352704
          ],
          [
            51.59112434602105,
            43.18782836646468
          ],
          [
            51.59127432473273,
            43.1878258394023
          ],
          [
            51.5914243034444,
            43.18782331233994
          ],
          [
            51.591574282156074,
            43.187820785277566
          ],
          [
            51.59172426086774,
            43.18781825821519
          ],
          [
            51.59187423957943,
            43.187815731152824
          ],
          [
            51.592024218291094,
            43.187813204090446
          ],
          [
            51.59217419700277,
            43.18781067702808
          ],
          [
            51.59232417571445,
            43.187808149965704
          ],
          [
            51.59247415442613,
            43.18780562290334
          ],
          [
            51.59262413313779,
            43.18780309584097
          ],
          [
            51.59277411184948,
            43.1878005687786
          ],
          [
            51.59292409056115,
            43.18779804171622
          ],
          [
            51.59307406927282,
            43.18779551465386
          ],
          [
            51.5932240479845,
            43.187792987591486
          ],
          [
            51.59337402669617,
            43.187790460529115
          ],
          [
            51.59352400540786,
            43.187787933466744
          ],
          [
            51.59367398411952,
            43.18778540640437
          ],
          [
            51.593823962831195,
            43.187782879342
          ],
          [
            51.59397394154287,
            43.18778035227963
          ],
          [
            51.59412392025455,
            43.18777782521726
          ],
          [
            51.594273898966215,
            43.18777529815489
          ],
          [
            51.5944238776779,
            43.18777277109252
          ],
          [
            51.59457385638957,
            43.18777024403015
          ],
          [
            51.594723835101256,
            43.18776771696778
          ],
          [
            51.59487381381292,
            43.187765189905406
          ],
          [
            51.5950237925246,
            43.187762662843035
          ],
          [
            51.595173771236276,
            43.187760135780664
          ],
          [
            51.59532374994795,
            43.18775760871829
          ],
          [
            51.595473728659634,
            43.187755081655915
          ],
          [
            51.595623707371296,
            43.18775255459356
          ],
          [
            51.59577368608298,
            43.18775002753118
          ],
          [
            51.595923664794654,
            43.18774750046881
          ],
          [
            51.59607364350633,
            43.18774497340644
          ],
          [
            51.596223622218,
            43.18774244634407
          ],
          [
            51.59637360092968,
            43.1877399192817
          ],
          [
            51.59652357964136,
            43.18773739221932
          ],
          [
            51.59667355835303,
            43.187734865156955
          ],
          [
            51.59682353706471,
            43.187732338094584
          ],
          [
            51.596973515776384,
            43.18772981103221
          ],
          [
            51.59712349448805,
            43.18772728396984
          ],
          [
            51.597273473199735,
            43.18772475690748
          ],
          [
            51.59742345191141,
            43.18772222984509
          ],
          [
            51.597573430623086,
            43.18771970278273
          ],
          [
            51.59772340933476,
            43.18771717572036
          ],
          [
            51.59787338804643,
            43.18771464865798
          ],
          [
            51.598023366758106,
            43.18771212159562
          ],
          [
            51.59817334546978,
            43.18770959453324
          ],
          [
            51.59832332418146,
            43.187707067470875
          ],
          [
            51.598473302893126,
            43.1877045404085
          ],
          [
            51.59862328160481,
            43.18770201334613
          ],
          [
            51.598773260316484,
            43.187699486283755
          ],
          [
            51.59892323902815,
            43.18769695922139
          ],
          [
            51.59907321773983,
            43.18769443215902
          ],
          [
            51.59922319645151,
            43.18769190509665
          ],
          [
            51.59937317516318,
            43.18768937803428
          ],
          [
            51.599523153874856,
            43.1876868509719
          ],
          [
            51.59967313258654,
            43.18768432390954
          ],
          [
            51.5998231112982,
            43.187681796847166
          ],
          [
            51.59997309000988,
            43.187679269784795
          ],
          [
            51.60012306872156,
            43.18767674272242
          ],
          [
            51.600273047433234,
            43.18767421566005
          ],
          [
            51.6004230261449,
            43.18767168859768
          ],
          [
            51.60057300485659,
            43.18766916153531
          ],
          [
            51.60072298356826,
            43.18766663447295
          ],
          [
            51.60087296227994,
            43.18766410741057
          ],
          [
            51.60102294099161,
            43.187661580348205
          ],
          [
            51.601172919703295,
            43.187659053285834
          ],
          [
            51.60132289841497,
            43.187656526223456
          ],
          [
            51.601472877126646,
            43.18765399916109
          ],
          [
            51.601622855838315,
            43.18765147209872
          ],
          [
            51.60177283455,
            43.18764894503636
          ],
          [
            51.601922813261666,
            43.18764641797398
          ],
          [
            51.60207279197334,
            43.187643890911616
          ],
          [
            51.602222770685024,
            43.18764136384923
          ],
          [
            51.60237274939669,
            43.18763883678687
          ],
          [
            51.60252272810837,
            43.187636309724496
          ],
          [
            51.602672706820044,
            43.18763378266212
          ],
          [
            51.60282268553172,
            43.187631255599754
          ],
          [
            51.60297266424339,
            43.187628728537376
          ],
          [
            51.60312264295507,
            43.18762620147501
          ],
          [
            51.60327262166675,
            43.187623674412635
          ],
          [
            51.60342260037842,
            43.18762114735027
          ],
          [
            51.60357257909009,
            43.1876186202879
          ],
          [
            51.603722557801774,
            43.18761609322553
          ],
          [
            51.60387253651344,
            43.18761356616316
          ],
          [
            51.60402251522511,
            43.18761103910079
          ],
          [
            51.604172493936794,
            43.187608512038416
          ],
          [
            51.60432247264846,
            43.18760598497604
          ],
          [
            51.60447245136014,
            43.187603457913674
          ],
          [
            51.604622430071814,
            43.1876009308513
          ],
          [
            51.60477240878349,
            43.18759840378893
          ],
          [
            51.604922387495165,
            43.18759587672656
          ],
          [
            51.60507236620685,
            43.18759334966419
          ],
          [
            51.605222344918516,
            43.18759082260182
          ],
          [
            51.6053723236302,
            43.18758829553945
          ],
          [
            51.60552230234187,
            43.18758576847707
          ],
          [
            51.60567228105355,
            43.1875832414147
          ],
          [
            51.60582225976522,
            43.187580714352336
          ],
          [
            51.6059722384769,
            43.18757818728996
          ],
          [
            51.60612221718856,
            43.187575660227594
          ],
          [
            51.606272195900246,
            43.187573133165216
          ],
          [
            51.60642217461192,
            43.18757060610285
          ],
          [
            51.6065721533236,
            43.187568079040474
          ],
          [
            51.60672213203528,
            43.18756555197811
          ],
          [
            51.60687211074695,
            43.18756302491573
          ],
          [
            51.607022089458624,
            43.18756049785337
          ],
          [
            51.6071720681703,
            43.187557970791
          ],
          [
            51.60732204688198,
            43.18755544372863
          ],
          [
            51.60747202559365,
            43.187552916666256
          ],
          [
            51.60762200430533,
            43.187550389603885
          ],
          [
            51.607771983017,
            43.187547862541514
          ],
          [
            51.607921961728685,
            43.18754533547914
          ],
          [
            51.60807194044035,
            43.187542808416765
          ],
          [
            51.60822191915203,
            43.1875402813544
          ],
          [
            51.6083718978637,
            43.18753775429203
          ],
          [
            51.60852187657538,
            43.18753522722966
          ],
          [
            51.60867185528706,
            43.18753270016729
          ],
          [
            51.608821833998725,
            43.18753017310491
          ],
          [
            51.6089718127104,
            43.18752764604255
          ],
          [
            51.609121791422076,
            43.187525118980176
          ],
          [
            51.60927177013376,
            43.187522591917805
          ],
          [
            51.60942174884542,
            43.187520064855434
          ],
          [
            51.6095717275571,
            43.18751753779307
          ],
          [
            51.60972170626877,
            43.187515010730685
          ],
          [
            51.609871684980455,
            43.187512483668314
          ],
          [
            51.61002166369212,
            43.18750995660595
          ],
          [
            51.610171642403806,
            43.18750742954357
          ],
          [
            51.610321621115474,
            43.187504902481216
          ],
          [
            51.61047159982715,
            43.18750237541884
          ],
          [
            51.610621578538826,
            43.18749984835646
          ],
          [
            51.6107715572505,
            43.187497321294096
          ],
          [
            51.61092153596218,
            43.187494794231725
          ],
          [
            51.61107151467385,
            43.187492267169354
          ],
          [
            51.61122149338552,
            43.18748974010698
          ],
          [
            51.611371472097204,
            43.18748721304461
          ],
          [
            51.61152145080888,
            43.18748468598224
          ],
          [
            51.611671429520555,
            43.18748215891987
          ],
          [
            51.61182140823224,
            43.1874796318575
          ],
          [
            51.61197138694391,
            43.18747710479513
          ],
          [
            51.61212136565558,
            43.18747457773275
          ],
          [
            51.61227134436726,
            43.18747205067039
          ],
          [
            51.612421323078934,
            43.187469523608016
          ],
          [
            51.6125713017906,
            43.187466996545645
          ],
          [
            51.61272128050229,
            43.18746446948327
          ],
          [
            51.61287125921396,
            43.1874619424209
          ],
          [
            51.613021237925636,
            43.18745941535853
          ],
          [
            51.61317121663731,
            43.18745688829616
          ],
          [
            51.61332119534899,
            43.18745436123379
          ],
          [
            51.61347117406066,
            43.18745183417141
          ],
          [
            51.61362115277234,
            43.18744930710905
          ],
          [
            51.613771131484015,
            43.18744678004667
          ],
          [
            51.61392111019568,
            43.18744425298431
          ],
          [
            51.614071088907366,
            43.18744172592193
          ],
          [
            51.61422106761904,
            43.187439198859565
          ],
          [
            51.61437104633071,
            43.18743667179719
          ],
          [
            51.614521025042386,
            43.18743414473482
          ],
          [
            51.61467100375406,
            43.18743161767245
          ],
          [
            51.61482098246573,
            43.18742909061008
          ],
          [
            51.61497096117742,
            43.18742656354771
          ],
          [
            51.61512093988909,
            43.18742403648534
          ],
          [
            51.61527091860076,
            43.18742150942297
          ],
          [
            51.61542823776368,
            43.18741922096669
          ],
          [
            51.615595230568104,
            43.18741724695835
          ],
          [
            51.61576768665931,
            43.18741545053766
          ],
          [
            51.61594169852079,
            43.18741370468828
          ],
          [
            51.61611366147424,
            43.187411892237826
          ],
          [
            51.61628027367954,
            43.18740990585787
          ],
          [
            51.616438536134844,
            43.18740764806391
          ],
          [
            51.61658575267643,
            43.18740503121543
          ],
          [
            51.616719529978845,
            43.187401977515826
          ],
          [
            51.61683777755482,
            43.18739841901248
          ],
          [
            51.61693870775529,
            43.1873942975967
          ],
          [
            51.617020835769395,
            43.187389565003755
          ],
          [
            51.61708297962451,
            43.18738418281287
          ],
          [
            51.6171242601862,
            43.1873781224472
          ],
          [
            51.61714410115823,
            43.18737136517389
          ],
          [
            51.617142229082575,
            43.18736390210399
          ],
          [
            51.61711867333943,
            43.18735573419253
          ],
          [
            51.617073766147186,
            43.18734687223848
          ],
          [
            51.617008142562455,
            43.18733733688477
          ],
          [
            51.61692274048005,
            43.18732715861827
          ],
          [
            51.61681880063296,
            43.18731637776979
          ],
          [
            51.61669786659245,
            43.18730504451413
          ],
          [
            51.61656178476794,
            43.18729321887001
          ],
          [
            51.61641270440707,
            43.1872809707001
          ],
          [
            51.61625307759569,
            43.187268379711035
          ],
          [
            51.61608565925785,
            43.18725553545339
          ],
          [
            51.61591350715582,
            43.187242537321694
          ],
          [
            51.61573998189009,
            43.18722949455443
          ],
          [
            51.615568746899314,
            43.187216526234025
          ],
          [
            51.6154037684604,
            43.18720376128686
          ],
          [
            51.61524931568845,
            43.187191338483274
          ],
          [
            51.61509981769648,
            43.187179076738
          ],
          [
            51.61495031970451,
            43.18716681499272
          ],
          [
            51.61480082171254,
            43.18715455324744
          ],
          [
            51.61465132372058,
            43.18714229150218
          ],
          [
            51.61450182572861,
            43.18713002975689
          ],
          [
            51.61435232773665,
            43.18711776801162
          ],
          [
            51.61420282974467,
            43.187105506266334
          ],
          [
            51.61405333175271,
            43.187093244521066
          ],
          [
            51.61390383376073,
            43.18708098277578
          ],
          [
            51.61375433576875,
            43.18706872103051
          ],
          [
            51.61360483777678,
            43.18705645928523
          ],
          [
            51.61345533978482,
            43.187044197539954
          ],
          [
            51.61330584179285,
            43.18703193579468
          ],
          [
            51.61315634380088,
            43.18701967404941
          ],
          [
            51.61300684580891,
            43.187007412304126
          ],
          [
            51.61285734781694,
            43.18699515055885
          ],
          [
            51.61270784982497,
            43.186982888813574
          ],
          [
            51.61255835183301,
            43.1869706270683
          ],
          [
            51.61240885384104,
            43.18695836532302
          ],
          [
            51.61225935584907,
            43.186946103577746
          ],
          [
            51.61210985785711,
            43.18693384183248
          ],
          [
            51.61196035986514,
            43.18692158008719
          ],
          [
            51.61181086187317,
            43.18690931834192
          ],
          [
            51.61166136388119,
            43.18689705659664
          ],
          [
            51.61151186588923,
            43.186884794851366
          ],
          [
            51.61136236789726,
            43.18687253310609
          ],
          [
            51.61121286990529,
            43.18686027136081
          ],
          [
            51.61106337191332,
            43.18684800961554
          ],
          [
            51.61091387392135,
            43.186835747870255
          ],
          [
            51.61076437592938,
            43.186823486124986
          ],
          [
            51.61061487793741,
            43.18681122437971
          ],
          [
            51.61046537994544,
            43.186798962634434
          ],
          [
            51.610315881953476,
            43.18678670088916
          ],
          [
            51.610166383961506,
            43.186774439143875
          ],
          [
            51.61001688596954,
            43.186762177398606
          ],
          [
            51.60986738797757,
            43.18674991565332
          ],
          [
            51.6097178899856,
            43.18673765390805
          ],
          [
            51.60956839199362,
            43.18672539216278
          ],
          [
            51.60941889400166,
            43.1867131304175
          ],
          [
            51.60926938311412,
            43.18670099539918
          ],
          [
            51.60911985242779,
            43.18668905494688
          ],
          [
            51.608970310340894,
            43.18667722652993
          ],
          [
            51.60882076465053,
            43.18666543352472
          ],
          [
            51.608671222552765,
            43.18665360521464
          ],
          [
            51.608521690642505,
            43.186641676790146
          ],
          [
            51.608372174913605,
            43.1866295893487
          ],
          [
            51.608222680758814,
            43.18661728989483
          ],
          [
            51.60807321296979,
            43.1866047313401
          ],
          [
            51.60792377573709,
            43.18659187250307
          ],
          [
            51.60777437265022,
            43.18657867810939
          ],
          [
            51.60762500669755,
            43.186565118791684
          ],
          [
            51.60747568026637,
            43.186551171089675
          ],
          [
            51.60732639514286,
            43.18653681745008
          ],
          [
            51.60717715251215,
            43.18652204622668
          ],
          [
            51.60702795295825,
            43.186506851680235
          ],
          [
            51.606878796464066,
            43.18649123397862
          ],
          [
            51.60672968241143,
            43.18647519919669
          ],
          [
            51.606580609581094,
            43.18645875931636
          ],
          [
            51.6064315761527,
            43.186441932226565
          ],
          [
            51.60628257970478,
            43.18642474172327
          ],
          [
            51.606133617214816,
            43.18640721750953
          ],
          [
            51.605984685059155,
            43.186389395195356
          ],
          [
            51.6058357790131,
            43.18637131629785
          ],
          [
            51.6056868942508,
            43.18635302824112
          ],
          [
            51.605538025345375,
            43.18633458435633
          ],
          [
            51.60538916626881,
            43.18631604388169
          ],
          [
            51.605240310392006,
            43.18629747196239
          ],
          [
            51.60509145048478,
            43.18627893965073
          ],
          [
            51.60494257871585,
            43.186260523905986
          ],
          [
            51.604793686652854,
            43.186242307594505
          ],
          [
            51.604644783081085,
            43.186224204381716
          ],
          [
            51.604495879509315,
            43.186206101168914
          ],
          [
            51.604346975937545,
            43.18618799795611
          ],
          [
            51.60419807236577,
            43.186169894743315
          ],
          [
            51.604049168794,
            43.18615179153052
          ],
          [
            51.60390026522222,
            43.186133688317724
          ],
          [
            51.60375136165045,
            43.18611558510493
          ],
          [
            51.60360245807868,
            43.18609748189213
          ],
          [
            51.603453554506906,
            43.18607937867934
          ],
          [
            51.60330465093514,
            43.18606127546654
          ],
          [
            51.60315574736336,
            43.18604317225374
          ],
          [
            51.60300684379159,
            43.18602506904095
          ],
          [
            51.60285794021982,
            43.18600696582815
          ],
          [
            51.602709036648044,
            43.18598886261536
          ],
          [
            51.60256013307628,
            43.18597075940256
          ],
          [
            51.602411229504504,
            43.185952656189755
          ],
          [
            51.60226232593273,
            43.18593455297697
          ],
          [
            51.60211342236095,
            43.185916449764164
          ],
          [
            51.60196451878918,
            43.185898346551376
          ],
          [
            51.601815615217426,
            43.18588024333857
          ],
          [
            51.60166671164565,
            43.18586214012578
          ],
          [
            51.60151780807388,
            43.18584403691298
          ],
          [
            51.6013689045021,
            43.18582593370019
          ],
          [
            51.60122000093033,
            43.185807830487384
          ],
          [
            51.601071097358556,
            43.185789727274596
          ],
          [
            51.600922193786786,
            43.18577162406179
          ],
          [
            51.60077329021502,
            43.185753520849005
          ],
          [
            51.60062438664325,
            43.1857354176362
          ],
          [
            51.60047548307147,
            43.18571731442341
          ],
          [
            51.60032657949969,
            43.18569921121061
          ],
          [
            51.600177675927924,
            43.18568110799781
          ],
          [
            51.600028772356154,
            43.18566300478501
          ],
          [
            51.599879868784384,
            43.18564490157222
          ],
          [
            51.59973096521261,
            43.18562679835942
          ],
          [
            51.599582061640845,
            43.18560869514663
          ],
          [
            51.59943315806906,
            43.18559059193383
          ],
          [
            51.59928425449729,
            43.185572488721036
          ],
          [
            51.59913535092553,
            43.18555438550824
          ],
          [
            51.59898644735376,
            43.18553628229544
          ],
          [
            51.59883754378198,
            43.18551817908264
          ],
          [
            51.598688640210206,
            43.18550007586985
          ],
          [
            51.598539736638436,
            43.18548197265706
          ],
          [
            51.59839083306667,
            43.185463869444256
          ],
          [
            51.59824192949489,
            43.18544576623146
          ],
          [
            51.59809302592312,
            43.185427663018665
          ],
          [
            51.597944095389835,
            43.185409755333644
          ],
          [
            51.5977951474939,
            43.18539197356436
          ],
          [
            51.59764619121116,
            43.185374252617066
          ],
          [
            51.59749723485263,
            43.18535653221943
          ],
          [
            51.59734828606449,
            43.185338756920444
          ],
          [
            51.59719935182814,
            43.18532087609046
          ],
          [
            51.5970504384601,
            43.18530284392119
          ],
          [
            51.59690155161212,
            43.185284619425715
          ],
          [
            51.596752696271096,
            43.18526616643846
          ],
          [
            51.596603876759104,
            43.185247453615204
          ],
          [
            51.59645509673343,
            43.18522845443307
          ],
          [
            51.59630635918649,
            43.18520914719059
          ],
          [
            51.59615766644594,
            43.18518951500758
          ],
          [
            51.59600902017454,
            43.18516954582526
          ],
          [
            51.59586042137028,
            43.1851492324062
          ],
          [
            51.59571187036632,
            43.18512857233431
          ],
          [
            51.59556336683101,
            43.18510756801487
          ],
          [
            51.59541490976783,
            43.18508622667452
          ],
          [
            51.59526649751549,
            43.185064560361255
          ],
          [
            51.59511812774785,
            43.1850425859444
          ],
          [
            51.59496979747398,
            43.18502032511468
          ],
          [
            51.594821503038084,
            43.18499780438413
          ],
          [
            51.59467324011957,
            43.1849750550862
          ],
          [
            51.59452500373301,
            43.18495211337564
          ],
          [
            51.59437678822819,
            43.18492902022856
          ],
          [
            51.59422858729005,
            43.18490582144248
          ],
          [
            51.594080393938675,
            43.18488256763622
          ],
          [
            51.59393220052939,
            43.18485931424998
          ],
          [
            51.593783998752656,
            43.18483612154532
          ],
          [
            51.59363577963414,
            43.18481305460515
          ],
          [
            51.59348753353468,
            43.18479018333373
          ],
          [
            51.593339287404966,
            43.18476731228159
          ],
          [
            51.59319104127525,
            43.18474444122947
          ],
          [
            51.593042795145536,
            43.18472157017733
          ],
          [
            51.592894549015824,
            43.18469869912519
          ],
          [
            51.59274630288611,
            43.18467582807306
          ],
          [
            51.5925980567564,
            43.18465295702093
          ],
          [
            51.59244981062669,
            43.18463008596879
          ],
          [
            51.59230156449698,
            43.18460721491667
          ],
          [
            51.59215331836727,
            43.18458434386453
          ],
          [
            51.59200507223756,
            43.18456147281239
          ],
          [
            51.59185682610785,
            43.18453860176026
          ],
          [
            51.59170857997813,
            43.18451573070813
          ],
          [
            51.59156033384842,
            43.18449285965599
          ],
          [
            51.59141208771871,
            43.18446998860386
          ],
          [
            51.591263841589,
            43.18444711755173
          ],
          [
            51.591115595459286,
            43.18442424649959
          ],
          [
            51.590967349329574,
            43.18440137544745
          ],
          [
            51.59081910319987,
            43.184378504395326
          ],
          [
            51.59067085707015,
            43.18435563334319
          ],
          [
            51.59052261094045,
            43.184332762291056
          ],
          [
            51.590374364810735,
            43.184309891238925
          ],
          [
            51.590226118681024,
            43.18428702018679
          ],
          [
            51.59007787255132,
            43.184264149134655
          ],
          [
            51.58992962642161,
            43.18424127808252
          ],
          [
            51.589781380291896,
            43.18421840703039
          ],
          [
            51.589633134162185,
            43.18419553597825
          ],
          [
            51.58948488803247,
            43.18417266492612
          ],
          [
            51.58933664190276,
            43.184149793873985
          ],
          [
            51.58918839577305,
            43.18412692282185
          ],
          [
            51.58904014964334,
            43.184104051769715
          ],
          [
            51.58889190351363,
            43.18408118071758
          ],
          [
            51.588743657383915,
            43.184058309665446
          ],
          [
            51.588595411254204,
            43.184035438613314
          ],
          [
            51.58844716512449,
            43.18401256756119
          ],
          [
            51.58829891899478,
            43.18398969650904
          ],
          [
            51.588150672865076,
            43.183966825456906
          ],
          [
            51.58800242673536,
            43.18394395440478
          ],
          [
            51.587854180605646,
            43.183921083352644
          ],
          [
            51.587705934475935,
            43.183898212300505
          ],
          [
            51.58755768834623,
            43.18387534124838
          ],
          [
            51.58740944221651,
            43.18385247019624
          ],
          [
            51.5872611960868,
            43.18382959914411
          ],
          [
            51.58711294995709,
            43.18380672809198
          ],
          [
            51.586964703827384,
            43.183783857039835
          ],
          [
            51.58681645769767,
            43.1837609859877
          ],
          [
            51.58666821156797,
            43.18373811493558
          ],
          [
            51.58651996543825,
            43.18371524388344
          ],
          [
            51.58637171930854,
            43.1836923728313
          ],
          [
            51.58622347317882,
            43.18366950177917
          ],
          [
            51.58607252693285,
            43.18364668669194
          ],
          [
            51.58591041644635,
            43.183624103004234
          ],
          [
            51.58574140684533,
            43.18360166231344
          ],
          [
            51.58556946452262,
            43.183579282408715
          ],
          [
            51.585398257137854,
            43.18355688727104
          ],
          [
            51.58523115361744,
            43.183534407073196
          ],
          [
            51.58507122415464,
            43.18351177817974
          ],
          [
            51.584921240209475,
            43.18348894314704
          ],
          [
            51.58478367450879,
            43.18346585072327
          ],
          [
            51.584660701046246,
            43.183442455848386
          ],
          [
            51.584554195082276,
            43.183418719654135
          ],
          [
            51.58446573314412,
            43.18339460946411
          ],
          [
            51.58439659302586,
            43.18337009879362
          ],
          [
            51.58434775378835,
            43.183345167349856
          ],
          [
            51.58431989575925,
            43.18331980103175
          ],
          [
            51.58431340053303,
            43.18329399193006
          ],
          [
            51.58432835097096,
            43.183267738327324
          ],
          [
            51.5843645312011,
            43.183241044697894
          ],
          [
            51.58442142661837,
            43.18321392170791
          ],
          [
            51.5844982238844,
            43.18318638621532
          ],
          [
            51.58459381092772,
            43.18315846126984
          ],
          [
            51.584706776943605,
            43.18313017611303
          ],
          [
            51.58483541239414,
            43.183101566178216
          ],
          [
            51.58497770900823,
            43.18307267309054
          ],
          [
            51.585131359781585,
            43.1830435446669
          ],
          [
            51.58529375897669,
            43.18301423491606
          ],
          [
            51.58546200212287,
            43.18298480403852
          ],
          [
            51.58563288601622,
            43.182955318426615
          ],
          [
            51.58580290871967,
            43.18292585066447
          ],
          [
            51.58596826956295,
            43.18289647952798
          ],
          [
            51.586124869142544,
            43.1828672899849
          ],
          [
            51.586272040270664,
            43.18283829586389
          ],
          [
            51.586419211398756,
            43.18280930174289
          ],
          [
            51.58656638252687,
            43.18278030762189
          ],
          [
            51.586713553654974,
            43.18275131350089
          ],
          [
            51.58686072478307,
            43.182722319379884
          ],
          [
            51.58700789591117,
            43.18269332525888
          ],
          [
            51.587155067039276,
            43.18266433113788
          ],
          [
            51.58730223816739,
            43.182635337016876
          ],
          [
            51.58744940929549,
            43.18260634289589
          ],
          [
            51.58759658042359,
            43.18257734877487
          ],
          [
            51.5877437515517,
            43.18254835465387
          ],
          [
            51.587890922679804,
            43.182519360532865
          ],
          [
            51.58803809380791,
            43.18249036641187
          ],
          [
            51.588185264936,
            43.18246137229086
          ],
          [
            51.58833243606411,
            43.182432378169864
          ],
          [
            51.58847960719221,
            43.18240338404887
          ],
          [
            51.588626778320325,
            43.182374389927865
          ],
          [
            51.588773949448424,
            43.18234539580686
          ],
          [
            51.58892112057653,
            43.18231640168585
          ],
          [
            51.58906829170463,
            43.18228740756486
          ],
          [
            51.58921546283273,
            43.18225841344386
          ],
          [
            51.589362633960825,
            43.18222941932285
          ],
          [
            51.58950980508894,
            43.182200425201856
          ],
          [
            51.58965697621704,
            43.182171431080846
          ],
          [
            51.58980414734514,
            43.18214243695985
          ],
          [
            51.58995131847326,
            43.18211344283884
          ],
          [
            51.59009848960136,
            43.182084448717845
          ],
          [
            51.59024566072946,
            43.18205545459684
          ],
          [
            51.590392831857564,
            43.18202646047583
          ],
          [
            51.59054000298567,
            43.18199746635484
          ],
          [
            51.59068717411376,
            43.181968472233834
          ],
          [
            51.59083434524187,
            43.18193947811284
          ],
          [
            51.59098151636998,
            43.18191048399183
          ],
          [
            51.59112868749808,
            43.18188148987083
          ],
          [
            51.59127585862619,
            43.18185249574983
          ],
          [
            51.591423029754296,
            43.18182350162883
          ],
          [
            51.591570200882394,
            43.18179450750783
          ],
          [
            51.59171737201049,
            43.18176551338682
          ],
          [
            51.5918645431386,
            43.181736519265826
          ],
          [
            51.59201171426671,
            43.181707525144816
          ],
          [
            51.59215888539481,
            43.18167853102382
          ],
          [
            51.592306056522915,
            43.18164953690282
          ],
          [
            51.59245322765101,
            43.181620542781815
          ],
          [
            51.592600398779126,
            43.18159154866081
          ],
          [
            51.592747569907225,
            43.1815625545398
          ],
          [
            51.59289474103532,
            43.181533560418806
          ],
          [
            51.59304191216343,
            43.181504566297804
          ],
          [
            51.59318908329154,
            43.18147557217681
          ],
          [
            51.59333625441964,
            43.1814465780558
          ],
          [
            51.593483425547745,
            43.181417583934795
          ],
          [
            51.59363059667585,
            43.1813885898138
          ],
          [
            51.59377776780395,
            43.1813595956928
          ],
          [
            51.593924938932055,
            43.1813306015718
          ],
          [
            51.594072110060154,
            43.181301607450784
          ],
          [
            51.59421928118826,
            43.18127261332979
          ],
          [
            51.594366452316365,
            43.18124361920879
          ],
          [
            51.59451362344447,
            43.18121462508779
          ],
          [
            51.594660794572576,
            43.18118563096678
          ],
          [
            51.594807965700674,
            43.181156636845785
          ],
          [
            51.59495513682878,
            43.18112764272478
          ],
          [
            51.59510230795688,
            43.18109864860378
          ],
          [
            51.595249479084984,
            43.18106965448278
          ],
          [
            51.595396650213104,
            43.181040660361774
          ],
          [
            51.595543821341195,
            43.18101166624077
          ],
          [
            51.5956909924693,
            43.18098267211977
          ],
          [
            51.595838163597406,
            43.18095367799877
          ],
          [
            51.59598533472551,
            43.18092468387777
          ],
          [
            51.5961325058536,
            43.18089568975677
          ],
          [
            51.59627967698171,
            43.180866695635764
          ],
          [
            51.59642684810982,
            43.18083770151476
          ],
          [
            51.59657401923792,
            43.180808707393766
          ],
          [
            51.596721190366026,
            43.180779713272756
          ],
          [
            51.59686836149413,
            43.18075071915175
          ],
          [
            51.59701553262223,
            43.18072172503075
          ],
          [
            51.59716270375033,
            43.180692730909755
          ],
          [
            51.59730987487844,
            43.18066373678875
          ],
          [
            51.59745704600654,
            43.18063474266775
          ],
          [
            51.597604217134645,
            43.180605748546746
          ],
          [
            51.59775138826276,
            43.18057675442574
          ],
          [
            51.597898559390856,
            43.18054776030475
          ],
          [
            51.59804573051896,
            43.18051876618374
          ],
          [
            51.59819290164706,
            43.18048977206274
          ],
          [
            51.59834007277516,
            43.18046077794173
          ],
          [
            51.598487243903264,
            43.18043178382074
          ],
          [
            51.59863441503138,
            43.180402789699734
          ],
          [
            51.598781586159475,
            43.18037379557873
          ],
          [
            51.59892875728758,
            43.18034480145774
          ],
          [
            51.599075928415694,
            43.18031580733672
          ],
          [
            51.599223099543785,
            43.18028681321573
          ],
          [
            51.59937027067189,
            43.18025781909473
          ],
          [
            51.599517441799996,
            43.180228824973724
          ],
          [
            51.5996646129281,
            43.18019983085273
          ],
          [
            51.5998117840562,
            43.18017083673172
          ],
          [
            51.599958955184306,
            43.180141842610716
          ],
          [
            51.60010612631242,
            43.18011284848971
          ],
          [
            51.60025329744052,
            43.180083854368725
          ],
          [
            51.60040046856862,
            43.18005486024771
          ],
          [
            51.60054763969673,
            43.18002586612671
          ],
          [
            51.60069481082483,
            43.1799968720057
          ],
          [
            51.60084198195292,
            43.17996787788471
          ],
          [
            51.60098915308103,
            43.17993888376371
          ],
          [
            51.60113632420913,
            43.1799098896427
          ],
          [
            51.60128349533724,
            43.179880895521705
          ],
          [
            51.601430666465355,
            43.179851901400696
          ],
          [
            51.601577837593446,
            43.17982290727969
          ],
          [
            51.601725008721544,
            43.1797939131587
          ],
          [
            51.60187217984966,
            43.17976491903769
          ],
          [
            51.602019350977756,
            43.17973592491669
          ],
          [
            51.60216652210586,
            43.17970693079569
          ],
          [
            51.602313693233974,
            43.17967793667469
          ],
          [
            51.60246086436207,
            43.17964894255368
          ],
          [
            51.60260803549017,
            43.17961994843268
          ],
          [
            51.60275520661828,
            43.17959095431168
          ],
          [
            51.60290237774638,
            43.17956196019068
          ],
          [
            51.60304954887448,
            43.17953296606968
          ],
          [
            51.603196720002586,
            43.17950397194868
          ],
          [
            51.60334389113069,
            43.179474977827674
          ],
          [
            51.6034910622588,
            43.179445983706664
          ],
          [
            51.6036382333869,
            43.179416989585675
          ],
          [
            51.603785404515016,
            43.17938799546467
          ],
          [
            51.60393257564311,
            43.17935900134367
          ],
          [
            51.60407974677122,
            43.17933000722266
          ],
          [
            51.60422691789932,
            43.179301013101664
          ],
          [
            51.60437408902742,
            43.17927201898066
          ],
          [
            51.60452126015552,
            43.17924302485965
          ],
          [
            51.60466843128363,
            43.17921403073867
          ],
          [
            51.60481560241173,
            43.179185036617646
          ],
          [
            51.60496277353984,
            43.17915604249665
          ],
          [
            51.605109944667944,
            43.179127048375655
          ],
          [
            51.605257115796036,
            43.17909805425465
          ],
          [
            51.60540428692414,
            43.17906906013364
          ],
          [
            51.605551458052254,
            43.17904006601264
          ],
          [
            51.60569862918035,
            43.17901107189165
          ],
          [
            51.60584580030845,
            43.17898207777064
          ],
          [
            51.605992971436564,
            43.178953083649645
          ],
          [
            51.60614014256467,
            43.178924089528635
          ],
          [
            51.60628731369277,
            43.17889509540764
          ],
          [
            51.60643448482087,
            43.17886610128664
          ],
          [
            51.60658165594897,
            43.178837107165634
          ],
          [
            51.606728827077085,
            43.17880811304463
          ],
          [
            51.60687599820518,
            43.17877911892363
          ],
          [
            51.60702316933329,
            43.17875012480263
          ],
          [
            51.607170340461394,
            43.17872113068162
          ],
          [
            51.6073175115895,
            43.17869213656063
          ],
          [
            51.60746468271759,
            43.17866314243962
          ],
          [
            51.6076118538457,
            43.178634148318615
          ],
          [
            51.6077590249738,
            43.17860515419762
          ],
          [
            51.60790619610191,
            43.17857616007662
          ],
          [
            51.60805336723001,
            43.17854716595562
          ],
          [
            51.608200538358126,
            43.17851817183461
          ],
          [
            51.608347709486225,
            43.17848917771361
          ],
          [
            51.60849488061432,
            43.178460183592605
          ],
          [
            51.60864205174242,
            43.17843118947161
          ],
          [
            51.608789222870534,
            43.178402195350614
          ],
          [
            51.60893639399863,
            43.178373201229604
          ],
          [
            51.60908356512674,
            43.1783442071086
          ],
          [
            51.609230736254844,
            43.1783152129876
          ],
          [
            51.60937790738295,
            43.1782862188666
          ],
          [
            51.60952507851105,
            43.17825722474559
          ],
          [
            51.60967224963916,
            43.1782282306246
          ],
          [
            51.60981942076726,
            43.17819923650359
          ],
          [
            51.60996659189536,
            43.17817024238259
          ],
          [
            51.61011376302347,
            43.17814124826159
          ],
          [
            51.61026093415157,
            43.178112254140586
          ],
          [
            51.610408105279674,
            43.178083260019584
          ],
          [
            51.61055527640778,
            43.17805426589858
          ],
          [
            51.61070244753588,
            43.178025271777585
          ],
          [
            51.61084961866398,
            43.17799627765658
          ],
          [
            51.61099678979208,
            43.17796728353558
          ],
          [
            51.611143960920195,
            43.17793828941457
          ],
          [
            51.611291132048294,
            43.177909295293574
          ],
          [
            51.6114383031764,
            43.17788030117257
          ],
          [
            51.6115854743045,
            43.17785130705157
          ],
          [
            51.61173264543261,
            43.17782231293057
          ],
          [
            51.611879816560716,
            43.17779331880956
          ],
          [
            51.612026987688814,
            43.17776432468857
          ],
          [
            51.61217415881692,
            43.177735330567565
          ],
          [
            51.61232132994502,
            43.17770633644656
          ],
          [
            51.61246850107313,
            43.177677342325566
          ],
          [
            51.61261567220122,
            43.177648348204556
          ],
          [
            51.612762843329335,
            43.17761935408356
          ],
          [
            51.612910014457434,
            43.17759035996255
          ],
          [
            51.61305718558554,
            43.177561365841555
          ],
          [
            51.613204356713645,
            43.17753237172055
          ],
          [
            51.61335152784174,
            43.17750337759955
          ],
          [
            51.61349869896985,
            43.17747438347854
          ],
          [
            51.61364587009795,
            43.177445389357544
          ],
          [
            51.61379304122606,
            43.17741639523655
          ],
          [
            51.613940212354166,
            43.17738740111554
          ],
          [
            51.61408738348226,
            43.177358406994536
          ],
          [
            51.61423455461037,
            43.17732941287353
          ],
          [
            51.614381725738475,
            43.17730041875254
          ],
          [
            51.614528896866574,
            43.177271424631535
          ],
          [
            51.61467606799467,
            43.17724243051053
          ],
          [
            51.614823239122785,
            43.17721343638953
          ],
          [
            51.61497041025089,
            43.177184442268526
          ],
          [
            51.615117581379,
            43.17715544814753
          ],
          [
            51.6152647525071,
            43.17712645402652
          ],
          [
            51.61541192363519,
            43.177097459905525
          ],
          [
            51.6155590947633,
            43.177068465784515
          ],
          [
            51.61570626589141,
            43.17703947166352
          ],
          [
            51.61585343701951,
            43.17701047754252
          ],
          [
            51.616000608147615,
            43.17698148342152
          ],
          [
            51.61614777927572,
            43.17695248930051
          ],
          [
            51.61629495040382,
            43.17692349517951
          ],
          [
            51.61644212153193,
            43.17689450105851
          ],
          [
            51.616589292660024,
            43.1768655069375
          ],
          [
            51.61673646378813,
            43.176836512816514
          ],
          [
            51.616883634916235,
            43.1768075186955
          ],
          [
            51.61703080604434,
            43.176778524574495
          ],
          [
            51.61717797717245,
            43.1767495304535
          ],
          [
            51.61732514830055,
            43.176720536332496
          ],
          [
            51.61747231942865,
            43.1766915422115
          ],
          [
            51.617619490556756,
            43.17666254809048
          ],
          [
            51.617766661684854,
            43.176633553969495
          ],
          [
            51.61791383281296,
            43.176604559848485
          ],
          [
            51.618061003941065,
            43.17657556572749
          ],
          [
            51.61820817506917,
            43.17654657160648
          ],
          [
            51.618355346197276,
            43.176517577485484
          ],
          [
            51.61850251732538,
            43.17648858336449
          ],
          [
            51.61864968845349,
            43.17645958924347
          ],
          [
            51.618796859581586,
            43.17643059512248
          ],
          [
            51.618944030709685,
            43.17640160100148
          ],
          [
            51.61909120183779,
            43.17637260688047
          ],
          [
            51.6192383729659,
            43.176343612759474
          ],
          [
            51.619385544093994,
            43.17631461863847
          ],
          [
            51.6195327152221,
            43.176285624517476
          ],
          [
            51.61967988635021,
            43.176256630396466
          ],
          [
            51.61982705747831,
            43.17622763627546
          ],
          [
            51.61997422860641,
            43.17619864215446
          ],
          [
            51.620121399734515,
            43.176169648033465
          ],
          [
            51.62026857086263,
            43.17614065391246
          ],
          [
            51.620415741990726,
            43.17611165979146
          ],
          [
            51.62056291311883,
            43.17608266567046
          ],
          [
            51.62071008424694,
            43.176053671549454
          ],
          [
            51.62085725537504,
            43.17602467742846
          ],
          [
            51.62100442650315,
            43.17599568330745
          ],
          [
            51.62115159763125,
            43.17596668918645
          ],
          [
            51.62129876875934,
            43.17593769506544
          ],
          [
            51.62144593988745,
            43.17590870094445
          ],
          [
            51.62159311101556,
            43.175879706823444
          ],
          [
            51.621740282143655,
            43.17585071270244
          ],
          [
            51.62188745327177,
            43.17582171858144
          ],
          [
            51.622034624399866,
            43.17579272446043
          ],
          [
            51.62218179552797,
            43.17576373033944
          ],
          [
            51.62232896665607,
            43.17573473621843
          ],
          [
            51.62247613778418,
            43.175705742097435
          ],
          [
            51.62262330891228,
            43.175676747976425
          ],
          [
            51.62277048004038,
            43.17564775385542
          ],
          [
            51.62291765116849,
            43.17561875973443
          ],
          [
            51.6230648222966,
            43.175589765613424
          ],
          [
            51.623211993424704,
            43.17556077149243
          ],
          [
            51.6233591645528,
            43.17553177737141
          ],
          [
            51.6235063356809,
            43.17550278325042
          ],
          [
            51.62365350680901,
            43.17547378912941
          ],
          [
            51.62380067793711,
            43.17544479500842
          ],
          [
            51.623947849065225,
            43.17541580088742
          ],
          [
            51.62409502019332,
            43.17538680676641
          ],
          [
            51.62424219132143,
            43.175357812645416
          ],
          [
            51.62438936244953,
            43.175328818524406
          ],
          [
            51.62453653357763,
            43.17529982440341
          ],
          [
            51.62468370470573,
            43.17527083028241
          ],
          [
            51.62483087583384,
            43.175241836161405
          ],
          [
            51.624978046961935,
            43.1752128420404
          ],
          [
            51.62512521809005,
            43.1751838479194
          ],
          [
            51.62527238921816,
            43.1751548537984
          ],
          [
            51.62541956034625,
            43.175125859677394
          ],
          [
            51.62556673147435,
            43.17509686555639
          ],
          [
            51.62571390260246,
            43.17506787143539
          ],
          [
            51.62586107373056,
            43.17503887731439
          ],
          [
            51.62600824485867,
            43.17500988319339
          ],
          [
            51.62615541598678,
            43.17498088907239
          ],
          [
            51.62630258711488,
            43.174951894951384
          ],
          [
            51.62644975824298,
            43.17492290083038
          ],
          [
            51.62659692937109,
            43.174893906709386
          ],
          [
            51.62674410049919,
            43.174864912588376
          ],
          [
            51.62689127162729,
            43.17483591846738
          ],
          [
            51.62703844275539,
            43.17480692434637
          ],
          [
            51.6271856138835,
            43.174777930225375
          ],
          [
            51.6273327850116,
            43.17474893610437
          ],
          [
            51.62747995613971,
            43.17471994198337
          ],
          [
            51.627627127267814,
            43.174690947862366
          ],
          [
            51.627774298395906,
            43.174661953741364
          ],
          [
            51.627921469524026,
            43.17463295962037
          ],
          [
            51.62806864065212,
            43.17460396549936
          ],
          [
            51.628215811780215,
            43.17457497137837
          ],
          [
            51.62836298290833,
            43.17454597725735
          ],
          [
            51.628510154036434,
            43.17451698313636
          ],
          [
            51.62865732516454,
            43.174487989015354
          ],
          [
            51.628804496292645,
            43.17445899489435
          ],
          [
            51.62895166742075,
            43.174430000773356
          ],
          [
            51.62909883854885,
            43.17440100665234
          ],
          [
            51.62924600967695,
            43.17437201253134
          ],
          [
            51.62939318080505,
            43.17434301841034
          ],
          [
            51.62954035193316,
            43.174314024289345
          ],
          [
            51.629687523061264,
            43.174285030168335
          ],
          [
            51.62983469418937,
            43.17425603604734
          ],
          [
            51.629981865317475,
            43.174227041926336
          ],
          [
            51.63012903644557,
            43.17419804780533
          ],
          [
            51.63027620757368,
            43.17416905368434
          ],
          [
            51.63042337870178,
            43.17414005956333
          ],
          [
            51.63057054982988,
            43.174111065442325
          ],
          [
            51.630717720957996,
            43.17408207132132
          ],
          [
            51.630864892086095,
            43.17405307720033
          ],
          [
            51.6310120632142,
            43.174024083079324
          ],
          [
            51.631159234342306,
            43.173995088958314
          ],
          [
            51.631306405470404,
            43.17396609483732
          ],
          [
            51.6314535765985,
            43.173937100716316
          ],
          [
            51.63160074772661,
            43.17390810659532
          ],
          [
            51.63174791885471,
            43.17387911247431
          ],
          [
            51.63189508998282,
            43.173850118353315
          ],
          [
            51.63204226111093,
            43.17382112423231
          ],
          [
            51.632189432239024,
            43.17379213011131
          ],
          [
            51.63233660336713,
            43.17376313599031
          ],
          [
            51.63248377449523,
            43.1737341418693
          ],
          [
            51.63263094562334,
            43.17370514774831
          ],
          [
            51.63277811675144,
            43.1736761536273
          ],
          [
            51.63292528787954,
            43.1736471595063
          ],
          [
            51.63307245900765,
            43.1736181653853
          ],
          [
            51.633219630135756,
            43.1735891712643
          ],
          [
            51.63336680126386,
            43.173560177143294
          ],
          [
            51.63351397239196,
            43.17353118302229
          ],
          [
            51.633661143520065,
            43.17350218890129
          ],
          [
            51.633808314648164,
            43.173473194780286
          ],
          [
            51.63395548577627,
            43.17344420065929
          ],
          [
            51.634102656904375,
            43.17341520653828
          ],
          [
            51.63424982803248,
            43.173386212417284
          ],
          [
            51.63439699916059,
            43.17335721829628
          ],
          [
            51.634544170288684,
            43.17332822417528
          ],
          [
            51.63469134141679,
            43.17329923005428
          ],
          [
            51.63483851254489,
            43.17327023593327
          ],
          [
            51.634985683673,
            43.17324124181227
          ],
          [
            51.63513285480109,
            43.17321224769127
          ],
          [
            51.635280025929205,
            43.17318325357027
          ],
          [
            51.63542719705732,
            43.17315425944926
          ],
          [
            51.63557436818541,
            43.17312526532827
          ],
          [
            51.63572153931351,
            43.17309627120727
          ],
          [
            51.63586871044161,
            43.17306727708626
          ],
          [
            51.636015881569726,
            43.17303828296527
          ],
          [
            51.636163052697825,
            43.17300928884425
          ],
          [
            51.63631022382593,
            43.17298029472326
          ],
          [
            51.63645739495403,
            43.17295130060226
          ],
          [
            51.63660456608214,
            43.172922306481254
          ],
          [
            51.63675173721025,
            43.17289331236025
          ],
          [
            51.636898908338345,
            43.17286431823925
          ],
          [
            51.63704607946646,
            43.172835324118246
          ],
          [
            51.63719325059456,
            43.17280632999724
          ],
          [
            51.63734042172266,
            43.17277733587625
          ],
          [
            51.63748759285076,
            43.172748341755245
          ],
          [
            51.63763476397886,
            43.17271934763424
          ],
          [
            51.63778193510697,
            43.17269035351324
          ],
          [
            51.63792910623508,
            43.17266135939224
          ],
          [
            51.63807627736318,
            43.172632365271234
          ],
          [
            51.63822344849128,
            43.17260337115023
          ],
          [
            51.63837061961938,
            43.172574377029235
          ],
          [
            51.638517790747485,
            43.172545382908226
          ],
          [
            51.63866496187559,
            43.17251638878723
          ],
          [
            51.63881213300369,
            43.17248739466622
          ],
          [
            51.6389593041318,
            43.172458400545224
          ],
          [
            51.63910647525991,
            43.17242940642422
          ],
          [
            51.639253646388,
            43.17240041230322
          ],
          [
            51.639400817516105,
            43.17237141818222
          ],
          [
            51.63954798864421,
            43.17234242406122
          ],
          [
            51.639695159772316,
            43.17231342994022
          ],
          [
            51.63984233090042,
            43.1722844358192
          ],
          [
            51.639989502028534,
            43.17225544169821
          ],
          [
            51.640136673156626,
            43.17222644757721
          ],
          [
            51.64028384428474,
            43.17219745345621
          ],
          [
            51.640431015412844,
            43.17216845933521
          ],
          [
            51.640578186540935,
            43.172139465214194
          ],
          [
            51.64072535766904,
            43.1721104710932
          ],
          [
            51.640872528797146,
            43.172081476972195
          ],
          [
            51.64101969992525,
            43.1720524828512
          ],
          [
            51.64116687105336,
            43.17202348873019
          ],
          [
            51.64131404218146,
            43.17199449460919
          ],
          [
            51.64146121330957,
            43.17196550048819
          ],
          [
            51.64160838443766,
            43.171936506367196
          ],
          [
            51.64175555556577,
            43.17190751224619
          ],
          [
            51.64190272669387,
            43.171878518125176
          ],
          [
            51.64204989782198,
            43.17184952400418
          ],
          [
            51.64219706895008,
            43.17182052988318
          ],
          [
            51.642344240078195,
            43.17179153576218
          ],
          [
            51.64249141120628,
            43.17176254164118
          ],
          [
            51.64263858233439,
            43.171733547520176
          ],
          [
            51.6427857534625,
            43.171704553399174
          ],
          [
            51.642932924590596,
            43.17167555927817
          ],
          [
            51.64308009571871,
            43.17164656515717
          ],
          [
            51.64322726684681,
            43.171617571036165
          ],
          [
            51.64337443797491,
            43.17158857691517
          ],
          [
            51.64352160910302,
            43.17155958279417
          ],
          [
            51.643668780231124,
            43.171530588673164
          ],
          [
            51.643815951359215,
            43.17150159455216
          ],
          [
            51.64396312248732,
            43.17147260043116
          ],
          [
            51.64411029361543,
            43.171443606310156
          ],
          [
            51.64425746474353,
            43.17141461218915
          ],
          [
            51.64440463587164,
            43.17138561806816
          ],
          [
            51.64455180699974,
            43.17135662394715
          ],
          [
            51.64469897812784,
            43.17132762982615
          ],
          [
            51.64484614925595,
            43.17129863570514
          ],
          [
            51.64499332038405,
            43.171269641584146
          ],
          [
            51.64514049151215,
            43.17124064746315
          ],
          [
            51.64528766264025,
            43.17121165334214
          ],
          [
            51.64543483376837,
            43.171182659221145
          ],
          [
            51.64558200489647,
            43.171153665100135
          ],
          [
            51.645729176024574,
            43.17112467097914
          ],
          [
            51.64587634715269,
            43.17109567685814
          ],
          [
            51.64602351828078,
            43.17106668273714
          ],
          [
            51.646170689408876,
            43.17103768861614
          ],
          [
            51.64631786053699,
            43.17100869449512
          ],
          [
            51.646465031665095,
            43.170979700374126
          ],
          [
            51.646612202793186,
            43.17095070625312
          ],
          [
            51.6467593739213,
            43.17092171213213
          ],
          [
            51.646906545049404,
            43.17089271801112
          ],
          [
            51.6470537161775,
            43.17086372389012
          ],
          [
            51.64720088730561,
            43.17083472976912
          ],
          [
            51.647348058433714,
            43.170805735648116
          ],
          [
            51.647495229561805,
            43.17077674152712
          ],
          [
            51.64764240068992,
            43.170747747406104
          ],
          [
            51.64778957181803,
            43.170718753285115
          ],
          [
            51.64793674294613,
            43.170689759164105
          ],
          [
            51.648083914074235,
            43.17066076504311
          ],
          [
            51.64823108520234,
            43.17063177092211
          ],
          [
            51.64837825633044,
            43.170602776801104
          ],
          [
            51.64852542745853,
            43.17057378268011
          ],
          [
            51.64867259858664,
            43.1705447885591
          ],
          [
            51.64881976971475,
            43.170515794438096
          ],
          [
            51.648966940842854,
            43.17048680031709
          ],
          [
            51.64911411197097,
            43.1704578061961
          ],
          [
            51.64926128309906,
            43.17042881207509
          ],
          [
            51.649408454227164,
            43.170399817954085
          ],
          [
            51.64955562535527,
            43.17037082383309
          ],
          [
            51.64970279648337,
            43.170341829712086
          ],
          [
            51.64984996761147,
            43.17031283559108
          ],
          [
            51.64999713873957,
            43.17028384147008
          ],
          [
            51.650144309867684,
            43.170254847349085
          ],
          [
            51.65029148099579,
            43.170225853228075
          ],
          [
            51.650438652123896,
            43.17019685910708
          ],
          [
            51.650585823251994,
            43.17016786498607
          ],
          [
            51.65073299438009,
            43.170138870865074
          ],
          [
            51.6508801655082,
            43.17010987674407
          ],
          [
            51.651027336636304,
            43.17008088262307
          ],
          [
            51.65117450776441,
            43.17005188850207
          ],
          [
            51.651321678892515,
            43.170022894381056
          ],
          [
            51.65146885002062,
            43.16999390026007
          ],
          [
            51.65161602114872,
            43.169964906139064
          ],
          [
            51.65176319227683,
            43.16993591201806
          ],
          [
            51.65191036340492,
            43.16990691789705
          ],
          [
            51.65205753453303,
            43.169877923776056
          ],
          [
            51.652204705661134,
            43.16984892965505
          ],
          [
            51.65235187678924,
            43.16981993553405
          ],
          [
            51.652499047917345,
            43.169790941413055
          ],
          [
            51.65264621904545,
            43.169761947292045
          ],
          [
            51.65279339017355,
            43.16973295317104
          ],
          [
            51.65294056130165,
            43.16970395905005
          ],
          [
            51.65308773242975,
            43.169674964929044
          ],
          [
            51.65323490355785,
            43.16964597080805
          ],
          [
            51.653382074685965,
            43.16961697668704
          ],
          [
            51.65352924581407,
            43.169587982566036
          ],
          [
            51.653676416942176,
            43.16955898844503
          ],
          [
            51.65382358807028,
            43.16952999432404
          ],
          [
            51.65397075919838,
            43.169501000203034
          ],
          [
            51.654117930326485,
            43.16947200608203
          ],
          [
            51.654265101454584,
            43.16944301196103
          ],
          [
            51.65441227258268,
            43.169414017840026
          ],
          [
            51.6545594437108,
            43.16938502371902
          ],
          [
            51.6547066148389,
            43.16935602959802
          ],
          [
            51.654853785967,
            43.169327035477025
          ],
          [
            51.65500095709511,
            43.169298041356015
          ],
          [
            51.65514812822321,
            43.16926904723502
          ],
          [
            51.655295299351316,
            43.16924005311402
          ],
          [
            51.655442470479414,
            43.169211058993014
          ],
          [
            51.65558964160752,
            43.169182064872004
          ],
          [
            51.655736812735626,
            43.169153070751015
          ],
          [
            51.65588398386374,
            43.16912407663001
          ],
          [
            51.65603115499184,
            43.169095082509
          ],
          [
            51.656178326119935,
            43.16906608838801
          ],
          [
            51.656325497248034,
            43.169037094267
          ],
          [
            51.656472668376146,
            43.169008100146
          ],
          [
            51.656619839504245,
            43.168979106025
          ],
          [
            51.65676701063235,
            43.168950111903996
          ],
          [
            51.656914181760456,
            43.168921117783
          ],
          [
            51.65706135288856,
            43.16889212366199
          ],
          [
            51.65720852401667,
            43.168863129540995
          ],
          [
            51.657355695144766,
            43.168834135419985
          ],
          [
            51.65750286627287,
            43.16880514129899
          ],
          [
            51.65765003740096,
            43.168776147177994
          ],
          [
            51.657797208529075,
            43.168747153056984
          ],
          [
            51.65794437965719,
            43.16871815893598
          ],
          [
            51.65809155078528,
            43.168689164814985
          ],
          [
            51.6582387219134,
            43.16866017069398
          ],
          [
            51.65838589304149,
            43.16863117657297
          ],
          [
            51.658533064169596,
            43.16860218245198
          ],
          [
            51.658680235297695,
            43.168573188330974
          ],
          [
            51.6588274064258,
            43.16854419420997
          ],
          [
            51.6589745775539,
            43.168515200088976
          ],
          [
            51.65912174868201,
            43.168486205967966
          ],
          [
            51.659268919810124,
            43.16845721184697
          ],
          [
            51.659416090938215,
            43.16842821772596
          ],
          [
            51.65956326206633,
            43.168399223604965
          ],
          [
            51.65971043319443,
            43.16837022948396
          ],
          [
            51.65985760432253,
            43.16834123536295
          ],
          [
            51.66000477545063,
            43.16831224124195
          ],
          [
            51.660151946578736,
            43.168283247120954
          ],
          [
            51.66029911770684,
            43.16825425299996
          ],
          [
            51.66044628883495,
            43.16822525887895
          ],
          [
            51.66059345996305,
            43.168196264757945
          ],
          [
            51.66074063109115,
            43.16816727063694
          ],
          [
            51.66088780221925,
            43.16813827651595
          ],
          [
            51.661034973347356,
            43.168109282394944
          ],
          [
            51.66118214447546,
            43.16808028827394
          ],
          [
            51.66132931560356,
            43.16805129415294
          ],
          [
            51.66147648673167,
            43.168022300031936
          ],
          [
            51.66162365785978,
            43.16799330591094
          ],
          [
            51.66177082898788,
            43.16796431178994
          ],
          [
            51.66191800011599,
            43.167935317668935
          ],
          [
            51.66206517124409,
            43.167906323547925
          ],
          [
            51.662212342372186,
            43.16787732942693
          ],
          [
            51.66235951350029,
            43.16784833530593
          ],
          [
            51.6625066846284,
            43.167819341184924
          ],
          [
            51.662653855756496,
            43.16779034706392
          ],
          [
            51.66280102688461,
            43.16776135294292
          ],
          [
            51.662948198012714,
            43.16773235882192
          ],
          [
            51.663095369140805,
            43.16770336470092
          ],
          [
            51.66324254026892,
            43.167674370579924
          ],
          [
            51.663389711397016,
            43.16764537645891
          ],
          [
            51.663536882525115,
            43.16761638233791
          ],
          [
            51.66368405365323,
            43.16758738821691
          ],
          [
            51.66383122478133,
            43.167558394095906
          ],
          [
            51.663978872567746,
            43.1675297405542
          ],
          [
            51.66413322409447,
            43.16750587693235
          ],
          [
            51.664291836110635,
            43.16748505749215
          ],
          [
            51.66445243467511,
            43.16746565746958
          ],
          [
            51.6646129151565,
            43.16744617307493
          ],
          [
            51.66477134223318,
            43.16742522149275
          ],
          [
            51.6649259498932,
            43.16740154088188
          ],
          [
            51.665075141434414,
            43.16737399037542
          ],
          [
            51.66521748946438,
            43.16734155008069
          ],
          [
            51.6653517359004,
            43.16730332107937
          ],
          [
            51.66547679196953,
            43.167258525427336
          ],
          [
            51.66559173820855,
            43.167206506154756
          ],
          [
            51.66569582446398,
            43.16714672726608
          ],
          [
            51.6657884698921,
            43.167078773740016
          ],
          [
            51.6658692629589,
            43.16700235152955
          ],
          [
            51.66593796144013,
            43.1669172875619
          ],
          [
            51.66599449242126,
            43.16682352973863
          ],
          [
            51.66603895229753,
            43.16672114693548
          ],
          [
            51.66607160677388,
            43.16661032900255
          ],
          [
            51.666092890865045,
            43.166491386764136
          ],
          [
            51.66610340889544,
            43.166364752018836
          ],
          [
            51.66610393449924,
            43.166230977539534
          ],
          [
            51.66609541062037,
            43.16609073707335
          ],
          [
            51.66607894951251,
            43.16594482534168
          ],
          [
            51.66605583273905,
            43.165794158040214
          ],
          [
            51.666025491886444,
            43.16563916664833
          ],
          [
            51.66598740508367,
            43.165480366825705
          ],
          [
            51.665945055842336,
            43.16531954489701
          ],
          [
            51.66590197672484,
            43.165158572118905
          ],
          [
            51.66586174934434,
            43.16499940468016
          ],
          [
            51.66582800436478,
            43.16484408370154
          ],
          [
            51.6658037628671,
            43.164694264632445
          ],
          [
            51.66578372025827,
            43.164545703991855
          ],
          [
            51.665768849003484,
            43.16439869323258
          ],
          [
            51.66576000130896,
            43.164253487765144
          ],
          [
            51.66575790912189,
            43.164110306957895
          ],
          [
            51.665763184130505,
            43.16396933413694
          ],
          [
            51.66577631776409,
            43.16383071658614
          ],
          [
            51.66579768119291,
            43.16369456554712
          ],
          [
            51.665827525328325,
            43.16356095621931
          ],
          [
            51.66586598082263,
            43.16342992775986
          ],
          [
            51.665913058069194,
            43.163301483283725
          ],
          [
            51.66596864720242,
            43.163175589863634
          ],
          [
            51.666032518097715,
            43.16305217853005
          ],
          [
            51.66610432037151,
            43.16293114427122
          ],
          [
            51.66618358338128,
            43.16281234603319
          ],
          [
            51.6662697162255,
            43.16269560671973
          ],
          [
            51.666362007743686,
            43.1625807131924
          ],
          [
            51.66645962651637,
            43.16246741627054
          ],
          [
            51.66656162086513,
            43.16235543073122
          ],
          [
            51.66666691885252,
            43.16224443530933
          ],
          [
            51.66677536416197,
            43.162134590298415
          ],
          [
            51.6668870119722,
            43.16202618571839
          ],
          [
            51.6669994645578,
            43.16191830998768
          ],
          [
            51.6671102722465,
            43.16181004961618
          ],
          [
            51.66721693341911,
            43.16170048920523
          ],
          [
            51.66731968470617,
            43.16158954768388
          ],
          [
            51.66742069757273,
            43.16147773752116
          ],
          [
            51.66751934856821,
            43.16136474719578
          ],
          [
            51.667615082554086,
            43.16125029932018
          ],
          [
            51.667707412703955,
            43.161134150640436
          ],
          [
            51.667795920503494,
            43.161016092036334
          ],
          [
            51.66788025575047,
            43.16089594852139
          ],
          [
            51.66796013655475,
            43.16077357924276
          ],
          [
            51.668035349338304,
            43.16064887748133
          ],
          [
            51.668105748835146,
            43.16052177065164
          ],
          [
            51.66817125809147,
            43.16039222030197
          ],
          [
            51.66823186846547,
            43.16026022211424
          ],
          [
            51.66828763962748,
            43.1601258059041
          ],
          [
            51.668338699559925,
            43.159989035620875
          ],
          [
            51.668385244557314,
            43.15985000934759
          ],
          [
            51.66842753922626,
            43.15970885930094
          ],
          [
            51.668465916485445,
            43.15956575183136
          ],
          [
            51.66850077756567,
            43.15942088742293
          ],
          [
            51.66853281122714,
            43.15927454030239
          ],
          [
            51.66856262341336,
            43.15912699152372
          ],
          [
            51.6685906951202,
            43.15897852135571
          ],
          [
            51.66861758466051,
            43.15882944582788
          ],
          [
            51.66864392766411,
            43.158680116730466
          ],
          [
            51.66867043707776,
            43.15853092161444
          ],
          [
            51.66869790316519,
            43.158382283791525
          ],
          [
            51.66872719350711,
            43.1582346623341
          ],
          [
            51.66875782165006,
            43.15808783686815
          ],
          [
            51.668787987865755,
            43.15794092793952
          ],
          [
            51.668817639021995,
            43.15779392594814
          ],
          [
            51.66884673099144,
            43.157646822920896
          ],
          [
            51.668875228651586,
            43.15749961251173
          ],
          [
            51.66890310588485,
            43.15735229000163
          ],
          [
            51.6689303455785,
            43.15720485229862
          ],
          [
            51.66895693962465,
            43.15705729793771
          ],
          [
            51.66898288892033,
            43.156909627081006
          ],
          [
            51.66900820336741,
            43.156761841517586
          ],
          [
            51.66903290187262,
            43.15661394466361
          ],
          [
            51.66905701234761,
            43.15646594156224
          ],
          [
            51.669080571708825,
            43.15631783888368
          ],
          [
            51.66910426943984,
            43.156169669473115
          ],
          [
            51.66912864382947,
            43.156021461692184
          ],
          [
            51.66915329009995,
            43.15587320921379
          ],
          [
            51.66917784589635,
            43.155724908612555
          ],
          [
            51.66920199128653,
            43.15557655936485
          ],
          [
            51.66922544876114,
            43.155428163848754
          ],
          [
            51.669247983233696,
            43.155279727344066
          ],
          [
            51.66926940204046,
            43.15513125803233
          ],
          [
            51.6692895549406,
            43.15498276699679
          ],
          [
            51.66930833411598,
            43.15483426822241
          ],
          [
            51.669325371262694,
            43.15468572386527
          ],
          [
            51.66934035205291,
            43.15453710107068
          ],
          [
            51.6693531419572,
            43.154388394707155
          ],
          [
            51.66936363986404,
            43.15423960091791
          ],
          [
            51.669371778079864,
            43.154090717120845
          ],
          [
            51.669377522329036,
            43.15394174200855
          ],
          [
            51.6693808717539,
            43.15379267554832
          ],
          [
            51.669381858914676,
            43.153643518982115
          ],
          [
            51.66938054978958,
            43.15349427482661
          ],
          [
            51.66937694810301,
            43.153344950194025
          ],
          [
            51.66937085331085,
            43.15319556172158
          ],
          [
            51.669362594716716,
            43.153046110089655
          ],
          [
            51.669352523633265,
            43.1528965976493
          ],
          [
            51.66934101338228,
            43.152747028422304
          ],
          [
            51.6693284592947,
            43.15259740810114
          ],
          [
            51.66931527871055,
            43.152447744048956
          ],
          [
            51.669301910978945,
            43.15229804529967
          ],
          [
            51.66928881745815,
            43.152148322557835
          ],
          [
            51.66927648151554,
            43.15199858819874
          ],
          [
            51.66926540852758,
            43.15184885626837
          ],
          [
            51.669256125879876,
            43.15169914248341
          ],
          [
            51.669248293710034,
            43.151549430311505
          ],
          [
            51.66924123638628,
            43.15139969124395
          ],
          [
            51.669234980074215,
            43.15124992437252
          ],
          [
            51.66922953953065,
            43.151100129184975
          ],
          [
            51.66922491810354,
            43.15095030556511
          ],
          [
            51.66922110773202,
            43.15080045379273
          ],
          [
            51.66921808894642,
            43.15065057454363
          ],
          [
            51.66921583086823,
            43.15050066888968
          ],
          [
            51.66921429121008,
            43.150350738298656
          ],
          [
            51.669213416275824,
            43.15020078463443
          ],
          [
            51.66921314096045,
            43.150050810156856
          ],
          [
            51.66921338875014,
            43.1499008175218
          ],
          [
            51.66921407172222,
            43.14975080978116
          ],
          [
            51.66921509054526,
            43.14960079038279
          ],
          [
            51.66921633447891,
            43.14945076317063
          ],
          [
            51.66921768137406,
            43.149300732384575
          ],
          [
            51.669218997672736,
            43.14915070266055
          ],
          [
            51.66922013840815,
            43.14900067903049
          ],
          [
            51.66921865398308,
            43.14885017064729
          ],
          [
            51.66921510945433,
            43.148699308731466
          ],
          [
            51.66921071285982,
            43.14854826242047
          ],
          [
            51.66920624284909,
            43.148397200221495
          ],
          [
            51.66920241621005,
            43.1482462772543
          ],
          [
            51.669199887868864,
            43.14809563525117
          ],
          [
            51.66919925089004,
            43.14794540255691
          ],
          [
            51.66920103647635,
            43.14779569412889
          ],
          [
            51.66920571396892,
            43.14764661153699
          ],
          [
            51.66921369084715,
            43.14749824296368
          ],
          [
            51.66922531272876,
            43.1473506632039
          ],
          [
            51.66924086336977,
            43.14720393366518
          ],
          [
            51.66926056466452,
            43.14705810236757
          ],
          [
            51.66928457664564,
            43.14691320394367
          ],
          [
            51.66931299748405,
            43.14676925963858
          ],
          [
            51.669345863489035,
            43.146626277310006
          ],
          [
            51.669383149108135,
            43.146484251428134
          ],
          [
            51.66942476692721,
            43.14634316307571
          ],
          [
            51.66947056767044,
            43.14620297994803
          ],
          [
            51.66952034020028,
            43.14606365635291
          ],
          [
            51.66957381151752,
            43.145925133210696
          ],
          [
            51.66963064676127,
            43.14578733805432
          ],
          [
            51.6696904492089,
            43.1456501850292
          ],
          [
            51.66975276027612,
            43.145513574893315
          ],
          [
            51.669817059516944,
            43.14537739501718
          ],
          [
            51.669882764623665,
            43.14524151938386
          ],
          [
            51.66994923142691,
            43.14510580858895
          ],
          [
            51.67001575389564,
            43.14497010984057
          ],
          [
            51.67008156413705,
            43.1448342569594
          ],
          [
            51.67014603072877,
            43.14469813087175
          ],
          [
            51.67020948806466,
            43.14456191256763
          ],
          [
            51.67027362227344,
            43.14442592006284
          ],
          [
            51.67033815943923,
            43.14429005046359
          ],
          [
            51.67040264410989,
            43.14415416485287
          ],
          [
            51.670466657660334,
            43.14401813554616
          ],
          [
            51.67052981829238,
            43.143881846091546
          ],
          [
            51.67059178103486,
            43.14374519126966
          ],
          [
            51.67065223774355,
            43.143608077093674
          ],
          [
            51.67071091710123,
            43.14347042080937
          ],
          [
            51.67076758461758,
            43.14333215089506
          ],
          [
            51.67082204262931,
            43.143193207061636
          ],
          [
            51.67087413030011,
            43.14305354025253
          ],
          [
            51.67092372362058,
            43.14291311264376
          ],
          [
            51.67097073540833,
            43.14277189764389
          ],
          [
            51.67101511530796,
            43.14262987989406
          ],
          [
            51.67105684979097,
            43.14248705526797
          ],
          [
            51.67109596215589,
            43.142343430871875
          ],
          [
            51.67113251252821,
            43.14219902504458
          ],
          [
            51.671166597860356,
            43.142053867357504
          ],
          [
            51.67119835193178,
            43.14190799861456
          ],
          [
            51.671227945348846,
            43.14176147085227
          ],
          [
            51.67125558554491,
            43.141614347339726
          ],
          [
            51.67128151678035,
            43.141466702578526
          ],
          [
            51.671306020142396,
            43.141318622302904
          ],
          [
            51.67132941354535,
            43.1411702034796
          ],
          [
            51.671352051730466,
            43.14102155430794
          ],
          [
            51.67137432626591,
            43.1408727942198
          ],
          [
            51.67139666554691,
            43.14072405387965
          ],
          [
            51.67141953479556,
            43.140575475184484
          ],
          [
            51.67144413636986,
            43.140427230782706
          ],
          [
            51.67147151397643,
            43.14027942315745
          ],
          [
            51.67149977041429,
            43.14013164002675
          ],
          [
            51.67152834791908,
            43.13998386584475
          ],
          [
            51.67155673131985,
            43.139836086252714
          ],
          [
            51.67158444803937,
            43.139688288079135
          ],
          [
            51.67161106809395,
            43.13954045933959
          ],
          [
            51.67163620409346,
            43.13939258923686
          ],
          [
            51.67165951124143,
            43.13924466816085
          ],
          [
            51.67168068733492,
            43.139096687688664
          ],
          [
            51.67169947276459,
            43.13894864058451
          ],
          [
            51.6717156505147,
            43.138800520799805
          ],
          [
            51.67172904616307,
            43.13865232347309
          ],
          [
            51.671739527881165,
            43.13850404493007
          ],
          [
            51.67174700643399,
            43.13835568268364
          ],
          [
            51.67175143518012,
            43.13820723543378
          ],
          [
            51.67175281007177,
            43.1380587030677
          ],
          [
            51.671751169654726,
            43.13791008665972
          ],
          [
            51.67174659506835,
            43.137761388471354
          ],
          [
            51.67173921004561,
            43.13761261195125
          ],
          [
            51.67172918091302,
            43.1374637617352
          ],
          [
            51.67171671659074,
            43.13731484364619
          ],
          [
            51.671702068592474,
            43.13716586469434
          ],
          [
            51.671685531025545,
            43.13701683307691
          ],
          [
            51.671667440590845,
            43.13686775817838
          ],
          [
            51.67164817658284,
            43.13671865057032
          ],
          [
            51.671628160889625,
            43.13656952201148
          ],
          [
            51.671607857992846,
            43.136420385447785
          ],
          [
            51.67158777496777,
            43.13627125501229
          ],
          [
            51.671568461483204,
            43.13612214602522
          ],
          [
            51.67155050980159,
            43.13597307499398
          ],
          [
            51.6715335871108,
            43.135824032642496
          ],
          [
            51.67151577624326,
            43.135674895245295
          ],
          [
            51.67149561397155,
            43.13552550621927
          ],
          [
            51.67147403149447,
            43.13537596521399
          ],
          [
            51.67145189428147,
            43.13522636484521
          ],
          [
            51.67143000207269,
            43.135076790694875
          ],
          [
            51.67140908887898,
            43.13492732131106
          ],
          [
            51.67138982298186,
            43.134778028208004
          ],
          [
            51.67137280693351,
            43.13462897586612
          ],
          [
            51.67135857755686,
            43.134480221732
          ],
          [
            51.67134760594547,
            43.13433181621837
          ],
          [
            51.67134029746361,
            43.134183802704136
          ],
          [
            51.67133699174621,
            43.13403621753438
          ],
          [
            51.67133796269894,
            43.13388909002034
          ],
          [
            51.671343418498104,
            43.133742442439384
          ],
          [
            51.67135350159072,
            43.13359629003509
          ],
          [
            51.671368288694474,
            43.133450641017205
          ],
          [
            51.67138779079775,
            43.13330549656159
          ],
          [
            51.67141195315963,
            43.13316085081031
          ],
          [
            51.67144065530986,
            43.1330166908716
          ],
          [
            51.67147371104887,
            43.132872996819806
          ],
          [
            51.671510868447804,
            43.13272974169551
          ],
          [
            51.671551809848474,
            43.13258689150541
          ],
          [
            51.67159615186336,
            43.13244440522238
          ],
          [
            51.67164344537566,
            43.13230223478546
          ],
          [
            51.671693175539254,
            43.13216032509986
          ],
          [
            51.67174476177869,
            43.132018614036944
          ],
          [
            51.671797557789205,
            43.13187703243425
          ],
          [
            51.671850851536746,
            43.13173550409545
          ],
          [
            51.67190386525792,
            43.13159394579044
          ],
          [
            51.671955755460004,
            43.13145226725523
          ],
          [
            51.672008323751186,
            43.131310499610414
          ],
          [
            51.672061530837254,
            43.13116865604212
          ],
          [
            51.67211601414155,
            43.1310268729313
          ],
          [
            51.67217071408713,
            43.13088510008327
          ],
          [
            51.67222465453003,
            43.130743291255826
          ],
          [
            51.67227694275938,
            43.13060140415912
          ],
          [
            51.672326769497374,
            43.13045940045576
          ],
          [
            51.67237340889919,
            43.13031724576081
          ],
          [
            51.67241621855313,
            43.13017490964165
          ],
          [
            51.672454639480534,
            43.13003236561818
          ],
          [
            51.67248819613575,
            43.12988959116268
          ],
          [
            51.672516496406224,
            43.12974656769984
          ],
          [
            51.67253923161245,
            43.1296032806068
          ],
          [
            51.67255617650794,
            43.12945971921309
          ],
          [
            51.672567189279285,
            43.129315876800675
          ],
          [
            51.67257221154613,
            43.129171750603966
          ],
          [
            51.67257126836116,
            43.12902734180974
          ],
          [
            51.672564468210126,
            43.12888265555722
          ],
          [
            51.6725520030118,
            43.128737700938075
          ],
          [
            51.67253414811804,
            43.128592490996354
          ],
          [
            51.67251126231374,
            43.128447042728546
          ],
          [
            51.67248378781686,
            43.12830137708355
          ],
          [
            51.67245225027838,
            43.12815551896271
          ],
          [
            51.67241725878235,
            43.128009497219765
          ],
          [
            51.6723795058459,
            43.12786334466086
          ],
          [
            51.67233976741917,
            43.12771709804463
          ],
          [
            51.67229890288535,
            43.127570798082026
          ],
          [
            51.67225785506072,
            43.12742448943653
          ],
          [
            51.67221765019459,
            43.12727822072395
          ],
          [
            51.6721793979693,
            43.127132044512564
          ],
          [
            51.6721442915003,
            43.12698601732308
          ],
          [
            51.67210986158306,
            43.12684002218343
          ],
          [
            51.67207543166582,
            43.12669402704379
          ],
          [
            51.672041001748575,
            43.12654803190415
          ],
          [
            51.67200607723595,
            43.12640212629236
          ],
          [
            51.67197069307494,
            43.126256303882585
          ],
          [
            51.67193506432969,
            43.12611052574556
          ],
          [
            51.67189939039216,
            43.1259647557889
          ],
          [
            51.67186385498217,
            43.12581896075703
          ],
          [
            51.67182862614739,
            43.1256731102313
          ],
          [
            51.67179385626329,
            43.12552717662985
          ],
          [
            51.67175968203322,
            43.125381135207675
          ],
          [
            51.67172622448839,
            43.12523496405667
          ],
          [
            51.671693588987786,
            43.125088644105546
          ],
          [
            51.67166186521829,
            43.12494215911987
          ],
          [
            51.67163112719464,
            43.12479549570207
          ],
          [
            51.671601433259355,
            43.12464864329143
          ],
          [
            51.67157282608285,
            43.12450159416407
          ],
          [
            51.67154533266338,
            43.124354343433
          ],
          [
            51.67151896432701,
            43.12420688904806
          ],
          [
            51.67149371672765,
            43.12405923179591
          ],
          [
            51.6714695698471,
            43.12391137530012
          ],
          [
            51.671446487994956,
            43.12376332602108
          ],
          [
            51.67142441980867,
            43.123615093256056
          ],
          [
            51.67140329825356,
            43.12346668913915
          ],
          [
            51.67138304062275,
            43.12331812864131
          ],
          [
            51.67136354853721,
            43.123169429570346
          ],
          [
            51.671344707945785,
            43.123020612570954
          ],
          [
            51.67132638912513,
            43.12287170112463
          ],
          [
            51.67130844667977,
            43.122722721549735
          ],
          [
            51.67129071954206,
            43.122573703001514
          ],
          [
            51.67127303097216,
            43.12242467747205
          ],
          [
            51.67125518855816,
            43.12227567979025
          ],
          [
            51.67124012059405,
            43.12212506733539
          ],
          [
            51.67122722499322,
            43.12197308329717
          ],
          [
            51.6712156379314,
            43.121820347957886
          ],
          [
            51.67120428880988,
            43.121667485144215
          ],
          [
            51.671192060857585,
            43.12151509315628
          ],
          [
            51.67117793282511,
            43.1213637191193
          ],
          [
            51.671160978984844,
            43.12121385898357
          ],
          [
            51.67114036913088,
            43.12106595752449
          ],
          [
            51.67111536857911,
            43.1209204083425
          ],
          [
            51.67108533816711,
            43.120777553863135
          ],
          [
            51.67104973425424,
            43.120637685337016
          ],
          [
            51.67100810872161,
            43.120501042839834
          ],
          [
            51.67096010897204,
            43.12036781527236
          ],
          [
            51.670905477930134,
            43.12023814036046
          ],
          [
            51.670844054042206,
            43.12011210465507
          ],
          [
            51.67077577127634,
            43.119989743532194
          ],
          [
            51.67070065912236,
            43.11987104119292
          ],
          [
            51.67061884259182,
            43.11975593066344
          ],
          [
            51.67053054221804,
            43.11964429379497
          ],
          [
            51.67043607405608,
            43.11953596126388
          ],
          [
            51.67033584968273,
            43.11943071257156
          ],
          [
            51.67023037619653,
            43.11932827604449
          ],
          [
            51.670120256217785,
            43.119228328834254
          ],
          [
            51.670006187888525,
            43.119130496917485
          ],
          [
            51.66988896487254,
            43.11903435509594
          ],
          [
            51.66976947635534,
            43.1189394269964
          ],
          [
            51.6696487070442,
            43.11884518507075
          ],
          [
            51.669527737168146,
            43.11875105059597
          ],
          [
            51.66940774247792,
            43.1186563936741
          ],
          [
            51.66928999424604,
            43.11856053323226
          ],
          [
            51.669175859266765,
            43.118462737022654
          ],
          [
            51.66906246609218,
            43.11836454339782
          ],
          [
            51.6689490729176,
            43.11826634977298
          ],
          [
            51.66883567974303,
            43.11816815614814
          ],
          [
            51.66872228656845,
            43.11806996252329
          ],
          [
            51.668608893393866,
            43.11797176889846
          ],
          [
            51.668495500219294,
            43.11787357527361
          ],
          [
            51.66838210704472,
            43.11777538164877
          ],
          [
            51.668268713870134,
            43.11767718802393
          ],
          [
            51.66815532069556,
            43.11757899439909
          ],
          [
            51.66804192752098,
            43.11748080077425
          ],
          [
            51.667928534346416,
            43.11738260714941
          ],
          [
            51.66781514117183,
            43.11728441352457
          ],
          [
            51.66770174799725,
            43.11718621989973
          ],
          [
            51.667588354822676,
            43.117088026274885
          ],
          [
            51.6674749616481,
            43.11698983265005
          ],
          [
            51.66736156847353,
            43.11689163902521
          ],
          [
            51.667248175298944,
            43.11679344540037
          ],
          [
            51.667134782124364,
            43.116695251775525
          ],
          [
            51.66702138894979,
            43.11659705815069
          ],
          [
            51.66690799577521,
            43.11649886452585
          ],
          [
            51.66679460260063,
            43.11640067090101
          ],
          [
            51.66668120942606,
            43.116302477276164
          ],
          [
            51.66656781625149,
            43.11620428365133
          ],
          [
            51.6664544230769,
            43.116106090026484
          ],
          [
            51.66634102990233,
            43.11600789640164
          ],
          [
            51.66622763672775,
            43.1159097027768
          ],
          [
            51.666114243553174,
            43.11581150915197
          ],
          [
            51.666000850378595,
            43.115713315527124
          ],
          [
            51.665887457204015,
            43.11561512190228
          ],
          [
            51.66577406402944,
            43.115516928277444
          ],
          [
            51.66566067085486,
            43.11541873465261
          ],
          [
            51.66554727768029,
            43.11532054102776
          ],
          [
            51.66543388450571,
            43.11522234740292
          ],
          [
            51.66532049133114,
            43.11512415377808
          ],
          [
            51.66520709815656,
            43.11502596015324
          ],
          [
            51.66509370498198,
            43.114927766528396
          ],
          [
            51.6649803118074,
            43.11482957290356
          ],
          [
            51.664866918632825,
            43.11473137927872
          ],
          [
            51.66475352545825,
            43.11463318565387
          ],
          [
            51.664638610504035,
            43.114535890230584
          ],
          [
            51.664520863158224,
            43.114440266572714
          ],
          [
            51.66440145161151,
            43.11434562517786
          ],
          [
            51.664281460904775,
            43.11425132562122
          ],
          [
            51.66416189292899,
            43.11415677655565
          ],
          [
            51.664043666425314,
            43.11406143571162
          ],
          [
            51.66392761698503,
            43.113964809897226
          ],
          [
            51.663814497049536,
            43.113866454998195
          ],
          [
            51.66370497591043,
            43.11376597597788
          ],
          [
            51.66359963970937,
            43.113663026877276
          ],
          [
            51.6634989914382,
            43.11355731081497
          ],
          [
            51.6634034509389,
            43.11344857998722
          ],
          [
            51.66331335490361,
            43.11333663566788
          ],
          [
            51.66322895687455,
            43.11322132820846
          ],
          [
            51.66315042724414,
            43.113102557038076
          ],
          [
            51.66307785325489,
            43.11298027066345
          ],
          [
            51.663011238999495,
            43.112854466669
          ],
          [
            51.66295050542077,
            43.112725191716706
          ],
          [
            51.662895490311634,
            43.11259254154621
          ],
          [
            51.66284594831521,
            43.112456660974765
          ],
          [
            51.662801550924726,
            43.112317743897265
          ],
          [
            51.66276188648355,
            43.112176033286225
          ],
          [
            51.66272646018519,
            43.11203182119179
          ],
          [
            51.6626946940733,
            43.11188544874173
          ],
          [
            51.66266592704165,
            43.11173730614144
          ],
          [
            51.66263941483419,
            43.11158783267396
          ],
          [
            51.66261433004499,
            43.11143751669992
          ],
          [
            51.66258976211824,
            43.11128689565764
          ],
          [
            51.66256471734829,
            43.111136556063
          ],
          [
            51.66253811887963,
            43.11098713350956
          ],
          [
            51.6625088067069,
            43.11083931266846
          ],
          [
            51.66247764042945,
            43.11069258617749
          ],
          [
            51.66244647415199,
            43.11054585968654
          ],
          [
            51.66241530787454,
            43.11039913319558
          ],
          [
            51.66238414159709,
            43.11025240670462
          ],
          [
            51.662352975319635,
            43.11010568021365
          ],
          [
            51.662321809042176,
            43.109958953722696
          ],
          [
            51.66229064276472,
            43.109812227231735
          ],
          [
            51.662259476487264,
            43.109665500740775
          ],
          [
            51.66222831020982,
            43.10951877424981
          ],
          [
            51.66219714393236,
            43.109372047758846
          ],
          [
            51.6621659776549,
            43.10922532126789
          ],
          [
            51.66213481137745,
            43.10907859477694
          ],
          [
            51.662103645100004,
            43.10893186828598
          ],
          [
            51.662072478822544,
            43.10878514179501
          ],
          [
            51.6620413125451,
            43.10863841530405
          ],
          [
            51.66201014626764,
            43.10849168881309
          ],
          [
            51.66197897999019,
            43.108344962322136
          ],
          [
            51.66194781371273,
            43.10819823583117
          ],
          [
            51.66191664743527,
            43.10805150934021
          ],
          [
            51.66188548115782,
            43.107904782849246
          ],
          [
            51.66185431488037,
            43.107758056358286
          ],
          [
            51.66182314860292,
            43.107611329867325
          ],
          [
            51.661791982325475,
            43.107464603376364
          ],
          [
            51.661760816048016,
            43.1073178768854
          ],
          [
            51.661729649770564,
            43.10717115039445
          ],
          [
            51.6616984834931,
            43.10702442390348
          ],
          [
            51.66166731721565,
            43.10687769741252
          ],
          [
            51.66163615093819,
            43.10673097092156
          ],
          [
            51.66160498466074,
            43.1065842444306
          ],
          [
            51.66157381838328,
            43.10643751793964
          ],
          [
            51.66154265210584,
            43.10629079144868
          ],
          [
            51.661511485828385,
            43.10614406495772
          ],
          [
            51.66148031955093,
            43.10599733846676
          ],
          [
            51.66144915327348,
            43.1058506119758
          ],
          [
            51.66141798699602,
            43.10570388548483
          ],
          [
            51.66138682071857,
            43.10555715899388
          ],
          [
            51.661352766559524,
            43.10540929804208
          ],
          [
            51.66131342668449,
            43.10525936067633
          ],
          [
            51.66127098607132,
            43.10510820523225
          ],
          [
            51.66122747410425,
            43.10495662892291
          ],
          [
            51.661184764573825,
            43.104805367838736
          ],
          [
            51.66114457567696,
            43.104655096947525
          ],
          [
            51.66110847001691,
            43.104506430094446
          ],
          [
            51.66107785460329,
            43.104359920002054
          ],
          [
            51.66105398085207,
            43.104216058270275
          ],
          [
            51.661037944585516,
            43.1040752753764
          ],
          [
            51.661030686032305,
            43.10393794067511
          ],
          [
            51.66103298982743,
            43.10380436239848
          ],
          [
            51.661045485012245,
            43.10367478765589
          ],
          [
            51.66106864503442,
            43.10354940243417
          ],
          [
            51.661102787748014,
            43.1034283315975
          ],
          [
            51.66114807541343,
            43.10331163888742
          ],
          [
            51.66120451469738,
            43.10319932692287
          ],
          [
            51.66127195667296,
            43.10309133720014
          ],
          [
            51.66135009681962,
            43.10298755009291
          ],
          [
            51.661438475023104,
            43.10288778485224
          ],
          [
            51.66153647557557,
            43.10279179960656
          ],
          [
            51.66164332717549,
            43.102699291361674
          ],
          [
            51.66175810292769,
            43.10260989600076
          ],
          [
            51.66187972034334,
            43.10252318828435
          ],
          [
            51.66200694133995,
            43.102438681850415
          ],
          [
            51.66213837224141,
            43.102355829214225
          ],
          [
            51.66227246377791,
            43.10227402176849
          ],
          [
            51.66240751108604,
            43.102192589783236
          ],
          [
            51.66254165370871,
            43.10211080240592
          ],
          [
            51.66267287559515,
            43.10202786766134
          ],
          [
            51.66279900510099,
            43.10194293245168
          ],
          [
            51.662921705386154,
            43.10185665012426
          ],
          [
            51.6630444056713,
            43.10177036779686
          ],
          [
            51.663167105956454,
            43.10168408546946
          ],
          [
            51.663289806241615,
            43.10159780314204
          ],
          [
            51.66341250652677,
            43.10151152081464
          ],
          [
            51.66353520681193,
            43.10142523848723
          ],
          [
            51.66365790709708,
            43.10133895615983
          ],
          [
            51.66378075679415,
            43.10125286930855
          ],
          [
            51.66390385039183,
            43.101167101553266
          ],
          [
            51.66402708540519,
            43.10108151881264
          ],
          [
            51.664150366671066,
            43.10099599658434
          ],
          [
            51.664273606348026,
            43.10091041994508
          ],
          [
            51.6643967239163,
            43.10082468355065
          ],
          [
            51.6645196461779,
            43.1007386916358
          ],
          [
            51.66464230725655,
            43.10065235801438
          ],
          [
            51.664764648597675,
            43.100565606079265
          ],
          [
            51.664886618968474,
            43.10047836880234
          ],
          [
            51.665008174457796,
            43.10039058873458
          ],
          [
            51.665129278476286,
            43.100302218005936
          ],
          [
            51.665249901756276,
            43.10021321832543
          ],
          [
            51.66537002235181,
            43.100123560981125
          ],
          [
            51.66548962563869,
            43.10003322684011
          ],
          [
            51.66560870431444,
            43.09994220634851
          ],
          [
            51.66572725839826,
            43.09985049953148
          ],
          [
            51.66584529523114,
            43.099758115993225
          ],
          [
            51.66596282947576,
            43.099665074917
          ],
          [
            51.6660798831165,
            43.09957140506506
          ],
          [
            51.66619648545951,
            43.09947714477874
          ],
          [
            51.666312673132644,
            43.09938234197837
          ],
          [
            51.66642849008549,
            43.099287054163334
          ],
          [
            51.66654398758932,
            43.09919134841207
          ],
          [
            51.66665922423719,
            43.099095301382036
          ],
          [
            51.66677426594385,
            43.09899899930972
          ],
          [
            51.666889185945756,
            43.09890253801069
          ],
          [
            51.66700406480112,
            43.09880602287947
          ],
          [
            51.66711899038986,
            43.0987095688897
          ],
          [
            51.66723405791363,
            43.09861330059401
          ],
          [
            51.6673493698958,
            43.098517352124105
          ],
          [
            51.667464829728054,
            43.09842159708696
          ],
          [
            51.66758028956029,
            43.09832584204981
          ],
          [
            51.66769574939254,
            43.09823008701269
          ],
          [
            51.66781121053727,
            43.098134333550256
          ],
          [
            51.6679266905263,
            43.09803860269704
          ],
          [
            51.668042182494446,
            43.097942886216245
          ],
          [
            51.668157680052175,
            43.097847176441825
          ],
          [
            51.66827317728571,
            43.097751466278424
          ],
          [
            51.66838866875695,
            43.09765574920146
          ],
          [
            51.66850414950345,
            43.097560019257074
          ],
          [
            51.668619615038494,
            43.09746427106209
          ],
          [
            51.668735061351015,
            43.097368499804105
          ],
          [
            51.668850484905676,
            43.09727270124145
          ],
          [
            51.66896588264284,
            43.09717687170316
          ],
          [
            51.66908125197849,
            43.097081008089
          ],
          [
            51.669196590804376,
            43.09698510786949
          ],
          [
            51.669311897487894,
            43.09688916908587
          ],
          [
            51.669427170872154,
            43.096793190350084
          ],
          [
            51.66954241027595,
            43.09669717084483
          ],
          [
            51.66965761549376,
            43.096601110323526
          ],
          [
            51.66977278679574,
            43.09650500911033
          ],
          [
            51.669887924927785,
            43.09640886810012
          ],
          [
            51.67000303111143,
            43.096312688758495
          ],
          [
            51.67011810704391,
            43.096216473121814
          ],
          [
            51.670233154898185,
            43.096120223797136
          ],
          [
            51.67034817732286,
            43.096023943962244
          ],
          [
            51.67046317744226,
            43.09592763736568
          ],
          [
            51.67057815885639,
            43.09583130832671
          ],
          [
            51.670693125640945,
            43.09573496173529
          ],
          [
            51.67080808234733,
            43.09563860305216
          ],
          [
            51.670923034002584,
            43.095542238308745
          ],
          [
            51.671037986109496,
            43.09544587410724
          ],
          [
            51.671152944646536,
            43.095349517620534
          ],
          [
            51.67126791606785,
            43.09525317659225
          ],
          [
            51.6713829054897,
            43.09515685716088
          ],
          [
            51.67149789491156,
            43.0950605377295
          ],
          [
            51.67161288433342,
            43.094964218298124
          ],
          [
            51.671727399158364,
            43.09486723028044
          ],
          [
            51.67184151397888,
            43.094769678758304
          ],
          [
            51.67195542049945,
            43.094671833794514
          ],
          [
            51.672069296397346,
            43.094573945691195
          ],
          [
            51.6721833053227,
            43.094476244989686
          ],
          [
            51.672297596898424,
            43.094378942470655
          ],
          [
            51.67241230672028,
            43.094282229154025
          ],
          [
            51.672527556356876,
            43.09418627629901
          ],
          [
            51.67264345334961,
            43.094091235404086
          ],
          [
            51.672760091212716,
            43.093997238207024
          ],
          [
            51.67287754943325,
            43.09390439668487
          ],
          [
            51.672995893471104,
            43.09381280305395
          ],
          [
            51.673115174759,
            43.09372252976986
          ],
          [
            51.67323543070245,
            43.09363362952748
          ],
          [
            51.67335668467982,
            43.09354613526098
          ],
          [
            51.67347894604229,
            43.093460060143784
          ],
          [
            51.67360221011388,
            43.093375397588616
          ],
          [
            51.67372645819141,
            43.09329212124748
          ],
          [
            51.673851657544546,
            43.093210185011635
          ],
          [
            51.673977761415784,
            43.093129523011655
          ],
          [
            51.67410470902039,
            43.09305004961736
          ],
          [
            51.674232425546535,
            43.09297165943786
          ],
          [
            51.67436082215515,
            43.092894227321544
          ],
          [
            51.674489795980044,
            43.09281760835609
          ],
          [
            51.6746192301278,
            43.09274163786845
          ],
          [
            51.674748993677866,
            43.092666131424835
          ],
          [
            51.67487894168248,
            43.09259088483077
          ],
          [
            51.67500891516674,
            43.09251567413102
          ],
          [
            51.67513874112854,
            43.092440255609674
          ],
          [
            51.6752682325386,
            43.09236436579006
          ],
          [
            51.67539718834049,
            43.09228772143478
          ],
          [
            51.67552604923599,
            43.09221094338055
          ],
          [
            51.67565491013148,
            43.092134165326314
          ],
          [
            51.67578377102697,
            43.09205738727208
          ],
          [
            51.67591263192247,
            43.091980609217835
          ],
          [
            51.67604149281796,
            43.0919038311636
          ],
          [
            51.67617035371346,
            43.091827053109355
          ],
          [
            51.67629923224585,
            43.09175030185189
          ],
          [
            51.676428407456505,
            43.091674001354654
          ],
          [
            51.67655777157367,
            43.09159798787394
          ],
          [
            51.67668722428816,
            43.091522109004174
          ],
          [
            51.676816672753205,
            43.09144622367803
          ],
          [
            51.676946031584606,
            43.09137020216631
          ],
          [
            51.67707522286056,
            43.091293926078045
          ],
          [
            51.67720417612186,
            43.09121728836044
          ],
          [
            51.6773328283717,
            43.091140193298926
          ],
          [
            51.677461124075826,
            43.09106255651707
          ],
          [
            51.67758901516244,
            43.090984304976665
          ],
          [
            51.67771646102226,
            43.09090537697769
          ],
          [
            51.67784342850847,
            43.090825722158286
          ],
          [
            51.67796989193674,
            43.090745301494835
          ],
          [
            51.67809583308529,
            43.09066408730186
          ],
          [
            51.67822124119477,
            43.09058206323211
          ],
          [
            51.67834611296835,
            43.09049922427649
          ],
          [
            51.67847045257165,
            43.09041557676413
          ],
          [
            51.678594271632846,
            43.09033113836233
          ],
          [
            51.678717589242574,
            43.09024593807658
          ],
          [
            51.67884043195394,
            43.090160016250564
          ],
          [
            51.67896283378258,
            43.09007342456616
          ],
          [
            51.67908483620657,
            43.08998622604343
          ],
          [
            51.67920648816654,
            43.08989849504064
          ],
          [
            51.67932784606558,
            43.08981031725421
          ],
          [
            51.67944897376925,
            43.089721789718794
          ],
          [
            51.67956994260565,
            43.08963302080721
          ],
          [
            51.679690831365306,
            43.08954413023048
          ],
          [
            51.6798117263013,
            43.08945524903781
          ],
          [
            51.67993272112918,
            43.08936651961658
          ],
          [
            51.68005391702697,
            43.08927809569239
          ],
          [
            51.68017539826498,
            43.08919010530195
          ],
          [
            51.680296879503004,
            43.08910211491151
          ],
          [
            51.680418360741015,
            43.08901412452107
          ],
          [
            51.680539841979034,
            43.088926134130645
          ],
          [
            51.68066129858931,
            43.088838106047106
          ],
          [
            51.68078243998757,
            43.0887495955274
          ],
          [
            51.680903381284224,
            43.08866077874955
          ],
          [
            51.68102422960924,
            43.08857181967733
          ],
          [
            51.68114508411203,
            43.08848287006031
          ],
          [
            51.681266035961585,
            43.0883940694338
          ],
          [
            51.68138716834638,
            43.088305545118864
          ],
          [
            51.68150855647442,
            43.08821741222236
          ],
          [
            51.681630267573226,
            43.08812977363691
          ],
          [
            51.68175236088981,
            43.088042720040846
          ],
          [
            51.68187488769074,
            43.08795632989834
          ],
          [
            51.68199789126207,
            43.08787066945927
          ],
          [
            51.682121406909395,
            43.0877857927593
          ],
          [
            51.682245461957805,
            43.08770174161987
          ],
          [
            51.68237007575192,
            43.08761854564814
          ],
          [
            51.68249525965585,
            43.08753622223709
          ],
          [
            51.68262101705328,
            43.08745477656543
          ],
          [
            51.68274734334734,
            43.08737420159764
          ],
          [
            51.68287422596072,
            43.08729447808396
          ],
          [
            51.68300164433562,
            43.08721557456039
          ],
          [
            51.68312956993375,
            43.087137447348724
          ],
          [
            51.68325796623633,
            43.08706004055649
          ],
          [
            51.68338678874413,
            43.08698328607697
          ],
          [
            51.683515984977376,
            43.08690710358925
          ],
          [
            51.683645494475876,
            43.08683140055815
          ],
          [
            51.683775248798916,
            43.08675607223425
          ],
          [
            51.683905171525296,
            43.086681001653915
          ],
          [
            51.68403517825336,
            43.08660605963925
          ],
          [
            51.684165176600935,
            43.086531104798155
          ],
          [
            51.68429506620539,
            43.08645598352425
          ],
          [
            51.68442473872359,
            43.08638052999697
          ],
          [
            51.68455411186191,
            43.08630461826479
          ],
          [
            51.68468348500022,
            43.08622870653261
          ],
          [
            51.684812858138535,
            43.086152794800434
          ],
          [
            51.68494223127684,
            43.08607688306826
          ],
          [
            51.685071604415164,
            43.08600097133608
          ],
          [
            51.68520097755347,
            43.0859250596039
          ],
          [
            51.6853303506918,
            43.08584914787172
          ],
          [
            51.68545968838583,
            43.08577315435976
          ],
          [
            51.685588444330754,
            43.085695818591525
          ],
          [
            51.68571682994204,
            43.08561762836105
          ],
          [
            51.685845041994604,
            43.08553903768253
          ],
          [
            51.68597326262273,
            43.08546046679024
          ],
          [
            51.68610165932017,
            43.085382302138584
          ],
          [
            51.686230384940046,
            43.08530489640208
          ],
          [
            51.68635957769493,
            43.08522856847536
          ],
          [
            51.68648936115677,
            43.08515360347316
          ],
          [
            51.68661984425696,
            43.08508025273035
          ],
          [
            51.68675112128628,
            43.08500873380191
          ],
          [
            51.68688327189494,
            43.08493923046293
          ],
          [
            51.68701636109259,
            43.08487189270861
          ],
          [
            51.687150439248256,
            43.084806836754275
          ],
          [
            51.68728554209038,
            43.08474414503534
          ],
          [
            51.687421690706834,
            43.08468386620737
          ],
          [
            51.687558891544896,
            43.08462601514603
          ],
          [
            51.68769713641128,
            43.08457057294708
          ],
          [
            51.68783640247209,
            43.08451748692643
          ],
          [
            51.68797665225282,
            43.08446667062008
          ],
          [
            51.68811783363844,
            43.08441800378416
          ],
          [
            51.68825987987329,
            43.08437133239488
          ],
          [
            51.688402709561146,
            43.08432646864861
          ],
          [
            51.688546226665174,
            43.08428319096181
          ],
          [
            51.68869032050797,
            43.084241243971064
          ],
          [
            51.68883486577156,
            43.08420033853305
          ],
          [
            51.68897972249735,
            43.084160151724596
          ],
          [
            51.68912473608617,
            43.084120326842616
          ],
          [
            51.689269737298304,
            43.08408047340414
          ],
          [
            51.68941454225339,
            43.08404016714635
          ],
          [
            51.68955895243051,
            43.08399895002646
          ],
          [
            51.68970280364413,
            43.083956443223
          ],
          [
            51.68984665485775,
            43.083913936419556
          ],
          [
            51.68999050607136,
            43.08387142961609
          ],
          [
            51.69013435728499,
            43.08382892281263
          ],
          [
            51.69027820849861,
            43.083786416009175
          ],
          [
            51.69042213731831,
            43.08374407180505
          ],
          [
            51.690566873145336,
            43.08370341843317
          ],
          [
            51.69071211977554,
            43.08366383529005
          ],
          [
            51.69085760156445,
            43.083624744848706
          ],
          [
            51.69100306342733,
            43.083585612658545
          ],
          [
            51.6911482708391,
            43.083545947345414
          ],
          [
            51.69129300983439,
            43.083505300611634
          ],
          [
            51.69143708700754,
            43.08346326723594
          ],
          [
            51.691580329512604,
            43.08341948507349
          ],
          [
            51.69172258506331,
            43.08337363505592
          ],
          [
            51.691863721933075,
            43.08332544119129
          ],
          [
            51.69200362895505,
            43.08327467056407
          ],
          [
            51.692142215522054,
            43.083221133335215
          ],
          [
            51.692279411586625,
            43.083164682742094
          ],
          [
            51.69241516766101,
            43.0831052150985
          ],
          [
            51.69254945481713,
            43.083042669794715
          ],
          [
            51.69268226468662,
            43.08297702929741
          ],
          [
            51.69281360946078,
            43.082908319149716
          ],
          [
            51.69294352189067,
            43.0828366079712
          ],
          [
            51.693072055287004,
            43.08276200745788
          ],
          [
            51.69319928352022,
            43.082684672382186
          ],
          [
            51.69332530102044,
            43.082604800593025
          ],
          [
            51.69345022277748,
            43.0825226330157
          ],
          [
            51.69357418434087,
            43.082438453651996
          ],
          [
            51.693697341819856,
            43.08235258958008
          ],
          [
            51.69381987188332,
            43.08226541095465
          ],
          [
            51.69394197175991,
            43.082177331006726
          ],
          [
            51.69406385923794,
            43.08208880604388
          ],
          [
            51.69418577266545,
            43.08200033545003
          ],
          [
            51.69430797095015,
            43.081912461685604
          ],
          [
            51.69443073355944,
            43.08182577028744
          ],
          [
            51.694554253286455,
            43.08174066519335
          ],
          [
            51.69467777301346,
            43.081655560099264
          ],
          [
            51.694801292740486,
            43.08157045500519
          ],
          [
            51.6949248124675,
            43.081485349911105
          ],
          [
            51.69504833219451,
            43.081400244817026
          ],
          [
            51.69517174803713,
            43.08131497806284
          ],
          [
            51.69529498699464,
            43.08122943604815
          ],
          [
            51.695418122932104,
            43.08114373371839
          ],
          [
            51.69554122444399,
            43.08105797781718
          ],
          [
            51.695664354854216,
            43.0809722668862
          ],
          [
            51.69578757221601,
            43.08088669126528
          ],
          [
            51.69591092931207,
            43.080801333092374
          ],
          [
            51.696034473654414,
            43.08071626630353
          ],
          [
            51.69615824748449,
            43.080631556632966
          ],
          [
            51.696282287773144,
            43.08054726161298
          ],
          [
            51.69640662622059,
            43.08046343057401
          ],
          [
            51.696531289256455,
            43.0803801046446
          ],
          [
            51.69665629803973,
            43.080297316751434
          ],
          [
            51.69678166845884,
            43.08021509161932
          ],
          [
            51.69690741113155,
            43.08013344577117
          ],
          [
            51.69703353140507,
            43.08005238752803
          ],
          [
            51.697160029355956,
            43.07997191700905
          ],
          [
            51.6972868997902,
            43.07989202613152
          ],
          [
            51.697414132243125,
            43.079812698610866
          ],
          [
            51.6975417109795,
            43.07973390996058
          ],
          [
            51.69766961499347,
            43.07965562749234
          ],
          [
            51.697797818008574,
            43.07957781031591
          ],
          [
            51.69792628847772,
            43.07950040933919
          ],
          [
            51.69805498958324,
            43.079423367268184
          ],
          [
            51.69818387923684,
            43.079346618607026
          ],
          [
            51.698312910079615,
            43.079270089657975
          ],
          [
            51.69844202948206,
            43.07919369852141
          ],
          [
            51.69857117954407,
            43.079117355095846
          ],
          [
            51.6987002970949,
            43.0790409610779
          ],
          [
            51.69882931369323,
            43.0789644099623
          ],
          [
            51.698958155627125,
            43.078887587041926
          ],
          [
            51.6990868874587,
            43.07881059278539
          ],
          [
            51.69921561929027,
            43.078733598528856
          ],
          [
            51.69934435112186,
            43.078656604272325
          ],
          [
            51.699473082953425,
            43.078579610015794
          ],
          [
            51.699601814785,
            43.078502615759255
          ],
          [
            51.69973054661657,
            43.07842562150273
          ],
          [
            51.69985927844815,
            43.078348627246186
          ],
          [
            51.69998807921034,
            43.07827174442765
          ],
          [
            51.70011695209928,
            43.07819497821414
          ],
          [
            51.700245864261014,
            43.07811827549177
          ],
          [
            51.70037478522452,
            43.07804158699894
          ],
          [
            51.70050368690163,
            43.07796486732639
          ],
          [
            51.700632543587055,
            43.07788807491718
          ],
          [
            51.70076133195838,
            43.07781117206672
          ],
          [
            51.700890031076085,
            43.077734124922685
          ],
          [
            51.70101862238351,
            43.07765690348513
          ],
          [
            51.701147089706865,
            43.077579481606385
          ],
          [
            51.70127541925526,
            43.07750183699115
          ],
          [
            51.70140359962066,
            43.07742395119642
          ],
          [
            51.701531621777924,
            43.077345809631524
          ],
          [
            51.701659479084775,
            43.077267401558096
          ],
          [
            51.70178716728182,
            43.077188720090106
          ],
          [
            51.70191468449255,
            43.07710976219387
          ],
          [
            51.70204203122332,
            43.07703052868797
          ],
          [
            51.70216921036336,
            43.07695102424338
          ],
          [
            51.70229622718479,
            43.07687125738334
          ],
          [
            51.70242308934261,
            43.07679124048345
          ],
          [
            51.70254980687468,
            43.076710989771605
          ],
          [
            51.70267639220174,
            43.076630525328056
          ],
          [
            51.70280286012743,
            43.07654987108534
          ],
          [
            51.70292922783822,
            43.076469054828344
          ],
          [
            51.70305551490351,
            43.076388108194266
          ],
          [
            51.703181743275564,
            43.07630706667264
          ],
          [
            51.703307937289466,
            43.076225969605304
          ],
          [
            51.70343412366327,
            43.07614486018644
          ],
          [
            51.70356033149784,
            43.07606378546253
          ],
          [
            51.70368659227695,
            43.0759827963324
          ],
          [
            51.70381293986723,
            43.07590194754717
          ],
          [
            51.7039393152717,
            43.075821143728284
          ],
          [
            51.70406569067616,
            43.0757403399094
          ],
          [
            51.70419206608062,
            43.075659536090505
          ],
          [
            51.704318441485086,
            43.075578732271616
          ],
          [
            51.70444481688954,
            43.07549792845273
          ],
          [
            51.704571192294,
            43.07541712463383
          ],
          [
            51.70469685231876,
            43.075334751663625
          ],
          [
            51.70482204914031,
            43.0752513626792
          ],
          [
            51.70494702181557,
            43.07516748204058
          ],
          [
            51.705071991699626,
            43.07508359527958
          ],
          [
            51.70519716244568,
            43.075000149099814
          ],
          [
            51.70532272000504,
            43.07491755137664
          ],
          [
            51.7054488326272,
            43.074836171157266
          ],
          [
            51.70557565085972,
            43.07475633866064
          ],
          [
            51.705703307548326,
            43.07467834527753
          ],
          [
            51.70583191783685,
            43.07460244357047
          ],
          [
            51.70596157916729,
            43.0745288472738
          ],
          [
            51.70609237127973,
            43.07445773129361
          ],
          [
            51.706224356212395,
            43.07438923170784
          ],
          [
            51.70635757830166,
            43.07432344576617
          ],
          [
            51.70649206418201,
            43.074260431890075
          ],
          [
            51.70662782278605,
            43.07420020967285
          ],
          [
            51.70676484534455,
            43.07414275987952
          ],
          [
            51.70690310538636,
            43.07408802444697
          ],
          [
            51.7070425587385,
            43.0740359064838
          ],
          [
            51.70718314352609,
            43.07398627027046
          ],
          [
            51.7073247801724,
            43.07393894125913
          ],
          [
            51.70746737139882,
            43.07389370607384
          ],
          [
            51.70761080222486,
            43.07385031251036
          ],
          [
            51.707754939968176,
            43.073808469536274
          ],
          [
            51.70789963424455,
            43.07376784729095
          ],
          [
            51.708044716967876,
            43.073728077085526
          ],
          [
            51.70819000235019,
            43.07368875140295
          ],
          [
            51.708335286901644,
            43.07364942389795
          ],
          [
            51.70848034943055,
            43.07360960939702
          ],
          [
            51.70862495104332,
            43.07356878389849
          ],
          [
            51.70876883514452,
            43.07352638457246
          ],
          [
            51.708912715929415,
            43.07348397797233
          ],
          [
            51.70905659671432,
            43.0734415713722
          ],
          [
            51.70920047749922,
            43.07339916477207
          ],
          [
            51.709344358284135,
            43.07335675817194
          ],
          [
            51.709488239069046,
            43.07331435157181
          ],
          [
            51.70963211985395,
            43.07327194497169
          ],
          [
            51.709776000638854,
            43.073229538371564
          ],
          [
            51.70991988142376,
            43.073187131771434
          ],
          [
            51.71006376220868,
            43.0731447251713
          ],
          [
            51.71020764299358,
            43.07310231857118
          ],
          [
            51.710351523778485,
            43.07305991197104
          ],
          [
            51.710495404563396,
            43.07301750537091
          ],
          [
            51.71063928534831,
            43.07297509877078
          ],
          [
            51.71078316613321,
            43.07293269217067
          ],
          [
            51.710927046918115,
            43.07289028557053
          ],
          [
            51.71107092770303,
            43.07284787897041
          ],
          [
            51.71121480848793,
            43.07280547237028
          ],
          [
            51.71135868927284,
            43.07276306577015
          ],
          [
            51.711502570057746,
            43.07272065917002
          ],
          [
            51.71164645084265,
            43.0726782525699
          ],
          [
            51.71179033162757,
            43.07263584596977
          ],
          [
            51.71193494536133,
            43.072594940328344
          ],
          [
            51.71208019911648,
            43.072555345345435
          ],
          [
            51.71222578887849,
            43.07251643844933
          ],
          [
            51.71237143284442,
            43.0724776425539
          ],
          [
            51.71251687142283,
            43.072438426058625
          ],
          [
            51.712661867233855,
            43.07239830284859
          ],
          [
            51.712806205109175,
            43.07235683229445
          ],
          [
            51.71294969209202,
            43.072313619252476
          ],
          [
            51.71309215743717,
            43.07226831406453
          ],
          [
            51.71323345261092,
            43.072220612558056
          ],
          [
            51.71337345129116,
            43.07217025604612
          ],
          [
            51.7135120493673,
            43.07211703132737
          ],
          [
            51.71364916494031,
            43.07206077068606
          ],
          [
            51.713784738322694,
            43.072001351892
          ],
          [
            51.71391873203851,
            43.071938698200654
          ],
          [
            51.714051130823364,
            43.07187277835304
          ],
          [
            51.71418194162442,
            43.07180360657579
          ],
          [
            51.714311193600366,
            43.07173124258114
          ],
          [
            51.71443893812145,
            43.07165579156689
          ],
          [
            51.71456524876948,
            43.07157740421647
          ],
          [
            51.71469022133779,
            43.07149627669889
          ],
          [
            51.71481397383128,
            43.07141265066875
          ],
          [
            51.71493664646639,
            43.07132681326627
          ],
          [
            51.7150584016711,
            43.07123909711722
          ],
          [
            51.71517942408495,
            43.07114988033303
          ],
          [
            51.715299920559005,
            43.07105958651068
          ],
          [
            51.71542012015592,
            43.07096868473275
          ],
          [
            51.71554027414986,
            43.07087768956742
          ],
          [
            51.715660656026536,
            43.07078716106848
          ],
          [
            51.71578156148325,
            43.07069770477531
          ],
          [
            51.71590330842879,
            43.07060997171287
          ],
          [
            51.71602522421431,
            43.07052258440692
          ],
          [
            51.71614713999983,
            43.07043519710097
          ],
          [
            51.716269055785354,
            43.070347809795024
          ],
          [
            51.716390971570874,
            43.07026042248907
          ],
          [
            51.71651255967158,
            43.070172506895034
          ],
          [
            51.71663383204904,
            43.07008408229716
          ],
          [
            51.71675493518705,
            43.069995384854195
          ],
          [
            51.716876004910425,
            43.06990663354072
          ],
          [
            51.71699716638503,
            43.069818030147076
          ],
          [
            51.71711853411778,
            43.06972975927943
          ],
          [
            51.71724021195665,
            43.06964198835978
          ],
          [
            51.71736229309063,
            43.06955486762591
          ],
          [
            51.71748486004978,
            43.06946853013141
          ],
          [
            51.71760798470519,
            43.069383091745706
          ],
          [
            51.71773172826902,
            43.06929865115401
          ],
          [
            51.71785614129446,
            43.06921528985735
          ],
          [
            51.71798126367573,
            43.06913307217255
          ],
          [
            51.71810712464814,
            43.06905204523226
          ],
          [
            51.71823374278801,
            43.068972238984955
          ],
          [
            51.7183611260127,
            43.06889366619488
          ],
          [
            51.71848927158066,
            43.06881632244212
          ],
          [
            51.718618166091325,
            43.06874018612255
          ],
          [
            51.71874778548524,
            43.06866521844785
          ],
          [
            51.71887809504395,
            43.06859136344555
          ],
          [
            51.71900904939007,
            43.06851854795893
          ],
          [
            51.71914059248725,
            43.068446681647124
          ],
          [
            51.71927265764018,
            43.06837565698506
          ],
          [
            51.71940516749463,
            43.06830534926348
          ],
          [
            51.719538034037356,
            43.06823561658893
          ],
          [
            51.71967115859622,
            43.06816629988375
          ],
          [
            51.71980443184011,
            43.068097222886124
          ],
          [
            51.719937733778934,
            43.06802819215002
          ],
          [
            51.72007093376369,
            43.06795899704521
          ],
          [
            51.720203890486374,
            43.0678894097573
          ],
          [
            51.72033645198009,
            43.0678191852877
          ],
          [
            51.72046890840508,
            43.06774879142805
          ],
          [
            51.72060136483008,
            43.06767839756839
          ],
          [
            51.72073382125507,
            43.06760800370873
          ],
          [
            51.72086627768007,
            43.06753760984907
          ],
          [
            51.720998734105066,
            43.067467215989424
          ],
          [
            51.72113119053006,
            43.067396822129766
          ],
          [
            51.72126364695505,
            43.06732642827011
          ],
          [
            51.72139610338005,
            43.06725603441045
          ],
          [
            51.72152855980505,
            43.06718564055079
          ],
          [
            51.721661189225735,
            43.06711555025816
          ],
          [
            51.72179393664989,
            43.06704566703404
          ],
          [
            51.72192674212863,
            43.06697588568214
          ],
          [
            51.72205955014133,
            43.06690610877673
          ],
          [
            51.7221923095956,
            43.06683624666264
          ],
          [
            51.72232497382736,
            43.0667662174553
          ],
          [
            51.72245750060078,
            43.06669594704069
          ],
          [
            51.7225898521083,
            43.06662536907539
          ],
          [
            51.72272199497063,
            43.0665544249865
          ],
          [
            51.72285390023672,
            43.06648306397177
          ],
          [
            51.72298554338384,
            43.06641124299948
          ],
          [
            51.72311690431748,
            43.066338926808484
          ],
          [
            51.72324796737142,
            43.06626608790823
          ],
          [
            51.7233787213077,
            43.0661927065787
          ],
          [
            51.72350915931663,
            43.06611877087049
          ],
          [
            51.72363927901679,
            43.066044276604785
          ],
          [
            51.723769082455014,
            43.06596922737329
          ],
          [
            51.72389857610643,
            43.06589363453832
          ],
          [
            51.72402777087441,
            43.06581751723275
          ],
          [
            51.72415668209057,
            43.065740902360055
          ],
          [
            51.72428532951487,
            43.06566382459424
          ],
          [
            51.724413737335475,
            43.065586326379915
          ],
          [
            51.72454193416881,
            43.06550845793226
          ],
          [
            51.72466995305963,
            43.065430277237056
          ],
          [
            51.724797831480885,
            43.06535185005059
          ],
          [
            51.72492561133384,
            43.06527324989979
          ],
          [
            51.72505333894799,
            43.06519455808211
          ],
          [
            51.725181065081145,
            43.065115863665625
          ],
          [
            51.72530884491934,
            43.06503726348894
          ],
          [
            51.725436738076894,
            43.06495886216127
          ],
          [
            51.72556480859643,
            43.06488077206238
          ],
          [
            51.725692885907904,
            43.06480269388178
          ],
          [
            51.725820963219384,
            43.0647246157012
          ],
          [
            51.725949040530864,
            43.0646465375206
          ],
          [
            51.72607711784234,
            43.06456845934001
          ],
          [
            51.726205195153824,
            43.064490381159416
          ],
          [
            51.726333272465304,
            43.06441230297883
          ],
          [
            51.726461442399376,
            43.064334367571604
          ],
          [
            51.726589767101075,
            43.06425667073136
          ],
          [
            51.726718181763495,
            43.064179112561305
          ],
          [
            51.72684662620648,
            43.064101600296596
          ],
          [
            51.72697504487668,
            43.064024048304354
          ],
          [
            51.72710338684751,
            43.063946378083656
          ],
          [
            51.727231605819156,
            43.06386851826553
          ],
          [
            51.727359660118594,
            43.06379040461296
          ],
          [
            51.727487512699554,
            43.063711980020905
          ],
          [
            51.727615131142585,
            43.06363319451626
          ],
          [
            51.727742487654965,
            43.06355400525788
          ],
          [
            51.72786955907076,
            43.0634743765366
          ],
          [
            51.727996326850835,
            43.0633942797752
          ],
          [
            51.72812277708282,
            43.0633136935284
          ],
          [
            51.72824890048111,
            43.06323260348289
          ],
          [
            51.728374692386886,
            43.06315100245733
          ],
          [
            51.72850015276812,
            43.063068890402334
          ],
          [
            51.72862528621951,
            43.06298627440044
          ],
          [
            51.728750101962596,
            43.06290316866619
          ],
          [
            51.72887461384566,
            43.06281959454606
          ],
          [
            51.72899884034376,
            43.06273558051848
          ],
          [
            51.72912280455871,
            43.06265116219384
          ],
          [
            51.72924653421918,
            43.06256638231451
          ],
          [
            51.72937006168052,
            43.06248129075477
          ],
          [
            51.7294934239249,
            43.062395944520915
          ],
          [
            51.729616662561284,
            43.062310407751156
          ],
          [
            51.72973982382538,
            43.06222475171567
          ],
          [
            51.72986295857969,
            43.0621390548166
          ],
          [
            51.72998612231349,
            43.06205340258805
          ],
          [
            51.730109375142824,
            43.06196788769605
          ],
          [
            51.73023278181053,
            43.061882609938635
          ],
          [
            51.73035628370276,
            43.061797478965325
          ],
          [
            51.73047978559498,
            43.061712347992014
          ],
          [
            51.73060328748721,
            43.06162721701871
          ],
          [
            51.73072678937944,
            43.0615420860454
          ],
          [
            51.730850291271665,
            43.0614569550721
          ],
          [
            51.73097361172694,
            43.06137154282508
          ],
          [
            51.731096792555064,
            43.061285914120276
          ],
          [
            51.73121990229647,
            43.06120017521287
          ],
          [
            51.73134300445644,
            43.0611144245523
          ],
          [
            51.73146615750515,
            43.06102875278228
          ],
          [
            51.73158941487763,
            43.06094324274079
          ],
          [
            51.7317128249738,
            43.060857969460095
          ],
          [
            51.73183643115843,
            43.060773000166705
          ],
          [
            51.73196027176121,
            43.06068839428142
          ],
          [
            51.732084380076685,
            43.060604203419295
          ],
          [
            51.73220878436424,
            43.060520471389644
          ],
          [
            51.73233350784821,
            43.06043723419608
          ],
          [
            51.732458568717746,
            43.06035452003647
          ],
          [
            51.73258398012689,
            43.06027234930293
          ],
          [
            51.73270975019456,
            43.06019073458189
          ],
          [
            51.73283588200455,
            43.060109680654
          ],
          [
            51.73296237360555,
            43.060029184494205
          ],
          [
            51.73308921801109,
            43.05994923527172
          ],
          [
            51.7332164031996,
            43.05986981435004
          ],
          [
            51.733343912114364,
            43.05979089528689
          ],
          [
            51.73347172266358,
            43.059712443834286
          ],
          [
            51.73359980772028,
            43.05963441793855
          ],
          [
            51.7337281351224,
            43.05955676774018
          ],
          [
            51.73385666767273,
            43.059479435574055
          ],
          [
            51.73398536313895,
            43.05940235596924
          ],
          [
            51.73411417425362,
            43.059325455649095
          ],
          [
            51.73424304871416,
            43.05924865353126
          ],
          [
            51.73437192918287,
            43.05917186072764
          ],
          [
            51.73450075328694,
            43.059094980544394
          ],
          [
            51.73462945361842,
            43.059017908481955
          ],
          [
            51.73475795773423,
            43.058940532235056
          ],
          [
            51.734886438860954,
            43.05886312034917
          ],
          [
            51.735014919987684,
            43.0587857084633
          ],
          [
            51.735143401114414,
            43.05870829657743
          ],
          [
            51.73527188224113,
            43.058630884691546
          ],
          [
            51.73540036336786,
            43.05855347280568
          ],
          [
            51.73552884449459,
            43.05847606091979
          ],
          [
            51.73565742592756,
            43.05839879408054
          ],
          [
            51.7357864109295,
            43.05832211081725
          ],
          [
            51.73591564504508,
            43.05824578778167
          ],
          [
            51.73604498464138,
            43.058169617275276
          ],
          [
            51.73617429690809,
            43.058093407249196
          ],
          [
            51.736303459857275,
            43.05801698130435
          ],
          [
            51.736432362323505,
            43.0579401786913
          ],
          [
            51.73656090396383,
            43.057862854310386
          ],
          [
            51.73668899525779,
            43.0577848787116
          ],
          [
            51.7368165575074,
            43.05770613809469
          ],
          [
            51.73694352283712,
            43.057626534309094
          ],
          [
            51.73706983419394,
            43.05754598485397
          ],
          [
            51.73719544534731,
            43.05746442287819
          ],
          [
            51.73732032088913,
            43.057381797180334
          ],
          [
            51.73744443623382,
            43.0572980722087
          ],
          [
            51.73756777761825,
            43.0572132280613
          ],
          [
            51.73769034210177,
            43.05712726048585
          ],
          [
            51.73781213756625,
            43.05704018087978
          ],
          [
            51.73793318271597,
            43.056952016290246
          ],
          [
            51.73805350707773,
            43.056862809414085
          ],
          [
            51.73817315100081,
            43.0567726185979
          ],
          [
            51.73829216565696,
            43.05668151783795
          ],
          [
            51.7384106130404,
            43.056589596780235
          ],
          [
            51.73852856596785,
            43.05649696072047
          ],
          [
            51.73864610807848,
            43.05640373060409
          ],
          [
            51.73876333383396,
            43.0563100430262
          ],
          [
            51.73888034851844,
            43.05621605023166
          ],
          [
            51.73899726823854,
            43.05612192011505
          ],
          [
            51.739114219923344,
            43.05602783622061
          ],
          [
            51.73923134132444,
            43.05593399774233
          ],
          [
            51.739348781015885,
            43.05584061952392
          ],
          [
            51.73946655979371,
            43.055747731637226
          ],
          [
            51.739584338571525,
            43.05565484375053
          ],
          [
            51.73970211734934,
            43.05556195586382
          ],
          [
            51.73981989612716,
            43.05546906797713
          ],
          [
            51.73993767490498,
            43.055376180090434
          ],
          [
            51.7400554536828,
            43.05528329220373
          ],
          [
            51.74017323246062,
            43.05519040431703
          ],
          [
            51.74029101123845,
            43.055097516430344
          ],
          [
            51.74040879001626,
            43.055004628543635
          ],
          [
            51.74052656879408,
            43.05491174065694
          ],
          [
            51.7406443475719,
            43.05481885277025
          ],
          [
            51.740762126349715,
            43.054725964883545
          ],
          [
            51.74087990512754,
            43.05463307699684
          ],
          [
            51.74099768390536,
            43.05454018911014
          ],
          [
            51.741115462683176,
            43.05444730122345
          ],
          [
            51.741233241461,
            43.054354413336746
          ],
          [
            51.741351020238824,
            43.05426152545005
          ],
          [
            51.74146879901664,
            43.05416863756336
          ],
          [
            51.74158657779446,
            43.054075749676656
          ],
          [
            51.74170435657228,
            43.053982861789954
          ],
          [
            51.74182213535009,
            43.05388997390325
          ],
          [
            51.741939914127926,
            43.05379708601656
          ],
          [
            51.74205769290574,
            43.053704198129864
          ],
          [
            51.74217547168356,
            43.053611310243156
          ],
          [
            51.74229325046139,
            43.05351842235646
          ],
          [
            51.7424110292392,
            43.05342553446977
          ],
          [
            51.74252880801701,
            43.05333264658306
          ],
          [
            51.742646586794834,
            43.053239758696364
          ],
          [
            51.742764365572654,
            43.05314687080967
          ],
          [
            51.742882144350475,
            43.05305398292297
          ],
          [
            51.74299992312829,
            43.05296109503627
          ],
          [
            51.74311770190611,
            43.05286820714957
          ],
          [
            51.743235480683936,
            43.05277531926287
          ],
          [
            51.743353259461756,
            43.05268243137617
          ],
          [
            51.743471038239576,
            43.052589543489475
          ],
          [
            51.7435888170174,
            43.05249665560277
          ],
          [
            51.74370659579522,
            43.05240376771608
          ],
          [
            51.74382437457304,
            43.05231087982938
          ],
          [
            51.74394215335085,
            43.05221799194268
          ],
          [
            51.74405993212868,
            43.05212510405599
          ],
          [
            51.74417771090649,
            43.05203221616927
          ],
          [
            51.744295489684305,
            43.05193932828259
          ],
          [
            51.74441326846214,
            43.05184644039589
          ],
          [
            51.74453104723995,
            43.05175355250918
          ],
          [
            51.744648826017766,
            43.05166066462249
          ],
          [
            51.74476660479558,
            43.051567776735794
          ],
          [
            51.744884383573414,
            43.0514748888491
          ],
          [
            51.745002162351234,
            43.05138200096239
          ],
          [
            51.74511994112904,
            43.0512891130757
          ],
          [
            51.74523771990686,
            43.051196225189
          ],
          [
            51.74535549868469,
            43.051103337302294
          ],
          [
            51.74547327746251,
            43.0510104494156
          ],
          [
            51.74559105624032,
            43.050917561528905
          ],
          [
            51.74570883501815,
            43.0508246736422
          ],
          [
            51.74582661379597,
            43.0507317857555
          ],
          [
            51.74594439257378,
            43.05063889786881
          ],
          [
            51.7460621713516,
            43.050546009982114
          ],
          [
            51.746179950129424,
            43.05045312209541
          ],
          [
            51.746297728907244,
            43.05036023420871
          ],
          [
            51.74641550768506,
            43.05026734632202
          ],
          [
            51.74653328646289,
            43.05017445843531
          ],
          [
            51.746651065240705,
            43.05008157054861
          ],
          [
            51.746768844018526,
            43.04998868266192
          ],
          [
            51.74688662279634,
            43.049895794775225
          ],
          [
            51.747004401574166,
            43.04980290688852
          ],
          [
            51.74712218035198,
            43.04971001900182
          ],
          [
            51.74723995912979,
            43.04961713111513
          ],
          [
            51.74735773790762,
            43.049524243228426
          ],
          [
            51.74747551668544,
            43.04943135534173
          ],
          [
            51.74759329546326,
            43.04933846745504
          ],
          [
            51.747711074241074,
            43.04924557956833
          ],
          [
            51.747828853018895,
            43.04915269168163
          ],
          [
            51.74794663179672,
            43.04905980379493
          ],
          [
            51.74806441057454,
            43.04896691590824
          ],
          [
            51.748182189352356,
            43.04887402802154
          ],
          [
            51.74829996813018,
            43.048781140134835
          ],
          [
            51.748417746908004,
            43.04868825224814
          ],
          [
            51.748535525685824,
            43.04859536436144
          ],
          [
            51.748653304463645,
            43.048502476474745
          ],
          [
            51.74877108324146,
            43.048409588588044
          ],
          [
            51.74888886201928,
            43.04831670070135
          ],
          [
            51.749006640797106,
            43.048223812814655
          ],
          [
            51.74912441957492,
            43.048130924927946
          ],
          [
            51.74924219835273,
            43.04803803704125
          ],
          [
            51.74935997713055,
            43.04794514915456
          ],
          [
            51.74947775590838,
            43.04785226126785
          ],
          [
            51.74959553468619,
            43.047759373381155
          ],
          [
            51.74971331346401,
            43.04766648549446
          ],
          [
            51.74983109224183,
            43.04757359760776
          ],
          [
            51.749948871019654,
            43.04748070972106
          ],
          [
            51.750066649797475,
            43.04738782183436
          ],
          [
            51.75018442857529,
            43.04729493394767
          ],
          [
            51.750302207353116,
            43.04720204606096
          ],
          [
            51.750419986130936,
            43.04710915817427
          ],
          [
            51.750537764908756,
            43.04701627028757
          ],
          [
            51.75065554368657,
            43.04692338240086
          ],
          [
            51.75077332246439,
            43.04683049451417
          ],
          [
            51.75089110124222,
            43.046737606627474
          ],
          [
            51.751008880020024,
            43.04664471874078
          ],
          [
            51.75112665879786,
            43.04655183085407
          ],
          [
            51.75124443757567,
            43.046458942967384
          ],
          [
            51.751362216353485,
            43.04636605508068
          ],
          [
            51.751479995131305,
            43.04627316719398
          ],
          [
            51.75159777390913,
            43.04618027930728
          ],
          [
            51.751715552686946,
            43.046087391420585
          ],
          [
            51.751833331464766,
            43.045994503533876
          ],
          [
            51.75195111024259,
            43.04590161564718
          ],
          [
            51.75206888902041,
            43.045808727760495
          ],
          [
            51.75218666779823,
            43.04571583987379
          ],
          [
            51.75230444657604,
            43.045622951987085
          ],
          [
            51.75242222535387,
            43.0455300641004
          ],
          [
            51.75254000413169,
            43.045437176213696
          ],
          [
            51.75265778290951,
            43.045344288327
          ],
          [
            51.75277556168732,
            43.0452514004403
          ],
          [
            51.75289334046515,
            43.0451585125536
          ],
          [
            51.75301111924297,
            43.045065624666904
          ],
          [
            51.75312889802079,
            43.0449727367802
          ],
          [
            51.75324667679861,
            43.04487984889351
          ],
          [
            51.753364455576424,
            43.044786961006814
          ],
          [
            51.753482234354244,
            43.044694073120105
          ],
          [
            51.753600013132065,
            43.044601185233404
          ],
          [
            51.753717791909885,
            43.04450829734672
          ],
          [
            51.7538355706877,
            43.04441540946001
          ],
          [
            51.75395334946551,
            43.04432252157331
          ],
          [
            51.75407112824333,
            43.04422963368661
          ],
          [
            51.75418890702116,
            43.04413674579992
          ],
          [
            51.75430668579897,
            43.044043857913216
          ],
          [
            51.75442446457679,
            43.04395097002652
          ],
          [
            51.75454224335462,
            43.04385808213982
          ],
          [
            51.75466002213244,
            43.04376519425312
          ],
          [
            51.754777800910254,
            43.043672306366425
          ],
          [
            51.754895579688075,
            43.04357941847972
          ],
          [
            51.7550133584659,
            43.04348653059303
          ],
          [
            51.755131137243716,
            43.04339364270633
          ],
          [
            51.755248916021536,
            43.043300754819626
          ],
          [
            51.75536669479936,
            43.043207866932924
          ],
          [
            51.755484473577184,
            43.04311497904623
          ],
          [
            51.755602252355,
            43.043022091159536
          ],
          [
            51.755720031132824,
            43.042929203272834
          ],
          [
            51.75583780991064,
            43.04283631538614
          ],
          [
            51.75595558868845,
            43.04274342749944
          ],
          [
            51.75607336746627,
            43.04265053961274
          ],
          [
            51.7561911462441,
            43.04255765172604
          ],
          [
            51.756308925021905,
            43.04246476383934
          ],
          [
            51.75642670379973,
            43.04237187595264
          ],
          [
            51.756544482577546,
            43.042278988065945
          ],
          [
            51.75666226135538,
            43.042186100179244
          ],
          [
            51.756780040133194,
            43.04209321229254
          ],
          [
            51.75689781891101,
            43.04200032440585
          ],
          [
            51.757015597688834,
            43.04190743651915
          ],
          [
            51.757133376466655,
            43.041814548632445
          ],
          [
            51.75725115524447,
            43.04172166074575
          ],
          [
            51.75736893402229,
            43.04162877285906
          ],
          [
            51.75748671280011,
            43.04153588497236
          ],
          [
            51.75760449157793,
            43.04144299708565
          ],
          [
            51.75772227035575,
            43.04135010919896
          ],
          [
            51.75784004913357,
            43.041257221312264
          ],
          [
            51.75795782791139,
            43.041164333425556
          ],
          [
            51.758075606689204,
            43.04107144553886
          ],
          [
            51.758193385467024,
            43.04097855765217
          ],
          [
            51.75831116424485,
            43.04088566976547
          ],
          [
            51.758428943022665,
            43.04079278187877
          ],
          [
            51.758546721800485,
            43.04069989399207
          ],
          [
            51.75866450057831,
            43.040607006105375
          ],
          [
            51.758782279356126,
            43.04051411821867
          ],
          [
            51.75890005813394,
            43.04042123033197
          ],
          [
            51.75901783691176,
            43.040328342445285
          ],
          [
            51.75913561568959,
            43.040235454558584
          ],
          [
            51.75925339446741,
            43.04014256667188
          ],
          [
            51.75937117324523,
            43.04004967878518
          ],
          [
            51.75948895202304,
            43.039956790898486
          ],
          [
            51.75960673080087,
            43.03986390301178
          ],
          [
            51.75972471464325,
            43.0397712489913
          ],
          [
            51.75984304799352,
            43.03967899356765
          ],
          [
            51.7599615849221,
            43.039586970315185
          ],
          [
            51.76008018991183,
            43.039495024683184
          ],
          [
            51.76019873785802,
            43.03940301399579
          ],
          [
            51.760317114068414,
            43.03931080745201
          ],
          [
            51.760435214263175,
            43.03921828612578
          ],
          [
            51.760552944574954,
            43.039125342965924
          ],
          [
            51.76067022154883,
            43.03903188279611
          ],
          [
            51.76078697214231,
            43.03893782231494
          ],
          [
            51.76090313372537,
            43.03884309009588
          ],
          [
            51.7610186540804,
            43.03874762658731
          ],
          [
            51.76113349140227,
            43.03865138411246
          ],
          [
            51.76124761429828,
            43.0385543268695
          ],
          [
            51.761361001788146,
            43.03845643093142
          ],
          [
            51.76147364330407,
            43.03835768424618
          ],
          [
            51.76158553869069,
            43.03825808663657
          ],
          [
            51.76169669820506,
            43.03815764980027
          ],
          [
            51.761807142516695,
            43.03805639730989
          ],
          [
            51.76191690270758,
            43.03795436461288
          ],
          [
            51.76202602027212,
            43.03785159903162
          ],
          [
            51.76213454711713,
            43.03774815976336
          ],
          [
            51.76224254556193,
            43.03764411788022
          ],
          [
            51.762350088338266,
            43.03753955632925
          ],
          [
            51.76245725859032,
            43.03743456993236
          ],
          [
            51.762564149874706,
            43.037329265386354
          ],
          [
            51.76267086616049,
            43.037223761262915
          ],
          [
            51.762777521829214,
            43.03711818800864
          ],
          [
            51.762884241674826,
            43.03701268794501
          ],
          [
            51.762991160903724,
            43.03690741526835
          ],
          [
            51.76309842513475,
            43.036802536049954
          ],
          [
            51.76320590704646,
            43.036697905085816
          ],
          [
            51.763313388958174,
            43.036593274121685
          ],
          [
            51.76342087086987,
            43.036488643157554
          ],
          [
            51.76352835278159,
            43.03638401219341
          ],
          [
            51.7636358346933,
            43.03627938122928
          ],
          [
            51.763744249273586,
            43.03617551469446
          ],
          [
            51.76385339780342,
            43.0360722497158
          ],
          [
            51.76396292216727,
            43.03596929277639
          ],
          [
            51.76407249053149,
            43.03586637190037
          ],
          [
            51.764181797344385,
            43.0357632366529
          ],
          [
            51.76429056333614,
            43.03565965814023
          ],
          [
            51.76439853551885,
            43.03555542900964
          ],
          [
            51.7645054871865,
            43.03545036344944
          ],
          [
            51.76461121791504,
            43.03534429718904
          ],
          [
            51.764715553562276,
            43.03523708749886
          ],
          [
            51.76481834626793,
            43.03512861319038
          ],
          [
            51.76491947445366,
            43.03501877461614
          ],
          [
            51.765018842823025,
            43.03490749366972
          ],
          [
            51.76511638236143,
            43.03479471378574
          ],
          [
            51.765212050336274,
            43.0346803999399
          ],
          [
            51.76530583029682,
            43.03456453864892
          ],
          [
            51.76539773207425,
            43.034447137970595
          ],
          [
            51.76548779178164,
            43.034328227503764
          ],
          [
            51.765576071813996,
            43.03420785838828
          ],
          [
            51.765662660848236,
            43.0340861033051
          ],
          [
            51.76574767384312,
            43.0339630564762
          ],
          [
            51.765831252039405,
            43.033838833664625
          ],
          [
            51.765913562959724,
            43.03371357217444
          ],
          [
            51.76599480040859,
            43.0335874308508
          ],
          [
            51.76607518447246,
            43.03346059007986
          ],
          [
            51.76615496151967,
            43.033333251788896
          ],
          [
            51.766234404200496,
            43.03320563944615
          ],
          [
            51.76631381144709,
            43.033077998060996
          ],
          [
            51.76639350847354,
            43.03295059418379
          ],
          [
            51.76647384677581,
            43.03282371590597
          ],
          [
            51.76655520413181,
            43.03269767286003
          ],
          [
            51.766636695864705,
            43.03257173995141
          ],
          [
            51.766718187597576,
            43.03244580704279
          ],
          [
            51.766799679330454,
            43.032319874134174
          ],
          [
            51.766881104530434,
            43.032193892546175
          ],
          [
            51.766961984012205,
            43.032067511678754
          ],
          [
            51.767042519522754,
            43.0319408791418
          ],
          [
            51.767122898782404,
            43.031814132282534
          ],
          [
            51.76720329548493,
            43.0316873981855
          ],
          [
            51.767283869297486,
            43.03156079367253
          ],
          [
            51.767364765860606,
            43.03143442530281
          ],
          [
            51.76744611678827,
            43.03130838937284
          ],
          [
            51.7675280396678,
            43.031182771916406
          ],
          [
            51.767610638059985,
            43.03105764870463
          ],
          [
            51.76769400149897,
            43.03093308524598
          ],
          [
            51.76777820549229,
            43.03080913678617
          ],
          [
            51.76786331152093,
            43.03068584830831
          ],
          [
            51.767949367039236,
            43.030563254532765
          ],
          [
            51.768036405474966,
            43.03044137991726
          ],
          [
            51.76812444622928,
            43.03032023865681
          ],
          [
            51.76821349467672,
            43.030199834683756
          ],
          [
            51.76830354216528,
            43.03008016166777
          ],
          [
            51.76839456601628,
            43.029961203015816
          ],
          [
            51.7684865295245,
            43.02984293187219
          ],
          [
            51.7685793819581,
            43.0297253111185
          ],
          [
            51.768673058558626,
            43.02960829337368
          ],
          [
            51.768767480541065,
            43.02949182099397
          ],
          [
            51.768862555093754,
            43.029375826072936
          ],
          [
            51.76895817537846,
            43.02926023044145
          ],
          [
            51.76905422053036,
            43.02914494566772
          ],
          [
            51.76915055565799,
            43.02902987305725
          ],
          [
            51.76924703184333,
            43.02891490365285
          ],
          [
            51.76934348614175,
            43.02879991823471
          ],
          [
            51.769439741582005,
            43.028684787320266
          ],
          [
            51.76953560716625,
            43.02856937116431
          ],
          [
            51.76963096980346,
            43.02845358702281
          ],
          [
            51.76972633244067,
            43.0283378028813
          ],
          [
            51.76982186469705,
            43.02822213210078
          ],
          [
            51.769918356966244,
            43.028107102922185
          ],
          [
            51.770015448929236,
            43.027992474534834
          ],
          [
            51.77011280540474,
            43.02787802292818
          ],
          [
            51.77021011634919,
            43.02776354089191
          ],
          [
            51.77030709685669,
            43.02764883801591
          ],
          [
            51.7704034871591,
            43.02753374069022
          ],
          [
            51.770499052625965,
            43.02741809210514
          ],
          [
            51.77059358376456,
            43.02730175225112
          ],
          [
            51.77068689621984,
            43.02718459791882
          ],
          [
            51.77077883077451,
            43.02706652269911
          ],
          [
            51.770869253348984,
            43.02694743698304
          ],
          [
            51.77095805500134,
            43.026827267961885
          ],
          [
            51.77104515192742,
            43.026705959627066
          ],
          [
            51.77113048546075,
            43.02658347277026
          ],
          [
            51.77121402207259,
            43.0264597849833
          ],
          [
            51.771295753371874,
            43.02633489065823
          ],
          [
            51.77137569610529,
            43.026208800987284
          ],
          [
            51.7714538921572,
            43.02608154396291
          ],
          [
            51.7715304085497,
            43.02595316437775
          ],
          [
            51.7716053374426,
            43.02582372382462
          ],
          [
            51.771678796133415,
            43.02569330069656
          ],
          [
            51.77175092705735,
            43.0255619901868
          ],
          [
            51.77182189778736,
            43.02542990428874
          ],
          [
            51.77189190103409,
            43.02529717179605
          ],
          [
            51.7719611546459,
            43.025163938302505
          ],
          [
            51.772029901608846,
            43.025030366202124
          ],
          [
            51.77209841004673,
            43.02489663468915
          ],
          [
            51.77216697322103,
            43.02476293975796
          ],
          [
            51.77223590953097,
            43.024629494203175
          ],
          [
            51.772305562513445,
            43.024496527619625
          ],
          [
            51.77237606646782,
            43.02436412976308
          ],
          [
            51.77244657042222,
            43.02423173190654
          ],
          [
            51.7725170743766,
            43.02409933405001
          ],
          [
            51.77258756848359,
            43.02396692926844
          ],
          [
            51.77265682429665,
            43.02383365367761
          ],
          [
            51.77272528507711,
            43.023699818993535
          ],
          [
            51.77279336349982,
            43.02356571542285
          ],
          [
            51.772861441653184,
            43.02343161166274
          ],
          [
            51.772929871039096,
            43.02329775490098
          ],
          [
            51.772998972572985,
            43.02316437081593
          ],
          [
            51.77306903658382,
            43.02303166357653
          ],
          [
            51.773140322814086,
            43.02289981584228
          ],
          [
            51.773213060419785,
            43.022768988763275
          ],
          [
            51.77328744797047,
            43.02263932198019
          ],
          [
            51.773363653449174,
            43.022510933624275
          ],
          [
            51.77344181425251,
            43.02238392031736
          ],
          [
            51.773522037190574,
            43.02225835717183
          ],
          [
            51.773604398487024,
            43.0221342977907
          ],
          [
            51.77368894377901,
            43.02201177426752
          ],
          [
            51.773775688117226,
            43.02189079718644
          ],
          [
            51.77386461596588,
            43.02177135562217
          ],
          [
            51.773955681202736,
            43.02165341714003
          ],
          [
            51.77404880711903,
            43.02153692779588
          ],
          [
            51.77414388641959,
            43.02142181213619
          ],
          [
            51.77424078122269,
            43.021307973198
          ],
          [
            51.77433932306023,
            43.021195292508914
          ],
          [
            51.77443931287754,
            43.02108363008715
          ],
          [
            51.77454052103352,
            43.02097282444147
          ],
          [
            51.774642687300606,
            43.02086269257122
          ],
          [
            51.774745520864734,
            43.02075302996634
          ],
          [
            51.774848700325386,
            43.02064361060734
          ],
          [
            51.77495187369554,
            43.020534186965314
          ],
          [
            51.77505465840175,
            43.02042449000192
          ],
          [
            51.77515664128404,
            43.020314229169415
          ],
          [
            51.77525739220289,
            43.02020310197943
          ],
          [
            51.775358143121714,
            43.02009197478946
          ],
          [
            51.77545918195751,
            43.019981022874944
          ],
          [
            51.77556210094989,
            43.019871215545045
          ],
          [
            51.77566619898184,
            43.01976212598011
          ],
          [
            51.775770823778224,
            43.01965335709405
          ],
          [
            51.775875371906004,
            43.01954454153436
          ],
          [
            51.77597928877401,
            43.0194353416821
          ],
          [
            51.77608206863309,
            43.019325449651895
          ],
          [
            51.77618325457606,
            43.01921458729195
          ],
          [
            51.776282438537706,
            43.01910250618403
          ],
          [
            51.77637926129479,
            43.01898898764348
          ],
          [
            51.77647341246603,
            43.01887384271923
          ],
          [
            51.77656463051214,
            43.01875691219375
          ],
          [
            51.77665270273578,
            43.0186380665831
          ],
          [
            51.77673746528163,
            43.01851720613693
          ],
          [
            51.77681880313626,
            43.01839426083841
          ],
          [
            51.77689665012831,
            43.018269190404325
          ],
          [
            51.776970988928305,
            43.01814198428504
          ],
          [
            51.777041851048814,
            43.018012661664436
          ],
          [
            51.77710931684433,
            43.01788127146001
          ],
          [
            51.777173515511336,
            43.01774789232284
          ],
          [
            51.77723462508827,
            43.017612632637544
          ],
          [
            51.77729287245559,
            43.01747563052229
          ],
          [
            51.77734853333567,
            43.01733705382891
          ],
          [
            51.777401932292896,
            43.01719710014271
          ],
          [
            51.77745344273361,
            43.0170559967826
          ],
          [
            51.7775034869061,
            43.016914000801094
          ],
          [
            51.77755253590069,
            43.01677139898422
          ],
          [
            51.777601109649616,
            43.01662850785164
          ],
          [
            51.77764977692713,
            43.016485673656526
          ],
          [
            51.77769915534941,
            43.01634327238565
          ],
          [
            51.77774991137466,
            43.01620170975938
          ],
          [
            51.77780236246705,
            43.016061179040655
          ],
          [
            51.77785481355942,
            43.01592064832191
          ],
          [
            51.77790726465181,
            43.01578011760318
          ],
          [
            51.77795971574419,
            43.01563958688443
          ],
          [
            51.77801216683658,
            43.015499056165716
          ],
          [
            51.77806391150214,
            43.01535808010248
          ],
          [
            51.778113784791515,
            43.01521592428923
          ],
          [
            51.77816252775915,
            43.01507305590032
          ],
          [
            51.77821082915225,
            43.01492990913469
          ],
          [
            51.77825932541092,
            43.0147868852159
          ],
          [
            51.77830860066802,
            43.014644352392075
          ],
          [
            51.778359186749256,
            43.01450264593595
          ],
          [
            51.778411563173144,
            43.01436206814482
          ],
          [
            51.77846615715105,
            43.01422288834061
          ],
          [
            51.77852334358713,
            43.01408534286982
          ],
          [
            51.77858344507838,
            43.013949635103515
          ],
          [
            51.77864673191461,
            43.013815935437385
          ],
          [
            51.778713422078425,
            43.01368438129171
          ],
          [
            51.7787836812453,
            43.01355507711132
          ],
          [
            51.77885762278351,
            43.013428094365686
          ],
          [
            51.778935307754146,
            43.01330347154883
          ],
          [
            51.77901674491112,
            43.0131812141794
          ],
          [
            51.779101890701156,
            43.01306129480059
          ],
          [
            51.77919064926381,
            43.01294365298024
          ],
          [
            51.77928287243148,
            43.012828195310725
          ],
          [
            51.77937835972935,
            43.01271479540904
          ],
          [
            51.779476858375446,
            43.012603293916776
          ],
          [
            51.77957806328059,
            43.01249349850009
          ],
          [
            51.77968161704846,
            43.01238518384976
          ],
          [
            51.77978710997554,
            43.01227809168112
          ],
          [
            51.77989408005112,
            43.01217193073413
          ],
          [
            51.780002012957326,
            43.012066376773305
          ],
          [
            51.780110342069115,
            43.01196107258778
          ],
          [
            51.78021844845424,
            43.01185562799126
          ],
          [
            51.780325660873295,
            43.01174961982206
          ],
          [
            51.780431255779675,
            43.01164259194306
          ],
          [
            51.78053543344141,
            43.011534670606906
          ],
          [
            51.78063961110315,
            43.01142674927077
          ],
          [
            51.780743802559016,
            43.011318841165796
          ],
          [
            51.780848017344546,
            43.01121095543838
          ],
          [
            51.780952245708015,
            43.01110308273478
          ],
          [
            51.78105647859368,
            43.010995214368805
          ],
          [
            51.781160707641725,
            43.01088734232183
          ],
          [
            51.78126492518834,
            43.0107794592428
          ],
          [
            51.781369124265645,
            43.010671558448244
          ],
          [
            51.78147329860175,
            43.01056363392219
          ],
          [
            51.781577442620716,
            43.01045568031628
          ],
          [
            51.78168155144256,
            43.010347692949686
          ],
          [
            51.7817856208833,
            43.01023966780917
          ],
          [
            51.78188964745486,
            43.01013160154903
          ],
          [
            51.78199362836518,
            43.01002349149111
          ],
          [
            51.78209756151813,
            43.00991533562489
          ],
          [
            51.78220144551356,
            43.00980713260731
          ],
          [
            51.78230527964729,
            43.009698881762944
          ],
          [
            51.78240906391109,
            43.00959058308389
          ],
          [
            51.782512798992684,
            43.00948223722983
          ],
          [
            51.782616486275785,
            43.009373845528
          ],
          [
            51.78272012784008,
            43.00926540997318
          ],
          [
            51.78282372646117,
            43.009156933227736
          ],
          [
            51.782927285610675,
            43.009048418621575
          ],
          [
            51.78303080945612,
            43.00893987015217
          ],
          [
            51.78313430286107,
            43.008831292484565
          ],
          [
            51.78323777138496,
            43.00872269095136
          ],
          [
            51.783341221283315,
            43.00861407155271
          ],
          [
            51.783444659507474,
            43.00850544095633
          ],
          [
            51.78354809370486,
            43.00839680649748
          ],
          [
            51.7836515322188,
            43.00828817617905
          ],
          [
            51.7837549840886,
            43.008179558671415
          ],
          [
            51.78385845904955,
            43.008070963312534
          ],
          [
            51.78396194847249,
            43.00796238182545
          ],
          [
            51.78406543789544,
            43.00785380033835
          ],
          [
            51.7841701851663,
            43.007746028342375
          ],
          [
            51.78427643481836,
            43.007639223207484
          ],
          [
            51.784383520828555,
            43.00753295631292
          ],
          [
            51.78449082524318,
            43.00742682997306
          ],
          [
            51.78459777817776,
            43.007320477437354
          ],
          [
            51.78470385781712,
            43.00721356289037
          ],
          [
            51.78480859041531,
            43.00710578145176
          ],
          [
            51.78491155029572,
            43.006996859176276
          ],
          [
            51.785012359850974,
            43.006886553053775
          ],
          [
            51.785110689542975,
            43.00677465100922
          ],
          [
            51.78520625790294,
            43.00666097190267
          ],
          [
            51.7852988315313,
            43.006545365529284
          ],
          [
            51.78538822509781,
            43.0064277126193
          ],
          [
            51.78547430134148,
            43.00630792483809
          ],
          [
            51.785556971070584,
            43.006185944786104
          ],
          [
            51.7856361931627,
            43.0060617459989
          ],
          [
            51.78571197456466,
            43.00593533294712
          ],
          [
            51.78578437029258,
            43.00580674103654
          ],
          [
            51.78585348343185,
            43.005676036607994
          ],
          [
            51.785919465137134,
            43.00554331693745
          ],
          [
            51.78598251463236,
            43.005408710235955
          ],
          [
            51.786042879210754,
            43.00527237564965
          ],
          [
            51.7861008542348,
            43.00513450325982
          ],
          [
            51.78615678313628,
            43.00499531408279
          ],
          [
            51.78621105741622,
            43.00485506007003
          ],
          [
            51.78626411664493,
            43.004714024108075
          ],
          [
            51.786316448462,
            43.00457252001858
          ],
          [
            51.78636858857632,
            43.00443089255831
          ],
          [
            51.786421120766015,
            43.00428951741911
          ],
          [
            51.78647467687849,
            43.004148801227906
          ],
          [
            51.78652993683047,
            43.00400918154679
          ],
          [
            51.78658589054709,
            43.00387000833962
          ],
          [
            51.78664184426371,
            43.003730835132444
          ],
          [
            51.78669779798034,
            43.00359166192526
          ],
          [
            51.78675375169696,
            43.00345248871809
          ],
          [
            51.78680970541358,
            43.003313315510916
          ],
          [
            51.786865659130214,
            43.00317414230374
          ],
          [
            51.78692161284684,
            43.00303496909656
          ],
          [
            51.78697756656346,
            43.00289579588938
          ],
          [
            51.78703352028009,
            43.0027566226822
          ],
          [
            51.787089473996716,
            43.002617449475025
          ],
          [
            51.78714542771333,
            43.00247827626785
          ],
          [
            51.78720138142995,
            43.00233910306067
          ],
          [
            51.78725733514657,
            43.0021999298535
          ],
          [
            51.7873132888632,
            43.00206075664632
          ],
          [
            51.78736924257983,
            43.00192158343914
          ],
          [
            51.78742519629645,
            43.00178241023197
          ],
          [
            51.78748115001307,
            43.00164323702478
          ],
          [
            51.787537103729704,
            43.001504063817606
          ],
          [
            51.78759305744633,
            43.00136489061043
          ],
          [
            51.78764901116294,
            43.00122571740326
          ],
          [
            51.787704964879566,
            43.00108654419608
          ],
          [
            51.787760918596184,
            43.0009473709889
          ],
          [
            51.78781687231282,
            43.00080819778172
          ],
          [
            51.78787282602944,
            43.00066902457455
          ],
          [
            51.78792877974606,
            43.00052985136737
          ],
          [
            51.78798473346269,
            43.00039067816019
          ],
          [
            51.78804068717932,
            43.00025150495302
          ],
          [
            51.78809664089594,
            43.00011233174585
          ],
          [
            51.78815259461256,
            42.999973158538666
          ],
          [
            51.788208548329195,
            42.999833985331485
          ],
          [
            51.78826450204581,
            42.999694812124304
          ],
          [
            51.78832045576244,
            42.99955563891713
          ],
          [
            51.788376409479056,
            42.999416465709956
          ],
          [
            51.788432363195675,
            42.999277292502775
          ],
          [
            51.78848831691231,
            42.9991381192956
          ],
          [
            51.78854427062893,
            42.99899894608842
          ],
          [
            51.78860022434555,
            42.99885977288125
          ],
          [
            51.78865617806218,
            42.99872059967407
          ],
          [
            51.78871213177881,
            42.998581426466885
          ],
          [
            51.78876808549542,
            42.99844225325971
          ],
          [
            51.78882403921205,
            42.99830308005254
          ],
          [
            51.78887999292867,
            42.998163906845356
          ],
          [
            51.788935946645296,
            42.99802473363818
          ],
          [
            51.78899190036192,
            42.997885560431
          ],
          [
            51.78904785407855,
            42.99774638722383
          ],
          [
            51.789103807795165,
            42.99760721401666
          ],
          [
            51.7891597615118,
            42.997468040809466
          ],
          [
            51.78921571522842,
            42.99732886760229
          ],
          [
            51.78927166894504,
            42.99718969439512
          ],
          [
            51.78932762266166,
            42.99705052118794
          ],
          [
            51.789383576378285,
            42.99691134798077
          ],
          [
            51.78943953009492,
            42.99677217477359
          ],
          [
            51.789495483811535,
            42.99663300156641
          ],
          [
            51.789551437528154,
            42.996493828359235
          ],
          [
            51.789607391244786,
            42.99635465515206
          ],
          [
            51.78966334496141,
            42.99621548194487
          ],
          [
            51.78971929867802,
            42.9960763087377
          ],
          [
            51.789775252394655,
            42.995937135530525
          ],
          [
            51.78983120611129,
            42.99579796232335
          ],
          [
            51.789887159827906,
            42.99565878911617
          ],
          [
            51.789943113544524,
            42.99551961590899
          ],
          [
            51.78999906726115,
            42.99538044270182
          ],
          [
            51.79005502097778,
            42.99524126949464
          ],
          [
            51.7901109746944,
            42.995102096287454
          ],
          [
            51.790166928411026,
            42.99496292308028
          ],
          [
            51.790222882127644,
            42.994823749873106
          ],
          [
            51.790278835844276,
            42.99468457666593
          ],
          [
            51.7903347895609,
            42.99454540345875
          ],
          [
            51.79039074327752,
            42.99440623025157
          ],
          [
            51.790446696994145,
            42.994267057044404
          ],
          [
            51.79050265071077,
            42.99412788383723
          ],
          [
            51.790558604427396,
            42.99398871063004
          ],
          [
            51.790614558144014,
            42.99384953742287
          ],
          [
            51.79067051186064,
            42.99371036421569
          ],
          [
            51.79072646557726,
            42.99357119100852
          ],
          [
            51.79078241929389,
            42.99343201780134
          ],
          [
            51.790838373010516,
            42.99329284459416
          ],
          [
            51.790894326727134,
            42.993153671386985
          ],
          [
            51.79095028044377,
            42.993014498179804
          ],
          [
            51.79100623416039,
            42.99287532497264
          ],
          [
            51.79106218787701,
            42.992736151765456
          ],
          [
            51.79111814159363,
            42.992596978558275
          ],
          [
            51.791174095310254,
            42.992457805351094
          ],
          [
            51.79123004902687,
            42.99231863214393
          ],
          [
            51.791286002743504,
            42.99217945893675
          ],
          [
            51.79134195646013,
            42.992040285729566
          ],
          [
            51.79139791017675,
            42.991901112522385
          ],
          [
            51.79145386389337,
            42.99176193931522
          ],
          [
            51.791509817610006,
            42.99162276610804
          ],
          [
            51.791565771326624,
            42.99148359290085
          ],
          [
            51.79162172504325,
            42.99134441969368
          ],
          [
            51.79167767875987,
            42.99120524648651
          ],
          [
            51.791733632476486,
            42.99106607327933
          ],
          [
            51.79178958619312,
            42.99092690007215
          ],
          [
            51.79184553990974,
            42.99078772686497
          ],
          [
            51.79190149362637,
            42.99064855365779
          ],
          [
            51.791957447342995,
            42.990509380450625
          ],
          [
            51.79201340105962,
            42.990370207243444
          ],
          [
            51.79206935477624,
            42.99023103403626
          ],
          [
            51.79212530849287,
            42.99009186082909
          ],
          [
            51.79218126220949,
            42.98995268762191
          ],
          [
            51.79223721592611,
            42.98981351441474
          ],
          [
            51.79229316964273,
            42.98967434120756
          ],
          [
            51.79234912335935,
            42.98953516800038
          ],
          [
            51.792405077075976,
            42.989395994793206
          ],
          [
            51.792459022520454,
            42.98925542268766
          ],
          [
            51.79251141902961,
            42.98911377164313
          ],
          [
            51.79256302648697,
            42.98897157097027
          ],
          [
            51.7926145489589,
            42.988829311099295
          ],
          [
            51.792666634694676,
            42.988687443579956
          ],
          [
            51.79271987612645,
            42.98854638108159
          ],
          [
            51.7927748098692,
            42.98840649739312
          ],
          [
            51.79283191672081,
            42.988268127423034
          ],
          [
            51.79289162166205,
            42.98813156719936
          ],
          [
            51.792954293856525,
            42.98799707386971
          ],
          [
            51.79302024665075,
            42.987864865701276
          ],
          [
            51.793089737574086,
            42.987735122080814
          ],
          [
            51.79316296833877,
            42.98760798351463
          ],
          [
            51.79324008483992,
            42.987483551628614
          ],
          [
            51.79332117715554,
            42.98736188916822
          ],
          [
            51.79340627954645,
            42.98724301999848
          ],
          [
            51.79349537045641,
            42.98712692910399
          ],
          [
            51.79358837251203,
            42.98701356258888
          ],
          [
            51.79368515252279,
            42.9869028276769
          ],
          [
            51.79378552148101,
            42.986794592711334
          ],
          [
            51.79388923456194,
            42.986688687155066
          ],
          [
            51.793995991123666,
            42.98658490159051
          ],
          [
            51.79410543470716,
            42.98648298771967
          ],
          [
            51.79421715303626,
            42.98638265836411
          ],
          [
            51.79433067801767,
            42.98628358746497
          ],
          [
            51.79444548574099,
            42.98618541008295
          ],
          [
            51.79456099647867,
            42.98608772239833
          ],
          [
            51.79467657468605,
            42.98599008171095
          ],
          [
            51.794791529001316,
            42.985892006440224
          ],
          [
            51.79490511224556,
            42.98579297612511
          ],
          [
            51.79501652142271,
            42.98569243142418
          ],
          [
            51.79512767269665,
            42.98559170707606
          ],
          [
            51.79523882397061,
            42.98549098272796
          ],
          [
            51.79534997524455,
            42.98539025837986
          ],
          [
            51.79546112651849,
            42.98528953403174
          ],
          [
            51.795572277792424,
            42.98518880968364
          ],
          [
            51.79568332053496,
            42.9850879602076
          ],
          [
            51.79579422662969,
            42.98498695318767
          ],
          [
            51.795905056049484,
            42.98488585776776
          ],
          [
            51.796015864446844,
            42.984784738110655
          ],
          [
            51.79612670315381,
            42.9846836533981
          ],
          [
            51.79623761918201,
            42.98458265783068
          ],
          [
            51.796348655222694,
            42.984481800627925
          ],
          [
            51.79645984964664,
            42.98438112602829
          ],
          [
            51.79657123650422,
            42.984280673289064
          ],
          [
            51.796682845525396,
            42.98418047668654
          ],
          [
            51.79679470211971,
            42.984080565515825
          ],
          [
            51.79690682737629,
            42.98398096409099
          ],
          [
            51.79701923806385,
            42.98388169174497
          ],
          [
            51.79713194663063,
            42.983782762829655
          ],
          [
            51.79724496120453,
            42.98368418671579
          ],
          [
            51.797358285592956,
            42.98358596779306
          ],
          [
            51.79747191928296,
            42.983488105470045
          ],
          [
            51.79758585744115,
            42.98339059417422
          ],
          [
            51.79770009091368,
            42.98329342335198
          ],
          [
            51.79781460622633,
            42.983196577468625
          ],
          [
            51.79792938558444,
            42.98310003600834
          ],
          [
            51.79804440687295,
            42.983003773474245
          ],
          [
            51.798159643656355,
            42.98290775938834
          ],
          [
            51.79827506517875,
            42.98281195829156
          ],
          [
            51.79839063636378,
            42.98271632974371
          ],
          [
            51.7985063178147,
            42.982620828323526
          ],
          [
            51.79862206581436,
            42.98252540362864
          ],
          [
            51.79873783232514,
            42.98243000027559
          ],
          [
            51.79885356498904,
            42.98233455789983
          ],
          [
            51.79896920712761,
            42.98223901115569
          ],
          [
            51.79908469774204,
            42.98214328971645
          ],
          [
            51.79920012147883,
            42.98204749117269
          ],
          [
            51.799315545215634,
            42.98195169262895
          ],
          [
            51.79943096895242,
            42.981855894085186
          ],
          [
            51.7995463926892,
            42.98176009554143
          ],
          [
            51.799661816425996,
            42.98166429699768
          ],
          [
            51.79977724016279,
            42.98156849845393
          ],
          [
            51.79989411505384,
            42.98147374152679
          ],
          [
            51.80001300029372,
            42.98138042759775
          ],
          [
            51.80013302854723,
            42.98128793410664
          ],
          [
            51.80025339476041,
            42.98119568319785
          ],
          [
            51.80037335616046,
            42.98110314172033
          ],
          [
            51.80049223225591,
            42.98100982122754
          ],
          [
            51.80060940483646,
            42.980915277977445
          ],
          [
            51.800724317973085,
            42.98081911293259
          ],
          [
            51.800836478017985,
            42.98072097176004
          ],
          [
            51.80094545360459,
            42.980620544831375
          ],
          [
            51.80105087564759,
            42.980517567222705
          ],
          [
            51.80115243734287,
            42.9804118187147
          ],
          [
            51.80124989416761,
            42.980303123792545
          ],
          [
            51.801343063880175,
            42.98019135164594
          ],
          [
            51.801431826520194,
            42.98007641616916
          ],
          [
            51.801516124408536,
            42.97995827596099
          ],
          [
            51.801595962147275,
            42.97983693432472
          ],
          [
            51.80167140661977,
            42.97971243926821
          ],
          [
            51.80174258699057,
            42.97958488350385
          ],
          [
            51.801809694705504,
            42.979454404448546
          ],
          [
            51.8018729834916,
            42.97932118422374
          ],
          [
            51.80193276935715,
            42.97918544965541
          ],
          [
            51.801989430591675,
            42.97904747227408
          ],
          [
            51.80204340776592,
            42.97890756831478
          ],
          [
            51.802095203731895,
            42.97876609871708
          ],
          [
            51.80214538362281,
            42.9786234691251
          ],
          [
            51.802194574853154,
            42.97848012988746
          ],
          [
            51.80224436484512,
            42.97833682980738
          ],
          [
            51.802295371488896,
            42.978194070741786
          ],
          [
            51.80234804391973,
            42.97805233394782
          ],
          [
            51.802402920259944,
            42.977912152935794
          ],
          [
            51.80245862245258,
            42.977772674191
          ],
          [
            51.80251378802821,
            42.97763304376686
          ],
          [
            51.80256815868719,
            42.97749318865276
          ],
          [
            51.80262150283572,
            42.977353043386756
          ],
          [
            51.802673615585825,
            42.97721255005551
          ],
          [
            51.80272431875532,
            42.97707165829432
          ],
          [
            51.802773460867854,
            42.97693032528711
          ],
          [
            51.8028209171529,
            42.97678851576643
          ],
          [
            51.80286658954577,
            42.97664620201345
          ],
          [
            51.80291040668757,
            42.976503363857994
          ],
          [
            51.802952323925254,
            42.97635998867846
          ],
          [
            51.80299232331154,
            42.97621607140194
          ],
          [
            51.80303041360505,
            42.976071614504114
          ],
          [
            51.80306663027016,
            42.97592662800929
          ],
          [
            51.803101035477106,
            42.9757811294904
          ],
          [
            51.803133718101904,
            42.975635144069024
          ],
          [
            51.80316479372646,
            42.97548870441537
          ],
          [
            51.80319440463843,
            42.97534185074825
          ],
          [
            51.803222719831325,
            42.97519463083512
          ],
          [
            51.80324993500448,
            42.975047099992054
          ],
          [
            51.80327627256304,
            42.974899321083754
          ],
          [
            51.80330198161796,
            42.97475136452357
          ],
          [
            51.803327337986055,
            42.97460330827344
          ],
          [
            51.803352644189935,
            42.97445523784397
          ],
          [
            51.80337822945801,
            42.97430724629437
          ],
          [
            51.80340477696652,
            42.9741594735123
          ],
          [
            51.80343301226971,
            42.974012068815206
          ],
          [
            51.8034618312375,
            42.973864764511596
          ],
          [
            51.8034907937036,
            42.97371747743251
          ],
          [
            51.80351966541653,
            42.973570179460054
          ],
          [
            51.80354823150968,
            42.97342284480317
          ],
          [
            51.80357629650139,
            42.973275449997615
          ],
          [
            51.80360368429498,
            42.97312797390599
          ],
          [
            51.803630238178634,
            42.97298039771774
          ],
          [
            51.803655820825526,
            42.9728327049491
          ],
          [
            51.803680314293715,
            42.972684881443186
          ],
          [
            51.80370362002624,
            42.972536915369886
          ],
          [
            51.803725658851036,
            42.972388797225975
          ],
          [
            51.80374637098098,
            42.972240519835005
          ],
          [
            51.803765716013906,
            42.9720920783474
          ],
          [
            51.80378367293254,
            42.9719434702404
          ],
          [
            51.803800240104586,
            42.97179469531807
          ],
          [
            51.80381543528262,
            42.97164575571129
          ],
          [
            51.80382929560423,
            42.971496655877814
          ],
          [
            51.80384187759187,
            42.97134740260219
          ],
          [
            51.80385325715295,
            42.971198004995806
          ],
          [
            51.803863529579836,
            42.97104847449688
          ],
          [
            51.80387280954977,
            42.970898824870446
          ],
          [
            51.80388123112501,
            42.97074907220841
          ],
          [
            51.80388894775266,
            42.97059923492946
          ],
          [
            51.80389613226481,
            42.97044933377913
          ],
          [
            51.803902976878476,
            42.970299391829805
          ],
          [
            51.80390969319558,
            42.97014943448066
          ],
          [
            51.80391651220302,
            42.969999489457734
          ],
          [
            51.80392368427259,
            42.9698495868139
          ],
          [
            51.80393147916104,
            42.96969975892881
          ],
          [
            51.80393973383582,
            42.96954998623322
          ],
          [
            51.803947988510586,
            42.969400213537625
          ],
          [
            51.803956243185354,
            42.96925044084203
          ],
          [
            51.80396325341592,
            42.969100302977516
          ],
          [
            51.80396800952596,
            42.96894950366526
          ],
          [
            51.80397144463732,
            42.96879831671997
          ],
          [
            51.80397442540468,
            42.96864699645226
          ],
          [
            51.8039777520157,
            42.968495777668686
          ],
          [
            51.803982158190834,
            42.96834487567175
          ],
          [
            51.803988311183495,
            42.968194486259875
          ],
          [
            51.80399681177991,
            42.96804478572737
          ],
          [
            51.80400819429925,
            42.96789593086456
          ],
          [
            51.804022926593554,
            42.967748058957625
          ],
          [
            51.80404141004773,
            42.967601287788725
          ],
          [
            51.804063979579574,
            42.96745571563592
          ],
          [
            51.80409090363977,
            42.96731142127322
          ],
          [
            51.804122384211894,
            42.96716846397055
          ],
          [
            51.8041585568124,
            42.96702688349378
          ],
          [
            51.80419949049064,
            42.96688670010471
          ],
          [
            51.80424518782881,
            42.966747914561054
          ],
          [
            51.80429558494203,
            42.966610508116474
          ],
          [
            51.804350551478294,
            42.96647444252058
          ],
          [
            51.80440989061848,
            42.966339660018846
          ],
          [
            51.804473339076345,
            42.96620608335276
          ],
          [
            51.804540567098535,
            42.96607361575967
          ],
          [
            51.80461117846458,
            42.96594214097292
          ],
          [
            51.80468471048689,
            42.96581152322173
          ],
          [
            51.80476063401077,
            42.96568160723127
          ],
          [
            51.8048383534144,
            42.96555221822266
          ],
          [
            51.80491720660884,
            42.96542316191292
          ],
          [
            51.80499646503806,
            42.96529422451502
          ],
          [
            51.80507533367887,
            42.965165172737855
          ],
          [
            51.80515295104102,
            42.96503575378625
          ],
          [
            51.80522838916709,
            42.96490569536097
          ],
          [
            51.805302373172466,
            42.96477521023941
          ],
          [
            51.80537635717784,
            42.96464472511785
          ],
          [
            51.80545034118321,
            42.96451423999628
          ],
          [
            51.80552432518858,
            42.96438375487472
          ],
          [
            51.805598309193954,
            42.96425326975316
          ],
          [
            51.80567229319932,
            42.96412278463159
          ],
          [
            51.80574627720469,
            42.963992299510025
          ],
          [
            51.80582026121006,
            42.963861814388466
          ],
          [
            51.805894245215434,
            42.963731329266906
          ],
          [
            51.80596822922081,
            42.96360084414533
          ],
          [
            51.80604221322618,
            42.96347035902378
          ],
          [
            51.806116197231546,
            42.96333987390222
          ],
          [
            51.806190181236914,
            42.96320938878065
          ],
          [
            51.80626416524228,
            42.96307890365909
          ],
          [
            51.806338149247665,
            42.96294841853753
          ],
          [
            51.806412133253026,
            42.96281793341596
          ],
          [
            51.806486117258395,
            42.9626874482944
          ],
          [
            51.80656010126377,
            42.96255696317284
          ],
          [
            51.80663408526913,
            42.96242647805127
          ],
          [
            51.806708069274514,
            42.96229599292971
          ],
          [
            51.80678205327988,
            42.962165507808145
          ],
          [
            51.80685603728526,
            42.96203502268658
          ],
          [
            51.80693002129061,
            42.961904537565026
          ],
          [
            51.80700400529599,
            42.96177405244346
          ],
          [
            51.807077989301355,
            42.96164356732189
          ],
          [
            51.80715197330674,
            42.96151308220033
          ],
          [
            51.8072259573121,
            42.961382597078774
          ],
          [
            51.807299941317474,
            42.9612521119572
          ],
          [
            51.80737392532285,
            42.96112162683564
          ],
          [
            51.80744790932822,
            42.96099114171409
          ],
          [
            51.807521893333586,
            42.960860656592516
          ],
          [
            51.807595877338954,
            42.960730171470956
          ],
          [
            51.80766986134434,
            42.96059968634938
          ],
          [
            51.807743845349705,
            42.96046920122783
          ],
          [
            51.80781782935507,
            42.96033871610627
          ],
          [
            51.80789181336044,
            42.9602082309847
          ],
          [
            51.80796579736581,
            42.96007774586313
          ],
          [
            51.80803978137119,
            42.95994726074158
          ],
          [
            51.80811376537655,
            42.95981677562002
          ],
          [
            51.80818774938192,
            42.959686290498446
          ],
          [
            51.8082617333873,
            42.95955580537688
          ],
          [
            51.808335717392666,
            42.95942532025533
          ],
          [
            51.808409701398034,
            42.95929483513376
          ],
          [
            51.8084836854034,
            42.959164350012195
          ],
          [
            51.808557669408785,
            42.959033864890635
          ],
          [
            51.80863165341415,
            42.95890337976907
          ],
          [
            51.808705637419514,
            42.95877289464751
          ],
          [
            51.80877962142489,
            42.958642409525936
          ],
          [
            51.80885360543026,
            42.95851192440438
          ],
          [
            51.808927589435626,
            42.95838143928282
          ],
          [
            51.80900157344101,
            42.95825095416126
          ],
          [
            51.80907555744637,
            42.9581204690397
          ],
          [
            51.809149541451745,
            42.957989983918125
          ],
          [
            51.80922352545711,
            42.957859498796566
          ],
          [
            51.809297509462475,
            42.95772901367501
          ],
          [
            51.80937149346786,
            42.95759852855345
          ],
          [
            51.80944547747323,
            42.957468043431874
          ],
          [
            51.809519461478594,
            42.957337558310314
          ],
          [
            51.80959344548396,
            42.957207073188755
          ],
          [
            51.80966742948933,
            42.95707658806719
          ],
          [
            51.809741413494706,
            42.95694610294563
          ],
          [
            51.809815397500074,
            42.95681561782408
          ],
          [
            51.80988938150544,
            42.9566851327025
          ],
          [
            51.809963365510825,
            42.95655464758094
          ],
          [
            51.81003734951618,
            42.95642416245937
          ],
          [
            51.81011133352155,
            42.95629367733782
          ],
          [
            51.81018531752693,
            42.956163192216245
          ],
          [
            51.810259301532305,
            42.95603270709468
          ],
          [
            51.81033328553767,
            42.95590222197312
          ],
          [
            51.81040726954304,
            42.95577173685157
          ],
          [
            51.81048125354841,
            42.95564125172999
          ],
          [
            51.810555237553785,
            42.955510766608434
          ],
          [
            51.81062894026771,
            42.9553801040697
          ],
          [
            51.8107022549345,
            42.95524919678042
          ],
          [
            51.81077534909307,
            42.95511815041139
          ],
          [
            51.8108483782501,
            42.95498706304435
          ],
          [
            51.810921485880044,
            42.954856025172056
          ],
          [
            51.81099480342515,
            42.95472511969821
          ],
          [
            51.81106845029544,
            42.95459442193756
          ],
          [
            51.81114253386868,
            42.95446399961581
          ],
          [
            51.81121714949043,
            42.95433391286967
          ],
          [
            51.81129238047405,
            42.95420421424682
          ],
          [
            51.81136829810061,
            42.954074948705966
          ],
          [
            51.811444961619,
            42.95394615361676
          ],
          [
            51.811522418245886,
            42.953817858759884
          ],
          [
            51.8116007031657,
            42.953690086326965
          ],
          [
            51.811679839530626,
            42.95356285092068
          ],
          [
            51.811759838460674,
            42.95343615955463
          ],
          [
            51.811840699043564,
            42.95331001165346
          ],
          [
            51.811922408334844,
            42.95318439905278
          ],
          [
            51.812004941357806,
            42.95305930599919
          ],
          [
            51.812088261103526,
            42.95293470915029
          ],
          [
            51.812172318530855,
            42.95281057757465
          ],
          [
            51.812257052566416,
            42.95268687275187
          ],
          [
            51.8123423901046,
            42.952563548572485
          ],
          [
            51.81242824600758,
            42.952440551338064
          ],
          [
            51.812514523105314,
            42.95231781976115
          ],
          [
            51.812601112195495,
            42.95219528496528
          ],
          [
            51.812687892043655,
            42.95207287048497
          ],
          [
            51.81277472938303,
            42.95195049226574
          ],
          [
            51.81286147891467,
            42.95182805866409
          ],
          [
            51.81294798330741,
            42.95170547044752
          ],
          [
            51.81303407319781,
            42.951582620794525
          ],
          [
            51.813119955871294,
            42.951459640444895
          ],
          [
            51.81320583854479,
            42.951336660095265
          ],
          [
            51.81329172121827,
            42.95121367974563
          ],
          [
            51.81337760389175,
            42.95109069939599
          ],
          [
            51.81346348656524,
            42.95096771904636
          ],
          [
            51.81354936923873,
            42.95084473869674
          ],
          [
            51.813635251912196,
            42.95072175834711
          ],
          [
            51.813721134585684,
            42.95059877799748
          ],
          [
            51.813807017259165,
            42.95047579764785
          ],
          [
            51.813892899932654,
            42.95035281729822
          ],
          [
            51.813978782606135,
            42.95022983694859
          ],
          [
            51.81406466527963,
            42.95010685659896
          ],
          [
            51.814150547953105,
            42.94998387624933
          ],
          [
            51.81423643062659,
            42.94986089589969
          ],
          [
            51.81432231330008,
            42.94973791555007
          ],
          [
            51.814408195973556,
            42.94961493520044
          ],
          [
            51.81449407864704,
            42.94949195485081
          ],
          [
            51.81457996132053,
            42.949368974501176
          ],
          [
            51.814665843994014,
            42.949245994151546
          ],
          [
            51.81475172666749,
            42.949123013801916
          ],
          [
            51.81483760934098,
            42.949000033452286
          ],
          [
            51.81492349201446,
            42.94887705310265
          ],
          [
            51.815009374687946,
            42.94875407275302
          ],
          [
            51.815095257361435,
            42.94863109240339
          ],
          [
            51.815181140034916,
            42.94850811205376
          ],
          [
            51.8152670227084,
            42.94838513170413
          ],
          [
            51.81535290538188,
            42.94826215135449
          ],
          [
            51.81543878805537,
            42.948139171004854
          ],
          [
            51.815524670728834,
            42.948016190655224
          ],
          [
            51.81561055340234,
            42.947893210305594
          ],
          [
            51.81569643607581,
            42.94777022995597
          ],
          [
            51.81578231874929,
            42.94764724960634
          ],
          [
            51.81586820142278,
            42.94752426925671
          ],
          [
            51.81595408409627,
            42.94740128890707
          ],
          [
            51.81603996676975,
            42.94727830855745
          ],
          [
            51.81612584944324,
            42.94715532820781
          ],
          [
            51.81621173211672,
            42.94703234785819
          ],
          [
            51.8162976147902,
            42.94690936750855
          ],
          [
            51.81638349746369,
            42.94678638715892
          ],
          [
            51.81646938013718,
            42.94666340680929
          ],
          [
            51.816555262810645,
            42.94654042645966
          ],
          [
            51.816641145484134,
            42.94641744611003
          ],
          [
            51.816727028157615,
            42.9462944657604
          ],
          [
            51.816812910831096,
            42.94617148541077
          ],
          [
            51.81689879350459,
            42.94604850506114
          ],
          [
            51.81698467617807,
            42.94592552471151
          ],
          [
            51.817070558851555,
            42.94580254436188
          ],
          [
            51.81715644152504,
            42.94567956401225
          ],
          [
            51.817242324198524,
            42.945556583662615
          ],
          [
            51.817328206872006,
            42.94543360331299
          ],
          [
            51.817414089545494,
            42.94531062296336
          ],
          [
            51.81749997221898,
            42.94518764261373
          ],
          [
            51.81758585489246,
            42.9450646622641
          ],
          [
            51.81767173756594,
            42.94494168191447
          ],
          [
            51.81775762023943,
            42.944818701564834
          ],
          [
            51.817843502912915,
            42.944695721215204
          ],
          [
            51.817929385586396,
            42.944572740865574
          ],
          [
            51.81801526825988,
            42.94444976051594
          ],
          [
            51.818101150933366,
            42.94432678016631
          ],
          [
            51.81818703360684,
            42.944203799816684
          ],
          [
            51.818272916280335,
            42.944080819467054
          ],
          [
            51.81835879895382,
            42.94395783911742
          ],
          [
            51.8184446816273,
            42.943834858767794
          ],
          [
            51.81853056430079,
            42.94371187841816
          ],
          [
            51.81861644697426,
            42.94358889806853
          ],
          [
            51.81870232964774,
            42.9434659177189
          ],
          [
            51.81878821232124,
            42.94334293736927
          ],
          [
            51.81887409499472,
            42.94321995701964
          ],
          [
            51.8189599776682,
            42.94309697667001
          ],
          [
            51.81904586034168,
            42.94297399632038
          ],
          [
            51.81913174301516,
            42.94285101597075
          ],
          [
            51.81921762568865,
            42.942728035621116
          ],
          [
            51.81930350836214,
            42.942605055271486
          ],
          [
            51.81938939103562,
            42.94248207492186
          ],
          [
            51.819475273709095,
            42.942359094572225
          ],
          [
            51.81956115638258,
            42.942236114222595
          ],
          [
            51.819647039056065,
            42.942113133872965
          ],
          [
            51.81973292172955,
            42.94199015352333
          ],
          [
            51.819818804403035,
            42.941867173173705
          ],
          [
            51.81990468707652,
            42.94174419282406
          ],
          [
            51.819990569750004,
            42.94162121247443
          ],
          [
            51.820076452423486,
            42.941498232124815
          ],
          [
            51.82016233509698,
            42.94137525177517
          ],
          [
            51.82024821777046,
            42.94125227142554
          ],
          [
            51.820334100443944,
            42.94112929107592
          ],
          [
            51.82041998311742,
            42.94100631072628
          ],
          [
            51.820505865790906,
            42.94088333037665
          ],
          [
            51.820591748464395,
            42.94076035002702
          ],
          [
            51.82067763113788,
            42.9406373696774
          ],
          [
            51.820763513811364,
            42.94051438932777
          ],
          [
            51.82084939648484,
            42.94039140897814
          ],
          [
            51.82093527915833,
            42.9402684286285
          ],
          [
            51.82102116183181,
            42.94014544827887
          ],
          [
            51.8211070445053,
            42.940022467929246
          ],
          [
            51.821192927178785,
            42.939899487579616
          ],
          [
            51.82127880985227,
            42.93977650722998
          ],
          [
            51.82136469252575,
            42.93965352688035
          ],
          [
            51.821450575199236,
            42.93953054653072
          ],
          [
            51.82153645787272,
            42.93940756618109
          ],
          [
            51.8216223405462,
            42.93928458583146
          ],
          [
            51.82170822321968,
            42.93916160548183
          ],
          [
            51.82179410589317,
            42.9390386251322
          ],
          [
            51.82187998856664,
            42.93891564478257
          ],
          [
            51.82196587124014,
            42.93879266443294
          ],
          [
            51.82205175391363,
            42.93866968408331
          ],
          [
            51.8221376365871,
            42.93854670373368
          ],
          [
            51.82222351926059,
            42.938423723384034
          ],
          [
            51.82230940193408,
            42.938300743034404
          ],
          [
            51.822395284607545,
            42.93817776268478
          ],
          [
            51.822481167281026,
            42.93805478233515
          ],
          [
            51.82256704995452,
            42.93793180198551
          ],
          [
            51.822652932627996,
            42.93780882163588
          ],
          [
            51.822738815301484,
            42.93768584128625
          ],
          [
            51.82282469797498,
            42.93756286093663
          ],
          [
            51.822910580648454,
            42.937439880587
          ],
          [
            51.82299646332194,
            42.93731690023737
          ],
          [
            51.82308234599543,
            42.93719391988774
          ],
          [
            51.823168228668905,
            42.93707093953811
          ],
          [
            51.82325411134238,
            42.93694795918848
          ],
          [
            51.82333999401588,
            42.93682497883885
          ],
          [
            51.823425876689356,
            42.93670199848922
          ],
          [
            51.823511759362844,
            42.93657901813959
          ],
          [
            51.823597642036326,
            42.93645603778996
          ],
          [
            51.82368352470981,
            42.93633305744033
          ],
          [
            51.82376940738329,
            42.9362100770907
          ],
          [
            51.823855290056784,
            42.93608709674107
          ],
          [
            51.823941172730265,
            42.93596411639144
          ],
          [
            51.82402705540375,
            42.93584113604181
          ],
          [
            51.824112938077235,
            42.93571815569217
          ],
          [
            51.824198820750716,
            42.935595175342534
          ],
          [
            51.8242847034242,
            42.935472194992904
          ],
          [
            51.82437058609768,
            42.935349214643274
          ],
          [
            51.82445646877117,
            42.93522623429364
          ],
          [
            51.82454235144464,
            42.935103253944014
          ],
          [
            51.82462823411813,
            42.934980273594384
          ],
          [
            51.82471411679161,
            42.934857293244754
          ],
          [
            51.8247999994651,
            42.934734312895124
          ],
          [
            51.82488588213859,
            42.934611332545494
          ],
          [
            51.82497176481206,
            42.934488352195864
          ],
          [
            51.82505764748555,
            42.93436537184623
          ],
          [
            51.82514353015904,
            42.934242391496596
          ],
          [
            51.82522941283253,
            42.934119411146966
          ],
          [
            51.825315295506,
            42.93399643079734
          ],
          [
            51.82540117817948,
            42.93387345044771
          ],
          [
            51.825487060852964,
            42.933750470098076
          ],
          [
            51.82557294352645,
            42.93362748974845
          ],
          [
            51.82565882619994,
            42.93350450939882
          ],
          [
            51.82574470887342,
            42.933381529049186
          ],
          [
            51.825830591546904,
            42.933258548699555
          ],
          [
            51.82591647422039,
            42.93313556834993
          ],
          [
            51.82600235689387,
            42.9330125880003
          ],
          [
            51.826088239567355,
            42.932889607650665
          ],
          [
            51.82617412224084,
            42.932766627301035
          ],
          [
            51.826260004914324,
            42.932643646951405
          ],
          [
            51.826345887587806,
            42.93252066660177
          ],
          [
            51.82643177026129,
            42.932397686252145
          ],
          [
            51.826517652934776,
            42.932274705902515
          ],
          [
            51.82660353560826,
            42.93215172555288
          ],
          [
            51.826689418281745,
            42.932028745203255
          ],
          [
            51.826775300955234,
            42.93190576485361
          ],
          [
            51.826861183628715,
            42.93178278450398
          ],
          [
            51.826947066302196,
            42.93165980415435
          ],
          [
            51.82703294897568,
            42.93153682380473
          ],
          [
            51.82711883164917,
            42.931413843455104
          ],
          [
            51.82720471432264,
            42.93129086310546
          ],
          [
            51.82729059699613,
            42.93116788275583
          ],
          [
            51.8273764796696,
            42.9310449024062
          ],
          [
            51.82746236234309,
            42.93092192205658
          ],
          [
            51.82754824501659,
            42.930798941706946
          ],
          [
            51.82763412769007,
            42.93067596135731
          ],
          [
            51.82772001036355,
            42.930552981007686
          ],
          [
            51.82780589303703,
            42.930430000658056
          ],
          [
            51.82789177571052,
            42.930307020308426
          ],
          [
            51.827977658384,
            42.93018403995879
          ],
          [
            51.82806354105749,
            42.93006105960916
          ],
          [
            51.82814942373098,
            42.929938079259536
          ],
          [
            51.82823530640445,
            42.929815098909906
          ],
          [
            51.828321189077926,
            42.929692118560276
          ],
          [
            51.82840707175142,
            42.929569138210645
          ],
          [
            51.8284929544249,
            42.929446157861015
          ],
          [
            51.828578837098384,
            42.929323177511385
          ],
          [
            51.82866471977187,
            42.92920019716175
          ],
          [
            51.82875060244535,
            42.92907721681212
          ],
          [
            51.828836485118835,
            42.92895423646249
          ],
          [
            51.82892236779233,
            42.92883125611286
          ],
          [
            51.82900825046581,
            42.92870827576322
          ],
          [
            51.829094133139286,
            42.92858529541359
          ],
          [
            51.829180015812774,
            42.92846231506396
          ],
          [
            51.829265898486256,
            42.92833933471433
          ],
          [
            51.82935178115974,
            42.9282163543647
          ],
          [
            51.82943766383323,
            42.92809337401506
          ],
          [
            51.829523546506714,
            42.92797039366544
          ],
          [
            51.829609429180195,
            42.92784741331581
          ],
          [
            51.829695311853676,
            42.92772443296617
          ],
          [
            51.82978119452716,
            42.92760145261654
          ],
          [
            51.82986707720064,
            42.92747847226691
          ],
          [
            51.829952959874134,
            42.92735549191728
          ],
          [
            51.830038842547616,
            42.92723251156765
          ],
          [
            51.83012472522109,
            42.92710953121802
          ],
          [
            51.83021060789458,
            42.9269865508684
          ],
          [
            51.83029649056806,
            42.92686357051877
          ],
          [
            51.83038237324155,
            42.92674059016914
          ],
          [
            51.83046825591504,
            42.9266176098195
          ],
          [
            51.83055413858852,
            42.92649462946988
          ],
          [
            51.830640021262,
            42.92637164912024
          ],
          [
            51.83072590393548,
            42.92624866877061
          ],
          [
            51.830811786608976,
            42.92612568842098
          ],
          [
            51.83089766928245,
            42.92600270807135
          ],
          [
            51.83098355195594,
            42.92587972772172
          ],
          [
            51.83106943462942,
            42.925756747372084
          ],
          [
            51.831155317302894,
            42.925633767022454
          ],
          [
            51.83124119997638,
            42.925510786672824
          ],
          [
            51.83132708264988,
            42.9253878063232
          ],
          [
            51.83141296532335,
            42.92526482597357
          ],
          [
            51.83149884799683,
            42.925141845623926
          ],
          [
            51.83158473067032,
            42.925018865274296
          ],
          [
            51.8316706133438,
            42.92489588492467
          ],
          [
            51.83175649601729,
            42.924772904575036
          ],
          [
            51.83184237869078,
            42.924649924225406
          ],
          [
            51.831928261364254,
            42.924526943875776
          ],
          [
            51.832014144037736,
            42.924403963526146
          ],
          [
            51.832100026711224,
            42.92428098317652
          ],
          [
            51.832185909384705,
            42.92415800282689
          ],
          [
            51.832271792058194,
            42.92403502247726
          ],
          [
            51.832357674731675,
            42.92391204212763
          ],
          [
            51.83244355740516,
            42.92378906177801
          ],
          [
            51.83252944007864,
            42.92366608142837
          ],
          [
            51.832615322752126,
            42.92354310107874
          ],
          [
            51.83270120542562,
            42.92342012072911
          ],
          [
            51.832787088099096,
            42.92329714037948
          ],
          [
            51.832872970772584,
            42.923174160029845
          ],
          [
            51.832958853446065,
            42.923051179680215
          ],
          [
            51.83304473611954,
            42.92292819933059
          ],
          [
            51.833130618793035,
            42.922805218980955
          ],
          [
            51.833216501466524,
            42.922682238631324
          ],
          [
            51.83330238414,
            42.922559258281694
          ],
          [
            51.83338826681348,
            42.922436277932064
          ],
          [
            51.83347414948697,
            42.922313297582434
          ],
          [
            51.83356003216045,
            42.9221903172328
          ],
          [
            51.83364591483394,
            42.92206733688317
          ],
          [
            51.83373179750742,
            42.92194435653354
          ],
          [
            51.8338176801809,
            42.92182137618391
          ],
          [
            51.83390356285439,
            42.92169839583427
          ],
          [
            51.83398944552787,
            42.92157541548465
          ],
          [
            51.834075328201344,
            42.921452435135016
          ],
          [
            51.83416121087484,
            42.921329454785386
          ],
          [
            51.83424709354832,
            42.921206474435756
          ],
          [
            51.8343329762218,
            42.921083494086126
          ],
          [
            51.83441885889528,
            42.920960513736496
          ],
          [
            51.83450474156878,
            42.92083753338686
          ],
          [
            51.83459062424225,
            42.92071455303723
          ],
          [
            51.83467650691574,
            42.9205915726876
          ],
          [
            51.83476238958923,
            42.920468592337976
          ],
          [
            51.834848272262704,
            42.92034561198834
          ],
          [
            51.834934154936185,
            42.92022263163871
          ],
          [
            51.83502003760968,
            42.920099651289085
          ],
          [
            51.835105920283155,
            42.919976670939455
          ],
          [
            51.835191802956636,
            42.91985369058982
          ],
          [
            51.835277282455046,
            42.919730328276785
          ],
          [
            51.83536158061775,
            42.919605846779966
          ],
          [
            51.83544516084534,
            42.919480685119716
          ],
          [
            51.83552845389488,
            42.919355251390286
          ],
          [
            51.8356118578799,
            42.919229922759854
          ],
          [
            51.83569573827042,
            42.9191050454705
          ],
          [
            51.83578042789297,
            42.91898093483821
          ],
          [
            51.835866226930534,
            42.918857875252876
          ],
          [
            51.835953402922584,
            42.91873612017831
          ],
          [
            51.836042190765085,
            42.91861589215222
          ],
          [
            51.83613279271047,
            42.91849738278623
          ],
          [
            51.83622537836768,
            42.91838075276587
          ],
          [
            51.836320084702095,
            42.9182661318506
          ],
          [
            51.83641701603563,
            42.91815361887376
          ],
          [
            51.83651624404664,
            42.91804328174261
          ],
          [
            51.83661780776998,
            42.91793515743833
          ],
          [
            51.836721713597,
            42.91782925201598
          ],
          [
            51.83682793527553,
            42.917725540604565
          ],
          [
            51.83693641390984,
            42.91762396740698
          ],
          [
            51.83704705796074,
            42.917524445700025
          ],
          [
            51.8371597432455,
            42.91742685783444
          ],
          [
            51.83727431293785,
            42.91733105523483
          ],
          [
            51.83739057756806,
            42.917236858399725
          ],
          [
            51.83750831502282,
            42.91714405690159
          ],
          [
            51.83762727054534,
            42.91705240938676
          ],
          [
            51.837747156735304,
            42.91696164357552
          ],
          [
            51.83786765354888,
            42.91687145626201
          ],
          [
            51.83798840829871,
            42.91678151331433
          ],
          [
            51.83810903565393,
            42.916691449674495
          ],
          [
            51.83822911764018,
            42.916600869358355
          ],
          [
            51.838348203639505,
            42.91650934545576
          ],
          [
            51.83846636748711,
            42.91641694791727
          ],
          [
            51.838584531334725,
            42.916324550378796
          ],
          [
            51.83870269518234,
            42.91623215284031
          ],
          [
            51.838820859029944,
            42.916139755301835
          ],
          [
            51.83893902287756,
            42.91604735776335
          ],
          [
            51.839057186725185,
            42.915954960224866
          ],
          [
            51.83917451059102,
            42.915860785319474
          ],
          [
            51.83929097494206,
            42.91576479171606
          ],
          [
            51.83940697319919,
            42.91566781187708
          ],
          [
            51.83952287022399,
            42.91557061783467
          ],
          [
            51.83963900231873,
            42.915473921190575
          ],
          [
            51.839755677226364,
            42.915378373116255
          ],
          [
            51.8398731741305,
            42.91528456435279
          ],
          [
            51.83999174365547,
            42.91519302521091
          ],
          [
            51.840111607866255,
            42.915104225571056
          ],
          [
            51.84023296026853,
            42.91501857488326
          ],
          [
            51.84035596580867,
            42.91493642216726
          ],
          [
            51.84048076087369,
            42.914858056012406
          ],
          [
            51.84060745329135,
            42.914783704577744
          ],
          [
            51.84073612233002,
            42.91471353559197
          ],
          [
            51.8408668186988,
            42.914647656353424
          ],
          [
            51.84099956454746,
            42.91458611373011
          ],
          [
            51.84113435346647,
            42.91452889415969
          ],
          [
            51.841271150486925,
            42.914475923649476
          ],
          [
            51.84140989208069,
            42.914427067776465
          ],
          [
            51.84155048616022,
            42.91438213168726
          ],
          [
            51.84169281207874,
            42.91434086009818
          ],
          [
            51.84183672063009,
            42.91430293729515
          ],
          [
            51.84198203404881,
            42.91426798713378
          ],
          [
            51.842128546010144,
            42.91423557303934
          ],
          [
            51.84227602163,
            42.91420519800674
          ],
          [
            51.84242419746498,
            42.91417630460056
          ],
          [
            51.842572781512345,
            42.914148274955025
          ],
          [
            51.84272145321006,
            42.91412043077405
          ],
          [
            51.84286986343677,
            42.91409203333114
          ],
          [
            51.843017634511796,
            42.914062283469534
          ],
          [
            51.84316436019514,
            42.914030321602084
          ],
          [
            51.843310766351955,
            42.91399768362963
          ],
          [
            51.843457172508764,
            42.91396504565717
          ],
          [
            51.84360357866559,
            42.91393240768471
          ],
          [
            51.84374998482241,
            42.91389976971225
          ],
          [
            51.84389639097922,
            42.91386713173979
          ],
          [
            51.84404279713603,
            42.91383449376733
          ],
          [
            51.844189203292856,
            42.91380185579487
          ],
          [
            51.84433560944967,
            42.91376921782243
          ],
          [
            51.84448201560649,
            42.91373657984997
          ],
          [
            51.8446284217633,
            42.9137039418775
          ],
          [
            51.844774827920126,
            42.91367130390505
          ],
          [
            51.844921234076935,
            42.91363866593259
          ],
          [
            51.84506764023375,
            42.91360602796013
          ],
          [
            51.845214046390566,
            42.913573389987675
          ],
          [
            51.845360452547396,
            42.91354075201522
          ],
          [
            51.845506858704205,
            42.91350811404276
          ],
          [
            51.84565326486102,
            42.9134754760703
          ],
          [
            51.845799671017836,
            42.913442838097836
          ],
          [
            51.84594607717465,
            42.913410200125384
          ],
          [
            51.846092483331475,
            42.913377562152924
          ],
          [
            51.84623888948828,
            42.91334492418047
          ],
          [
            51.846385295645106,
            42.91331228620801
          ],
          [
            51.846531701801915,
            42.91327964823555
          ],
          [
            51.84667810795874,
            42.91324701026309
          ],
          [
            51.84682451411555,
            42.91321437229063
          ],
          [
            51.84697092027237,
            42.91318173431817
          ],
          [
            51.847117326429185,
            42.91314909634573
          ],
          [
            51.84726373258601,
            42.91311645837327
          ],
          [
            51.847410138742816,
            42.91308382040081
          ],
          [
            51.84755654489964,
            42.91305118242835
          ],
          [
            51.847702951056455,
            42.91301854445589
          ],
          [
            51.84784935721328,
            42.91298590648343
          ],
          [
            51.84799576337009,
            42.91295326851097
          ],
          [
            51.84814216952691,
            42.91292063053852
          ],
          [
            51.84828857568371,
            42.91288799256606
          ],
          [
            51.84843498184053,
            42.912855354593596
          ],
          [
            51.848581387997356,
            42.91282271662114
          ],
          [
            51.84872779415417,
            42.91279007864868
          ],
          [
            51.84887420031098,
            42.912757440676216
          ],
          [
            51.8490206064678,
            42.912724802703764
          ],
          [
            51.849167012624626,
            42.91269216473131
          ],
          [
            51.84931341878144,
            42.91265952675885
          ],
          [
            51.84945982493825,
            42.9126268887864
          ],
          [
            51.84960623109508,
            42.91259425081393
          ],
          [
            51.84975263725189,
            42.91256161284147
          ],
          [
            51.84989904340871,
            42.91252897486902
          ],
          [
            51.85004544956552,
            42.91249633689656
          ],
          [
            51.85019185572233,
            42.91246369892411
          ],
          [
            51.850338261879166,
            42.91243106095165
          ],
          [
            51.850484668035975,
            42.91239842297918
          ],
          [
            51.85063107419278,
            42.912365785006735
          ],
          [
            51.85077748034959,
            42.91233314703427
          ],
          [
            51.85092388650642,
            42.912300509061815
          ],
          [
            51.85107029266324,
            42.91226787108936
          ],
          [
            51.85121669882005,
            42.9122352331169
          ],
          [
            51.85136310497687,
            42.912202595144436
          ],
          [
            51.85150951113369,
            42.91216995717199
          ],
          [
            51.85165591729051,
            42.91213731919952
          ],
          [
            51.851802323447316,
            42.91210468122706
          ],
          [
            51.85194872960414,
            42.912072043254604
          ],
          [
            51.85209513576096,
            42.912039405282144
          ],
          [
            51.85224154191777,
            42.9120067673097
          ],
          [
            51.85238794807459,
            42.91197412933724
          ],
          [
            51.8525343542314,
            42.91194149136478
          ],
          [
            51.85268076038822,
            42.91190885339232
          ],
          [
            51.85282716654503,
            42.91187621541986
          ],
          [
            51.85297357270185,
            42.9118435774474
          ],
          [
            51.85311997885867,
            42.91181093947495
          ],
          [
            51.85326638501549,
            42.91177830150249
          ],
          [
            51.8534127911723,
            42.911745663530034
          ],
          [
            51.85355919732912,
            42.911713025557574
          ],
          [
            51.85370560348594,
            42.91168038758511
          ],
          [
            51.853852009642765,
            42.911647749612655
          ],
          [
            51.85399841579957,
            42.91161511164019
          ],
          [
            51.85414482195639,
            42.91158247366774
          ],
          [
            51.85429122811321,
            42.91154983569528
          ],
          [
            51.85443763427003,
            42.91151719772282
          ],
          [
            51.854584040426836,
            42.91148455975037
          ],
          [
            51.85473044658366,
            42.91145192177791
          ],
          [
            51.85487685274047,
            42.911419283805444
          ],
          [
            51.85502325889728,
            42.911386645833
          ],
          [
            51.855169665054106,
            42.91135400786053
          ],
          [
            51.85531607121092,
            42.91132136988808
          ],
          [
            51.85546247736774,
            42.911288731915626
          ],
          [
            51.85560888352455,
            42.91125609394315
          ],
          [
            51.85575528968138,
            42.9112234559707
          ],
          [
            51.85590169583819,
            42.911190817998246
          ],
          [
            51.85604810199501,
            42.91115818002579
          ],
          [
            51.85619450815182,
            42.911125542053334
          ],
          [
            51.856340914308646,
            42.91109290408087
          ],
          [
            51.856487320465455,
            42.911060266108414
          ],
          [
            51.85663372662227,
            42.91102762813596
          ],
          [
            51.85678013277908,
            42.910994990163495
          ],
          [
            51.8569265389359,
            42.910962352191035
          ],
          [
            51.857072945092725,
            42.91092971421858
          ],
          [
            51.85721935124953,
            42.91089707624612
          ],
          [
            51.857365757406356,
            42.91086443827367
          ],
          [
            51.85751216356317,
            42.9108318003012
          ],
          [
            51.85765856971999,
            42.91079916232875
          ],
          [
            51.8578049758768,
            42.91076652435629
          ],
          [
            51.85795138203362,
            42.910733886383824
          ],
          [
            51.85809778819045,
            42.91070124841138
          ],
          [
            51.85824419434726,
            42.91066861043892
          ],
          [
            51.85839060050407,
            42.91063597246645
          ],
          [
            51.858537006660896,
            42.910603334494
          ],
          [
            51.8586834128177,
            42.91057069652154
          ],
          [
            51.85882981897452,
            42.910538058549086
          ],
          [
            51.858976225131336,
            42.910505420576634
          ],
          [
            51.85912263128816,
            42.910472782604174
          ],
          [
            51.85926903744497,
            42.910440144631714
          ],
          [
            51.85941544360179,
            42.910407506659254
          ],
          [
            51.859561849758606,
            42.910374868686795
          ],
          [
            51.85970825591542,
            42.910342230714335
          ],
          [
            51.85985466207224,
            42.91030959274188
          ],
          [
            51.86000106822906,
            42.91027695476942
          ],
          [
            51.860147474385876,
            42.91024431679697
          ],
          [
            51.86029388054269,
            42.91021167882451
          ],
          [
            51.86044028669951,
            42.91017904085205
          ],
          [
            51.86058669285632,
            42.91014640287959
          ],
          [
            51.860733099013146,
            42.91011376490713
          ],
          [
            51.860879505169954,
            42.91008112693468
          ],
          [
            51.86102591132677,
            42.910048488962225
          ],
          [
            51.86117231748358,
            42.91001585098976
          ],
          [
            51.861318723640395,
            42.9099832130173
          ],
          [
            51.861465129797224,
            42.90995057504484
          ],
          [
            51.86161153595404,
            42.90991793707238
          ],
          [
            51.861757942110856,
            42.909885299099926
          ],
          [
            51.86190434826768,
            42.90985266112747
          ],
          [
            51.86205075442449,
            42.909820023155014
          ],
          [
            51.8621971605813,
            42.90978738518256
          ],
          [
            51.86234356673813,
            42.909754747210094
          ],
          [
            51.86248997289494,
            42.909722109237634
          ],
          [
            51.86263637905176,
            42.909689471265175
          ],
          [
            51.86278278520857,
            42.909656833292715
          ],
          [
            51.862929191365396,
            42.90962419532027
          ],
          [
            51.86307559752221,
            42.9095915573478
          ],
          [
            51.86322200367902,
            42.90955891937535
          ],
          [
            51.863368409835836,
            42.90952628140289
          ],
          [
            51.863514815992644,
            42.90949364343042
          ],
          [
            51.863661222149474,
            42.90946100545797
          ],
          [
            51.86380762830629,
            42.90942836748552
          ],
          [
            51.863954034463106,
            42.909395729513065
          ],
          [
            51.86410044061993,
            42.909363091540605
          ],
          [
            51.864246846776744,
            42.90933045356814
          ],
          [
            51.86439325293356,
            42.90929781559568
          ],
          [
            51.86453965909037,
            42.909265177623226
          ],
          [
            51.86468606524719,
            42.909232539650766
          ],
          [
            51.864832471404014,
            42.90919990167831
          ],
          [
            51.86497887756082,
            42.909167263705854
          ],
          [
            51.865125283717646,
            42.909134625733394
          ],
          [
            51.865271689874454,
            42.909101987760934
          ],
          [
            51.86541809603127,
            42.90906934978848
          ],
          [
            51.865564502188086,
            42.909036711816015
          ],
          [
            51.865710908344894,
            42.90900407384357
          ],
          [
            51.865857314501724,
            42.90897143587111
          ],
          [
            51.86600372065854,
            42.90893879789865
          ],
          [
            51.866150126815356,
            42.90890615992619
          ],
          [
            51.86629653297217,
            42.90887352195372
          ],
          [
            51.866442939128994,
            42.90884088398127
          ],
          [
            51.86658934528581,
            42.90880824600882
          ],
          [
            51.866735751442626,
            42.908775608036365
          ],
          [
            51.86688215759944,
            42.908742970063905
          ],
          [
            51.86702856375626,
            42.908710332091445
          ],
          [
            51.86717496991307,
            42.90867769411898
          ],
          [
            51.86732137606989,
            42.908645056146526
          ],
          [
            51.86746778222671,
            42.908612418174066
          ],
          [
            51.86761418838352,
            42.908579780201606
          ],
          [
            51.867760594540336,
            42.90854714222916
          ],
          [
            51.86790700069716,
            42.908514504256694
          ],
          [
            51.868053406853974,
            42.90848186628424
          ],
          [
            51.86819981301079,
            42.90844922831178
          ],
          [
            51.86834621916761,
            42.908416590339314
          ],
          [
            51.868492625324436,
            42.90838395236686
          ],
          [
            51.868639031481244,
            42.9083513143944
          ],
          [
            51.86878543763806,
            42.90831867642195
          ],
          [
            51.86893184379487,
            42.908286038449496
          ],
          [
            51.8690782499517,
            42.90825340047703
          ],
          [
            51.869224656108514,
            42.90822076250458
          ],
          [
            51.86937106226532,
            42.90818812453212
          ],
          [
            51.86951746842214,
            42.90815548655965
          ],
          [
            51.86966387457896,
            42.908122848587205
          ],
          [
            51.86981028073578,
            42.90809021061474
          ],
          [
            51.869956686892586,
            42.908057572642285
          ],
          [
            51.87010309304941,
            42.90802493466983
          ],
          [
            51.87024949920623,
            42.907992296697365
          ],
          [
            51.87039590536304,
            42.907959658724906
          ],
          [
            51.87054231151986,
            42.90792702075245
          ],
          [
            51.87068871767667,
            42.907894382779986
          ],
          [
            51.8708351238335,
            42.90786174480754
          ],
          [
            51.87098152999032,
            42.907829106835074
          ],
          [
            51.871127936147126,
            42.90779646886262
          ],
          [
            51.87127434230394,
            42.90776383089017
          ],
          [
            51.87142074846076,
            42.907731192917694
          ],
          [
            51.87156715461758,
            42.90769855494524
          ],
          [
            51.87171356077439,
            42.90766591697279
          ],
          [
            51.871859966931204,
            42.90763327900033
          ],
          [
            51.87200637308803,
            42.90760064102788
          ],
          [
            51.872152779244836,
            42.90756800305541
          ],
          [
            51.87229918540166,
            42.90753536508296
          ],
          [
            51.872445591558474,
            42.9075027271105
          ],
          [
            51.8725919977153,
            42.907470089138045
          ],
          [
            51.87273840387211,
            42.907437451165585
          ],
          [
            51.872884810028935,
            42.907404813193125
          ],
          [
            51.873031216185744,
            42.907372175220665
          ],
          [
            51.87317762234257,
            42.907339537248205
          ],
          [
            51.87332402849938,
            42.907306899275746
          ],
          [
            51.8734704346562,
            42.907274261303286
          ],
          [
            51.87361684081301,
            42.90724162333084
          ],
          [
            51.873763246969816,
            42.90720898535838
          ],
          [
            51.87390965312664,
            42.90717634738592
          ],
          [
            51.87405605928346,
            42.90714370941346
          ],
          [
            51.87420246544028,
            42.907111071440994
          ],
          [
            51.87434887159708,
            42.90707843346854
          ],
          [
            51.87449527775391,
            42.90704579549609
          ],
          [
            51.874641683910724,
            42.907013157523636
          ],
          [
            51.87478809006755,
            42.906980519551176
          ],
          [
            51.87493449622436,
            42.906947881578716
          ],
          [
            51.875080902381185,
            42.90691524360626
          ],
          [
            51.875227308537994,
            42.9068826056338
          ],
          [
            51.87537371469481,
            42.90684996766134
          ],
          [
            51.87552012085162,
            42.90681732968888
          ],
          [
            51.87566652700845,
            42.90678469171643
          ],
          [
            51.875812933165264,
            42.906752053743965
          ],
          [
            51.87595933932207,
            42.90671941577151
          ],
          [
            51.87610574547888,
            42.906686777799045
          ],
          [
            51.87625215163571,
            42.906654139826585
          ],
          [
            51.87639855779253,
            42.90662150185413
          ],
          [
            51.87654496394934,
            42.90658886388168
          ],
          [
            51.87669137010616,
            42.90655622590922
          ],
          [
            51.87683777626298,
            42.90652358793677
          ],
          [
            51.8769841824198,
            42.9064909499643
          ],
          [
            51.877130588576605,
            42.90645831199184
          ],
          [
            51.87727699473342,
            42.90642567401939
          ],
          [
            51.87742340089024,
            42.90639303604692
          ],
          [
            51.87756980704706,
            42.906360398074476
          ],
          [
            51.877716213203875,
            42.906327760102016
          ],
          [
            51.8778626193607,
            42.906295122129556
          ],
          [
            51.87800902551751,
            42.9062624841571
          ],
          [
            51.87815543167432,
            42.90622984618464
          ],
          [
            51.87830183783114,
            42.90619720821218
          ],
          [
            51.878448243987954,
            42.906164570239724
          ],
          [
            51.87859465014477,
            42.906131932267265
          ],
          [
            51.8787410563016,
            42.90609929429481
          ],
          [
            51.87888746245841,
            42.90606665632235
          ],
          [
            51.879033868615224,
            42.906034018349885
          ],
          [
            51.87918027477205,
            42.90600138037743
          ],
          [
            51.87932668092886,
            42.905968742404966
          ],
          [
            51.87947308708568,
            42.90593610443252
          ],
          [
            51.879619493242494,
            42.90590346646006
          ],
          [
            51.87976589939931,
            42.90587082848759
          ],
          [
            51.879912305556125,
            42.90583819051514
          ],
          [
            51.88005871171294,
            42.90580555254268
          ],
          [
            51.880205117869764,
            42.90577291457022
          ],
          [
            51.88035152402657,
            42.90574027659777
          ],
          [
            51.88049793018339,
            42.905707638625316
          ],
          [
            51.88064433634021,
            42.905675000652856
          ],
          [
            51.88079074249703,
            42.905642362680396
          ],
          [
            51.88093714865384,
            42.905609724707936
          ],
          [
            51.88108355481066,
            42.90557708673548
          ],
          [
            51.881229960967474,
            42.90554444876302
          ],
          [
            51.8813763671243,
            42.90551181079056
          ],
          [
            51.88152277328111,
            42.90547917281811
          ],
          [
            51.88166917943793,
            42.90544653484565
          ],
          [
            51.88181558559475,
            42.90541389687319
          ],
          [
            51.88196199175157,
            42.90538125890074
          ],
          [
            51.882108397908375,
            42.905348620928265
          ],
          [
            51.88225480406519,
            42.90531598295581
          ],
          [
            51.882401210222014,
            42.90528334498336
          ],
          [
            51.88254761637882,
            42.9052507070109
          ],
          [
            51.88269402253564,
            42.90521806903845
          ],
          [
            51.88284042869246,
            42.90518543106599
          ],
          [
            51.88298683484928,
            42.90515279309352
          ],
          [
            51.88313324100609,
            42.90512015512107
          ],
          [
            51.88327964716291,
            42.90508751714861
          ],
          [
            51.88342605331974,
            42.905054879176156
          ],
          [
            51.883572459476554,
            42.905022241203696
          ],
          [
            51.88371886563336,
            42.904989603231236
          ],
          [
            51.88386527179017,
            42.90495696525878
          ],
          [
            51.884011677947,
            42.904924327286324
          ],
          [
            51.88415808410382,
            42.90489168931386
          ],
          [
            51.884304490260625,
            42.90485905134141
          ],
          [
            51.88445089641744,
            42.90482641336895
          ],
          [
            51.884597302574264,
            42.90479377539649
          ],
          [
            51.88474370873107,
            42.90476113742404
          ],
          [
            51.884890114887895,
            42.904728499451565
          ],
          [
            51.88503652104471,
            42.90469586147912
          ],
          [
            51.885182927201534,
            42.90466322350665
          ],
          [
            51.88532933335834,
            42.90463058553419
          ],
          [
            51.885475739515165,
            42.90459794756175
          ],
          [
            51.88562214567198,
            42.90456530958929
          ],
          [
            51.8857685518288,
            42.90453267161683
          ],
          [
            51.88591495798561,
            42.904500033644375
          ],
          [
            51.886061364142435,
            42.90446739567191
          ],
          [
            51.88620777029925,
            42.90443475769945
          ],
          [
            51.88635417645606,
            42.904402119726996
          ],
          [
            51.88650058261288,
            42.904369481754536
          ],
          [
            51.88664698876969,
            42.90433684378208
          ],
          [
            51.886793394926514,
            42.90430420580962
          ],
          [
            51.88693980108332,
            42.904271567837164
          ],
          [
            51.88708620724014,
            42.904238929864704
          ],
          [
            51.88723261339696,
            42.90420629189224
          ],
          [
            51.887379019553784,
            42.90417365391979
          ],
          [
            51.88752542571059,
            42.90414101594733
          ],
          [
            51.88767183186741,
            42.904108377974865
          ],
          [
            51.88781823802424,
            42.90407574000241
          ],
          [
            51.887964644181054,
            42.90404310202996
          ],
          [
            51.888111050337855,
            42.90401046405749
          ],
          [
            51.88825745649467,
            42.90397782608505
          ],
          [
            51.8884038626515,
            42.90394518811259
          ],
          [
            51.888550268808316,
            42.90391255014013
          ],
          [
            51.888696674965125,
            42.90387991216767
          ],
          [
            51.88884308112194,
            42.90384727419521
          ],
          [
            51.888989487278764,
            42.90381463622275
          ],
          [
            51.88913589343558,
            42.903781998250295
          ],
          [
            51.88928229959239,
            42.90374936027783
          ],
          [
            51.889428705749204,
            42.90371672230538
          ],
          [
            51.88957511190603,
            42.90368408433292
          ],
          [
            51.88972151806285,
            42.90365144636046
          ],
          [
            51.889867924219665,
            42.903618808388
          ],
          [
            51.890014330376474,
            42.903586170415544
          ],
          [
            51.8901607365333,
            42.9035535324431
          ],
          [
            51.89030714269012,
            42.90352089447064
          ],
          [
            51.89045354884692,
            42.90348825649817
          ],
          [
            51.89059995500374,
            42.90345561852572
          ],
          [
            51.890746361160566,
            42.90342298055326
          ],
          [
            51.890892767317375,
            42.90339034258079
          ],
          [
            51.89103917347419,
            42.903357704608354
          ],
          [
            51.89118557963101,
            42.90332506663589
          ],
          [
            51.89133198578782,
            42.90329242866343
          ],
          [
            51.891478391944645,
            42.903259790690974
          ],
          [
            51.89162479810146,
            42.90322715271851
          ],
          [
            51.891771204258276,
            42.903194514746055
          ],
          [
            51.891917610415106,
            42.90316187677359
          ],
          [
            51.892064016571915,
            42.90312923880113
          ],
          [
            51.89221042272873,
            42.90309660082868
          ],
          [
            51.892356828885546,
            42.90306396285622
          ],
          [
            51.89250323504236,
            42.90303132488376
          ],
          [
            51.89264964119918,
            42.9029986869113
          ],
          [
            51.892796047355986,
            42.902966048938836
          ],
          [
            51.892942453512816,
            42.90293341096639
          ],
          [
            51.893088859669625,
            42.90290077299393
          ],
          [
            51.89323526582645,
            42.90286813502147
          ],
          [
            51.89338167198326,
            42.90283549704902
          ],
          [
            51.89352807814008,
            42.90280285907656
          ],
          [
            51.893674484296895,
            42.90277022110409
          ],
          [
            51.89382089045372,
            42.902737583131646
          ],
          [
            51.893967296610526,
            42.90270494515918
          ],
          [
            51.89411370276735,
            42.90267230718673
          ],
          [
            51.89426010892416,
            42.90263966921427
          ],
          [
            51.89440651508098,
            42.90260703124181
          ],
          [
            51.894552921237796,
            42.90257439326935
          ],
          [
            51.89469932739461,
            42.90254175529689
          ],
          [
            51.89484573355143,
            42.90250911732443
          ],
          [
            51.89499213970824,
            42.902476479351975
          ],
          [
            51.895138545865066,
            42.90244384137952
          ],
          [
            51.895284952021875,
            42.90241120340706
          ],
          [
            51.89543135817869,
            42.9023785654346
          ],
          [
            51.89557776433551,
            42.90234592746215
          ],
          [
            51.895724170492336,
            42.90231328948968
          ],
          [
            51.89587057664915,
            42.90228065151723
          ],
          [
            51.89601698280596,
            42.902248013544764
          ],
          [
            51.89616338896279,
            42.90221537557232
          ],
          [
            51.8963097951196,
            42.90218273759986
          ],
          [
            51.896456201276415,
            42.90215009962739
          ],
          [
            51.89660260743323,
            42.90211746165494
          ],
          [
            51.896749013590046,
            42.90208482368248
          ],
          [
            51.89689541974687,
            42.902052185710026
          ],
          [
            51.89704182590368,
            42.90201954773757
          ],
          [
            51.89718823206049,
            42.90198690976511
          ],
          [
            51.89733463821731,
            42.901954271792654
          ],
          [
            51.89748104437413,
            42.901921633820194
          ],
          [
            51.89762745053095,
            42.90188899584773
          ],
          [
            51.89777385668776,
            42.901856357875275
          ],
          [
            51.89792026284458,
            42.90182371990281
          ],
          [
            51.8980666690014,
            42.90179108193036
          ],
          [
            51.89821307515822,
            42.90175844395791
          ],
          [
            51.89835948131504,
            42.90172580598545
          ],
          [
            51.89850588747185,
            42.90169316801299
          ],
          [
            51.898652293628665,
            42.90166053004053
          ],
          [
            51.89879869978548,
            42.90162789206806
          ],
          [
            51.8989451059423,
            42.90159525409562
          ],
          [
            51.89909151209911,
            42.90156261612316
          ],
          [
            51.89923791825593,
            42.9015299781507
          ],
          [
            51.89938432441274,
            42.90149734017824
          ],
          [
            51.899530730569566,
            42.90146470220578
          ],
          [
            51.899677136726375,
            42.90143206423332
          ],
          [
            51.8998235428832,
            42.90139942626086
          ],
          [
            51.89996994904001,
            42.9013667882884
          ],
          [
            51.900116355196836,
            42.901334150315954
          ],
          [
            51.900262761353645,
            42.901301512343494
          ],
          [
            51.90040916751047,
            42.901268874371034
          ],
          [
            51.90055557366729,
            42.90123623639858
          ],
          [
            51.900701979824106,
            42.901203598426115
          ],
          [
            51.900848385980915,
            42.901170960453655
          ],
          [
            51.90099479213772,
            42.9011383224812
          ],
          [
            51.90114119829455,
            42.90110568450874
          ],
          [
            51.90128760445136,
            42.90107304653629
          ],
          [
            51.90143401060818,
            42.90104040856383
          ],
          [
            51.90158041676499,
            42.90100777059137
          ],
          [
            51.901726822921816,
            42.90097513261892
          ],
          [
            51.90187322907863,
            42.90094249464646
          ],
          [
            51.90201963523545,
            42.900909856674
          ],
          [
            51.902166041392256,
            42.90087721870154
          ],
          [
            51.90231244754909,
            42.90084458072908
          ],
          [
            51.9024588537059,
            42.900811942756626
          ],
          [
            51.90260525986272,
            42.900779304784166
          ],
          [
            51.90275166601954,
            42.9007466668117
          ],
          [
            51.90289807217635,
            42.90071402883925
          ],
          [
            51.903044478333165,
            42.900681390866794
          ],
          [
            51.90319088448998,
            42.900648752894334
          ],
          [
            51.9033372906468,
            42.90061611492188
          ],
          [
            51.90348369680361,
            42.900583476949414
          ],
          [
            51.903630102960435,
            42.90055083897696
          ],
          [
            51.90377650911724,
            42.9005182010045
          ],
          [
            51.90392291527406,
            42.900485563032035
          ],
          [
            51.90406932143088,
            42.90045292505959
          ],
          [
            51.9042157275877,
            42.90042028708713
          ],
          [
            51.90436213374451,
            42.90038764911467
          ],
          [
            51.90450853990133,
            42.90035501114221
          ],
          [
            51.90465494605815,
            42.90032237316975
          ],
          [
            51.90480135221497,
            42.900289735197305
          ],
          [
            51.90494775837178,
            42.900257097224845
          ],
          [
            51.905094164528606,
            42.90022445925238
          ],
          [
            51.90524057068542,
            42.900191821279925
          ],
          [
            51.90538697684223,
            42.900159183307466
          ],
          [
            51.905533382999046,
            42.900126545335006
          ],
          [
            51.90567978915586,
            42.90009390736256
          ],
          [
            51.90582619531268,
            42.900061269390086
          ],
          [
            51.9059726014695,
            42.900028631417634
          ],
          [
            51.906119007626316,
            42.89999599344518
          ],
          [
            51.90626541378313,
            42.899963355472714
          ],
          [
            51.90641181993994,
            42.89993071750026
          ],
          [
            51.90655822609676,
            42.899898079527794
          ],
          [
            51.90670463225358,
            42.899865441555335
          ],
          [
            51.9068510384104,
            42.89983280358289
          ],
          [
            51.90699744456722,
            42.89980016561043
          ],
          [
            51.90714385072403,
            42.89976752763797
          ],
          [
            51.90729025688085,
            42.89973488966552
          ],
          [
            51.907436663037664,
            42.89970225169305
          ],
          [
            51.90758306919448,
            42.8996696137206
          ],
          [
            51.90772947535129,
            42.899636975748145
          ],
          [
            51.90787588150812,
            42.89960433777568
          ],
          [
            51.90802228766493,
            42.899571699803225
          ],
          [
            51.90816869382174,
            42.899539061830765
          ],
          [
            51.908315099978566,
            42.8995064238583
          ],
          [
            51.90846150613539,
            42.89947378588585
          ],
          [
            51.9086079122922,
            42.89944114791338
          ],
          [
            51.90875431844901,
            42.899408509940926
          ],
          [
            51.90890072460584,
            42.89937587196847
          ],
          [
            51.90904713076266,
            42.899343233996014
          ],
          [
            51.90919353691947,
            42.899310596023554
          ],
          [
            51.90933994307628,
            42.8992779580511
          ],
          [
            51.909486349233106,
            42.899245320078634
          ],
          [
            51.90963275538992,
            42.89921268210618
          ],
          [
            51.90977916154673,
            42.89918004413373
          ],
          [
            51.90992556770354,
            42.89914740616127
          ],
          [
            51.91007197386036,
            42.89911476818881
          ],
          [
            51.910218380017184,
            42.89908213021635
          ],
          [
            51.910364786174,
            42.89904949224389
          ],
          [
            51.910511192330816,
            42.89901685427144
          ],
          [
            51.91065759848763,
            42.89898421629897
          ],
          [
            51.910804004644454,
            42.898951578326525
          ],
          [
            51.91095041080127,
            42.898918940354065
          ],
          [
            51.91109681695808,
            42.898886302381605
          ],
          [
            51.9112432231149,
            42.89885366440915
          ],
          [
            51.91138962927172,
            42.89882102643668
          ],
          [
            51.91153603542853,
            42.898788388464226
          ],
          [
            51.911682441585356,
            42.89875575049178
          ],
          [
            51.911828847742164,
            42.89872311251931
          ],
          [
            51.91197525389899,
            42.89869047454686
          ],
          [
            51.912121660055796,
            42.8986578365744
          ],
          [
            51.91226806621262,
            42.89862519860194
          ],
          [
            51.912414472369434,
            42.89859256062948
          ],
          [
            51.91256087852625,
            42.89855992265703
          ],
          [
            51.912707284683066,
            42.89852728468457
          ],
          [
            51.91285369083989,
            42.89849464671211
          ],
          [
            51.9130000969967,
            42.89846200873965
          ],
          [
            51.91314650315352,
            42.8984293707672
          ],
          [
            51.91329290931034,
            42.89839673279474
          ],
          [
            51.91343931546715,
            42.89836409482228
          ],
          [
            51.91358572162397,
            42.89833145684982
          ],
          [
            51.91373212778078,
            42.89829881887736
          ],
          [
            51.913878533937606,
            42.898266180904905
          ],
          [
            51.914024940094414,
            42.89823354293245
          ],
          [
            51.91417134625122,
            42.89820090495998
          ],
          [
            51.91431775240804,
            42.898168266987525
          ],
          [
            51.91446415856487,
            42.89813562901507
          ],
          [
            51.914610564721684,
            42.89810299104262
          ],
          [
            51.91475697087849,
            42.89807035307016
          ],
          [
            51.91490337703531,
            42.8980377150977
          ],
          [
            51.91504978319214,
            42.89800507712524
          ],
          [
            51.915196189348954,
            42.89797243915278
          ],
          [
            51.91534259550577,
            42.89793980118032
          ],
          [
            51.91548900166259,
            42.89790716320786
          ],
          [
            51.91563540781941,
            42.897874525235416
          ],
          [
            51.91578181397622,
            42.89784188726295
          ],
          [
            51.915928220133026,
            42.8978092492905
          ],
          [
            51.916074626289856,
            42.89777661131804
          ],
          [
            51.91622103244667,
            42.89774397334558
          ],
          [
            51.91636743860349,
            42.897711335373124
          ],
          [
            51.91651384476029,
            42.89767869740065
          ],
          [
            51.91666025091711,
            42.897646059428205
          ],
          [
            51.91680665707394,
            42.89761342145575
          ],
          [
            51.91695306323075,
            42.897580783483285
          ],
          [
            51.917099469387566,
            42.89754814551083
          ],
          [
            51.91724587554438,
            42.89751550753837
          ],
          [
            51.91739228170121,
            42.897482869565906
          ],
          [
            51.91753868785802,
            42.89745023159346
          ],
          [
            51.91768509401483,
            42.897417593621
          ],
          [
            51.91783150017165,
            42.89738495564854
          ],
          [
            51.91797790632847,
            42.89735231767608
          ],
          [
            51.91812431248528,
            42.89731967970362
          ],
          [
            51.9182707186421,
            42.89728704173117
          ],
          [
            51.918417124798914,
            42.89725440375871
          ],
          [
            51.91856353095573,
            42.89722176578624
          ],
          [
            51.918709937112546,
            42.897189127813796
          ],
          [
            51.91885634326937,
            42.897156489841336
          ],
          [
            51.919002749426184,
            42.897123851868876
          ],
          [
            51.91914915558301,
            42.897091213896424
          ],
          [
            51.919295561739816,
            42.897058575923964
          ],
          [
            51.919441967896645,
            42.8970259379515
          ],
          [
            51.919588374053454,
            42.89699329997905
          ],
          [
            51.91973478021026,
            42.896960662006585
          ],
          [
            51.919881186367085,
            42.89692802403413
          ],
          [
            51.9200275925239,
            42.89689538606167
          ],
          [
            51.92017399868072,
            42.89686274808921
          ],
          [
            51.920320404837526,
            42.89683011011675
          ],
          [
            51.92046681099435,
            42.8967974721443
          ],
          [
            51.92061321715117,
            42.89676483417184
          ],
          [
            51.92075962330798,
            42.89673219619939
          ],
          [
            51.9209060294648,
            42.89669955822692
          ],
          [
            51.92105243562162,
            42.89666692025447
          ],
          [
            51.921198841778434,
            42.89663428228201
          ],
          [
            51.92134524793525,
            42.89660164430955
          ],
          [
            51.921491654092065,
            42.896569006337096
          ],
          [
            51.921638060248895,
            42.896536368364636
          ],
          [
            51.921784466405704,
            42.896503730392176
          ],
          [
            51.92193087256252,
            42.89647109241972
          ],
          [
            51.92207727871933,
            42.89643845444726
          ],
          [
            51.92222368487615,
            42.896405816474804
          ],
          [
            51.922370091032974,
            42.89637317850235
          ],
          [
            51.92251649718978,
            42.89634054052988
          ],
          [
            51.92266290334659,
            42.896307902557425
          ],
          [
            51.92280930950341,
            42.89627526458497
          ],
          [
            51.922955715660244,
            42.896242626612505
          ],
          [
            51.92310212181705,
            42.89620998864005
          ],
          [
            51.92324852797387,
            42.89617735066759
          ],
          [
            51.92339493413069,
            42.89614471269515
          ],
          [
            51.92354134028751,
            42.89611207472269
          ],
          [
            51.923687746444315,
            42.89607943675022
          ],
          [
            51.923834152601145,
            42.89604679877777
          ],
          [
            51.92398055875796,
            42.89601416080531
          ],
          [
            51.92412696491477,
            42.89598152283284
          ],
          [
            51.924273371071585,
            42.89594888486039
          ],
          [
            51.924419777228394,
            42.89591624688793
          ],
          [
            51.92456618338522,
            42.895883608915476
          ],
          [
            51.92471258954203,
            42.89585097094302
          ],
          [
            51.92485899569885,
            42.895818332970556
          ],
          [
            51.92500540185567,
            42.895785694998104
          ],
          [
            51.92515180801248,
            42.895753057025644
          ],
          [
            51.9252982141693,
            42.895720419053184
          ],
          [
            51.92544462032611,
            42.89568778108073
          ],
          [
            51.92559102648294,
            42.89565514310827
          ],
          [
            51.92573743263976,
            42.89562250513581
          ],
          [
            51.92588383879657,
            42.89558986716336
          ],
          [
            51.92603024495338,
            42.89555722919089
          ],
          [
            51.92617665111021,
            42.89552459121844
          ],
          [
            51.92632305726702,
            42.89549195324599
          ],
          [
            51.92646946342383,
            42.89545931527353
          ],
          [
            51.92661586958066,
            42.89542667730107
          ],
          [
            51.926762275737474,
            42.89539403932861
          ],
          [
            51.92690868189428,
            42.89536140135615
          ],
          [
            51.9270550880511,
            42.89532876338369
          ],
          [
            51.92720149420792,
            42.89529612541122
          ],
          [
            51.92734790036473,
            42.89526348743877
          ],
          [
            51.927494306521545,
            42.89523084946632
          ],
          [
            51.92764071267837,
            42.895198211493856
          ],
          [
            51.92778711883519,
            42.8951655735214
          ],
          [
            51.92793352499201,
            42.89513293554895
          ],
          [
            51.92807993114882,
            42.895100297576484
          ],
          [
            51.928226337305645,
            42.895067659604024
          ],
          [
            51.92837274346246,
            42.89503502163157
          ],
          [
            51.92851914961927,
            42.89500238365911
          ],
          [
            51.928665555776085,
            42.89496974568666
          ],
          [
            51.928811961932894,
            42.89493710771419
          ],
          [
            51.928958368089724,
            42.89490446974173
          ],
          [
            51.92910477424653,
            42.89487183176928
          ],
          [
            51.92925118040335,
            42.89483919379682
          ],
          [
            51.929397586560164,
            42.89480655582437
          ],
          [
            51.92954399271699,
            42.89477391785191
          ],
          [
            51.9296903988738,
            42.89474127987945
          ],
          [
            51.92983680503062,
            42.894708641906995
          ],
          [
            51.929983211187434,
            42.89467600393452
          ],
          [
            51.93012961734426,
            42.89464336596207
          ],
          [
            51.93027602350107,
            42.89461072798962
          ],
          [
            51.93042242965788,
            42.894578090017156
          ],
          [
            51.930568835814704,
            42.8945454520447
          ],
          [
            51.93071524197153,
            42.89451281407224
          ],
          [
            51.930861648128335,
            42.894480176099776
          ],
          [
            51.93100805428515,
            42.894447538127324
          ],
          [
            51.93115446044197,
            42.89441490015487
          ],
          [
            51.93130086659878,
            42.89438226218241
          ],
          [
            51.9314472727556,
            42.89434962420996
          ],
          [
            51.93159367891242,
            42.89431698623749
          ],
          [
            51.93174008506924,
            42.89428434826503
          ],
          [
            51.93188649122605,
            42.89425171029258
          ],
          [
            51.93203289738287,
            42.89421907232011
          ],
          [
            51.93217930353969,
            42.89418643434766
          ],
          [
            51.93232570969651,
            42.89415379637521
          ],
          [
            51.93247211585332,
            42.89412115840275
          ],
          [
            51.93261852201014,
            42.894088520430294
          ],
          [
            51.932764928166954,
            42.89405588245783
          ],
          [
            51.93291133432377,
            42.894023244485375
          ],
          [
            51.93305774048058,
            42.893990606512915
          ],
          [
            51.9332041466374,
            42.89395796854045
          ],
          [
            51.933350552794224,
            42.893925330568
          ],
          [
            51.93349695895103,
            42.89389269259554
          ],
          [
            51.93364336510785,
            42.89386005462308
          ],
          [
            51.93378977126467,
            42.89382741665063
          ],
          [
            51.933936177421494,
            42.89379477867816
          ],
          [
            51.9340825835783,
            42.893762140705704
          ],
          [
            51.93422898973512,
            42.89372950273326
          ],
          [
            51.93437539589195,
            42.89369686476079
          ],
          [
            51.93452180204876,
            42.89366422678834
          ],
          [
            51.934668208205565,
            42.89363158881588
          ],
          [
            51.93481461436239,
            42.89359895084342
          ],
          [
            51.93496102051921,
            42.893566312870966
          ],
          [
            51.935107426676026,
            42.89353367489851
          ],
          [
            51.935253832832835,
            42.89350103692605
          ],
          [
            51.935400238989644,
            42.893468398953594
          ],
          [
            51.93554664514646,
            42.89343576098113
          ],
          [
            51.93569305130329,
            42.893403123008675
          ],
          [
            51.9358394574601,
            42.893370485036215
          ],
          [
            51.93598586361692,
            42.893337847063755
          ],
          [
            51.936132269773736,
            42.8933052090913
          ],
          [
            51.93627867593056,
            42.89327257111884
          ],
          [
            51.936425082087375,
            42.893239933146376
          ],
          [
            51.936571488244184,
            42.89320729517393
          ],
          [
            51.936717894401006,
            42.89317465720146
          ],
          [
            51.93686430055782,
            42.89314201922901
          ],
          [
            51.93701070671464,
            42.89310938125655
          ],
          [
            51.937157112871446,
            42.893076743284084
          ],
          [
            51.937303519028276,
            42.89304410531163
          ],
          [
            51.937449925185085,
            42.89301146733918
          ],
          [
            51.9375963313419,
            42.89297882936671
          ],
          [
            51.93774273749872,
            42.892946191394266
          ],
          [
            51.93788914365553,
            42.89291355342179
          ],
          [
            51.938035549812355,
            42.89288091544935
          ],
          [
            51.93818195596916,
            42.892848277476894
          ],
          [
            51.93832836212599,
            42.89281563950443
          ],
          [
            51.9384747682828,
            42.89278300153197
          ],
          [
            51.938621174439625,
            42.892750363559514
          ],
          [
            51.93876758059645,
            42.892717725587055
          ],
          [
            51.93891398675325,
            42.892685087614595
          ],
          [
            51.93906039291007,
            42.89265244964214
          ],
          [
            51.939206799066895,
            42.89261981166968
          ],
          [
            51.93935320522371,
            42.89258717369724
          ],
          [
            51.93949961138052,
            42.89255453572476
          ],
          [
            51.939646017537335,
            42.89252189775231
          ],
          [
            51.93979242369416,
            42.89248925977985
          ],
          [
            51.93993882985097,
            42.89245662180739
          ],
          [
            51.94008523600778,
            42.89242398383494
          ],
          [
            51.940231642164605,
            42.892391345862485
          ],
          [
            51.94037804832143,
            42.89235870789002
          ],
          [
            51.94052445447824,
            42.892326069917566
          ],
          [
            51.94067086063506,
            42.8922934319451
          ],
          [
            51.94081726679187,
            42.892260793972646
          ],
          [
            51.9409636729487,
            42.89222815600019
          ],
          [
            51.94111007910551,
            42.892195518027734
          ],
          [
            51.94125648526232,
            42.892162880055274
          ],
          [
            51.94140289141913,
            42.89213024208282
          ],
          [
            51.94154929757596,
            42.892097604110354
          ],
          [
            51.94169570373277,
            42.8920649661379
          ],
          [
            51.941842109889585,
            42.892032328165435
          ],
          [
            51.9419885160464,
            42.891999690192975
          ],
          [
            51.94213492220322,
            42.89196705222053
          ],
          [
            51.94228132836004,
            42.89193441424806
          ],
          [
            51.942427734516855,
            42.89190177627561
          ],
          [
            51.94257414067366,
            42.89186913830316
          ],
          [
            51.9427205468305,
            42.89183650033068
          ],
          [
            51.9428669529873,
            42.89180386235823
          ],
          [
            51.943013359144125,
            42.89177122438578
          ],
          [
            51.94315976530094,
            42.89173858641332
          ],
          [
            51.94330617145775,
            42.891705948440865
          ],
          [
            51.94345257761457,
            42.8916733104684
          ],
          [
            51.94359898377139,
            42.89164067249594
          ],
          [
            51.9437453899282,
            42.891608034523486
          ],
          [
            51.943891796085026,
            42.891575396551026
          ],
          [
            51.94403820224184,
            42.89154275857858
          ],
          [
            51.94418460839865,
            42.891510120606114
          ],
          [
            51.94433101455547,
            42.891477482633654
          ],
          [
            51.94447742071229,
            42.891444844661194
          ],
          [
            51.94462382686911,
            42.89141220668873
          ],
          [
            51.94477023302593,
            42.891379568716275
          ],
          [
            51.94491663918274,
            42.89134693074383
          ],
          [
            51.94506304533955,
            42.89131429277136
          ],
          [
            51.945209451496375,
            42.89128165479892
          ],
          [
            51.94535585765318,
            42.89124901682645
          ],
          [
            51.94550226381001,
            42.89121637885398
          ],
          [
            51.945648669966815,
            42.89118374088154
          ],
          [
            51.94579507612364,
            42.89115110290908
          ],
          [
            51.94594148228045,
            42.89111846493661
          ],
          [
            51.94608788843727,
            42.891085826964165
          ],
          [
            51.94623429459408,
            42.8910531889917
          ],
          [
            51.94638070075091,
            42.891020551019245
          ],
          [
            51.94652710690772,
            42.890987913046786
          ],
          [
            51.94667351306454,
            42.890955275074326
          ],
          [
            51.946819919221355,
            42.890922637101866
          ],
          [
            51.94696632537818,
            42.89088999912941
          ],
          [
            51.94711273153499,
            42.890857361156954
          ],
          [
            51.94725913769181,
            42.890824723184494
          ],
          [
            51.94740554384862,
            42.890792085212034
          ],
          [
            51.94755195000543,
            42.89075944723958
          ],
          [
            51.94769835616226,
            42.89072680926712
          ],
          [
            51.94784476231907,
            42.890694171294655
          ],
          [
            51.94799116847588,
            42.89066153332221
          ],
          [
            51.948137574632696,
            42.89062889534975
          ],
          [
            51.948283980789526,
            42.89059625737729
          ],
          [
            51.94843038694634,
            42.89056361940484
          ],
          [
            51.94857679310315,
            42.89053098143237
          ],
          [
            51.94872319925997,
            42.89049834345991
          ],
          [
            51.948869605416796,
            42.890465705487465
          ],
          [
            51.94901601157361,
            42.890433067515
          ],
          [
            51.94916241773042,
            42.890400429542545
          ],
          [
            51.949308823887236,
            42.890367791570085
          ],
          [
            51.94945523004406,
            42.890335153597626
          ],
          [
            51.949601636200875,
            42.890302515625166
          ],
          [
            51.94974804235769,
            42.89026987765271
          ],
          [
            51.9498944485145,
            42.89023723968025
          ],
          [
            51.95004085467132,
            42.8902046017078
          ],
          [
            51.95018726082814,
            42.890171963735334
          ],
          [
            51.95033366698495,
            42.89013932576288
          ],
          [
            51.95048007314177,
            42.89010668779042
          ],
          [
            51.95062647929859,
            42.89007404981796
          ],
          [
            51.95077288545541,
            42.8900414118455
          ],
          [
            51.950919291612216,
            42.890008773873056
          ],
          [
            51.951065697769046,
            42.88997613590058
          ],
          [
            51.95121210392586,
            42.88994349792814
          ],
          [
            51.95135851008268,
            42.88991085995568
          ],
          [
            51.9515049162395,
            42.88987822198322
          ],
          [
            51.95165132239631,
            42.88984558401076
          ],
          [
            51.95179772855312,
            42.88981294603829
          ],
          [
            51.95194413470993,
            42.889780308065845
          ],
          [
            51.95209054086675,
            42.889747670093385
          ],
          [
            51.95223694702358,
            42.88971503212092
          ],
          [
            51.95238335318039,
            42.889682394148466
          ],
          [
            51.9525297593372,
            42.889649756176006
          ],
          [
            51.952676165494026,
            42.88961711820356
          ],
          [
            51.95282257165084,
            42.8895844802311
          ],
          [
            51.95296897780765,
            42.88955184225863
          ],
          [
            51.95311538396448,
            42.88951920428618
          ],
          [
            51.953261790121296,
            42.88948656631372
          ],
          [
            51.953408196278104,
            42.88945392834126
          ],
          [
            51.95355460243492,
            42.8894212903688
          ],
          [
            51.95370100859175,
            42.88938865239635
          ],
          [
            51.95384741474856,
            42.88935601442389
          ],
          [
            51.953993820905374,
            42.889323376451436
          ],
          [
            51.95414022706219,
            42.88929073847897
          ],
          [
            51.954286633219,
            42.88925810050652
          ],
          [
            51.95443303937582,
            42.88922546253406
          ],
          [
            51.95457944553264,
            42.8891928245616
          ],
          [
            51.95472585168945,
            42.889160186589145
          ],
          [
            51.954872257846276,
            42.88912754861669
          ],
          [
            51.9550186640031,
            42.889094910644225
          ],
          [
            51.95516507015991,
            42.88906227267177
          ],
          [
            51.95531147631672,
            42.889029634699305
          ],
          [
            51.95545788247355,
            42.88899699672685
          ],
          [
            51.95560428863036,
            42.88896435875439
          ],
          [
            51.95575069478718,
            42.88893172078194
          ],
          [
            51.955897100943986,
            42.88889908280948
          ],
          [
            51.9560435071008,
            42.88886644483703
          ],
          [
            51.956189913257624,
            42.88883380686456
          ],
          [
            51.95633631941445,
            42.88880116889211
          ],
          [
            51.95648272557125,
            42.88876853091964
          ],
          [
            51.95662913172807,
            42.88873589294718
          ],
          [
            51.956775537884894,
            42.888703254974736
          ],
          [
            51.9569219440417,
            42.88867061700227
          ],
          [
            51.957068350198526,
            42.88863797902982
          ],
          [
            51.957214756355334,
            42.888605341057364
          ],
          [
            51.957361162512164,
            42.8885727030849
          ],
          [
            51.95750756866898,
            42.88854006511244
          ],
          [
            51.95765397482579,
            42.888507427139984
          ],
          [
            51.95780038098261,
            42.888474789167525
          ],
          [
            51.957946787139434,
            42.88844215119507
          ],
          [
            51.95809319329624,
            42.888409513222605
          ],
          [
            51.95823959945306,
            42.88837687525015
          ],
          [
            51.958386005609874,
            42.88834423727769
          ],
          [
            51.95853241176668,
            42.88831159930523
          ],
          [
            51.958678817923506,
            42.88827896133279
          ],
          [
            51.95882522408032,
            42.88824632336032
          ],
          [
            51.95897163023714,
            42.88821368538787
          ],
          [
            51.95911803639395,
            42.88818104741541
          ],
          [
            51.959264442550776,
            42.88814840944294
          ],
          [
            51.95941084870759,
            42.88811577147048
          ],
          [
            51.95955725486441,
            42.88808313349804
          ],
          [
            51.95970366102123,
            42.88805049552556
          ],
          [
            51.95985006717805,
            42.88801785755312
          ],
          [
            51.95999647333486,
            42.887985219580656
          ],
          [
            51.96014287949167,
            42.88795258160819
          ],
          [
            51.96028928564849,
            42.88791994363574
          ],
          [
            51.96043569180531,
            42.887887305663284
          ],
          [
            51.960582097962124,
            42.88785466769082
          ],
          [
            51.96072850411894,
            42.88782202971837
          ],
          [
            51.96087491027575,
            42.887789391745905
          ],
          [
            51.96102131643258,
            42.88775675377345
          ],
          [
            51.96116772258939,
            42.88772411580099
          ],
          [
            51.96131412874621,
            42.88769147782853
          ],
          [
            51.961460534903026,
            42.88765883985607
          ],
          [
            51.96160694105985,
            42.88762620188363
          ],
          [
            51.96175334721666,
            42.88759356391116
          ],
          [
            51.96189975337347,
            42.8875609259387
          ],
          [
            51.96204615953029,
            42.88752828796624
          ],
          [
            51.96219256568711,
            42.88749564999379
          ],
          [
            51.96233897184393,
            42.88746301202133
          ],
          [
            51.96248537800074,
            42.88743037404886
          ],
          [
            51.96263178415755,
            42.887397736076416
          ],
          [
            51.96277819031437,
            42.88736509810396
          ],
          [
            51.96292459647119,
            42.887332460131496
          ],
          [
            51.963071002628,
            42.887299822159044
          ],
          [
            51.96321740878482,
            42.88726718418658
          ],
          [
            51.963363814941644,
            42.887234546214124
          ],
          [
            51.96351022109846,
            42.88720190824167
          ],
          [
            51.963656627255276,
            42.887169270269204
          ],
          [
            51.9638030334121,
            42.88713663229675
          ],
          [
            51.96394943956892,
            42.88710399432429
          ],
          [
            51.96409584572573,
            42.88707135635183
          ],
          [
            51.96424225188255,
            42.88703871837938
          ],
          [
            51.96438865803936,
            42.88700608040692
          ],
          [
            51.96453506419618,
            42.88697344243445
          ],
          [
            51.96468147035299,
            42.88694080446201
          ],
          [
            51.964827876509815,
            42.88690816648955
          ],
          [
            51.964974282666624,
            42.88687552851709
          ],
          [
            51.96512068882344,
            42.88684289054463
          ],
          [
            51.965267094980256,
            42.88681025257216
          ],
          [
            51.96541350113708,
            42.88677761459971
          ],
          [
            51.96555990729389,
            42.88674497662726
          ],
          [
            51.96570631345071,
            42.886712338654796
          ],
          [
            51.965852719607526,
            42.88667970068234
          ],
          [
            51.96599912576435,
            42.886647062709876
          ],
          [
            51.966145531921164,
            42.886614424737424
          ],
          [
            51.96629193807797,
            42.886581786764964
          ],
          [
            51.9664383442348,
            42.88654914879251
          ],
          [
            51.96658475039161,
            42.88651651082005
          ],
          [
            51.96673115654843,
            42.88648387284759
          ],
          [
            51.966877562705236,
            42.88645123487513
          ],
          [
            51.967023968862065,
            42.88641859690268
          ],
          [
            51.967170375018874,
            42.88638595893022
          ],
          [
            51.96731678117569,
            42.88635332095776
          ],
          [
            51.967463187332505,
            42.88632068298531
          ],
          [
            51.967609593489335,
            42.88628804501284
          ],
          [
            51.967755999646144,
            42.88625540704039
          ],
          [
            51.96790240580296,
            42.88622276906793
          ],
          [
            51.96804881195977,
            42.88619013109547
          ],
          [
            51.9681952181166,
            42.88615749312301
          ],
          [
            51.968341624273414,
            42.886124855150555
          ],
          [
            51.96848803043023,
            42.886092217178096
          ],
          [
            51.96863443658704,
            42.88605957920564
          ],
          [
            51.96878084274386,
            42.886026941233176
          ],
          [
            51.96892724890068,
            42.88599430326072
          ],
          [
            51.96907365505749,
            42.885961665288264
          ],
          [
            51.9692200612143,
            42.885929027315804
          ],
          [
            51.969366467371124,
            42.88589638934335
          ],
          [
            51.96951287352794,
            42.8858637513709
          ],
          [
            51.969659279684755,
            42.88583111339843
          ],
          [
            51.969805685841564,
            42.88579847542598
          ],
          [
            51.9699520919984,
            42.88576583745351
          ],
          [
            51.97009849815522,
            42.88573319948106
          ],
          [
            51.97024490431203,
            42.8857005615086
          ],
          [
            51.97039131046885,
            42.88566792353615
          ],
          [
            51.97053771662566,
            42.88563528556369
          ],
          [
            51.97068412278249,
            42.885602647591234
          ],
          [
            51.970830528939295,
            42.88557000961877
          ],
          [
            51.97097693509611,
            42.88553737164631
          ],
          [
            51.97112334125293,
            42.885504733673855
          ],
          [
            51.97126974740974,
            42.88547209570139
          ],
          [
            51.97141615356656,
            42.88543945772894
          ],
          [
            51.971562559723374,
            42.885406819756476
          ],
          [
            51.97170896588019,
            42.88537418178402
          ],
          [
            51.97185537203701,
            42.88534154381157
          ],
          [
            51.97200177819383,
            42.8853089058391
          ],
          [
            51.97214818435065,
            42.885276267866644
          ],
          [
            51.97229459050746,
            42.88524362989419
          ],
          [
            51.97244099666428,
            42.88521099192173
          ],
          [
            51.9725874028211,
            42.88517835394928
          ],
          [
            51.972733808977914,
            42.88514571597681
          ],
          [
            51.97288021513473,
            42.88511307800436
          ],
          [
            51.97302662129154,
            42.8850804400319
          ],
          [
            51.97317302744836,
            42.88504780205944
          ],
          [
            51.97331943360518,
            42.88501516408699
          ],
          [
            51.97346583976199,
            42.884982526114534
          ],
          [
            51.9736122459188,
            42.88494988814207
          ],
          [
            51.97375865207563,
            42.884917250169615
          ],
          [
            51.97390505823244,
            42.88488461219715
          ],
          [
            51.974051464389255,
            42.88485197422469
          ],
          [
            51.97419787054608,
            42.88481933625224
          ],
          [
            51.9743442767029,
            42.884786698279775
          ],
          [
            51.97449068285972,
            42.88475406030733
          ],
          [
            51.97463708901653,
            42.88472142233487
          ],
          [
            51.97478349517334,
            42.8846887843624
          ],
          [
            51.974929901330164,
            42.88465614638995
          ],
          [
            51.97507630748698,
            42.88462350841749
          ],
          [
            51.97522271364379,
            42.884590870445024
          ],
          [
            51.975369119800604,
            42.88455823247258
          ],
          [
            51.975515525957434,
            42.88452559450011
          ],
          [
            51.97566193211424,
            42.88449295652766
          ],
          [
            51.97580833827105,
            42.884460318555206
          ],
          [
            51.975954744427874,
            42.88442768058274
          ],
          [
            51.9761011505847,
            42.88439504261028
          ],
          [
            51.97624755674151,
            42.88436240463783
          ],
          [
            51.97639396289833,
            42.88432976666537
          ],
          [
            51.97654036905515,
            42.884297128692914
          ],
          [
            51.97668677521197,
            42.88426449072045
          ],
          [
            51.97683318136878,
            42.884231852747995
          ],
          [
            51.97697958752559,
            42.884199214775535
          ],
          [
            51.977125993682414,
            42.88416657680307
          ],
          [
            51.97727239983922,
            42.884133938830615
          ],
          [
            51.977418805996045,
            42.88410130085817
          ],
          [
            51.977565212152854,
            42.8840686628857
          ],
          [
            51.97771161830968,
            42.88403602491325
          ],
          [
            51.97785802446649,
            42.88400338694079
          ],
          [
            51.97800443062331,
            42.88397074896833
          ],
          [
            51.97815083678013,
            42.88393811099588
          ],
          [
            51.97829724293694,
            42.88390547302341
          ],
          [
            51.97844364909376,
            42.88387283505096
          ],
          [
            51.97859005525058,
            42.8838401970785
          ],
          [
            51.9787364614074,
            42.88380755910604
          ],
          [
            51.97888286756422,
            42.88377492113358
          ],
          [
            51.97902927372103,
            42.883742283161126
          ],
          [
            51.979175679877855,
            42.88370964518866
          ],
          [
            51.979322086034664,
            42.883677007216214
          ],
          [
            51.97946849219148,
            42.883644369243754
          ],
          [
            51.979614898348295,
            42.883611731271294
          ],
          [
            51.97976130450512,
            42.883579093298835
          ],
          [
            51.979907710661934,
            42.88354645532637
          ],
          [
            51.98005411681874,
            42.88351381735393
          ],
          [
            51.98020052297555,
            42.88348117938147
          ],
          [
            51.98034692913238,
            42.883448541409
          ],
          [
            51.9804933352892,
            42.88341590343655
          ],
          [
            51.98063974144601,
            42.88338326546409
          ],
          [
            51.98078614760283,
            42.88335062749163
          ],
          [
            51.98093255375966,
            42.88331798951917
          ],
          [
            51.981078959916466,
            42.88328535154672
          ],
          [
            51.98122536607328,
            42.88325271357426
          ],
          [
            51.98137177223009,
            42.883220075601805
          ],
          [
            51.98151817838692,
            42.88318743762934
          ],
          [
            51.98166458454373,
            42.88315479965688
          ],
          [
            51.98181099070054,
            42.883122161684426
          ],
          [
            51.98195739685736,
            42.883089523711966
          ],
          [
            51.982103803014176,
            42.883056885739514
          ],
          [
            51.98225020917099,
            42.88302424776705
          ],
          [
            51.982396615327815,
            42.882991609794594
          ],
          [
            51.98254302148463,
            42.882958971822134
          ],
          [
            51.982689427641446,
            42.882926333849674
          ],
          [
            51.98283583379827,
            42.882893695877215
          ],
          [
            51.98298223995508,
            42.88286105790476
          ],
          [
            51.9831286461119,
            42.8828284199323
          ],
          [
            51.983275052268716,
            42.88279578195985
          ],
          [
            51.98342145842553,
            42.88276314398739
          ],
          [
            51.98356786458235,
            42.88273050601493
          ],
          [
            51.983714270739156,
            42.88269786804247
          ],
          [
            51.98386067689597,
            42.88266523007001
          ],
          [
            51.984007083052795,
            42.88263259209755
          ],
          [
            51.9841534892096,
            42.882599954125105
          ],
          [
            51.984299895366426,
            42.88256731615264
          ],
          [
            51.98444630152324,
            42.882534678180185
          ],
          [
            51.984592707680065,
            42.882502040207726
          ],
          [
            51.98473911383688,
            42.882469402235266
          ],
          [
            51.984885519993696,
            42.882436764262806
          ],
          [
            51.98503192615051,
            42.88240412629035
          ],
          [
            51.98517833230733,
            42.882371488317894
          ],
          [
            51.98532473846415,
            42.88233885034544
          ],
          [
            51.985471144620966,
            42.882306212372974
          ],
          [
            51.98561755077778,
            42.882273574400514
          ],
          [
            51.9857639569346,
            42.88224093642806
          ],
          [
            51.98591036309141,
            42.882208298455595
          ],
          [
            51.98605676924823,
            42.88217566048315
          ],
          [
            51.986203175405045,
            42.88214302251068
          ],
          [
            51.98634958156185,
            42.88211038453823
          ],
          [
            51.986495987718676,
            42.88207774656578
          ],
          [
            51.9866423938755,
            42.88204510859331
          ],
          [
            51.98678880003231,
            42.88201247062085
          ],
          [
            51.98693520618913,
            42.8819798326484
          ],
          [
            51.98708161234595,
            42.88194719467594
          ],
          [
            51.98722801850276,
            42.881914556703485
          ],
          [
            51.98737442465958,
            42.88188191873102
          ],
          [
            51.98752083081639,
            42.881849280758566
          ],
          [
            51.987667236973216,
            42.88181664278611
          ],
          [
            51.987813643130025,
            42.88178400481365
          ],
          [
            51.98796004928685,
            42.8817513668412
          ],
          [
            51.98810645544367,
            42.88171872886874
          ],
          [
            51.98825286160048,
            42.881686090896274
          ],
          [
            51.988399267757295,
            42.88165345292382
          ],
          [
            51.9885456739141,
            42.88162081495136
          ],
          [
            51.98869208007093,
            42.881588176978894
          ],
          [
            51.98883848622775,
            42.88155553900644
          ],
          [
            51.988984892384565,
            42.88152290103398
          ],
          [
            51.98913129854137,
            42.88149026306153
          ],
          [
            51.989277704698196,
            42.88145762508908
          ],
          [
            51.98942411085502,
            42.88142498711661
          ],
          [
            51.989570517011835,
            42.88139234914415
          ],
          [
            51.98971692316864,
            42.8813597111717
          ],
          [
            51.989863329325466,
            42.88132707319923
          ],
          [
            51.99000973548228,
            42.881294435226785
          ],
          [
            51.9901561416391,
            42.88126179725432
          ],
          [
            51.990302547795906,
            42.881229159281865
          ],
          [
            51.99044895395273,
            42.88119652130941
          ],
          [
            51.99059536010955,
            42.881163883336946
          ],
          [
            51.99074176626636,
            42.881131245364486
          ],
          [
            51.99088817242318,
            42.88109860739203
          ],
          [
            51.99103457858,
            42.88106596941958
          ],
          [
            51.99118098473681,
            42.88103333144712
          ],
          [
            51.99132739089363,
            42.88100069347466
          ],
          [
            51.99147379705045,
            42.8809680555022
          ],
          [
            51.99162020320726,
            42.88093541752974
          ],
          [
            51.99176660936408,
            42.88090277955729
          ],
          [
            51.99191301552091,
            42.88087014158483
          ],
          [
            51.992059421677716,
            42.880837503612376
          ],
          [
            51.992205827834525,
            42.88080486563991
          ],
          [
            51.99235223399135,
            42.88077222766746
          ],
          [
            51.99249864014817,
            42.880739589695
          ],
          [
            51.99264504630498,
            42.88070695172254
          ],
          [
            51.992791452461795,
            42.880674313750085
          ],
          [
            51.9929378586186,
            42.880641675777625
          ],
          [
            51.99308426477543,
            42.880609037805165
          ],
          [
            51.99323067093225,
            42.880576399832705
          ],
          [
            51.993377077089065,
            42.880543761860245
          ],
          [
            51.99352348324589,
            42.88051112388779
          ],
          [
            51.9936698894027,
            42.88047848591533
          ],
          [
            51.99381629555952,
            42.880445847942866
          ],
          [
            51.99396270171633,
            42.88041320997042
          ],
          [
            51.99410910787314,
            42.880380571997954
          ],
          [
            51.994255514029966,
            42.8803479340255
          ],
          [
            51.99440192018678,
            42.88031529605304
          ],
          [
            51.9945483263436,
            42.88028265808058
          ],
          [
            51.994694732500406,
            42.88025002010812
          ],
          [
            51.994841138657236,
            42.880217382135676
          ],
          [
            51.99498754481405,
            42.88018474416321
          ],
          [
            51.99513395097086,
            42.88015210619076
          ],
          [
            51.99528035712768,
            42.8801194682183
          ],
          [
            51.995426763284506,
            42.88008683024584
          ],
          [
            51.99557316944132,
            42.880054192273384
          ],
          [
            51.99571957559814,
            42.880021554300924
          ],
          [
            51.99586598175495,
            42.879988916328465
          ],
          [
            51.99601238791177,
            42.87995627835601
          ],
          [
            51.996158794068585,
            42.879923640383545
          ],
          [
            51.9963052002254,
            42.87989100241109
          ],
          [
            51.996451606382216,
            42.87985836443863
          ],
          [
            51.99659801253903,
            42.87982572646617
          ],
          [
            51.99674441869585,
            42.87979308849372
          ],
          [
            51.996890824852656,
            42.87976045052125
          ],
          [
            51.99703723100948,
            42.8797278125488
          ],
          [
            51.997183637166295,
            42.87969517457635
          ],
          [
            51.99733004332312,
            42.87966253660388
          ],
          [
            51.99747644947993,
            42.87962989863143
          ],
          [
            51.997622855636756,
            42.87959726065897
          ],
          [
            51.99776926179357,
            42.8795646226865
          ],
          [
            51.99791566795038,
            42.879531984714056
          ],
          [
            51.9980620741072,
            42.879499346741596
          ],
          [
            51.99820848026402,
            42.87946670876914
          ],
          [
            51.998354886420834,
            42.879434070796684
          ],
          [
            51.99850129257764,
            42.87940143282422
          ],
          [
            51.998647698734466,
            42.87936879485177
          ],
          [
            51.99879410489128,
            42.87933615687931
          ],
          [
            51.99894051104809,
            42.879303518906845
          ],
          [
            51.99908691720491,
            42.87927088093439
          ],
          [
            51.99923332336173,
            42.87923824296193
          ],
          [
            51.99937972951855,
            42.87920560498947
          ],
          [
            51.99952613567537,
            42.87917296701701
          ],
          [
            51.99967254183218,
            42.87914032904456
          ],
          [
            51.999818947989,
            42.8791076910721
          ],
          [
            51.999965354145814,
            42.87907505309965
          ],
          [
            52.00011176030264,
            42.87904241512718
          ],
          [
            52.00025816645946,
            42.87900977715472
          ],
          [
            52.00040457261627,
            42.87897713918227
          ],
          [
            52.000550978773084,
            42.8789445012098
          ],
          [
            52.00069738492989,
            42.878911863237356
          ],
          [
            52.00084379108671,
            42.878879225264896
          ],
          [
            52.00099019724353,
            42.878846587292436
          ],
          [
            52.00113660340035,
            42.878813949319984
          ],
          [
            52.00128300955716,
            42.87878131134752
          ],
          [
            52.001429415713986,
            42.878748673375064
          ],
          [
            52.0015758218708,
            42.87871603540261
          ],
          [
            52.00172222802762,
            42.87868339743015
          ],
          [
            52.00186863418443,
            42.87865075945769
          ],
          [
            52.002015040341256,
            42.87861812148523
          ],
          [
            52.00216144649807,
            42.87858548351277
          ],
          [
            52.00230785265488,
            42.87855284554032
          ],
          [
            52.002454258811696,
            42.87852020756785
          ],
          [
            52.002600664968526,
            42.87848756959539
          ],
          [
            52.002747071125334,
            42.87845493162295
          ],
          [
            52.00289347728215,
            42.87842229365048
          ],
          [
            52.00303988343896,
            42.87838965567803
          ],
          [
            52.003186289595774,
            42.87835701770557
          ],
          [
            52.0033326957526,
            42.8783243797331
          ],
          [
            52.00347910190941,
            42.87829174176065
          ],
          [
            52.003625508066236,
            42.878259103788196
          ],
          [
            52.003771914223044,
            42.87822646581574
          ],
          [
            52.00391832037987,
            42.87819382784328
          ],
          [
            52.00406472653668,
            42.878161189870816
          ],
          [
            52.004211132693506,
            42.878128551898364
          ],
          [
            52.004357538850314,
            42.878095913925904
          ],
          [
            52.00450394500714,
            42.87806327595344
          ],
          [
            52.00465035116396,
            42.87803063798099
          ],
          [
            52.00479675732077,
            42.877998000008525
          ],
          [
            52.00494316347758,
            42.87796536203607
          ],
          [
            52.00508956963439,
            42.87793272406362
          ],
          [
            52.00523597579122,
            42.87790008609115
          ],
          [
            52.00538238194803,
            42.87786744811869
          ],
          [
            52.00552878810485,
            42.87783481014625
          ],
          [
            52.005675194261656,
            42.87780217217379
          ],
          [
            52.005821600418486,
            42.87776953420133
          ],
          [
            52.005968006575294,
            42.87773689622887
          ],
          [
            52.00611441273212,
            42.87770425825641
          ],
          [
            52.00626081888894,
            42.87767162028395
          ],
          [
            52.006407225045756,
            42.877638982311495
          ],
          [
            52.00655363120257,
            42.877606344339036
          ],
          [
            52.00670003735938,
            42.877573706366576
          ],
          [
            52.0068464435162,
            42.87754106839412
          ],
          [
            52.006992849673026,
            42.87750843042166
          ],
          [
            52.007139255829834,
            42.877475792449204
          ],
          [
            52.00728566198665,
            42.877443154476744
          ],
          [
            52.00743206814346,
            42.877410516504284
          ],
          [
            52.00757847430029,
            42.87737787853183
          ],
          [
            52.00772488045709,
            42.87734524055937
          ],
          [
            52.00787128661391,
            42.87731260258691
          ],
          [
            52.008017692770736,
            42.87727996461445
          ],
          [
            52.00816409892756,
            42.87724732664199
          ],
          [
            52.00831050508437,
            42.87721468866954
          ],
          [
            52.00845691124118,
            42.87718205069707
          ],
          [
            52.008603317398006,
            42.87714941272463
          ],
          [
            52.00874972355483,
            42.87711677475217
          ],
          [
            52.00889612971164,
            42.87708413677971
          ],
          [
            52.009042535868446,
            42.877051498807255
          ],
          [
            52.00918894202527,
            42.87701886083479
          ],
          [
            52.00933534818208,
            42.876986222862335
          ],
          [
            52.0094817543389,
            42.87695358488988
          ],
          [
            52.009628160495716,
            42.87692094691742
          ],
          [
            52.00977456665253,
            42.87688830894496
          ],
          [
            52.00992097280935,
            42.87685567097251
          ],
          [
            52.01006737896616,
            42.87682303300004
          ],
          [
            52.010213785122986,
            42.87679039502759
          ],
          [
            52.0103601912798,
            42.87675775705513
          ],
          [
            52.010506597436624,
            42.87672511908267
          ],
          [
            52.01065300359344,
            42.87669248111022
          ],
          [
            52.010799409750256,
            42.87665984313775
          ],
          [
            52.010945815907064,
            42.8766272051653
          ],
          [
            52.01109222206389,
            42.87659456719284
          ],
          [
            52.0112386282207,
            42.87656192922038
          ],
          [
            52.01138503437752,
            42.87652929124793
          ],
          [
            52.011531440534334,
            42.87649665327547
          ],
          [
            52.01167784669114,
            42.87646401530301
          ],
          [
            52.011824252847966,
            42.876431377330555
          ],
          [
            52.01197065900479,
            42.87639873935809
          ],
          [
            52.012117065161604,
            42.876366101385635
          ],
          [
            52.01226347131841,
            42.876333463413175
          ],
          [
            52.01240987747523,
            42.87630082544071
          ],
          [
            52.01255628363206,
            42.87626818746826
          ],
          [
            52.012702689788874,
            42.8762355494958
          ],
          [
            52.01284909594568,
            42.87620291152334
          ],
          [
            52.01299550210251,
            42.87617027355089
          ],
          [
            52.01314190825932,
            42.876137635578424
          ],
          [
            52.01328831441613,
            42.876104997605964
          ],
          [
            52.013434720572945,
            42.87607235963352
          ],
          [
            52.013581126729775,
            42.87603972166105
          ],
          [
            52.01372753288659,
            42.8760070836886
          ],
          [
            52.0138739390434,
            42.87597444571614
          ],
          [
            52.014020345200215,
            42.87594180774367
          ],
          [
            52.01416675135704,
            42.87590916977122
          ],
          [
            52.014313157513854,
            42.87587653179877
          ],
          [
            52.01445956367067,
            42.87584389382631
          ],
          [
            52.01460596982748,
            42.875811255853854
          ],
          [
            52.01475237598431,
            42.87577861788139
          ],
          [
            52.014898782141124,
            42.87574597990893
          ],
          [
            52.01504518829794,
            42.875713341936475
          ],
          [
            52.01519159445475,
            42.875680703964015
          ],
          [
            52.01533800061157,
            42.87564806599156
          ],
          [
            52.01548440676839,
            42.8756154280191
          ],
          [
            52.015630812925195,
            42.87558279004664
          ],
          [
            52.01577721908201,
            42.87555015207419
          ],
          [
            52.015923625238834,
            42.87551751410172
          ],
          [
            52.01607003139565,
            42.87548487612926
          ],
          [
            52.016216437552465,
            42.87545223815682
          ],
          [
            52.01636284370929,
            42.87541960018436
          ],
          [
            52.016509249866104,
            42.8753869622119
          ],
          [
            52.01665565602293,
            42.875354324239446
          ],
          [
            52.016802062179735,
            42.87532168626697
          ],
          [
            52.01694846833655,
            42.875289048294526
          ],
          [
            52.01709487449337,
            42.87525641032206
          ],
          [
            52.01724128065019,
            42.875223772349614
          ],
          [
            52.017387686807,
            42.875191134377154
          ],
          [
            52.01753409296382,
            42.87515849640469
          ],
          [
            52.01768049912063,
            42.875125858432234
          ],
          [
            52.01782690527745,
            42.875093220459775
          ],
          [
            52.01797331143426,
            42.87506058248731
          ],
          [
            52.01811971759108,
            42.875027944514855
          ],
          [
            52.0182661237479,
            42.8749953065424
          ],
          [
            52.01841252990472,
            42.87496266856994
          ],
          [
            52.018558936061545,
            42.87493003059749
          ],
          [
            52.018705342218354,
            42.87489739262503
          ],
          [
            52.01885174837517,
            42.87486475465257
          ],
          [
            52.018998154531985,
            42.87483211668011
          ],
          [
            52.01914456068881,
            42.87479947870765
          ],
          [
            52.019290966845624,
            42.8747668407352
          ],
          [
            52.01943737300243,
            42.874734202762745
          ],
          [
            52.01958377915925,
            42.87470156479028
          ],
          [
            52.01973018531607,
            42.874668926817826
          ],
          [
            52.01987659147289,
            42.87463628884536
          ],
          [
            52.020022997629695,
            42.8746036508729
          ],
          [
            52.02016940378651,
            42.874571012900454
          ],
          [
            52.02031580994334,
            42.874538374927994
          ],
          [
            52.02046221610015,
            42.874505736955534
          ],
          [
            52.020608622256965,
            42.874473098983074
          ],
          [
            52.02075502841379,
            42.874440461010614
          ],
          [
            52.02090143457061,
            42.874407823038155
          ],
          [
            52.02104784072742,
            42.8743751850657
          ],
          [
            52.021194246884235,
            42.874342547093235
          ],
          [
            52.02134065304105,
            42.87430990912078
          ],
          [
            52.021487059197874,
            42.87427727114833
          ],
          [
            52.02163346535469,
            42.87424463317587
          ],
          [
            52.0217798715115,
            42.87421199520342
          ],
          [
            52.02192627766832,
            42.87417935723095
          ],
          [
            52.02207268382514,
            42.87414671925849
          ],
          [
            52.02221908998195,
            42.87411408128604
          ],
          [
            52.02236549613877,
            42.87408144331358
          ],
          [
            52.022511902295584,
            42.874048805341126
          ],
          [
            52.0226583084524,
            42.87401616736866
          ],
          [
            52.022804714609215,
            42.8739835293962
          ],
          [
            52.02295112076604,
            42.87395089142376
          ],
          [
            52.02309752692286,
            42.87391825345129
          ],
          [
            52.02324393307968,
            42.873885615478834
          ],
          [
            52.02339033923649,
            42.873852977506374
          ],
          [
            52.02353674539331,
            42.873820339533914
          ],
          [
            52.023683151550124,
            42.87378770156146
          ],
          [
            52.02382955770693,
            42.873755063589
          ],
          [
            52.02397596386375,
            42.87372242561654
          ],
          [
            52.02412237002058,
            42.87368978764409
          ],
          [
            52.02426877617738,
            42.87365714967163
          ],
          [
            52.024415182334195,
            42.87362451169917
          ],
          [
            52.02456158849102,
            42.87359187372672
          ],
          [
            52.02470799464784,
            42.87355923575425
          ],
          [
            52.02485440080465,
            42.8735265977818
          ],
          [
            52.02500080696147,
            42.87349395980934
          ],
          [
            52.02514721311829,
            42.87346132183688
          ],
          [
            52.025293619275104,
            42.873428683864425
          ],
          [
            52.02544002543192,
            42.87339604589196
          ],
          [
            52.02558643158874,
            42.873363407919506
          ],
          [
            52.025732837745565,
            42.87333076994705
          ],
          [
            52.02587924390238,
            42.873298131974586
          ],
          [
            52.02602565005918,
            42.873265494002126
          ],
          [
            52.026172056216,
            42.873232856029674
          ],
          [
            52.02631846237283,
            42.873200218057214
          ],
          [
            52.02646486852964,
            42.87316758008476
          ],
          [
            52.02661127468645,
            42.873134942112294
          ],
          [
            52.02675768084327,
            42.87310230413984
          ],
          [
            52.02690408700009,
            42.87306966616738
          ],
          [
            52.027050493156906,
            42.87303702819493
          ],
          [
            52.027196899313715,
            42.87300439022247
          ],
          [
            52.02734330547054,
            42.87297175225001
          ],
          [
            52.02748971162736,
            42.87293911427755
          ],
          [
            52.027636117784176,
            42.8729064763051
          ],
          [
            52.027782523940985,
            42.87287383833263
          ],
          [
            52.0279289300978,
            42.87284120036017
          ],
          [
            52.028075336254616,
            42.872808562387725
          ],
          [
            52.02822174241144,
            42.87277592441526
          ],
          [
            52.02836814856825,
            42.872743286442805
          ],
          [
            52.028514554725064,
            42.872710648470346
          ],
          [
            52.028660960881886,
            42.872678010497886
          ],
          [
            52.02880736703871,
            42.872645372525426
          ],
          [
            52.02895377319552,
            42.87261273455297
          ],
          [
            52.029100179352334,
            42.87258009658051
          ],
          [
            52.029246585509156,
            42.87254745860806
          ],
          [
            52.02939299166597,
            42.872514820635594
          ],
          [
            52.02953939782278,
            42.87248218266314
          ],
          [
            52.0296858039796,
            42.87244954469068
          ],
          [
            52.029832210136426,
            42.87241690671822
          ],
          [
            52.02997861629324,
            42.87238426874577
          ],
          [
            52.03012502245005,
            42.872351630773316
          ],
          [
            52.03027142860687,
            42.87231899280085
          ],
          [
            52.03041783476368,
            42.8722863548284
          ],
          [
            52.030564240920505,
            42.87225371685593
          ],
          [
            52.03071064707731,
            42.87222107888348
          ],
          [
            52.03085705323414,
            42.87218844091102
          ],
          [
            52.031003459390945,
            42.872155802938565
          ],
          [
            52.03114986554777,
            42.872123164966105
          ],
          [
            52.03129627170459,
            42.872090526993645
          ],
          [
            52.031442677861406,
            42.872057889021185
          ],
          [
            52.03158908401822,
            42.87202525104873
          ],
          [
            52.03173549017504,
            42.871992613076266
          ],
          [
            52.03188189633186,
            42.87195997510382
          ],
          [
            52.03202830248867,
            42.87192733713136
          ],
          [
            52.032174708645485,
            42.871894699158894
          ],
          [
            52.03232111480231,
            42.87186206118644
          ],
          [
            52.03246752095912,
            42.87182942321398
          ],
          [
            52.03261392711594,
            42.871796785241514
          ],
          [
            52.032760333272755,
            42.87176414726906
          ],
          [
            52.03290673942956,
            42.87173150929661
          ],
          [
            52.03305314558639,
            42.871698871324156
          ],
          [
            52.0331995517432,
            42.8716662333517
          ],
          [
            52.03334595790002,
            42.87163359537924
          ],
          [
            52.03349236405684,
            42.87160095740678
          ],
          [
            52.033638770213656,
            42.871568319434324
          ],
          [
            52.03378517637047,
            42.87153568146186
          ],
          [
            52.03393158252729,
            42.871503043489405
          ],
          [
            52.03407798868411,
            42.871470405516945
          ],
          [
            52.034224394840926,
            42.871437767544485
          ],
          [
            52.034370800997735,
            42.87140512957203
          ],
          [
            52.03451720715455,
            42.871372491599566
          ],
          [
            52.03466361331137,
            42.871339853627106
          ],
          [
            52.03481001946819,
            42.87130721565466
          ],
          [
            52.034956425625005,
            42.8712745776822
          ],
          [
            52.03510283178181,
            42.87124193970974
          ],
          [
            52.035249237938636,
            42.87120930173729
          ],
          [
            52.03539564409546,
            42.87117666376482
          ],
          [
            52.03554205025227,
            42.87114402579236
          ],
          [
            52.03568845640909,
            42.8711113878199
          ],
          [
            52.03583486256592,
            42.87107874984744
          ],
          [
            52.03598126872273,
            42.871046111874996
          ],
          [
            52.036127674879545,
            42.871013473902536
          ],
          [
            52.03627408103636,
            42.87098083593008
          ],
          [
            52.03642048719317,
            42.870948197957624
          ],
          [
            52.03656689334999,
            42.87091555998516
          ],
          [
            52.03671329950681,
            42.8708829220127
          ],
          [
            52.03685970566362,
            42.870850284040245
          ],
          [
            52.03700611182044,
            42.870817646067785
          ],
          [
            52.03715251797726,
            42.87078500809533
          ],
          [
            52.03729892413408,
            42.870752370122865
          ],
          [
            52.037445330290886,
            42.870719732150405
          ],
          [
            52.0375917364477,
            42.87068709417797
          ],
          [
            52.03773814260452,
            42.87065445620549
          ],
          [
            52.03788454876134,
            42.87062181823304
          ],
          [
            52.03803095491816,
            42.87058918026059
          ],
          [
            52.03817736107497,
            42.87055654228812
          ],
          [
            52.03832376723179,
            42.87052390431567
          ],
          [
            52.0384701733886,
            42.87049126634321
          ],
          [
            52.038616579545426,
            42.87045862837075
          ],
          [
            52.038762985702235,
            42.870425990398296
          ],
          [
            52.03890939185905,
            42.870393352425836
          ],
          [
            52.039055798015866,
            42.870360714453376
          ],
          [
            52.03920220417269,
            42.87032807648092
          ],
          [
            52.039348610329505,
            42.87029543850846
          ],
          [
            52.03949501648632,
            42.870262800536004
          ],
          [
            52.03964142264314,
            42.870230162563544
          ],
          [
            52.03978782879995,
            42.870197524591084
          ],
          [
            52.03993423495677,
            42.87016488661863
          ],
          [
            52.04008064111358,
            42.870132248646165
          ],
          [
            52.04022704727041,
            42.87009961067371
          ],
          [
            52.04037345342723,
            42.87006697270126
          ],
          [
            52.04051985958404,
            42.87003433472879
          ],
          [
            52.04066626574085,
            42.87000169675635
          ],
          [
            52.040812671897676,
            42.86996905878389
          ],
          [
            52.04095907805449,
            42.86993642081142
          ],
          [
            52.0411054842113,
            42.86990378283897
          ],
          [
            52.041251890368116,
            42.8698711448665
          ],
          [
            52.041398296524946,
            42.86983850689405
          ],
          [
            52.041544702681755,
            42.86980586892159
          ],
          [
            52.04169110883857,
            42.869773230949136
          ],
          [
            52.04183751499539,
            42.869740592976676
          ],
          [
            52.0419839211522,
            42.869707955004216
          ],
          [
            52.042130327309025,
            42.869675317031756
          ],
          [
            52.04227673346584,
            42.869642679059304
          ],
          [
            52.04242313962266,
            42.86961004108684
          ],
          [
            52.04256954577947,
            42.86957740311438
          ],
          [
            52.042715951936295,
            42.86954476514194
          ],
          [
            52.04286235809312,
            42.869512127169465
          ],
          [
            52.04300876424992,
            42.869479489197005
          ],
          [
            52.04315517040674,
            42.86944685122455
          ],
          [
            52.04330157656356,
            42.869414213252085
          ],
          [
            52.043447982720366,
            42.86938157527963
          ],
          [
            52.04359438887718,
            42.86934893730718
          ],
          [
            52.043740795034005,
            42.86931629933472
          ],
          [
            52.04388720119082,
            42.86928366136227
          ],
          [
            52.04403360734764,
            42.86925102338981
          ],
          [
            52.04418001350446,
            42.86921838541734
          ],
          [
            52.04432641966128,
            42.86918574744489
          ],
          [
            52.04447282581809,
            42.86915310947243
          ],
          [
            52.04461923197491,
            42.869120471499976
          ],
          [
            52.04476563813172,
            42.869087833527516
          ],
          [
            52.04491204428854,
            42.869055195555056
          ],
          [
            52.04505845044536,
            42.8690225575826
          ],
          [
            52.045204856602176,
            42.868989919610144
          ],
          [
            52.04535126275899,
            42.868957281637684
          ],
          [
            52.0454976689158,
            42.868924643665224
          ],
          [
            52.04564407507261,
            42.86889200569277
          ],
          [
            52.04579048122944,
            42.86885936772031
          ],
          [
            52.045936887386254,
            42.86882672974786
          ],
          [
            52.04608329354307,
            42.868794091775385
          ],
          [
            52.04622969969989,
            42.86876145380294
          ],
          [
            52.04637610585671,
            42.86872881583048
          ],
          [
            52.046522512013524,
            42.86869617785803
          ],
          [
            52.04666891817034,
            42.86866353988557
          ],
          [
            52.04681532432716,
            42.86863090191311
          ],
          [
            52.04696173048398,
            42.86859826394065
          ],
          [
            52.04710813664079,
            42.86856562596819
          ],
          [
            52.0472545427976,
            42.86853298799573
          ],
          [
            52.047400948954426,
            42.86850035002327
          ],
          [
            52.04754735511124,
            42.868467712050816
          ],
          [
            52.04769376126805,
            42.868435074078356
          ],
          [
            52.047840167424866,
            42.8684024361059
          ],
          [
            52.04798657358169,
            42.86836979813344
          ],
          [
            52.04813297973851,
            42.86833716016098
          ],
          [
            52.04827938589532,
            42.86830452218853
          ],
          [
            52.04842579205214,
            42.868271884216064
          ],
          [
            52.048572198208966,
            42.86823924624362
          ],
          [
            52.04871860436578,
            42.86820660827116
          ],
          [
            52.04886501052259,
            42.86817397029869
          ],
          [
            52.04901141667941,
            42.86814133232624
          ],
          [
            52.04915782283623,
            42.86810869435377
          ],
          [
            52.049304228993044,
            42.86807605638132
          ],
          [
            52.04945063514985,
            42.86804341840887
          ],
          [
            52.049597041306676,
            42.86801078043641
          ],
          [
            52.04974344746349,
            42.86797814246395
          ],
          [
            52.04988985362031,
            42.86794550449149
          ],
          [
            52.05003625977713,
            42.86791286651903
          ],
          [
            52.05019311371385,
            42.86788039562793
          ],
          [
            52.0503582119999,
            42.86784805658082
          ],
          [
            52.050527534934304,
            42.86781578509448
          ],
          [
            52.05069735778402,
            42.86778352160281
          ],
          [
            52.05086425078402,
            42.867751211256845
          ],
          [
            52.05102507913718,
            42.86771880392478
          ],
          [
            52.051177003014395,
            42.86768625419195
          ],
          [
            52.05131747755449,
            42.86765352136081
          ],
          [
            52.051444252864265,
            42.86762056945099
          ],
          [
            52.05155537401847,
            42.86758736719923
          ],
          [
            52.05164918105983,
            42.8675538880594
          ],
          [
            52.051724308999056,
            42.867520110202555
          ],
          [
            52.05177968781475,
            42.86748601651686
          ],
          [
            52.051814542453556,
            42.867451594607616
          ],
          [
            52.05182839283003,
            42.86741683679729
          ],
          [
            52.051821053826714,
            42.86738174012548
          ],
          [
            52.05179263529411,
            42.867346306348914
          ],
          [
            52.05174354205068,
            42.86731054194144
          ],
          [
            52.051674473882855,
            42.86727445809412
          ],
          [
            52.05158642554501,
            42.867238070715075
          ],
          [
            52.05148068675949,
            42.86720140042962
          ],
          [
            52.05135884221663,
            42.867164472580185
          ],
          [
            52.05122277157469,
            42.86712731722635
          ],
          [
            52.05107464945992,
            42.86708996914482
          ],
          [
            52.05091694546651,
            42.86705246782948
          ],
          [
            52.050752424156634,
            42.86701485749131
          ],
          [
            52.05058414506042,
            42.86697718705845
          ],
          [
            52.05041546267594,
            42.866939510176195
          ],
          [
            52.050250026469286,
            42.86690188520696
          ],
          [
            52.05009178087443,
            42.86686437523029
          ],
          [
            52.049944965293385,
            42.86682704804292
          ],
          [
            52.049799677631725,
            42.866789745290106
          ],
          [
            52.049654389970065,
            42.866752442537276
          ],
          [
            52.04950910230839,
            42.86671513978446
          ],
          [
            52.049363814646725,
            42.86667783703164
          ],
          [
            52.04921852698506,
            42.866640534278815
          ],
          [
            52.04907323932341,
            42.866603231526
          ],
          [
            52.048927951661746,
            42.86656592877318
          ],
          [
            52.04878266400007,
            42.86652862602035
          ],
          [
            52.04863737633841,
            42.86649132326753
          ],
          [
            52.048492088676745,
            42.8664540205147
          ],
          [
            52.04834680101507,
            42.866416717761886
          ],
          [
            52.04820151335342,
            42.866379415009064
          ],
          [
            52.04805622569175,
            42.866342112256234
          ],
          [
            52.04791093803009,
            42.86630480950342
          ],
          [
            52.047765650368426,
            42.8662675067506
          ],
          [
            52.04762036270675,
            42.86623020399777
          ],
          [
            52.04747507504509,
            42.86619290124496
          ],
          [
            52.04732978738343,
            42.86615559849212
          ],
          [
            52.04718449972178,
            42.866118295739305
          ],
          [
            52.04703921206011,
            42.86608099298649
          ],
          [
            52.04689392439844,
            42.86604369023366
          ],
          [
            52.04674863673677,
            42.86600638748084
          ],
          [
            52.04660334907511,
            42.865969084728015
          ],
          [
            52.04645806141345,
            42.8659317819752
          ],
          [
            52.04631277375178,
            42.86589447922237
          ],
          [
            52.04616748609012,
            42.865857176469554
          ],
          [
            52.04602219842845,
            42.86581987371673
          ],
          [
            52.04587691076679,
            42.86578257096391
          ],
          [
            52.04573162310512,
            42.86574526821108
          ],
          [
            52.04558633544345,
            42.86570796545826
          ],
          [
            52.04544104778179,
            42.86567066270545
          ],
          [
            52.045295760120126,
            42.86563335995262
          ],
          [
            52.04515047245846,
            42.865596057199795
          ],
          [
            52.04500518479681,
            42.86555875444697
          ],
          [
            52.04485989713514,
            42.86552145169415
          ],
          [
            52.04471460947348,
            42.865484148941334
          ],
          [
            52.044569321811814,
            42.86544684618852
          ],
          [
            52.04442403415014,
            42.865409543435675
          ],
          [
            52.044278748803485,
            42.86537223162856
          ],
          [
            52.04413346569577,
            42.86533491106462
          ],
          [
            52.04398818378912,
            42.865297585803184
          ],
          [
            52.04384290212114,
            42.865260259608206
          ],
          [
            52.043697619805,
            42.865222935948346
          ],
          [
            52.043552336029315,
            42.86518561799689
          ],
          [
            52.04340705005827,
            42.865148308631845
          ],
          [
            52.04326176123152,
            42.865111010435825
          ],
          [
            52.04311646896426,
            42.86507372569616
          ],
          [
            52.04297117274715,
            42.86503645640484
          ],
          [
            52.042825872146416,
            42.86499920425848
          ],
          [
            52.04268056680375,
            42.86496197065843
          ],
          [
            52.042535256436395,
            42.864924756710636
          ],
          [
            52.042389940837076,
            42.86488756322579
          ],
          [
            52.04224461987403,
            42.86485039071918
          ],
          [
            52.04209929349102,
            42.86481323941081
          ],
          [
            52.04195396170731,
            42.86477610922532
          ],
          [
            52.041808624617666,
            42.86473899979204
          ],
          [
            52.04166328239236,
            42.86470191044496
          ],
          [
            52.041517935277234,
            42.86466484022272
          ],
          [
            52.041372583593564,
            42.86462778786867
          ],
          [
            52.04122722773817,
            42.86459075183079
          ],
          [
            52.041081868183376,
            42.86455373026175
          ],
          [
            52.04093650547703,
            42.86451672101885
          ],
          [
            52.04079114024248,
            42.86447972166411
          ],
          [
            52.04064577317859,
            42.864442729464194
          ],
          [
            52.04050040505971,
            42.864405741390414
          ],
          [
            52.040355036735754,
            42.8643687541188
          ],
          [
            52.04020966913209,
            42.86433176402997
          ],
          [
            52.04006430324963,
            42.86429476720931
          ],
          [
            52.03991894016479,
            42.864257759446794
          ],
          [
            52.039773577830665,
            42.864220748748075
          ],
          [
            52.039628215496535,
            42.86418373804937
          ],
          [
            52.039482853162426,
            42.86414672735065
          ],
          [
            52.03933749082831,
            42.86410971665194
          ],
          [
            52.039192128494186,
            42.86407270595323
          ],
          [
            52.03904676616006,
            42.86403569525452
          ],
          [
            52.03890140382593,
            42.86399868455582
          ],
          [
            52.03875604149183,
            42.8639616738571
          ],
          [
            52.0386106791577,
            42.86392466315839
          ],
          [
            52.03846531682358,
            42.863887652459674
          ],
          [
            52.03831995448946,
            42.86385064176096
          ],
          [
            52.038174592155336,
            42.86381363106226
          ],
          [
            52.03802922982123,
            42.863776620363545
          ],
          [
            52.037883867487096,
            42.86373960966484
          ],
          [
            52.03773850515297,
            42.863702598966114
          ],
          [
            52.037593142818864,
            42.863665588267416
          ],
          [
            52.03744778048473,
            42.8636285775687
          ],
          [
            52.037302418150624,
            42.86359156687
          ],
          [
            52.03715705581651,
            42.86355455617128
          ],
          [
            52.03701169348237,
            42.86351754547257
          ],
          [
            52.03686633114826,
            42.86348053477386
          ],
          [
            52.03672096881413,
            42.86344352407514
          ],
          [
            52.03657560648002,
            42.86340651337644
          ],
          [
            52.036430244145905,
            42.86336950267773
          ],
          [
            52.03628488181177,
            42.86333249197901
          ],
          [
            52.03613951947766,
            42.8632954812803
          ],
          [
            52.03599415714353,
            42.86325847058159
          ],
          [
            52.03584879480941,
            42.86322145988289
          ],
          [
            52.035703432475295,
            42.86318444918416
          ],
          [
            52.03555807014117,
            42.863147438485456
          ],
          [
            52.03541270780705,
            42.86311042778675
          ],
          [
            52.03526734547293,
            42.86307341708804
          ],
          [
            52.03512198313881,
            42.86303640638933
          ],
          [
            52.03497662080469,
            42.86299939569061
          ],
          [
            52.03483125847056,
            42.86296238499191
          ],
          [
            52.03468589613645,
            42.862925374293184
          ],
          [
            52.03454053380233,
            42.862888363594486
          ],
          [
            52.034395171468205,
            42.862851352895774
          ],
          [
            52.03424980913409,
            42.86281434219706
          ],
          [
            52.034104446799965,
            42.86277733149835
          ],
          [
            52.03395908446585,
            42.86274032079964
          ],
          [
            52.03381372213173,
            42.862703310100926
          ],
          [
            52.0336683597976,
            42.86266629940222
          ],
          [
            52.03352303365021,
            42.86262906653267
          ],
          [
            52.03337786830606,
            42.8625908464006
          ],
          [
            52.033232802611096,
            42.86255201446569
          ],
          [
            52.03308777969019,
            42.86251291991647
          ],
          [
            52.03294274694724,
            42.86247388567029
          ],
          [
            52.032797616867704,
            42.862435430223904
          ],
          [
            52.03265218195775,
            42.86239874908209
          ],
          [
            52.032506478868605,
            42.86236365387994
          ],
          [
            52.032360543194194,
            42.86232996018365
          ],
          [
            52.03221440947121,
            42.86229748749055
          ],
          [
            52.03206811117907,
            42.86226605922906
          ],
          [
            52.031921680739906,
            42.862235502758715
          ],
          [
            52.03177514951858,
            42.86220564937023
          ],
          [
            52.031628547822685,
            42.862176334285365
          ],
          [
            52.03148190490258,
            42.86214739665702
          ],
          [
            52.03133524895129,
            42.86211867956925
          ],
          [
            52.03118860710462,
            42.862090030037166
          ],
          [
            52.031042005441094,
            42.862061299007046
          ],
          [
            52.03089546898195,
            42.86203234135626
          ],
          [
            52.030749021691165,
            42.86200301589332
          ],
          [
            52.030602686475476,
            42.86197318535782
          ],
          [
            52.03045648518428,
            42.8619427164205
          ],
          [
            52.030310438609796,
            42.861911479683215
          ],
          [
            52.03016456648688,
            42.86187934967893
          ],
          [
            52.03001888749319,
            42.86184620487173
          ],
          [
            52.029873419249085,
            42.86181192765683
          ],
          [
            52.02972817831764,
            42.86177640436055
          ],
          [
            52.02958318020471,
            42.86173952524032
          ],
          [
            52.0294384393588,
            42.86170118448469
          ],
          [
            52.02929396917122,
            42.86166128021337
          ],
          [
            52.029149781975974,
            42.86161971447714
          ],
          [
            52.02900583904798,
            42.86157670024765
          ],
          [
            52.02886194585063,
            42.86153340455159
          ],
          [
            52.02871804005147,
            42.86149018017949
          ],
          [
            52.02857405398178,
            42.861447410124185
          ],
          [
            52.028429914636554,
            42.86140550758076
          ],
          [
            52.028285597836536,
            42.861364609399445
          ],
          [
            52.02814128103653,
            42.86132371121813
          ],
          [
            52.02799696423652,
            42.861282813036816
          ],
          [
            52.027852647436504,
            42.861241914855505
          ],
          [
            52.0277083306365,
            42.861201016674194
          ],
          [
            52.02756401383649,
            42.861160118492876
          ],
          [
            52.02741969703648,
            42.861119220311565
          ],
          [
            52.02727538023647,
            42.86107832213025
          ],
          [
            52.027131063436464,
            42.861037423948936
          ],
          [
            52.02698674663645,
            42.86099652576763
          ],
          [
            52.02684242983644,
            42.860955627586314
          ],
          [
            52.02669811303643,
            42.86091472940499
          ],
          [
            52.02655379623642,
            42.86087383122368
          ],
          [
            52.02640947943641,
            42.86083293304237
          ],
          [
            52.026265162636406,
            42.860792034861056
          ],
          [
            52.02612084583639,
            42.860751136679745
          ],
          [
            52.02597652903637,
            42.86071023849842
          ],
          [
            52.02583221223637,
            42.86066934031711
          ],
          [
            52.02568789543635,
            42.8606284421358
          ],
          [
            52.025543578636345,
            42.86058754395449
          ],
          [
            52.025399261836334,
            42.86054664577317
          ],
          [
            52.02525494503632,
            42.86050574759185
          ],
          [
            52.025110628236305,
            42.86046484941054
          ],
          [
            52.02496631143631,
            42.86042395122923
          ],
          [
            52.0248219946363,
            42.86038305304792
          ],
          [
            52.02467767783628,
            42.86034215486659
          ],
          [
            52.02453336103627,
            42.86030125668529
          ],
          [
            52.024389044236266,
            42.86026035850397
          ],
          [
            52.024244727436255,
            42.86021946032266
          ],
          [
            52.024100410636244,
            42.86017856214134
          ],
          [
            52.02395609383625,
            42.86013766396003
          ],
          [
            52.023811777036215,
            42.860096765778714
          ],
          [
            52.02366746023622,
            42.8600558675974
          ],
          [
            52.02352314343621,
            42.86001496941609
          ],
          [
            52.02337882663619,
            42.85997407123478
          ],
          [
            52.02323450983617,
            42.85993317305346
          ],
          [
            52.02309019303618,
            42.859892274872145
          ],
          [
            52.02294587623616,
            42.859851376690834
          ],
          [
            52.02280155943615,
            42.85981047850953
          ],
          [
            52.022657242636136,
            42.85976958032821
          ],
          [
            52.022512925836125,
            42.859728682146894
          ],
          [
            52.02236865721286,
            42.85968759291752
          ],
          [
            52.0222244591011,
            42.85964622407009
          ],
          [
            52.02208030135981,
            42.859604695130955
          ],
          [
            52.02193615600842,
            42.859563117058734
          ],
          [
            52.021791997227,
            42.859521592244334
          ],
          [
            52.02164780135601,
            42.85948021451095
          ],
          [
            52.02150354689656,
            42.859439069114046
          ],
          [
            52.02135921451022,
            42.85939823274135
          ],
          [
            52.021214787019126,
            42.859357773512876
          ],
          [
            52.021070249405895,
            42.85931775098094
          ],
          [
            52.020925588813746,
            42.8592782161301
          ],
          [
            52.02078079454636,
            42.85923921137722
          ],
          [
            52.02063585806798,
            42.85920077057143
          ],
          [
            52.02049077300339,
            42.85916291899413
          ],
          [
            52.02034553513786,
            42.85912567335901
          ],
          [
            52.02020014241722,
            42.859089041812055
          ],
          [
            52.02005459494784,
            42.85905302393147
          ],
          [
            52.01990889499658,
            42.85901761072782
          ],
          [
            52.01976304699089,
            42.85898278464388
          ],
          [
            52.01961705751867,
            42.85894851955473
          ],
          [
            52.01947093532843,
            42.85891478076773
          ],
          [
            52.01932469132915,
            42.85888152502251
          ],
          [
            52.019178338590365,
            42.858848700491
          ],
          [
            52.01903189234213,
            42.858816246777366
          ],
          [
            52.018885369975045,
            42.85878409491809
          ],
          [
            52.01873879104022,
            42.858752167381915
          ],
          [
            52.0185921772493,
            42.858720378069876
          ],
          [
            52.01844555247447,
            42.85868863231526
          ],
          [
            52.01829894274844,
            42.85865682688366
          ],
          [
            52.018152376264425,
            42.858624849972934
          ],
          [
            52.01800588337622,
            42.858592581213216
          ],
          [
            52.01785943002876,
            42.85856015565205
          ],
          [
            52.01771297668129,
            42.85852773009088
          ],
          [
            52.01756652333383,
            42.85849530452972
          ],
          [
            52.017420069986365,
            42.858462878968545
          ],
          [
            52.0172736166389,
            42.85843045340738
          ],
          [
            52.017127163291434,
            42.85839802784621
          ],
          [
            52.01698070994398,
            42.85836560228504
          ],
          [
            52.01683425659651,
            42.858333176723875
          ],
          [
            52.01668780324906,
            42.85830075116271
          ],
          [
            52.016541349901594,
            42.85826832560156
          ],
          [
            52.016394896554125,
            42.85823590004037
          ],
          [
            52.01624844320666,
            42.85820347447921
          ],
          [
            52.01610198985921,
            42.85817104891804
          ],
          [
            52.01595553651174,
            42.85813862335687
          ],
          [
            52.01580908316427,
            42.85810619779571
          ],
          [
            52.015662629816816,
            42.85807377223455
          ],
          [
            52.01551617646934,
            42.85804134667338
          ],
          [
            52.01536972312189,
            42.85800892111221
          ],
          [
            52.015223269774424,
            42.85797649555105
          ],
          [
            52.01507681642697,
            42.85794406998988
          ],
          [
            52.0149303630795,
            42.85791164442871
          ],
          [
            52.01478390973204,
            42.85787921886754
          ],
          [
            52.01463745638458,
            42.85784679330637
          ],
          [
            52.014491003037115,
            42.85781436774521
          ],
          [
            52.014344549689646,
            42.85778194218404
          ],
          [
            52.01419809634219,
            42.85774951662288
          ],
          [
            52.01405164299472,
            42.85771709106171
          ],
          [
            52.01390518964727,
            42.85768466550054
          ],
          [
            52.0137587362998,
            42.85765223993937
          ],
          [
            52.013612282952344,
            42.857619814378204
          ],
          [
            52.013465829604876,
            42.85758738881705
          ],
          [
            52.013319376257414,
            42.85755496325587
          ],
          [
            52.013172922909945,
            42.857522537694706
          ],
          [
            52.01302646956249,
            42.85749011213353
          ],
          [
            52.01288001621503,
            42.857457686572374
          ],
          [
            52.01273356286756,
            42.85742526101121
          ],
          [
            52.012587109520105,
            42.85739283545004
          ],
          [
            52.012440656172636,
            42.85736040988887
          ],
          [
            52.01229420282518,
            42.8573279843277
          ],
          [
            52.012147749478956,
            42.857295558767554
          ],
          [
            52.01200129613149,
            42.857263133206395
          ],
          [
            52.011854842784025,
            42.85723070764523
          ],
          [
            52.01170838943656,
            42.85719828208406
          ],
          [
            52.011561936089095,
            42.8571658565229
          ],
          [
            52.01141548274163,
            42.85713343096173
          ],
          [
            52.011269029394164,
            42.857101005400565
          ],
          [
            52.0111225760467,
            42.8570685798394
          ],
          [
            52.01097612269923,
            42.857036154278234
          ],
          [
            52.010829669351764,
            42.85700372871707
          ],
          [
            52.010683216004296,
            42.856971303155895
          ],
          [
            52.01053676265683,
            42.85693887759473
          ],
          [
            52.01039030930936,
            42.856906452033556
          ],
          [
            52.01024385596189,
            42.85687402647238
          ],
          [
            52.01009740261442,
            42.85684160091121
          ]
        ]
      },
      "properties": {
        "id": "main_shoreline"
      }
    }
  ]
}