{
  "type": "FeatureCollection",
  "crs": {
    "type": "name",
    "properties": {
      "name": "EPSG:4326"
    }
  },
  "features": [
    {
      "type": "Feature",
      "geometry": {
        "type": "LineString",
        "coordinates": [
          [
            51.333100860695424,
            43.5185456348153
          ],
          [
            51.33319349298188,
            43.51843170783657
          ],
          [
            51.33328285581765,
            43.51831521051023
          ],
          [
            51.33336914189212,
            43.518196294323104
          ],
          [
            51.33345254389465,
            43.518075110762005
          ],
          [
            51.33353325451462,
            43.51795181131374
          ],
          [
            51.3336114664414,
            43.517826547465134
          ],
          [
            51.333687372364366,
            43.51769947070299
          ],
          [
            51.33376116497289,
            43.51757073251413
          ],
          [
            51.33383303695635,
            43.51744048438537
          ],
          [
            51.3339031810041,
            43.517308877803515
          ],
          [
            51.333971789805545,
            43.51717606425539
          ],
          [
            51.33403905605003,
            43.5170421952278
          ],
          [
            51.334105172426945,
            43.516907422207574
          ],
          [
            51.33417033162566,
            43.51677189668151
          ],
          [
            51.33423472633433,
            43.516635770135395
          ],
          [
            51.334297408346856,
            43.51649829711717
          ],
          [
            51.33436044133964,
            43.516361100029485
          ],
          [
            51.334424464180394,
            43.51622468113164
          ],
          [
            51.33449016463119,
            43.51608958112232
          ],
          [
            51.33455635887871,
            43.51595494759463
          ],
          [
            51.334622037361285,
            43.515820018524465
          ],
          [
            51.33468742207455,
            43.51568492111926
          ],
          [
            51.334752719080306,
            43.5155497734561
          ],
          [
            51.33481811850655,
            43.5154146844817
          ],
          [
            51.33488379454744,
            43.51527975401239
          ],
          [
            51.334949905463354,
            43.515145072734214
          ],
          [
            51.33501659358084,
            43.51501072220279
          ],
          [
            51.33508398529262,
            43.51487677484337
          ],
          [
            51.33515219105763,
            43.51474329395094
          ],
          [
            51.33522130540099,
            43.514610333690015
          ],
          [
            51.33529140691395,
            43.51447793909482
          ],
          [
            51.33536255825405,
            43.5143461460692
          ],
          [
            51.33543480614489,
            43.51421498138665
          ],
          [
            51.33550818137636,
            43.51408446269029
          ],
          [
            51.33558269880449,
            43.51395459849291
          ],
          [
            51.33565835735152,
            43.51382538817691
          ],
          [
            51.335735140005816,
            43.51369682199436
          ],
          [
            51.33581301382201,
            43.513568881066945
          ],
          [
            51.335891929920884,
            43.513441537386015
          ],
          [
            51.33597182348937,
            43.51331475381254
          ],
          [
            51.336052613780666,
            43.513188484077155
          ],
          [
            51.33613420411409,
            43.51306267278011
          ],
          [
            51.336216481875155,
            43.51293725539133
          ],
          [
            51.33629931851559,
            43.51281215825035
          ],
          [
            51.33638256955331,
            43.51268729856635
          ],
          [
            51.33646607457236,
            43.51256258441819
          ],
          [
            51.33654965722302,
            43.51243791475431
          ],
          [
            51.33663312522176,
            43.51231317939285
          ],
          [
            51.336716270351204,
            43.512188259021556
          ],
          [
            51.33679886846021,
            43.512063025197826
          ],
          [
            51.33688118687052,
            43.511937631101766
          ],
          [
            51.33696487797573,
            43.51181232423389
          ],
          [
            51.337054159283156,
            43.511687372596505
          ],
          [
            51.33714689301362,
            43.51156264034403
          ],
          [
            51.337241091152656,
            43.51143800114768
          ],
          [
            51.33733491545066,
            43.511313338195535
          ],
          [
            51.33742667742277,
            43.51118854419248
          ],
          [
            51.337514838348916,
            43.51106352136024
          ],
          [
            51.337598009273854,
            43.510938181437396
          ],
          [
            51.337674951007095,
            43.51081244567934
          ],
          [
            51.33774457412293,
            43.510686244858306
          ],
          [
            51.33780593896048,
            43.51055951926334
          ],
          [
            51.3378582556236,
            43.510432218700345
          ],
          [
            51.337900883981,
            43.51030430249205
          ],
          [
            51.3379333336661,
            43.51017573947802
          ],
          [
            51.33795526407718,
            43.51004650801465
          ],
          [
            51.33796648437726,
            43.50991659597516
          ],
          [
            51.337966953494174,
            43.50978600074963
          ],
          [
            51.33795678012053,
            43.509654729244915
          ],
          [
            51.337936222713715,
            43.50952279788477
          ],
          [
            51.337905689495955,
            43.50939023260975
          ],
          [
            51.337865738454205,
            43.50925706887726
          ],
          [
            51.33781707734023,
            43.509123351661515
          ],
          [
            51.3377605636706,
            43.50898913545356
          ],
          [
            51.33769720472664,
            43.50885448426129
          ],
          [
            51.3376281575545,
            43.50871947160946
          ],
          [
            51.33755472896509,
            43.50858418053959
          ],
          [
            51.33747837553412,
            43.50844870361009
          ],
          [
            51.337400703602086,
            43.508313142896185
          ],
          [
            51.337323469274274,
            43.50817760998993
          ],
          [
            51.337248578420756,
            43.5080422260002
          ],
          [
            51.3371780866764,
            43.50790712155273
          ],
          [
            51.337112302687544,
            43.507772316260514
          ],
          [
            51.337046518698685,
            43.507637510968294
          ],
          [
            51.33698073470982,
            43.507502705676075
          ],
          [
            51.33691495072095,
            43.50736790038386
          ],
          [
            51.336849166732094,
            43.50723309509165
          ],
          [
            51.33678338274323,
            43.50709828979944
          ],
          [
            51.33671686937674,
            43.50696331715791
          ],
          [
            51.33664307233611,
            43.506826673341216
          ],
          [
            51.33656466800145,
            43.50668897242128
          ],
          [
            51.33648414693594,
            43.506550785836005
          ],
          [
            51.33640381388584,
            43.506412642389215
          ],
          [
            51.33632578778056,
            43.5062750282507
          ],
          [
            51.33625200173256,
            43.50613838695616
          ],
          [
            51.336184203037426,
            43.50600311940724
          ],
          [
            51.336123953173846,
            43.50586958387156
          ],
          [
            51.33607262780361,
            43.50573809598265
          ],
          [
            51.33603141677159,
            43.50560892873998
          ],
          [
            51.336001324105766,
            43.50548231250899
          ],
          [
            51.335983168017215,
            43.505358435021016
          ],
          [
            51.33597758090013,
            43.50523744137337
          ],
          [
            51.33598500933181,
            43.505119434029304
          ],
          [
            51.33600571407261,
            43.50500447281799
          ],
          [
            51.33603977006604,
            43.504892574934544
          ],
          [
            51.33608706643865,
            43.50478371494006
          ],
          [
            51.33614730650015,
            43.50467782476152
          ],
          [
            51.336220007743314,
            43.504574793691894
          ],
          [
            51.336304501844026,
            43.504474468390065
          ],
          [
            51.33639993466129,
            43.50437665288085
          ],
          [
            51.33650526623717,
            43.504281108555034
          ],
          [
            51.336619270796845,
            43.504187554169334
          ],
          [
            51.336740536748614,
            43.5040956658464
          ],
          [
            51.33686746668385,
            43.50400507707482
          ],
          [
            51.336998277377056,
            43.50391537870914
          ],
          [
            51.337130999785785,
            43.503826118969826
          ],
          [
            51.33726347905077,
            43.50373680344331
          ],
          [
            51.33739337449576,
            43.50364689508195
          ],
          [
            51.337518159627656,
            43.50355581420405
          ],
          [
            51.33763612997105,
            43.503463169732655
          ],
          [
            51.337754100314456,
            43.50337052526127
          ],
          [
            51.33787207065784,
            43.50327788078987
          ],
          [
            51.33799004100123,
            43.50318523631848
          ],
          [
            51.33810801134462,
            43.503092591847086
          ],
          [
            51.338225981688026,
            43.5029999473757
          ],
          [
            51.338343952031416,
            43.50290730290431
          ],
          [
            51.33846192237481,
            43.50281465843292
          ],
          [
            51.33857989271821,
            43.50272201396152
          ],
          [
            51.33869917376526,
            43.50263020954335
          ],
          [
            51.33882139698677,
            43.502540290817
          ],
          [
            51.338945376707926,
            43.50245149786244
          ],
          [
            51.339070011250975,
            43.50236312459484
          ],
          [
            51.33919428293531,
            43.50227451876465
          ],
          [
            51.33931725807743,
            43.502185081957556
          ],
          [
            51.33943808699097,
            43.50209426959448
          ],
          [
            51.33955600398665,
            43.5020015909316
          ],
          [
            51.33967032737234,
            43.50190660906031
          ],
          [
            51.33978045945298,
            43.50180894090727
          ],
          [
            51.3398858865307,
            43.50170825723437
          ],
          [
            51.33998617890468,
            43.50160428263874
          ],
          [
            51.34008099087123,
            43.501496795552754
          ],
          [
            51.3401700607238,
            43.501385628244044
          ],
          [
            51.34025321075291,
            43.501270666815465
          ],
          [
            51.34033034724627,
            43.50115185120513
          ],
          [
            51.34040146048864,
            43.50102917518637
          ],
          [
            51.34046662476193,
            43.50090268636777
          ],
          [
            51.34052599834512,
            43.50077248619317
          ],
          [
            51.3405798235144,
            43.50063872994164
          ],
          [
            51.34062842654298,
            43.5005016267275
          ],
          [
            51.34067221770123,
            43.50036143950028
          ],
          [
            51.34071169125663,
            43.50021848504481
          ],
          [
            51.34074742547379,
            43.50007313398111
          ],
          [
            51.34078008261441,
            43.499925810764466
          ],
          [
            51.34081040893731,
            43.49977699368539
          ],
          [
            51.340839234698464,
            43.49962721486966
          ],
          [
            51.34086747415091,
            43.499477060278295
          ],
          [
            51.34089612554484,
            43.49932716970752
          ],
          [
            51.340926271127536,
            43.49917823678884
          ],
          [
            51.34095812878644,
            43.49903061215078
          ],
          [
            51.34099059826344,
            43.49888371061941
          ],
          [
            51.341022208927896,
            43.49873644971954
          ],
          [
            51.341053544741754,
            43.49858907380894
          ],
          [
            51.341085144680235,
            43.49844180842079
          ],
          [
            51.34111750273184,
            43.49829486026368
          ],
          [
            51.3411510678984,
            43.49814841722158
          ],
          [
            51.34118624419503,
            43.49800264835386
          ],
          [
            51.34122339065016,
            43.49785770389531
          ],
          [
            51.341262821305484,
            43.49771371525608
          ],
          [
            51.34130480521602,
            43.49757079502177
          ],
          [
            51.341349566450106,
            43.49742903695333
          ],
          [
            51.34139728408931,
            43.49728851598712
          ],
          [
            51.341448092228575,
            43.49714928823492
          ],
          [
            51.341502079976095,
            43.4970113909839
          ],
          [
            51.34155929145337,
            43.49687484269661
          ],
          [
            51.341619725795226,
            43.49673964301102
          ],
          [
            51.34168333714974,
            43.49660577274046
          ],
          [
            51.34175003467831,
            43.49647319387372
          ],
          [
            51.34181968255567,
            43.49634184957494
          ],
          [
            51.3418920999698,
            43.496211664183676
          ],
          [
            51.341967061122,
            43.49608254321488
          ],
          [
            51.34204429522684,
            43.495954373358906
          ],
          [
            51.34212348651224,
            43.49582702248151
          ],
          [
            51.34220427421939,
            43.495700339623816
          ],
          [
            51.34228625260278,
            43.49557415500239
          ],
          [
            51.342368970930195,
            43.495448280009164
          ],
          [
            51.342451933482714,
            43.49532250721148
          ],
          [
            51.34253459955474,
            43.49519661035209
          ],
          [
            51.342616383453944,
            43.49507034434912
          ],
          [
            51.342696654501324,
            43.49494344529611
          ],
          [
            51.3427760474456,
            43.49481617880249
          ],
          [
            51.34285544038988,
            43.49468891230887
          ],
          [
            51.34293483333416,
            43.494561645815246
          ],
          [
            51.34301422627844,
            43.494434379321625
          ],
          [
            51.34309361922272,
            43.494307112828
          ],
          [
            51.343173012167,
            43.494179846334376
          ],
          [
            51.34325240511128,
            43.494052579840755
          ],
          [
            51.343331798055566,
            43.49392531334714
          ],
          [
            51.34341119099984,
            43.49379804685352
          ],
          [
            51.34349058394412,
            43.49367078035989
          ],
          [
            51.343569976888396,
            43.49354351386627
          ],
          [
            51.343649369832676,
            43.49341624737265
          ],
          [
            51.34372876277695,
            43.49328898087903
          ],
          [
            51.343808155721234,
            43.493161714385415
          ],
          [
            51.343887548665506,
            43.49303444789179
          ],
          [
            51.343966941609786,
            43.49290718139818
          ],
          [
            51.344046334554065,
            43.492779914904546
          ],
          [
            51.344125727498344,
            43.492652648410925
          ],
          [
            51.34420512044263,
            43.49252538191731
          ],
          [
            51.34428451338691,
            43.49239811542368
          ],
          [
            51.344363906331196,
            43.49227084893006
          ],
          [
            51.34444329927546,
            43.492143582436434
          ],
          [
            51.34452269221975,
            43.49201631594281
          ],
          [
            51.34460208516402,
            43.49188904944919
          ],
          [
            51.34468147810831,
            43.49176178295557
          ],
          [
            51.344765969537775,
            43.491635048590574
          ],
          [
            51.34485400998404,
            43.49150868463627
          ],
          [
            51.34494380720257,
            43.49138250403618
          ],
          [
            51.34503370121247,
            43.49125633353821
          ],
          [
            51.34512216429652,
            43.49113001369459
          ],
          [
            51.34520780100116,
            43.49100339886189
          ],
          [
            51.34528934813647,
            43.49087635720108
          ],
          [
            51.34536567477618,
            43.49074877067741
          ],
          [
            51.34543578225769,
            43.49062053506054
          ],
          [
            51.34549880418206,
            43.49049155992447
          ],
          [
            51.34555400641397,
            43.4903617686475
          ],
          [
            51.34560078708178,
            43.49023109841235
          ],
          [
            51.345638676577494,
            43.490099500206064
          ],
          [
            51.34566733755678,
            43.489966938820004
          ],
          [
            51.34568656493898,
            43.48983339284993
          ],
          [
            51.34569628590704,
            43.48969885469594
          ],
          [
            51.34569655990758,
            43.48956333056245
          ],
          [
            51.3456875786509,
            43.48942684045827
          ],
          [
            51.34566966611093,
            43.489289418196535
          ],
          [
            51.345643278525245,
            43.48915111139474
          ],
          [
            51.3456090043951,
            43.48901198147473
          ],
          [
            51.3455675644854,
            43.488872103662686
          ],
          [
            51.345519811824666,
            43.48873156698917
          ],
          [
            51.34546673170513,
            43.488590474289076
          ],
          [
            51.345409441682655,
            43.48844894220163
          ],
          [
            51.34534919157674,
            43.48830710117043
          ],
          [
            51.345287363470554,
            43.48816509544343
          ],
          [
            51.345225471710926,
            43.48802308307294
          ],
          [
            51.345165162908316,
            43.487881235915566
          ],
          [
            51.345108215936875,
            43.48773973963234
          ],
          [
            51.34505654193438,
            43.4875987936886
          ],
          [
            51.345005139351045,
            43.487457876072845
          ],
          [
            51.34495373676771,
            43.48731695845711
          ],
          [
            51.34490233418438,
            43.48717604084136
          ],
          [
            51.344850931601044,
            43.48703512322563
          ],
          [
            51.3447995290177,
            43.486894205609886
          ],
          [
            51.34474812643437,
            43.48675328799414
          ],
          [
            51.34469672385103,
            43.4866123703784
          ],
          [
            51.3446446585612,
            43.48647157235181
          ],
          [
            51.344590764515004,
            43.486331104334695
          ],
          [
            51.34453576304578,
            43.486190836158364
          ],
          [
            51.34448032461405,
            43.4860506468344
          ],
          [
            51.34442506880745,
            43.48591042455469
          ],
          [
            51.34437056434083,
            43.4857700666914
          ],
          [
            51.344317329056175,
            43.48562947979703
          ],
          [
            51.34426582992262,
            43.48548857960433
          ],
          [
            51.344216483036504,
            43.485347291026336
          ],
          [
            51.344169653621265,
            43.485205548156436
          ],
          [
            51.34412565602756,
            43.48506329426823
          ],
          [
            51.34408475373317,
            43.484920481815685
          ],
          [
            51.34404715934306,
            43.48477707243302
          ],
          [
            51.344013034589345,
            43.484633036934746
          ],
          [
            51.343982490331285,
            43.48448835531568
          ],
          [
            51.34395558655534,
            43.48434301675094
          ],
          [
            51.3439323323751,
            43.484197019595925
          ],
          [
            51.343912686031324,
            43.4840503713863
          ],
          [
            51.343896554891934,
            43.48390308883809
          ],
          [
            51.343883795452015,
            43.48375519784754
          ],
          [
            51.343874213333805,
            43.483606733491236
          ],
          [
            51.34386756328673,
            43.48345774002604
          ],
          [
            51.343863549187326,
            43.48330827088909
          ],
          [
            51.34386182403934,
            43.483158388697866
          ],
          [
            51.34386198997365,
            43.4830081652501
          ],
          [
            51.34386359824832,
            43.48285768152382
          ],
          [
            51.34386614924854,
            43.48270702767735
          ],
          [
            51.3438690924867,
            43.482556303049314
          ],
          [
            51.34387182660233,
            43.48240561615862
          ],
          [
            51.343873699362106,
            43.482255084704505
          ],
          [
            51.34387400765991,
            43.48210483556643
          ],
          [
            51.343873123173054,
            43.48195483001071
          ],
          [
            51.34387263302049,
            43.481804806520614
          ],
          [
            51.34387237476075,
            43.481654772483985
          ],
          [
            51.343872197511935,
            43.48150473476297
          ],
          [
            51.34387196195155,
            43.48135469969397
          ],
          [
            51.34387154031668,
            43.48120467308768
          ],
          [
            51.34387081640377,
            43.481054660229034
          ],
          [
            51.34386968556886,
            43.48090466587726
          ],
          [
            51.3438680547274,
            43.480754694265876
          ],
          [
            51.34386584235437,
            43.480604749102625
          ],
          [
            51.343862978484196,
            43.480454833569574
          ],
          [
            51.34385940471082,
            43.48030495032302
          ],
          [
            51.34385507418765,
            43.48015510149358
          ],
          [
            51.343849951627575,
            43.4800052886861
          ],
          [
            51.34384401330297,
            43.47985551297971
          ],
          [
            51.34383724704571,
            43.479705774927844
          ],
          [
            51.34382965224714,
            43.47955607455815
          ],
          [
            51.34382123985806,
            43.47940641137261
          ],
          [
            51.343812032388826,
            43.47925678434744
          ],
          [
            51.343802063909195,
            43.47910719193313
          ],
          [
            51.34379138004847,
            43.478957632054474
          ],
          [
            51.3437800379954,
            43.47880810211051
          ],
          [
            51.343768106498246,
            43.478658598974555
          ],
          [
            51.34375566586472,
            43.4785091189942
          ],
          [
            51.34374280796203,
            43.47835965799131
          ],
          [
            51.343729636216885,
            43.478210211262024
          ],
          [
            51.34371626561547,
            43.478060773576765
          ],
          [
            51.34370282270344,
            43.47791133918018
          ],
          [
            51.34368944558594,
            43.477761901791276
          ],
          [
            51.343676283927586,
            43.47761245460324
          ],
          [
            51.34366349895252,
            43.47746299028359
          ],
          [
            51.34365097334637,
            43.477313514167804
          ],
          [
            51.34363828612311,
            43.47716404678559
          ],
          [
            51.34362529244241,
            43.47701459596393
          ],
          [
            51.34361211838707,
            43.47686515488946
          ],
          [
            51.34359888106998,
            43.47671571723359
          ],
          [
            51.34358568863414,
            43.476566277152386
          ],
          [
            51.34357264025267,
            43.47641682928667
          ],
          [
            51.343559826128754,
            43.476267368761995
          ],
          [
            51.343547327495706,
            43.47611789118862
          ],
          [
            51.34353521661695,
            43.47596839266153
          ],
          [
            51.34352355678598,
            43.47581886976041
          ],
          [
            51.343512402326425,
            43.475669319549695
          ],
          [
            51.343501798592,
            43.47551973957854
          ],
          [
            51.343491781966534,
            43.475370127880794
          ],
          [
            51.34348237986394,
            43.47522048297507
          ],
          [
            51.343473610728246,
            43.475070803864654
          ],
          [
            51.34346548403359,
            43.47492109003759
          ],
          [
            51.3434580002842,
            43.47477134146662
          ],
          [
            51.34345115101439,
            43.47462155860922
          ],
          [
            51.343444918788634,
            43.4744717424076
          ],
          [
            51.343439277201455,
            43.474321894288664
          ],
          [
            51.34343419087748,
            43.47417201616404
          ],
          [
            51.34342961547147,
            43.47402211043009
          ],
          [
            51.34342549766827,
            43.4738721799679
          ],
          [
            51.34342177518284,
            43.473722228143274
          ],
          [
            51.34341837676021,
            43.47357225880673
          ],
          [
            51.34341522217555,
            43.47342227629349
          ],
          [
            51.343412222234114,
            43.47327228542356
          ],
          [
            51.34340927877126,
            43.4731222915016
          ],
          [
            51.34340628465247,
            43.47297230031701
          ],
          [
            51.343403123773285,
            43.47282231814393
          ],
          [
            51.34339967105937,
            43.472672351741224
          ],
          [
            51.343396015784755,
            43.4725223962846
          ],
          [
            51.34339236051013,
            43.47237244082799
          ],
          [
            51.34338870523549,
            43.47222248537138
          ],
          [
            51.34338504996086,
            43.47207252991477
          ],
          [
            51.34338139468624,
            43.47192257445816
          ],
          [
            51.343377739411615,
            43.47177261900155
          ],
          [
            51.34337408413698,
            43.47162266354494
          ],
          [
            51.34337042886234,
            43.47147270808833
          ],
          [
            51.34336677358773,
            43.47132275263171
          ],
          [
            51.34336311831309,
            43.47117279717511
          ],
          [
            51.34335946303847,
            43.471022841718494
          ],
          [
            51.343355807763835,
            43.47087288626189
          ],
          [
            51.3433521524892,
            43.470722930805266
          ],
          [
            51.343348497214585,
            43.47057297534866
          ],
          [
            51.34334484193995,
            43.47042301989205
          ],
          [
            51.34334118666531,
            43.47027306443544
          ],
          [
            51.343337531390695,
            43.47012310897883
          ],
          [
            51.34333387611606,
            43.46997315352222
          ],
          [
            51.34333022084144,
            43.4698231980656
          ],
          [
            51.343326565566805,
            43.469673242609
          ],
          [
            51.34332291029219,
            43.46952328715239
          ],
          [
            51.34331925501755,
            43.46937333169577
          ],
          [
            51.343315599742915,
            43.469223376239164
          ],
          [
            51.34331194446829,
            43.46907342078256
          ],
          [
            51.343308289193665,
            43.468923465325936
          ],
          [
            51.34330463391903,
            43.46877350986933
          ],
          [
            51.34330097864441,
            43.46862355441272
          ],
          [
            51.343297323369775,
            43.46847359895611
          ],
          [
            51.34329366809515,
            43.468323643499495
          ],
          [
            51.34329001282052,
            43.46817368804288
          ],
          [
            51.343286357545885,
            43.468023732586275
          ],
          [
            51.343282749277186,
            43.46787377522165
          ],
          [
            51.34327932354943,
            43.46772381044756
          ],
          [
            51.343276010331536,
            43.467573841106585
          ],
          [
            51.343272744502,
            43.46742386984208
          ],
          [
            51.343269465848955,
            43.46727389909808
          ],
          [
            51.34326611907005,
            43.46712393111938
          ],
          [
            51.343262653772506,
            43.46697396795145
          ],
          [
            51.34325902447315,
            43.46682401144048
          ],
          [
            51.343255190598384,
            43.46667406323339
          ],
          [
            51.34325111648414,
            43.46652412477783
          ],
          [
            51.343246771376,
            43.46637419732212
          ],
          [
            51.34324212942905,
            43.46622428191534
          ],
          [
            51.343237169708,
            43.46607437940727
          ],
          [
            51.343231876187104,
            43.4659244904484
          ],
          [
            51.34322623775022,
            43.465774615489956
          ],
          [
            51.343220248190754,
            43.46562475478387
          ],
          [
            51.34321390621171,
            43.465474908382774
          ],
          [
            51.343207215425636,
            43.46532507614005
          ],
          [
            51.343200184354714,
            43.46517525770974
          ],
          [
            51.343192826430624,
            43.46502545254668
          ],
          [
            51.34318515999468,
            43.46487565990637
          ],
          [
            51.34317720829776,
            43.46472587884503
          ],
          [
            51.34316899950031,
            43.46457610821961
          ],
          [
            51.34316056667234,
            43.46442634668777
          ],
          [
            51.34315194779344,
            43.46427659270789
          ],
          [
            51.3431431857528,
            43.46412684453907
          ],
          [
            51.34313432834918,
            43.4639771002411
          ],
          [
            51.34312542829087,
            43.463827357674525
          ],
          [
            51.34311654319579,
            43.46367761450057
          ],
          [
            51.34310773559141,
            43.463527868181224
          ],
          [
            51.34309907291479,
            43.46337811597912
          ],
          [
            51.34309056256101,
            43.46322835759412
          ],
          [
            51.3430792852956,
            43.46307771649214
          ],
          [
            51.34306480133594,
            43.462926052371024
          ],
          [
            51.343048540701865,
            43.46277382144445
          ],
          [
            51.343031830091064,
            43.462621446963546
          ],
          [
            51.34301589287919,
            43.46246931921707
          ],
          [
            51.34300184911974,
            43.462317795531334
          ],
          [
            51.34299071554418,
            43.46216720027016
          ],
          [
            51.342983405561874,
            43.462017824834966
          ],
          [
            51.34298072926006,
            43.46186992766473
          ],
          [
            51.34298339340389,
            43.461723734235974
          ],
          [
            51.34299200143645,
            43.46157943706277
          ],
          [
            51.343007053478715,
            43.46143719569675
          ],
          [
            51.34302894632958,
            43.46129713672713
          ],
          [
            51.343057973465825,
            43.461159353780644
          ],
          [
            51.34309432504214,
            43.46102390752162
          ],
          [
            51.343138087891155,
            43.46089082565191
          ],
          [
            51.34318924552337,
            43.46076010291093
          ],
          [
            51.343247678127206,
            43.460631701075684
          ],
          [
            51.343313162569,
            43.46050554896069
          ],
          [
            51.34338537239299,
            43.46038154241806
          ],
          [
            51.34346387782128,
            43.46025954433745
          ],
          [
            51.34354814575398,
            43.46013938464603
          ],
          [
            51.343637539769006,
            43.4600208603086
          ],
          [
            51.34373132012224,
            43.4599037353275
          ],
          [
            51.34382864374745,
            43.45978774074257
          ],
          [
            51.34392856425632,
            43.459672574631284
          ],
          [
            51.344030031938416,
            43.459557902108614
          ],
          [
            51.34413189376126,
            43.45944335532711
          ],
          [
            51.34423289337025,
            43.4593285334769
          ],
          [
            51.34433167108867,
            43.459213002785646
          ],
          [
            51.344426763917745,
            43.45909629651857
          ],
          [
            51.34452042878148,
            43.45897913469329
          ],
          [
            51.344614093645205,
            43.45886197286801
          ],
          [
            51.34470775850894,
            43.458744811042735
          ],
          [
            51.344801423372665,
            43.45862764921745
          ],
          [
            51.344895088236406,
            43.458510487392175
          ],
          [
            51.34498875310014,
            43.458393325566895
          ],
          [
            51.34508241796385,
            43.458276163741616
          ],
          [
            51.34517608282759,
            43.45815900191634
          ],
          [
            51.34526974769132,
            43.45804184009106
          ],
          [
            51.34536341255505,
            43.45792467826579
          ],
          [
            51.345457077418786,
            43.45780751644051
          ],
          [
            51.34555074228251,
            43.45769035461523
          ],
          [
            51.345644407146246,
            43.45757319278995
          ],
          [
            51.34573807200997,
            43.457456030964686
          ],
          [
            51.34583173687371,
            43.457338869139406
          ],
          [
            51.345925401737446,
            43.457221707314126
          ],
          [
            51.346019066601166,
            43.45710454548885
          ],
          [
            51.34611273146489,
            43.45698738366357
          ],
          [
            51.346206396328625,
            43.456870221838294
          ],
          [
            51.34630006119236,
            43.456753060013014
          ],
          [
            51.346393726056085,
            43.456635898187734
          ],
          [
            51.34648739091982,
            43.45651873636246
          ],
          [
            51.34658105578355,
            43.45640157453719
          ],
          [
            51.34667472064728,
            43.4562844127119
          ],
          [
            51.346768385511005,
            43.45616725088663
          ],
          [
            51.34686205037474,
            43.45605008906136
          ],
          [
            51.34695571523847,
            43.45593292723607
          ],
          [
            51.3470493801022,
            43.4558157654108
          ],
          [
            51.347143044965925,
            43.45569860358552
          ],
          [
            51.347236709829666,
            43.45558144176024
          ],
          [
            51.34733037469339,
            43.45546427993496
          ],
          [
            51.347424039557126,
            43.455347118109685
          ],
          [
            51.347517704420866,
            43.455229956284406
          ],
          [
            51.34761136928459,
            43.45511279445914
          ],
          [
            51.347705034148305,
            43.45499563263385
          ],
          [
            51.347798699012046,
            43.454878470808566
          ],
          [
            51.34789236387578,
            43.45476130898331
          ],
          [
            51.347986028739506,
            43.45464414715802
          ],
          [
            51.34807969360324,
            43.45452698533274
          ],
          [
            51.34817335846697,
            43.45440982350747
          ],
          [
            51.3482670233307,
            43.45429266168219
          ],
          [
            51.34836068819442,
            43.45417549985691
          ],
          [
            51.348454353058166,
            43.454058338031636
          ],
          [
            51.34854801792189,
            43.45394117620636
          ],
          [
            51.348641682785626,
            43.45382401438108
          ],
          [
            51.34873534764935,
            43.453706852555804
          ],
          [
            51.348829012513086,
            43.453589690730524
          ],
          [
            51.34892267737681,
            43.453472528905245
          ],
          [
            51.349016342240546,
            43.45335536707997
          ],
          [
            51.34911000710428,
            43.45323820525469
          ],
          [
            51.34920367196801,
            43.453121043429405
          ],
          [
            51.34929733683173,
            43.45300388160414
          ],
          [
            51.349391001695466,
            43.45288671977886
          ],
          [
            51.3494846665592,
            43.45276955795357
          ],
          [
            51.34957833142293,
            43.452652396128315
          ],
          [
            51.34967199628666,
            43.45253523430302
          ],
          [
            51.3497656611504,
            43.45241807247775
          ],
          [
            51.34985932601412,
            43.45230091065248
          ],
          [
            51.34995299087785,
            43.452183748827196
          ],
          [
            51.35004665574158,
            43.45206658700192
          ],
          [
            51.350140320605306,
            43.45194942517664
          ],
          [
            51.35023398546903,
            43.45183226335137
          ],
          [
            51.350327650332765,
            43.45171510152609
          ],
          [
            51.3504213151965,
            43.45159793970082
          ],
          [
            51.35051498006023,
            43.45148077787553
          ],
          [
            51.35060864492396,
            43.45136361605025
          ],
          [
            51.3507023097877,
            43.45124645422498
          ],
          [
            51.35079597465143,
            43.4511292923997
          ],
          [
            51.35088963951515,
            43.45101213057442
          ],
          [
            51.350983304378886,
            43.45089496874915
          ],
          [
            51.35107696924261,
            43.45077780692386
          ],
          [
            51.351170634106346,
            43.45066064509859
          ],
          [
            51.35126429897008,
            43.450543483273314
          ],
          [
            51.35135796383381,
            43.450426321448035
          ],
          [
            51.35145162869754,
            43.450309159622755
          ],
          [
            51.351545293561266,
            43.45019199779748
          ],
          [
            51.351638958425,
            43.450074835972195
          ],
          [
            51.35173262328873,
            43.44995767414692
          ],
          [
            51.351826288152466,
            43.44984051232164
          ],
          [
            51.351919953016186,
            43.44972335049637
          ],
          [
            51.352013617879926,
            43.44960618867108
          ],
          [
            51.35210728274365,
            43.449489026845825
          ],
          [
            51.35220094760738,
            43.44937186502054
          ],
          [
            51.35229461247111,
            43.449254703195265
          ],
          [
            51.352388277334846,
            43.449137541369986
          ],
          [
            51.35248194219857,
            43.449020379544706
          ],
          [
            51.352575607062306,
            43.448903217719426
          ],
          [
            51.35266927192604,
            43.44878605589415
          ],
          [
            51.352762936789766,
            43.448668894068874
          ],
          [
            51.35285660165349,
            43.448551732243594
          ],
          [
            51.352950266517226,
            43.44843457041832
          ],
          [
            51.35304393138096,
            43.44831740859304
          ],
          [
            51.353137596244686,
            43.44820024676776
          ],
          [
            51.35323126110842,
            43.44808308494249
          ],
          [
            51.35332492597215,
            43.44796592311721
          ],
          [
            51.35341859083588,
            43.44784876129193
          ],
          [
            51.35351225569961,
            43.44773159946666
          ],
          [
            51.35360592056334,
            43.44761443764138
          ],
          [
            51.35369958542707,
            43.44749727581609
          ],
          [
            51.3537932502908,
            43.44738011399083
          ],
          [
            51.35388691515453,
            43.447262952165545
          ],
          [
            51.35398058001826,
            43.44714579034027
          ],
          [
            51.35407424488199,
            43.44702862851499
          ],
          [
            51.354167909745726,
            43.44691146668972
          ],
          [
            51.35426157460946,
            43.44679430486443
          ],
          [
            51.35435523947319,
            43.44667714303916
          ],
          [
            51.354448904336905,
            43.44655998121389
          ],
          [
            51.354542569200646,
            43.4464428193886
          ],
          [
            51.35463623406438,
            43.44632565756333
          ],
          [
            51.3547298989281,
            43.446208495738055
          ],
          [
            51.35482356379184,
            43.44609133391277
          ],
          [
            51.35491722865557,
            43.445974172087496
          ],
          [
            51.3550108935193,
            43.44585701026221
          ],
          [
            51.355104558383026,
            43.445739848436936
          ],
          [
            51.35519822324677,
            43.445622686611664
          ],
          [
            51.355291888110486,
            43.44550552478638
          ],
          [
            51.35538555297422,
            43.445388362961104
          ],
          [
            51.35547921783795,
            43.44527120113583
          ],
          [
            51.35557288270168,
            43.445154039310545
          ],
          [
            51.355666547565406,
            43.44503687748527
          ],
          [
            51.35576021242914,
            43.444919715660006
          ],
          [
            51.35585387729288,
            43.44480255383472
          ],
          [
            51.35594754215661,
            43.44468539200943
          ],
          [
            51.356041207020326,
            43.444568230184174
          ],
          [
            51.35613487188407,
            43.44445106835889
          ],
          [
            51.35622853674779,
            43.44433390653361
          ],
          [
            51.356322201611526,
            43.444216744708335
          ],
          [
            51.35641586647526,
            43.444099582883055
          ],
          [
            51.35650953133899,
            43.44398242105778
          ],
          [
            51.35660319620272,
            43.4438652592325
          ],
          [
            51.356696861066446,
            43.44374809740722
          ],
          [
            51.35679052593019,
            43.44363093558194
          ],
          [
            51.35688419079392,
            43.44351377375667
          ],
          [
            51.35697785565763,
            43.44339661193139
          ],
          [
            51.357071520521366,
            43.44327945010611
          ],
          [
            51.3571651853851,
            43.44316228828083
          ],
          [
            51.35725885024883,
            43.44304512645556
          ],
          [
            51.35735251511257,
            43.44292796463027
          ],
          [
            51.35744617997629,
            43.442810802805006
          ],
          [
            51.357539844840026,
            43.442693640979726
          ],
          [
            51.35763350970375,
            43.44257647915444
          ],
          [
            51.357727174567486,
            43.44245931732917
          ],
          [
            51.35782083943121,
            43.442342155503894
          ],
          [
            51.357914504294946,
            43.44222499367861
          ],
          [
            51.35800816915867,
            43.44210783185335
          ],
          [
            51.35810183402241,
            43.44199067002806
          ],
          [
            51.35819549888614,
            43.44187350820278
          ],
          [
            51.358289163749866,
            43.44175634637751
          ],
          [
            51.3583828286136,
            43.44163918455224
          ],
          [
            51.35847649347733,
            43.44152202272695
          ],
          [
            51.35857015834107,
            43.44140486090168
          ],
          [
            51.35866382320478,
            43.441287699076405
          ],
          [
            51.35875748806852,
            43.44117053725112
          ],
          [
            51.358851152932246,
            43.441053375425845
          ],
          [
            51.35894481779598,
            43.440936213600565
          ],
          [
            51.35903848265971,
            43.44081905177528
          ],
          [
            51.359132147523454,
            43.44070188995001
          ],
          [
            51.35922581238717,
            43.44058472812473
          ],
          [
            51.35931947725091,
            43.44046756629945
          ],
          [
            51.35941314211464,
            43.440350404474174
          ],
          [
            51.35950680697836,
            43.4402332426489
          ],
          [
            51.35960047184209,
            43.44011608082362
          ],
          [
            51.359694136705826,
            43.439998918998356
          ],
          [
            51.35978780156955,
            43.43988175717307
          ],
          [
            51.359881466433286,
            43.43976459534778
          ],
          [
            51.35997513129702,
            43.439647433522524
          ],
          [
            51.36006879616076,
            43.43953027169724
          ],
          [
            51.36016246102448,
            43.43941310987196
          ],
          [
            51.36025612588821,
            43.439295948046684
          ],
          [
            51.36034979075195,
            43.439178786221404
          ],
          [
            51.36044345561567,
            43.439061624396125
          ],
          [
            51.3605371204794,
            43.43894446257085
          ],
          [
            51.360630785343126,
            43.43882730074557
          ],
          [
            51.36072445020686,
            43.43871013892029
          ],
          [
            51.36081811507059,
            43.43859297709501
          ],
          [
            51.36091177993433,
            43.43847581526973
          ],
          [
            51.36100544479806,
            43.43835865344446
          ],
          [
            51.361099109661794,
            43.43824149161918
          ],
          [
            51.361192774525506,
            43.43812432979391
          ],
          [
            51.36128643938925,
            43.43800716796863
          ],
          [
            51.36138010425298,
            43.43789000614335
          ],
          [
            51.36147376911671,
            43.437772844318076
          ],
          [
            51.36156743398044,
            43.437655682492796
          ],
          [
            51.36166109884417,
            43.437538520667516
          ],
          [
            51.36175476370791,
            43.437421358842236
          ],
          [
            51.361848428571626,
            43.43730419701696
          ],
          [
            51.36194209343537,
            43.43718703519169
          ],
          [
            51.36203575829909,
            43.43706987336641
          ],
          [
            51.36212942316281,
            43.43695271154114
          ],
          [
            51.36222308802655,
            43.43683554971586
          ],
          [
            51.36231675289029,
            43.43671838789058
          ],
          [
            51.36241041775401,
            43.43660122606531
          ],
          [
            51.36250408261774,
            43.43648406424002
          ],
          [
            51.36259774748148,
            43.43636690241475
          ],
          [
            51.36269141234521,
            43.43624974058947
          ],
          [
            51.36278507720894,
            43.43613257876419
          ],
          [
            51.36287874207267,
            43.43601541693891
          ],
          [
            51.36297240693639,
            43.43589825511363
          ],
          [
            51.36306607180013,
            43.43578109328836
          ],
          [
            51.36315973666385,
            43.435663931463075
          ],
          [
            51.363253401527594,
            43.4355467696378
          ],
          [
            51.36334706639132,
            43.43542960781253
          ],
          [
            51.36344073125505,
            43.43531244598724
          ],
          [
            51.36353439611878,
            43.43519528416196
          ],
          [
            51.36362806098251,
            43.435078122336705
          ],
          [
            51.36372172584625,
            43.43496096051141
          ],
          [
            51.36381539070997,
            43.43484379868613
          ],
          [
            51.3639090555737,
            43.434726636860866
          ],
          [
            51.364002720437426,
            43.434609475035586
          ],
          [
            51.36409638530117,
            43.434492313210306
          ],
          [
            51.3641900501649,
            43.434375151385034
          ],
          [
            51.364283715028634,
            43.434257989559754
          ],
          [
            51.36437737989235,
            43.434140827734474
          ],
          [
            51.36447104475609,
            43.434023665909194
          ],
          [
            51.36456470961983,
            43.433906504083915
          ],
          [
            51.36465837448355,
            43.43378934225865
          ],
          [
            51.36475203934727,
            43.43367218043336
          ],
          [
            51.364845704211014,
            43.43355501860808
          ],
          [
            51.36493936907473,
            43.43343785678282
          ],
          [
            51.36503303393847,
            43.43332069495754
          ],
          [
            51.3651266988022,
            43.43320353313225
          ],
          [
            51.365220363665934,
            43.43308637130698
          ],
          [
            51.36531402852967,
            43.4329692094817
          ],
          [
            51.365407693393394,
            43.43285204765642
          ],
          [
            51.365501358257134,
            43.432734885831145
          ],
          [
            51.36559502312085,
            43.43261772400587
          ],
          [
            51.36568868798458,
            43.432500562180586
          ],
          [
            51.36578235284831,
            43.43238340035531
          ],
          [
            51.36587601771205,
            43.43226623853004
          ],
          [
            51.36596968257577,
            43.432149076704754
          ],
          [
            51.36606334743951,
            43.43203191487948
          ],
          [
            51.36615701230324,
            43.43191475305421
          ],
          [
            51.36625067716697,
            43.43179759122893
          ],
          [
            51.36634434203069,
            43.43168042940365
          ],
          [
            51.36643800689443,
            43.431563267578376
          ],
          [
            51.36653167175815,
            43.431446105753096
          ],
          [
            51.36662533662189,
            43.43132894392782
          ],
          [
            51.36671900148562,
            43.431211782102544
          ],
          [
            51.366812666349354,
            43.43109462027726
          ],
          [
            51.36690633121308,
            43.430977458451984
          ],
          [
            51.366999996076814,
            43.430860296626705
          ],
          [
            51.36709366094054,
            43.430743134801425
          ],
          [
            51.36718732580427,
            43.43062597297615
          ],
          [
            51.36728099066799,
            43.43050881115088
          ],
          [
            51.367374655531734,
            43.43039164932559
          ],
          [
            51.36746832039546,
            43.43027448750032
          ],
          [
            51.36756198525919,
            43.43015732567505
          ],
          [
            51.36765565012293,
            43.43004016384976
          ],
          [
            51.36774931498666,
            43.42992300202449
          ],
          [
            51.367842979850394,
            43.42980584019921
          ],
          [
            51.36793664471412,
            43.42968867837393
          ],
          [
            51.36803030957786,
            43.42957151654865
          ],
          [
            51.36812397444157,
            43.42945435472338
          ],
          [
            51.36821763930531,
            43.4293371928981
          ],
          [
            51.36831130416903,
            43.42922003107282
          ],
          [
            51.368404969032774,
            43.42910286924755
          ],
          [
            51.3684986338965,
            43.428985707422264
          ],
          [
            51.36859229876023,
            43.42886854559699
          ],
          [
            51.36868596362396,
            43.42875138377172
          ],
          [
            51.368779628487694,
            43.42863422194643
          ],
          [
            51.36887329335143,
            43.42851706012116
          ],
          [
            51.368966958215154,
            43.428399898295886
          ],
          [
            51.36906062307889,
            43.42828273647061
          ],
          [
            51.36915428794261,
            43.42816557464533
          ],
          [
            51.36924795280635,
            43.428048412820054
          ],
          [
            51.36934161767008,
            43.42793125099477
          ],
          [
            51.36943528253381,
            43.427814089169495
          ],
          [
            51.369528947397534,
            43.427696927344215
          ],
          [
            51.369622612261274,
            43.427579765518935
          ],
          [
            51.369716277124994,
            43.42746260369366
          ],
          [
            51.36980994198872,
            43.42734544186838
          ],
          [
            51.36990360685245,
            43.4272282800431
          ],
          [
            51.369997271716194,
            43.42711111821784
          ],
          [
            51.37009093657992,
            43.42699395639256
          ],
          [
            51.37018460144365,
            43.42687679456728
          ],
          [
            51.37027826630738,
            43.426759632742005
          ],
          [
            51.370371931171114,
            43.426642470916725
          ],
          [
            51.37046559603484,
            43.426525309091446
          ],
          [
            51.370559260898574,
            43.426408147266166
          ],
          [
            51.3706529257623,
            43.426290985440886
          ],
          [
            51.37074659062603,
            43.42617382361561
          ],
          [
            51.37084025548976,
            43.426056661790334
          ],
          [
            51.3709339203535,
            43.42593949996506
          ],
          [
            51.37102758521723,
            43.42582233813978
          ],
          [
            51.371121250080954,
            43.4257051763145
          ],
          [
            51.37121491494469,
            43.42558801448922
          ],
          [
            51.37130857980842,
            43.42547085266394
          ],
          [
            51.37140224467214,
            43.42535369083867
          ],
          [
            51.371495909535874,
            43.42523652901339
          ],
          [
            51.371589574399614,
            43.42511936718811
          ],
          [
            51.371683239263334,
            43.42500220536284
          ],
          [
            51.37177690412707,
            43.42488504353756
          ],
          [
            51.37187056899081,
            43.42476788171228
          ],
          [
            51.371964233854534,
            43.42465071988701
          ],
          [
            51.37205789871827,
            43.424533558061725
          ],
          [
            51.372151563581994,
            43.42441639623644
          ],
          [
            51.372245228445735,
            43.42429923441117
          ],
          [
            51.37233889330945,
            43.4241820725859
          ],
          [
            51.37243255817318,
            43.42406491076062
          ],
          [
            51.372526223036914,
            43.42394774893534
          ],
          [
            51.37261988790065,
            43.42383058711006
          ],
          [
            51.37271355276437,
            43.42371342528478
          ],
          [
            51.37280721762811,
            43.42359626345951
          ],
          [
            51.372900882491834,
            43.42347910163423
          ],
          [
            51.37299454735557,
            43.42336193980895
          ],
          [
            51.3730882122193,
            43.423244777983676
          ],
          [
            51.37318187708303,
            43.423127616158396
          ],
          [
            51.37327554194676,
            43.42301045433312
          ],
          [
            51.37336920681048,
            43.422893292507844
          ],
          [
            51.37346287167422,
            43.422776130682564
          ],
          [
            51.373556536537954,
            43.42265896885728
          ],
          [
            51.37365020140168,
            43.42254180703201
          ],
          [
            51.373743866265414,
            43.42242464520673
          ],
          [
            51.37383753112914,
            43.42230748338145
          ],
          [
            51.373931195992874,
            43.42219032155617
          ],
          [
            51.3740248608566,
            43.4220731597309
          ],
          [
            51.374118525720334,
            43.42195599790563
          ],
          [
            51.37421219058407,
            43.42183883608035
          ],
          [
            51.374305855447794,
            43.42172167425507
          ],
          [
            51.37439952031153,
            43.42160451242979
          ],
          [
            51.374493185175254,
            43.421487350604515
          ],
          [
            51.37458685003899,
            43.421370188779235
          ],
          [
            51.37468051490272,
            43.421253026953956
          ],
          [
            51.37477417976645,
            43.42113586512868
          ],
          [
            51.374867844630174,
            43.4210187033034
          ],
          [
            51.37496150949391,
            43.42090154147812
          ],
          [
            51.37505517435764,
            43.42078437965285
          ],
          [
            51.375148839221374,
            43.42066721782757
          ],
          [
            51.37524250408511,
            43.42055005600229
          ],
          [
            51.37533616894883,
            43.42043289417702
          ],
          [
            51.37542983381256,
            43.42031573235174
          ],
          [
            51.375523498676294,
            43.42019857052646
          ],
          [
            51.375617163540014,
            43.420081408701186
          ],
          [
            51.375710828403754,
            43.41996424687591
          ],
          [
            51.37580449326749,
            43.41984708505063
          ],
          [
            51.37589815813121,
            43.41972992322536
          ],
          [
            51.37599182299494,
            43.419612761400074
          ],
          [
            51.37608548785868,
            43.4194955995748
          ],
          [
            51.37617915272241,
            43.41937843774952
          ],
          [
            51.376272817586134,
            43.41926127592424
          ],
          [
            51.376366482449875,
            43.41914411409897
          ],
          [
            51.37646014731361,
            43.41902695227369
          ],
          [
            51.37655381217732,
            43.41890979044842
          ],
          [
            51.376647477041054,
            43.41879262862314
          ],
          [
            51.37674114190479,
            43.41867546679786
          ],
          [
            51.37683480676852,
            43.41855830497258
          ],
          [
            51.37692847163225,
            43.4184411431473
          ],
          [
            51.37702213649598,
            43.41832398132202
          ],
          [
            51.377115801359714,
            43.418206819496746
          ],
          [
            51.37720946622345,
            43.41808965767146
          ],
          [
            51.377303131087174,
            43.41797249584619
          ],
          [
            51.3773967959509,
            43.41785533402091
          ],
          [
            51.37749046081463,
            43.41773817219563
          ],
          [
            51.37758412567836,
            43.41762101037036
          ],
          [
            51.377677790542094,
            43.41750384854508
          ],
          [
            51.37777145540583,
            43.417386686719794
          ],
          [
            51.377865120269554,
            43.417269524894536
          ],
          [
            51.37795878513329,
            43.41715236306925
          ],
          [
            51.378052449997014,
            43.41703520124396
          ],
          [
            51.37814611486075,
            43.416918039418704
          ],
          [
            51.37823977972447,
            43.41680087759342
          ],
          [
            51.37833344458821,
            43.41668371576814
          ],
          [
            51.37842710945194,
            43.41656655394287
          ],
          [
            51.37852077431566,
            43.41644939211759
          ],
          [
            51.378614439179394,
            43.416332230292305
          ],
          [
            51.378708104043135,
            43.41621506846704
          ],
          [
            51.37880176890686,
            43.41609790664175
          ],
          [
            51.378895433770595,
            43.41598074481647
          ],
          [
            51.37898909863432,
            43.41586358299121
          ],
          [
            51.37908276349805,
            43.41574642116592
          ],
          [
            51.37917642836178,
            43.41562925934064
          ],
          [
            51.379270093225514,
            43.41551209751537
          ],
          [
            51.37936375808925,
            43.41539493569009
          ],
          [
            51.379457422952974,
            43.41527777386481
          ],
          [
            51.3795510878167,
            43.41516061203953
          ],
          [
            51.379644752680434,
            43.415043450214256
          ],
          [
            51.37973841754417,
            43.41492628838897
          ],
          [
            51.3798320824079,
            43.41480912656371
          ],
          [
            51.379925747271635,
            43.414691964738424
          ],
          [
            51.38001941213536,
            43.41457480291315
          ],
          [
            51.38011307699909,
            43.41445764108787
          ],
          [
            51.380206741862814,
            43.41434047926259
          ],
          [
            51.380300406726555,
            43.41422331743732
          ],
          [
            51.38039407159029,
            43.41410615561204
          ],
          [
            51.380487736454015,
            43.41398899378676
          ],
          [
            51.38058140131775,
            43.41387183196148
          ],
          [
            51.380675066181475,
            43.41375467013621
          ],
          [
            51.380768731045194,
            43.413637508310934
          ],
          [
            51.38086239590893,
            43.41352034648565
          ],
          [
            51.38095606077267,
            43.413403184660375
          ],
          [
            51.381049725636394,
            43.413286022835095
          ],
          [
            51.38114339050013,
            43.41316886100982
          ],
          [
            51.381237055363854,
            43.41305169918454
          ],
          [
            51.38133072022759,
            43.41293453735926
          ],
          [
            51.381424385091314,
            43.41281737553398
          ],
          [
            51.381518049955055,
            43.41270021370871
          ],
          [
            51.38161171481879,
            43.41258305188343
          ],
          [
            51.3817053796825,
            43.41246589005815
          ],
          [
            51.381799044546234,
            43.41234872823288
          ],
          [
            51.381892709409975,
            43.41223156640759
          ],
          [
            51.381986374273694,
            43.41211440458232
          ],
          [
            51.382080039137435,
            43.41199724275705
          ],
          [
            51.38217370400116,
            43.411880080931766
          ],
          [
            51.38226736886489,
            43.41176291910649
          ],
          [
            51.38236103372863,
            43.411645757281214
          ],
          [
            51.382454698592355,
            43.41152859545594
          ],
          [
            51.382548363456095,
            43.411411433630654
          ],
          [
            51.38264202831981,
            43.41129427180538
          ],
          [
            51.38273569318354,
            43.4111771099801
          ],
          [
            51.382829358047275,
            43.41105994815482
          ],
          [
            51.382923022911,
            43.41094278632955
          ],
          [
            51.383016687774735,
            43.41082562450427
          ],
          [
            51.38311035263847,
            43.41070846267899
          ],
          [
            51.38320401750221,
            43.41059130085372
          ],
          [
            51.383297682365935,
            43.41047413902843
          ],
          [
            51.383391347229654,
            43.41035697720316
          ],
          [
            51.38348501209339,
            43.410239815377885
          ],
          [
            51.38357867695712,
            43.410122653552605
          ],
          [
            51.38367234182084,
            43.410005491727325
          ],
          [
            51.38376600668458,
            43.40988832990205
          ],
          [
            51.383859671548315,
            43.409771168076766
          ],
          [
            51.38395333641204,
            43.40965400625149
          ],
          [
            51.384047001275775,
            43.40953684442621
          ],
          [
            51.38414066613951,
            43.40941968260094
          ],
          [
            51.38423433100323,
            43.409302520775654
          ],
          [
            51.384327995866954,
            43.409185358950396
          ],
          [
            51.384421660730695,
            43.40906819712511
          ],
          [
            51.38451532559442,
            43.40895103529983
          ],
          [
            51.384608990458155,
            43.408833873474556
          ],
          [
            51.38470265532189,
            43.40871671164928
          ],
          [
            51.38479632018562,
            43.408599549824
          ],
          [
            51.38488998504935,
            43.408482387998724
          ],
          [
            51.38498364991307,
            43.40836522617344
          ],
          [
            51.38507731477681,
            43.408248064348165
          ],
          [
            51.385170979640534,
            43.408130902522885
          ],
          [
            51.38526464450427,
            43.40801374069761
          ],
          [
            51.385358309367994,
            43.40789657887233
          ],
          [
            51.385451974231735,
            43.40777941704706
          ],
          [
            51.38554563909546,
            43.40766225522177
          ],
          [
            51.385639303959195,
            43.4075450933965
          ],
          [
            51.38573296882293,
            43.40742793157123
          ],
          [
            51.385826633686655,
            43.40731076974594
          ],
          [
            51.385920298550374,
            43.40719360792066
          ],
          [
            51.386013963414115,
            43.40707644609539
          ],
          [
            51.38610762827785,
            43.40695928427011
          ],
          [
            51.38620129314157,
            43.40684212244484
          ],
          [
            51.38629495800531,
            43.40672496061956
          ],
          [
            51.386388622869035,
            43.40660779879428
          ],
          [
            51.38648228773277,
            43.406490636969004
          ],
          [
            51.386575952596495,
            43.40637347514373
          ],
          [
            51.386669617460235,
            43.406256313318444
          ],
          [
            51.38676328232397,
            43.40613915149317
          ],
          [
            51.38685694718768,
            43.40602198966789
          ],
          [
            51.386950612051415,
            43.40590482784261
          ],
          [
            51.387044276915155,
            43.40578766601734
          ],
          [
            51.38713794177888,
            43.40567050419207
          ],
          [
            51.38723160664261,
            43.40555334236678
          ],
          [
            51.38732527150635,
            43.40543618054151
          ],
          [
            51.38741893637008,
            43.405319018716234
          ],
          [
            51.387512601233794,
            43.40520185689095
          ],
          [
            51.387606266097535,
            43.405084695065675
          ],
          [
            51.38769993096127,
            43.404967533240395
          ],
          [
            51.387793595824995,
            43.404850371415115
          ],
          [
            51.38788726068873,
            43.40473320958984
          ],
          [
            51.38798092555246,
            43.40461604776456
          ],
          [
            51.38807459041619,
            43.40449888593928
          ],
          [
            51.388168255279915,
            43.404381724114
          ],
          [
            51.38826192014365,
            43.40426456228874
          ],
          [
            51.38835558500738,
            43.404147400463444
          ],
          [
            51.3884492498711,
            43.40403023863818
          ],
          [
            51.388542914734835,
            43.403913076812906
          ],
          [
            51.38863657959857,
            43.403795914987626
          ],
          [
            51.3887302444623,
            43.403678753162346
          ],
          [
            51.38882390932603,
            43.40356159133707
          ],
          [
            51.38891757418976,
            43.403444429511794
          ],
          [
            51.389011239053495,
            43.403327267686514
          ],
          [
            51.38910490391722,
            43.40321010586124
          ],
          [
            51.389198568780955,
            43.403092944035954
          ],
          [
            51.38929223364469,
            43.40297578221068
          ],
          [
            51.389385898508415,
            43.40285862038541
          ],
          [
            51.389479563372134,
            43.40274145856012
          ],
          [
            51.389573228235875,
            43.40262429673484
          ],
          [
            51.38966689309961,
            43.40250713490957
          ],
          [
            51.389760557963335,
            43.4023899730843
          ],
          [
            51.389854222827076,
            43.40227281125902
          ],
          [
            51.38994788769081,
            43.40215564943374
          ],
          [
            51.39004155255453,
            43.40203848760845
          ],
          [
            51.390135217418255,
            43.40192132578318
          ],
          [
            51.39022888228199,
            43.40180416395791
          ],
          [
            51.39032254714572,
            43.40168700213263
          ],
          [
            51.39041621200945,
            43.40156984030736
          ],
          [
            51.390509876873175,
            43.40145267848208
          ],
          [
            51.390603541736915,
            43.40133551665679
          ],
          [
            51.390697206600635,
            43.40121835483152
          ],
          [
            51.390790871464375,
            43.40110119300625
          ],
          [
            51.39088453632811,
            43.40098403118097
          ],
          [
            51.39097820119184,
            43.40086686935569
          ],
          [
            51.39107186605556,
            43.40074970753041
          ],
          [
            51.39116553091929,
            43.40063254570513
          ],
          [
            51.39125919578303,
            43.400515383879856
          ],
          [
            51.391352860646755,
            43.400398222054584
          ],
          [
            51.39144652551049,
            43.400281060229304
          ],
          [
            51.39154019037422,
            43.400163898404024
          ],
          [
            51.39163385523795,
            43.400046736578744
          ],
          [
            51.39172752010167,
            43.399929574753465
          ],
          [
            51.391821184965416,
            43.39981241292819
          ],
          [
            51.39191484982915,
            43.39969525110291
          ],
          [
            51.39200851469287,
            43.39957808927763
          ],
          [
            51.3921021795566,
            43.39946092745235
          ],
          [
            51.392195844420336,
            43.39934376562709
          ],
          [
            51.392289509284055,
            43.39922660380181
          ],
          [
            51.39238317414779,
            43.39910944197653
          ],
          [
            51.39247683901153,
            43.398992280151255
          ],
          [
            51.392570503875255,
            43.398875118325975
          ],
          [
            51.392664168738975,
            43.398757956500695
          ],
          [
            51.392757833602715,
            43.39864079467542
          ],
          [
            51.39285149846645,
            43.398523632850136
          ],
          [
            51.392945163330175,
            43.39840647102486
          ],
          [
            51.39303882819391,
            43.39828930919958
          ],
          [
            51.393132493057635,
            43.398172147374304
          ],
          [
            51.39322615792137,
            43.39805498554903
          ],
          [
            51.3933198227851,
            43.39793782372375
          ],
          [
            51.39341348764883,
            43.39782066189848
          ],
          [
            51.39350715251256,
            43.3977035000732
          ],
          [
            51.39360081737628,
            43.39758633824792
          ],
          [
            51.393694482240015,
            43.39746917642264
          ],
          [
            51.393788147103756,
            43.39735201459737
          ],
          [
            51.39388181196748,
            43.39723485277209
          ],
          [
            51.39397547683121,
            43.39711769094681
          ],
          [
            51.39406914169494,
            43.39700052912153
          ],
          [
            51.39416280655868,
            43.39688336729626
          ],
          [
            51.3942564714224,
            43.39676620547097
          ],
          [
            51.39435013628612,
            43.39664904364571
          ],
          [
            51.39444380114986,
            43.39653188182043
          ],
          [
            51.394537466013595,
            43.39641471999515
          ],
          [
            51.39463113087733,
            43.39629755816987
          ],
          [
            51.394724795741055,
            43.3961803963446
          ],
          [
            51.39481846060479,
            43.39606323451932
          ],
          [
            51.394912125468515,
            43.39594607269404
          ],
          [
            51.39500579033225,
            43.395828910868765
          ],
          [
            51.39509945519599,
            43.39571174904348
          ],
          [
            51.395193120059716,
            43.395594587218206
          ],
          [
            51.395286784923435,
            43.39547742539293
          ],
          [
            51.39538044978716,
            43.395360263567646
          ],
          [
            51.395474114650895,
            43.39524310174237
          ],
          [
            51.39556777951463,
            43.3951259399171
          ],
          [
            51.39566144437836,
            43.39500877809182
          ],
          [
            51.395755109242096,
            43.39489161626654
          ],
          [
            51.39584877410582,
            43.394774454441276
          ],
          [
            51.395942438969556,
            43.39465729261598
          ],
          [
            51.39603610383329,
            43.3945401307907
          ],
          [
            51.39612976869701,
            43.394422968965436
          ],
          [
            51.39622343356074,
            43.39430580714016
          ],
          [
            51.39631709842447,
            43.394188645314884
          ],
          [
            51.3964107632882,
            43.3940714834896
          ],
          [
            51.396504428151935,
            43.393954321664324
          ],
          [
            51.39659809301566,
            43.393837159839045
          ],
          [
            51.3966917578794,
            43.39371999801377
          ],
          [
            51.39678542274313,
            43.39360283618849
          ],
          [
            51.39687908760686,
            43.393485674363205
          ],
          [
            51.396972752470596,
            43.39336851253794
          ],
          [
            51.397066417334315,
            43.39325135071265
          ],
          [
            51.39716008219804,
            43.39313418888738
          ],
          [
            51.39725374706178,
            43.3930170270621
          ],
          [
            51.39734741192552,
            43.39289986523682
          ],
          [
            51.39744107678924,
            43.39278270341155
          ],
          [
            51.39753474165297,
            43.39266554158627
          ],
          [
            51.39762840651671,
            43.39254837976099
          ],
          [
            51.397722071380436,
            43.39243121793571
          ],
          [
            51.39781573624417,
            43.392314056110436
          ],
          [
            51.397909401107896,
            43.392196894285156
          ],
          [
            51.39800306597163,
            43.392079732459884
          ],
          [
            51.398096730835356,
            43.3919625706346
          ],
          [
            51.39819039569909,
            43.391845408809324
          ],
          [
            51.39828406056282,
            43.39172824698405
          ],
          [
            51.39837772542654,
            43.39161108515877
          ],
          [
            51.39847139029028,
            43.3914939233335
          ],
          [
            51.398565055154016,
            43.39137676150822
          ],
          [
            51.398658720017735,
            43.39125959968294
          ],
          [
            51.39875238488147,
            43.39114243785766
          ],
          [
            51.398846049745195,
            43.39102527603239
          ],
          [
            51.398939714608936,
            43.39090811420711
          ],
          [
            51.39903337947266,
            43.390790952381835
          ],
          [
            51.39912704433639,
            43.390673790556555
          ],
          [
            51.39922070920013,
            43.390556628731275
          ],
          [
            51.399314374063856,
            43.390439466905995
          ],
          [
            51.399408038927575,
            43.39032230508072
          ],
          [
            51.399501703791316,
            43.39020514325544
          ],
          [
            51.39959536865504,
            43.39008798143016
          ],
          [
            51.399689033518776,
            43.38997081960489
          ],
          [
            51.3997826983825,
            43.389853657779604
          ],
          [
            51.39987636324624,
            43.38973649595433
          ],
          [
            51.39997002810996,
            43.38961933412906
          ],
          [
            51.40006369297369,
            43.38950217230377
          ],
          [
            51.40015735783743,
            43.3893850104785
          ],
          [
            51.40025102270116,
            43.38926784865323
          ],
          [
            51.400344687564896,
            43.389150686827946
          ],
          [
            51.400438352428615,
            43.389033525002674
          ],
          [
            51.40053201729235,
            43.3889163631774
          ],
          [
            51.400625682156075,
            43.38879920135212
          ],
          [
            51.40071934701981,
            43.38868203952684
          ],
          [
            51.40081301188355,
            43.38856487770156
          ],
          [
            51.400906676747276,
            43.38844771587629
          ],
          [
            51.401000341610995,
            43.38833055405101
          ],
          [
            51.401094006474736,
            43.38821339222573
          ],
          [
            51.40118767133848,
            43.38809623040046
          ],
          [
            51.401281336202196,
            43.38797906857517
          ],
          [
            51.40137500106592,
            43.387861906749905
          ],
          [
            51.40146866592965,
            43.38774474492462
          ],
          [
            51.40156233079338,
            43.38762758309934
          ],
          [
            51.401655995657116,
            43.387510421274065
          ],
          [
            51.40174966052085,
            43.387393259448785
          ],
          [
            51.40184332538458,
            43.387276097623506
          ],
          [
            51.401936990248316,
            43.38715893579823
          ],
          [
            51.40203065511203,
            43.387041773972946
          ],
          [
            51.40212431997577,
            43.38692461214767
          ],
          [
            51.402217984839496,
            43.386807450322394
          ],
          [
            51.40231164970322,
            43.38669028849712
          ],
          [
            51.40240531456696,
            43.38657312667185
          ],
          [
            51.402498979430696,
            43.386455964846576
          ],
          [
            51.402592644294415,
            43.38633880302129
          ],
          [
            51.402686309158156,
            43.38622164119601
          ],
          [
            51.40277997402189,
            43.386104479370736
          ],
          [
            51.40287363888561,
            43.38598731754546
          ],
          [
            51.40296730374934,
            43.38587015572018
          ],
          [
            51.403060968613076,
            43.385752993894904
          ],
          [
            51.4031546334768,
            43.38563583206963
          ],
          [
            51.40324829834053,
            43.385518670244345
          ],
          [
            51.40334196320427,
            43.38540150841907
          ],
          [
            51.403435628068,
            43.38528434659379
          ],
          [
            51.40352929293173,
            43.38516718476851
          ],
          [
            51.40362295779546,
            43.38505002294324
          ],
          [
            51.403716622659196,
            43.38493286111796
          ],
          [
            51.403810287522916,
            43.38481569929268
          ],
          [
            51.40390395238665,
            43.38469853746741
          ],
          [
            51.40399761725038,
            43.38458137564213
          ],
          [
            51.404091282114116,
            43.38446421381685
          ],
          [
            51.404184946977836,
            43.38434705199158
          ],
          [
            51.40427861184157,
            43.384229890166296
          ],
          [
            51.4043722767053,
            43.38411272834102
          ],
          [
            51.404465941569036,
            43.38399556651575
          ],
          [
            51.404559606432755,
            43.38387840469047
          ],
          [
            51.404653271296496,
            43.38376124286519
          ],
          [
            51.40474693616022,
            43.38364408103991
          ],
          [
            51.404840601023956,
            43.38352691921463
          ],
          [
            51.40493426588769,
            43.38340975738935
          ],
          [
            51.40502793075142,
            43.383292595564086
          ],
          [
            51.40512159561516,
            43.383175433738806
          ],
          [
            51.405215260478876,
            43.38305827191352
          ],
          [
            51.40530892534262,
            43.38294111008825
          ],
          [
            51.40540259020634,
            43.38282394826297
          ],
          [
            51.40549625507006,
            43.38270678643769
          ],
          [
            51.4055899199338,
            43.382589624612415
          ],
          [
            51.405683584797536,
            43.382472462787135
          ],
          [
            51.405777249661256,
            43.38235530096185
          ],
          [
            51.40587091452499,
            43.38223813913658
          ],
          [
            51.40596457938873,
            43.3821209773113
          ],
          [
            51.406058244252456,
            43.38200381548602
          ],
          [
            51.40615190911619,
            43.38188665366074
          ],
          [
            51.406245573979916,
            43.38176949183547
          ],
          [
            51.40633923884364,
            43.3816523300102
          ],
          [
            51.40643290370737,
            43.38153516818492
          ],
          [
            51.4065265685711,
            43.381418006359645
          ],
          [
            51.40662023343484,
            43.38130084453436
          ],
          [
            51.40671389829857,
            43.381183682709086
          ],
          [
            51.406807563162296,
            43.38106652088381
          ],
          [
            51.40690122802603,
            43.38094935905853
          ],
          [
            51.40699489288976,
            43.380832197233254
          ],
          [
            51.4070885577535,
            43.380715035407974
          ],
          [
            51.40718222261722,
            43.380597873582694
          ],
          [
            51.40727588748095,
            43.38048071175742
          ],
          [
            51.407369552344676,
            43.38036354993214
          ],
          [
            51.40746321720841,
            43.38024638810686
          ],
          [
            51.40755688207214,
            43.38012922628159
          ],
          [
            51.407650546935876,
            43.38001206445632
          ],
          [
            51.4077442117996,
            43.37989490263103
          ],
          [
            51.40783787666333,
            43.37977774080576
          ],
          [
            51.40793154152707,
            43.37966057898048
          ],
          [
            51.40802520639079,
            43.3795434171552
          ],
          [
            51.40811887125452,
            43.37942625532993
          ],
          [
            51.408212536118256,
            43.379309093504645
          ],
          [
            51.40830620098198,
            43.37919193167937
          ],
          [
            51.408399865845716,
            43.37907476985409
          ],
          [
            51.40849353070944,
            43.37895760802881
          ],
          [
            51.40858719557318,
            43.37884044620354
          ],
          [
            51.40868086043691,
            43.37872328437826
          ],
          [
            51.40877452530064,
            43.37860612255299
          ],
          [
            51.40886819016437,
            43.37848896072771
          ],
          [
            51.4089618550281,
            43.37837179890243
          ],
          [
            51.40905551989183,
            43.37825463707715
          ],
          [
            51.40914918475556,
            43.378137475251876
          ],
          [
            51.4092428496193,
            43.378020313426596
          ],
          [
            51.409336514483016,
            43.377903151601316
          ],
          [
            51.40943017934676,
            43.377785989776044
          ],
          [
            51.40952384421048,
            43.37766882795076
          ],
          [
            51.409617509074224,
            43.377551666125484
          ],
          [
            51.40971117393794,
            43.37743450430021
          ],
          [
            51.409804838801676,
            43.377317342474925
          ],
          [
            51.40989850366541,
            43.377200180649645
          ],
          [
            51.409992168529136,
            43.37708301882438
          ],
          [
            51.41008583339287,
            43.37696585699909
          ],
          [
            51.4101794982566,
            43.37684869517381
          ],
          [
            51.41027316312033,
            43.37673153334853
          ],
          [
            51.41036682798406,
            43.376614371523274
          ],
          [
            51.41046049284779,
            43.37649720969799
          ],
          [
            51.410554157711516,
            43.376380047872715
          ],
          [
            51.41064782257525,
            43.37626288604744
          ],
          [
            51.410741487438976,
            43.376145724222155
          ],
          [
            51.41083515230272,
            43.376028562396876
          ],
          [
            51.41092881716644,
            43.375911400571596
          ],
          [
            51.41102248203018,
            43.375794238746316
          ],
          [
            51.4111161468939,
            43.37567707692104
          ],
          [
            51.41120981175764,
            43.37555991509577
          ],
          [
            51.41130347662137,
            43.375442753270484
          ],
          [
            51.4113971414851,
            43.37532559144521
          ],
          [
            51.41149080634882,
            43.37520842961993
          ],
          [
            51.41158447121255,
            43.37509126779466
          ],
          [
            51.41167813607628,
            43.37497410596938
          ],
          [
            51.411771800940016,
            43.3748569441441
          ],
          [
            51.41186546580375,
            43.37473978231883
          ],
          [
            51.41195913066748,
            43.37462262049355
          ],
          [
            51.41205279553121,
            43.37450545866828
          ],
          [
            51.412146460394936,
            43.37438829684299
          ],
          [
            51.41224012525868,
            43.37427113501772
          ],
          [
            51.412333790122396,
            43.37415397319244
          ],
          [
            51.41242745498614,
            43.37403681136716
          ],
          [
            51.412521119849856,
            43.37391964954189
          ],
          [
            51.41261478471359,
            43.37380248771661
          ],
          [
            51.41270844957732,
            43.37368532589133
          ],
          [
            51.41280211444106,
            43.37356816406606
          ],
          [
            51.41289577930479,
            43.37345100224078
          ],
          [
            51.41298944416851,
            43.37333384041549
          ],
          [
            51.41308310903225,
            43.373216678590225
          ],
          [
            51.41317677389598,
            43.373099516764945
          ],
          [
            51.413270438759696,
            43.372982354939666
          ],
          [
            51.41336410362344,
            43.372865193114386
          ],
          [
            51.41345776848717,
            43.37274803128911
          ],
          [
            51.4135514333509,
            43.37263086946383
          ],
          [
            51.41364509821463,
            43.372513707638554
          ],
          [
            51.41373876307836,
            43.37239654581328
          ],
          [
            51.41383242794209,
            43.372279383987994
          ],
          [
            51.413926092805816,
            43.372162222162714
          ],
          [
            51.414019757669564,
            43.37204506033744
          ],
          [
            51.414113422533276,
            43.37192789851217
          ],
          [
            51.41420708739701,
            43.37181073668689
          ],
          [
            51.41430075226074,
            43.37169357486162
          ],
          [
            51.41439441712448,
            43.37157641303633
          ],
          [
            51.4144880819882,
            43.371459251211064
          ],
          [
            51.41458174685194,
            43.371342089385784
          ],
          [
            51.41467541171567,
            43.371224927560505
          ],
          [
            51.41476907657939,
            43.37110776573523
          ],
          [
            51.41486274144312,
            43.37099060390996
          ],
          [
            51.41495640630685,
            43.37087344208467
          ],
          [
            51.41505007117059,
            43.37075628025939
          ],
          [
            51.41514373603431,
            43.37063911843412
          ],
          [
            51.41523740089805,
            43.37052195660884
          ],
          [
            51.41533106576178,
            43.37040479478356
          ],
          [
            51.41542473062551,
            43.37028763295829
          ],
          [
            51.41551838842207,
            43.37017046538465
          ],
          [
            51.41561196803149,
            43.37005323421446
          ],
          [
            51.41570549810508,
            43.369935962752386
          ],
          [
            51.41579900530624,
            43.36981867268612
          ],
          [
            51.4158925143104,
            43.36970138408639
          ],
          [
            51.415986047805,
            43.369584115406916
          ],
          [
            51.41607962648955,
            43.36946688348445
          ],
          [
            51.41617326907559,
            43.36934970353875
          ],
          [
            51.41626699228673,
            43.36923258917261
          ],
          [
            51.41636081085856,
            43.369115552371795
          ],
          [
            51.41645473753877,
            43.36899860350513
          ],
          [
            51.416548783087066,
            43.36888175132445
          ],
          [
            51.41664295627516,
            43.368765002964594
          ],
          [
            51.4167372638869,
            43.36864836394341
          ],
          [
            51.41683171071807,
            43.36853183816178
          ],
          [
            51.416926299576566,
            43.368415427903585
          ],
          [
            51.4170210312823,
            43.36829913383576
          ],
          [
            51.4171159046672,
            43.368182955008194
          ],
          [
            51.41721091657528,
            43.368066888853846
          ],
          [
            51.41730606186256,
            43.367950931188666
          ],
          [
            51.41740133339714,
            43.36783507621163
          ],
          [
            51.41749672205911,
            43.36771931650471
          ],
          [
            51.41759221674063,
            43.36760364303293
          ],
          [
            51.41768780434591,
            43.3674880451443
          ],
          [
            51.417783469791175,
            43.367372510569844
          ],
          [
            51.41787919600471,
            43.36725702542364
          ],
          [
            51.41797496392684,
            43.36714157420272
          ],
          [
            51.41807075250992,
            43.367026139787214
          ],
          [
            51.41816653871836,
            43.36691070344019
          ],
          [
            51.418262297528585,
            43.36679524480776
          ],
          [
            51.41835800192909,
            43.36667974191907
          ],
          [
            51.41845363268562,
            43.36656417912919
          ],
          [
            51.41854926344215,
            43.366448616339305
          ],
          [
            51.41864489419868,
            43.366333053549425
          ],
          [
            51.41874052495521,
            43.366217490759546
          ],
          [
            51.418836155711745,
            43.366101927969666
          ],
          [
            51.41893178646828,
            43.36598636517977
          ],
          [
            51.41902741722481,
            43.36587080238991
          ],
          [
            51.41912304798134,
            43.36575523960001
          ],
          [
            51.41921867873786,
            43.365639676810126
          ],
          [
            51.4193143094944,
            43.36552411402025
          ],
          [
            51.41940994025094,
            43.365408551230374
          ],
          [
            51.41950557100748,
            43.36529298844049
          ],
          [
            51.41960120176399,
            43.365177425650614
          ],
          [
            51.419696832520515,
            43.36506186286072
          ],
          [
            51.419792463277055,
            43.364946300070834
          ],
          [
            51.419888094033595,
            43.36483073728096
          ],
          [
            51.419983724790114,
            43.364715174491074
          ],
          [
            51.42007935554665,
            43.364599611701195
          ],
          [
            51.42017498630319,
            43.36448404891132
          ],
          [
            51.420270617059714,
            43.36436848612143
          ],
          [
            51.42036624781623,
            43.36425292333155
          ],
          [
            51.42046187857277,
            43.36413736054167
          ],
          [
            51.420557509329306,
            43.36402179775178
          ],
          [
            51.42065314008583,
            43.3639062349619
          ],
          [
            51.42074877084237,
            43.36379067217202
          ],
          [
            51.42084440159889,
            43.36367510938214
          ],
          [
            51.420940032355425,
            43.363559546592256
          ],
          [
            51.42103566311195,
            43.36344398380238
          ],
          [
            51.42113129386849,
            43.36332842101249
          ],
          [
            51.42122692462502,
            43.36321285822261
          ],
          [
            51.42132255538155,
            43.36309729543272
          ],
          [
            51.421418186138084,
            43.36298173264285
          ],
          [
            51.42151381689462,
            43.362866169852964
          ],
          [
            51.421609447651136,
            43.362750607063084
          ],
          [
            51.42170507840767,
            43.3626350442732
          ],
          [
            51.4218007091642,
            43.36251948148332
          ],
          [
            51.42189633992074,
            43.36240391869343
          ],
          [
            51.42199197067727,
            43.36228835590356
          ],
          [
            51.4220876014338,
            43.362172793113665
          ],
          [
            51.42218323219033,
            43.36205723032379
          ],
          [
            51.42227886294686,
            43.361941667533905
          ],
          [
            51.422374493703394,
            43.36182610474402
          ],
          [
            51.42247012445992,
            43.361710541954146
          ],
          [
            51.42256575521645,
            43.361594979164266
          ],
          [
            51.42266138597299,
            43.36147941637438
          ],
          [
            51.42275701672952,
            43.36136385358449
          ],
          [
            51.422852647486046,
            43.36124829079461
          ],
          [
            51.42294827824258,
            43.36113272800473
          ],
          [
            51.42304390899911,
            43.361017165214854
          ],
          [
            51.423139539755645,
            43.36090160242497
          ],
          [
            51.42323517051217,
            43.36078603963509
          ],
          [
            51.4233308012687,
            43.36067047684521
          ],
          [
            51.42342643202523,
            43.36055491405532
          ],
          [
            51.423522062781764,
            43.36043935126544
          ],
          [
            51.4236176935383,
            43.36032378847556
          ],
          [
            51.42371332429482,
            43.360208225685675
          ],
          [
            51.423808955051356,
            43.360092662895795
          ],
          [
            51.42390458580788,
            43.359977100105915
          ],
          [
            51.42400021656441,
            43.35986153731603
          ],
          [
            51.42409584732094,
            43.35974597452615
          ],
          [
            51.424191478077475,
            43.35963041173627
          ],
          [
            51.424287108834015,
            43.35951484894639
          ],
          [
            51.42438273959054,
            43.3593992861565
          ],
          [
            51.424478370347074,
            43.359283723366616
          ],
          [
            51.42457400110359,
            43.35916816057674
          ],
          [
            51.424669631860134,
            43.35905259778686
          ],
          [
            51.42476526261666,
            43.35893703499698
          ],
          [
            51.42486089337319,
            43.35882147220709
          ],
          [
            51.424956524129726,
            43.35870590941721
          ],
          [
            51.42505215488625,
            43.35859034662733
          ],
          [
            51.42514778564279,
            43.35847478383745
          ],
          [
            51.42524341639931,
            43.35835922104756
          ],
          [
            51.42533904715585,
            43.358243658257685
          ],
          [
            51.425434677912385,
            43.3581280954678
          ],
          [
            51.42553030866891,
            43.35801253267791
          ],
          [
            51.42562593942545,
            43.35789696988804
          ],
          [
            51.42572157018197,
            43.35778140709816
          ],
          [
            51.4258172009385,
            43.357665844308265
          ],
          [
            51.42591283169504,
            43.3575502815184
          ],
          [
            51.42600846245156,
            43.357434718728506
          ],
          [
            51.426104093208096,
            43.35731915593862
          ],
          [
            51.42619972396462,
            43.357203593148746
          ],
          [
            51.426295354721155,
            43.35708803035886
          ],
          [
            51.42639098547769,
            43.35697246756898
          ],
          [
            51.426486616234214,
            43.3568569047791
          ],
          [
            51.42658224699075,
            43.35674134198921
          ],
          [
            51.42667787774729,
            43.35662577919933
          ],
          [
            51.426773508503814,
            43.356510216409454
          ],
          [
            51.42686913926035,
            43.35639465361957
          ],
          [
            51.42696477001687,
            43.35627909082969
          ],
          [
            51.42706040077341,
            43.3561635280398
          ],
          [
            51.42715603152994,
            43.35604796524992
          ],
          [
            51.42725166228647,
            43.35593240246004
          ],
          [
            51.42734729304301,
            43.35581683967016
          ],
          [
            51.42744292379953,
            43.355701276880275
          ],
          [
            51.427538554556065,
            43.355585714090395
          ],
          [
            51.427634185312584,
            43.355470151300516
          ],
          [
            51.42772981606912,
            43.355354588510636
          ],
          [
            51.42782544682566,
            43.35523902572074
          ],
          [
            51.427921077582184,
            43.35512346293088
          ],
          [
            51.42801670833872,
            43.35500790014098
          ],
          [
            51.42811233909525,
            43.3548923373511
          ],
          [
            51.42820796985177,
            43.354776774561216
          ],
          [
            51.4283036006083,
            43.35466121177133
          ],
          [
            51.42839923136484,
            43.35454564898145
          ],
          [
            51.428494862121376,
            43.354430086191584
          ],
          [
            51.4285904928779,
            43.35431452340169
          ],
          [
            51.428686123634435,
            43.354198960611804
          ],
          [
            51.42878175439096,
            43.35408339782193
          ],
          [
            51.428877385147494,
            43.353967835032044
          ],
          [
            51.42897301590402,
            43.353852272242165
          ],
          [
            51.429068646660554,
            43.35373670945228
          ],
          [
            51.429164277417094,
            43.3536211466624
          ],
          [
            51.42925990817362,
            43.35350558387251
          ],
          [
            51.42935553893015,
            43.353390021082646
          ],
          [
            51.42945116968667,
            43.35327445829275
          ],
          [
            51.42954680044321,
            43.35315889550287
          ],
          [
            51.429642431199746,
            43.353043332712986
          ],
          [
            51.42973806195627,
            43.352927769923106
          ],
          [
            51.429833692712805,
            43.352812207133226
          ],
          [
            51.42992932346933,
            43.35269664434335
          ],
          [
            51.43002495422586,
            43.35258108155346
          ],
          [
            51.4301205849824,
            43.35246551876358
          ],
          [
            51.43021621573892,
            43.3523499559737
          ],
          [
            51.43031184649546,
            43.35223439318382
          ],
          [
            51.43040747725199,
            43.35211883039393
          ],
          [
            51.430503108008516,
            43.352003267604054
          ],
          [
            51.43059873876504,
            43.35188770481417
          ],
          [
            51.43069436952158,
            43.35177214202429
          ],
          [
            51.43079000027811,
            43.35165657923441
          ],
          [
            51.43088563103465,
            43.35154101644453
          ],
          [
            51.430981261791175,
            43.35142545365464
          ],
          [
            51.4310768925477,
            43.35130989086476
          ],
          [
            51.431172523304234,
            43.35119432807488
          ],
          [
            51.43126815406077,
            43.351078765284996
          ],
          [
            51.4313637848173,
            43.350963202495116
          ],
          [
            51.431459415573826,
            43.350847639705236
          ],
          [
            51.43155504633036,
            43.35073207691535
          ],
          [
            51.43165067708689,
            43.35061651412547
          ],
          [
            51.431746307843426,
            43.35050095133558
          ],
          [
            51.431841938599945,
            43.3503853885457
          ],
          [
            51.431937569356485,
            43.350269825755824
          ],
          [
            51.43203320011301,
            43.35015426296594
          ],
          [
            51.432128830869544,
            43.35003870017606
          ],
          [
            51.43222446162608,
            43.34992313738617
          ],
          [
            51.432320092382604,
            43.34980757459629
          ],
          [
            51.43241572313914,
            43.349692011806404
          ],
          [
            51.43251135389567,
            43.34957644901653
          ],
          [
            51.43260698465221,
            43.349460886226645
          ],
          [
            51.43270261540872,
            43.349345323436765
          ],
          [
            51.43279824616526,
            43.349229760646885
          ],
          [
            51.432893876921796,
            43.349114197857
          ],
          [
            51.43298950767832,
            43.34899863506711
          ],
          [
            51.43308513843485,
            43.34888307227724
          ],
          [
            51.43318076919139,
            43.34876750948735
          ],
          [
            51.433276399947914,
            43.34865194669747
          ],
          [
            51.433372030704454,
            43.34853638390759
          ],
          [
            51.43346766146098,
            43.34842082111771
          ],
          [
            51.43356329221751,
            43.34830525832783
          ],
          [
            51.43365892297403,
            43.34818969553795
          ],
          [
            51.43375455373057,
            43.34807413274806
          ],
          [
            51.4338501844871,
            43.34795856995818
          ],
          [
            51.43394581524363,
            43.3478430071683
          ],
          [
            51.434041446000165,
            43.34772744437842
          ],
          [
            51.4341370767567,
            43.347611881588534
          ],
          [
            51.43423270751322,
            43.34749631879866
          ],
          [
            51.43432833826976,
            43.34738075600877
          ],
          [
            51.43442396902629,
            43.34726519321888
          ],
          [
            51.43451959978282,
            43.347149630429
          ],
          [
            51.43461523053935,
            43.34703406763913
          ],
          [
            51.43471086129587,
            43.346918504849235
          ],
          [
            51.43480649205241,
            43.34680294205937
          ],
          [
            51.43490212280894,
            43.346687379269476
          ],
          [
            51.434997753565476,
            43.34657181647959
          ],
          [
            51.43509338432201,
            43.346456253689716
          ],
          [
            51.435189015078535,
            43.34634069089982
          ],
          [
            51.43528464583507,
            43.34622512810995
          ],
          [
            51.435380276591594,
            43.34610956532006
          ],
          [
            51.435475907348135,
            43.34599400253019
          ],
          [
            51.435571538104654,
            43.3458784397403
          ],
          [
            51.43566716886119,
            43.345762876950424
          ],
          [
            51.43576279961773,
            43.34564731416053
          ],
          [
            51.43585843037425,
            43.34553175137066
          ],
          [
            51.43595406113078,
            43.34541618858078
          ],
          [
            51.436049691887305,
            43.34530062579089
          ],
          [
            51.436145322643846,
            43.34518506300101
          ],
          [
            51.43624095340037,
            43.34506950021113
          ],
          [
            51.436336584156905,
            43.344953937421245
          ],
          [
            51.436432214913445,
            43.344838374631365
          ],
          [
            51.436527845669964,
            43.344722811841486
          ],
          [
            51.4366234764265,
            43.344607249051606
          ],
          [
            51.43671910718302,
            43.34449168626171
          ],
          [
            51.436814737939564,
            43.34437612347185
          ],
          [
            51.43691036869609,
            43.34426056068195
          ],
          [
            51.43700599945263,
            43.34414499789207
          ],
          [
            51.43710163020916,
            43.34402943510219
          ],
          [
            51.437197260965675,
            43.343913872312314
          ],
          [
            51.43729289172221,
            43.34379830952242
          ],
          [
            51.43738852247875,
            43.34368274673255
          ],
          [
            51.43748415323528,
            43.34356718394266
          ],
          [
            51.43757978399181,
            43.343451621152774
          ],
          [
            51.437675414748334,
            43.3433360583629
          ],
          [
            51.43777104550487,
            43.34322049557302
          ],
          [
            51.4378666762614,
            43.343104932783135
          ],
          [
            51.43796230701794,
            43.34298936999325
          ],
          [
            51.43805793777446,
            43.342873807203375
          ],
          [
            51.43815356853099,
            43.34275824441349
          ],
          [
            51.438249199287526,
            43.34264268162361
          ],
          [
            51.43834483004406,
            43.342527118833715
          ],
          [
            51.43844046080058,
            43.34241155604384
          ],
          [
            51.43853609155711,
            43.342295993253956
          ],
          [
            51.43863172231365,
            43.342180430464076
          ],
          [
            51.438727353070185,
            43.34206486767419
          ],
          [
            51.43882298382671,
            43.34194930488432
          ],
          [
            51.43891861458324,
            43.34183374209443
          ],
          [
            51.43901424533977,
            43.34171817930455
          ],
          [
            51.4391098760963,
            43.34160261651466
          ],
          [
            51.43920550685283,
            43.34148705372479
          ],
          [
            51.43930113760936,
            43.3413714909349
          ],
          [
            51.439396768365896,
            43.34125592814503
          ],
          [
            51.43949239912243,
            43.34114036535513
          ],
          [
            51.43958802987895,
            43.34102480256526
          ],
          [
            51.43968366063548,
            43.34090923977538
          ],
          [
            51.439779291392014,
            43.3407936769855
          ],
          [
            51.439874922148555,
            43.340678114195605
          ],
          [
            51.43997055290508,
            43.34056255140573
          ],
          [
            51.440066183661614,
            43.340446988615845
          ],
          [
            51.44016181441814,
            43.340331425825966
          ],
          [
            51.440257445174666,
            43.340215863036086
          ],
          [
            51.440353075931206,
            43.340100300246206
          ],
          [
            51.44044870668773,
            43.33998473745631
          ],
          [
            51.440544337444265,
            43.33986917466644
          ],
          [
            51.44063996820079,
            43.33975361187656
          ],
          [
            51.44073559895733,
            43.339638049086666
          ],
          [
            51.440831229713844,
            43.339522486296794
          ],
          [
            51.440926860470384,
            43.339406923506914
          ],
          [
            51.441022491226924,
            43.33929136071703
          ],
          [
            51.44111812198345,
            43.33917579792714
          ],
          [
            51.44121375273999,
            43.33906023513726
          ],
          [
            51.44130938349651,
            43.338944672347374
          ],
          [
            51.44140501425304,
            43.338829109557494
          ],
          [
            51.441500645009576,
            43.33871354676762
          ],
          [
            51.44159627576611,
            43.33859798397773
          ],
          [
            51.44169190652265,
            43.338482421187855
          ],
          [
            51.44178753727917,
            43.338366858397976
          ],
          [
            51.4418831680357,
            43.33825129560808
          ],
          [
            51.44197879879223,
            43.3381357328182
          ],
          [
            51.442074429548754,
            43.33802017002832
          ],
          [
            51.44217006030529,
            43.33790460723844
          ],
          [
            51.44226569106182,
            43.337789044448556
          ],
          [
            51.44236132181836,
            43.33767348165868
          ],
          [
            51.44245695257489,
            43.3375579188688
          ],
          [
            51.44255258333141,
            43.33744235607892
          ],
          [
            51.44264821408794,
            43.33732679328903
          ],
          [
            51.44274384484448,
            43.33721123049915
          ],
          [
            51.44283947560101,
            43.337095667709264
          ],
          [
            51.44293510635754,
            43.336980104919384
          ],
          [
            51.44303073711407,
            43.3368645421295
          ],
          [
            51.443126367870605,
            43.33674897933962
          ],
          [
            51.44322199862714,
            43.33663341654974
          ],
          [
            51.44331762938366,
            43.33651785375986
          ],
          [
            51.4434132601402,
            43.33640229096997
          ],
          [
            51.44350889089672,
            43.3362867281801
          ],
          [
            51.443604521653256,
            43.33617116539021
          ],
          [
            51.44370015240979,
            43.336055602600325
          ],
          [
            51.443795783166316,
            43.33594003981045
          ],
          [
            51.44389141392285,
            43.33582447702056
          ],
          [
            51.44398704467938,
            43.33570891423068
          ],
          [
            51.444082675435915,
            43.33559335144081
          ],
          [
            51.444178306192434,
            43.33547778865092
          ],
          [
            51.444273936948974,
            43.33536222586103
          ],
          [
            51.44436956770551,
            43.33524666307115
          ],
          [
            51.444465198462034,
            43.33513110028127
          ],
          [
            51.44456082921856,
            43.33501553749139
          ],
          [
            51.44465645997509,
            43.33489997470151
          ],
          [
            51.44475209073163,
            43.33478441191162
          ],
          [
            51.44484772148816,
            43.33466884912174
          ],
          [
            51.44494335224469,
            43.33455328633186
          ],
          [
            51.44503898300121,
            43.334437723541974
          ],
          [
            51.445134613757745,
            43.334322160752095
          ],
          [
            51.44523024451429,
            43.334206597962215
          ],
          [
            51.44532587527082,
            43.33409103517233
          ],
          [
            51.445421506027344,
            43.33397547238245
          ],
          [
            51.44551713678387,
            43.333859909592576
          ],
          [
            51.44561276754041,
            43.33374434680268
          ],
          [
            51.44570839829693,
            43.33362878401281
          ],
          [
            51.44580402905346,
            43.33351322122292
          ],
          [
            51.44589965981,
            43.33339765843304
          ],
          [
            51.44599529056653,
            43.333282095643156
          ],
          [
            51.44609092132307,
            43.333166532853284
          ],
          [
            51.44618655207959,
            43.33305097006339
          ],
          [
            51.44628218283612,
            43.33293540727351
          ],
          [
            51.446377813592655,
            43.33281984448364
          ],
          [
            51.44647344434919,
            43.33270428169375
          ],
          [
            51.44656907510572,
            43.332588718903864
          ],
          [
            51.44666470586225,
            43.33247315611399
          ],
          [
            51.44676033661878,
            43.3323575933241
          ],
          [
            51.446855967375306,
            43.33224203053422
          ],
          [
            51.44695159813185,
            43.33212646774434
          ],
          [
            51.447047228888366,
            43.33201090495445
          ],
          [
            51.4471428596449,
            43.33189534216458
          ],
          [
            51.44723849040143,
            43.3317797793747
          ],
          [
            51.447334121157965,
            43.331664216584805
          ],
          [
            51.44742975191449,
            43.331548653794925
          ],
          [
            51.447525382671024,
            43.331433091005046
          ],
          [
            51.44762101342756,
            43.33131752821516
          ],
          [
            51.447716644184084,
            43.33120196542529
          ],
          [
            51.44781227494062,
            43.3310864026354
          ],
          [
            51.44790790569714,
            43.33097083984552
          ],
          [
            51.448003536453676,
            43.33085527705563
          ],
          [
            51.4480991672102,
            43.33073971426576
          ],
          [
            51.44819479796675,
            43.33062415147587
          ],
          [
            51.448290428723276,
            43.33050858868599
          ],
          [
            51.4483860594798,
            43.3303930258961
          ],
          [
            51.44848169023634,
            43.33027746310623
          ],
          [
            51.44857732099287,
            43.33016190031635
          ],
          [
            51.448672951749394,
            43.33004633752646
          ],
          [
            51.44876858250592,
            43.32993077473658
          ],
          [
            51.44886421326245,
            43.329815211946695
          ],
          [
            51.448959844018994,
            43.329699649156815
          ],
          [
            51.44905547477552,
            43.329584086366935
          ],
          [
            51.44915110553205,
            43.32946852357705
          ],
          [
            51.44924673628858,
            43.32935296078717
          ],
          [
            51.44934236704511,
            43.32923739799728
          ],
          [
            51.44943799780164,
            43.3291218352074
          ],
          [
            51.44953362855817,
            43.32900627241752
          ],
          [
            51.449629259314705,
            43.32889070962764
          ],
          [
            51.44972489007123,
            43.328775146837756
          ],
          [
            51.44982052082777,
            43.328659584047884
          ],
          [
            51.44991615158429,
            43.328544021258
          ],
          [
            51.45001178234083,
            43.32842845846811
          ],
          [
            51.450107413097356,
            43.32831289567823
          ],
          [
            51.4502030438539,
            43.328197332888344
          ],
          [
            51.45029867461041,
            43.328081770098464
          ],
          [
            51.45039430536695,
            43.327966207308585
          ],
          [
            51.450489936123475,
            43.3278506445187
          ],
          [
            51.450585566880015,
            43.32773508172882
          ],
          [
            51.450681197636555,
            43.327619518938945
          ],
          [
            51.450776828393074,
            43.32750395614905
          ],
          [
            51.45087245914961,
            43.32738839335918
          ],
          [
            51.450968089906134,
            43.32727283056929
          ],
          [
            51.45106372066266,
            43.32715726777941
          ],
          [
            51.4511593514192,
            43.327041704989526
          ],
          [
            51.451254982175726,
            43.326926142199646
          ],
          [
            51.451350612932266,
            43.32681057940976
          ],
          [
            51.45144624368879,
            43.32669501661988
          ],
          [
            51.451541874445326,
            43.32657945383001
          ],
          [
            51.451637505201845,
            43.32646389104011
          ],
          [
            51.451733135958385,
            43.32634832825024
          ],
          [
            51.45182876671492,
            43.32623276546036
          ],
          [
            51.451924397471444,
            43.32611720267047
          ],
          [
            51.45202002822798,
            43.326001639880594
          ],
          [
            51.4521156589845,
            43.32588607709071
          ],
          [
            51.452211289741044,
            43.32577051430083
          ],
          [
            51.45230692049756,
            43.32565495151094
          ],
          [
            51.4524025512541,
            43.32553938872107
          ],
          [
            51.45249818201063,
            43.32542382593118
          ],
          [
            51.45259381276716,
            43.325308263141295
          ],
          [
            51.452689443523695,
            43.32519270035142
          ],
          [
            51.45278507428022,
            43.325077137561536
          ],
          [
            51.45288070503675,
            43.32496157477165
          ],
          [
            51.45297633579328,
            43.324846011981776
          ],
          [
            51.45307196654982,
            43.32473044919189
          ],
          [
            51.45316759730635,
            43.324614886402
          ],
          [
            51.45326322806288,
            43.32449932361212
          ],
          [
            51.45335885881941,
            43.324383760822236
          ],
          [
            51.45345448957594,
            43.324268198032364
          ],
          [
            51.45355012033247,
            43.32415263524248
          ],
          [
            51.453645751089006,
            43.3240370724526
          ],
          [
            51.45374138184554,
            43.3239215096627
          ],
          [
            51.45383701260207,
            43.32380594687284
          ],
          [
            51.4539326433586,
            43.32369038408295
          ],
          [
            51.45402827411513,
            43.32357482129307
          ],
          [
            51.45412390487165,
            43.323459258503185
          ],
          [
            51.45421953562819,
            43.3233436957133
          ],
          [
            51.454315166384724,
            43.32322813292342
          ],
          [
            51.45441079714125,
            43.32311257013354
          ],
          [
            51.45450642789777,
            43.32299700734365
          ],
          [
            51.45460205865432,
            43.32288144455377
          ],
          [
            51.454697689410835,
            43.32276588176389
          ],
          [
            51.45479332016737,
            43.32265031897401
          ],
          [
            51.45488895092391,
            43.322534756184126
          ],
          [
            51.454984581680435,
            43.32241919339425
          ],
          [
            51.455080212436975,
            43.32230363060436
          ],
          [
            51.4551758431935,
            43.32218806781448
          ],
          [
            51.45527147395003,
            43.3220725050246
          ],
          [
            51.45536710470655,
            43.321956942234706
          ],
          [
            51.455462735463094,
            43.321841379444834
          ],
          [
            51.45555836621963,
            43.32172581665496
          ],
          [
            51.455653996976146,
            43.32161025386507
          ],
          [
            51.455749627732686,
            43.32149469107519
          ],
          [
            51.45584525848921,
            43.321379128285315
          ],
          [
            51.455940889245745,
            43.32126356549542
          ],
          [
            51.45603652000227,
            43.32114800270555
          ],
          [
            51.456132150758805,
            43.32103243991567
          ],
          [
            51.45622778151534,
            43.320916877125775
          ],
          [
            51.45632341227187,
            43.320801314335895
          ],
          [
            51.456419043028404,
            43.32068575154602
          ],
          [
            51.45651467378492,
            43.32057018875613
          ],
          [
            51.456610304541464,
            43.32045462596625
          ],
          [
            51.45670593529799,
            43.32033906317637
          ],
          [
            51.45680156605453,
            43.32022350038649
          ],
          [
            51.45689719681105,
            43.3201079375966
          ],
          [
            51.45699282756758,
            43.31999237480672
          ],
          [
            51.457088458324115,
            43.31987681201684
          ],
          [
            51.45718408908064,
            43.31976124922696
          ],
          [
            51.45727971983718,
            43.31964568643708
          ],
          [
            51.45737535059371,
            43.31953012364719
          ],
          [
            51.45747098135024,
            43.31941456085731
          ],
          [
            51.45756661210677,
            43.31929899806744
          ],
          [
            51.45766224286329,
            43.319183435277544
          ],
          [
            51.457757873619826,
            43.31906787248767
          ],
          [
            51.45785350437637,
            43.318952309697785
          ],
          [
            51.45794913513291,
            43.318836746907905
          ],
          [
            51.458044765889426,
            43.31872118411802
          ],
          [
            51.45814039664596,
            43.31860562132814
          ],
          [
            51.458236027402485,
            43.31849005853825
          ],
          [
            51.45833165815902,
            43.31837449574838
          ],
          [
            51.45842728891556,
            43.31825893295849
          ],
          [
            51.45852291967208,
            43.31814337016861
          ],
          [
            51.45861855042861,
            43.31802780737873
          ],
          [
            51.458714181185144,
            43.317912244588854
          ],
          [
            51.45880981194168,
            43.31779668179896
          ],
          [
            51.458905442698196,
            43.31768111900908
          ],
          [
            51.459001073454736,
            43.3175655562192
          ],
          [
            51.45909670421127,
            43.317449993429314
          ],
          [
            51.459192334967796,
            43.317334430639434
          ],
          [
            51.45928796572433,
            43.31721886784956
          ],
          [
            51.45938359648085,
            43.317103305059675
          ],
          [
            51.459479227237395,
            43.31698774226979
          ],
          [
            51.45957485799392,
            43.31687217947991
          ],
          [
            51.45967048875045,
            43.31675661669002
          ],
          [
            51.45976611950698,
            43.31664105390014
          ],
          [
            51.459861750263514,
            43.31652549111026
          ],
          [
            51.45995717776392,
            43.31640974801825
          ],
          [
            51.4600523616425,
            43.31629378881699
          ],
          [
            51.46014740982628,
            43.31617770924514
          ],
          [
            51.46024242245376,
            43.31606159813239
          ],
          [
            51.46033749187495,
            43.31594553739957
          ],
          [
            51.46043270265132,
            43.315829602058486
          ],
          [
            51.460528131555876,
            43.315713860212064
          ],
          [
            51.460623847573096,
            43.31559837305426
          ],
          [
            51.46071991189898,
            43.315483194870126
          ],
          [
            51.460816377940986,
            43.315368373035724
          ],
          [
            51.46091329131808,
            43.31525394801825
          ],
          [
            51.46101068986076,
            43.31513995337589
          ],
          [
            51.461108603610946,
            43.31502641575795
          ],
          [
            51.46120705482213,
            43.31491335490474
          ],
          [
            51.46130605795924,
            43.31480078364769
          ],
          [
            51.461405619698745,
            43.31468870790927
          ],
          [
            51.46150573892858,
            43.31457712670299
          ],
          [
            51.46160640674819,
            43.31446603213347
          ],
          [
            51.461707606468494,
            43.314355409396335
          ],
          [
            51.46180931361192,
            43.31424523677831
          ],
          [
            51.46191149591242,
            43.31413548565719
          ],
          [
            51.462014113315405,
            43.3140261205018
          ],
          [
            51.462117117977776,
            43.31391709887204
          ],
          [
            51.46222045426796,
            43.31380837141891
          ],
          [
            51.462324058765844,
            43.31369988188439
          ],
          [
            51.462427860262835,
            43.313591567101604
          ],
          [
            51.462531779761854,
            43.31348335699468
          ],
          [
            51.462635730477274,
            43.313375174578866
          ],
          [
            51.462739617834984,
            43.3132669359604
          ],
          [
            51.46284333947237,
            43.31315855033665
          ],
          [
            51.4629467852383,
            43.31304991999601
          ],
          [
            51.463050118047086,
            43.312941189454634
          ],
          [
            51.46315345085586,
            43.312832458913235
          ],
          [
            51.46325678366465,
            43.312723728371864
          ],
          [
            51.463360116473424,
            43.31261499783047
          ],
          [
            51.463463449282216,
            43.312506267289095
          ],
          [
            51.46356678209099,
            43.3123975367477
          ],
          [
            51.46367011489976,
            43.312288806206325
          ],
          [
            51.46377344770854,
            43.31218007566494
          ],
          [
            51.463876780517325,
            43.312071345123556
          ],
          [
            51.46398011332611,
            43.31196261458218
          ],
          [
            51.46408344613489,
            43.311853884040794
          ],
          [
            51.46418677894366,
            43.3117451534994
          ],
          [
            51.46429011175244,
            43.311636422958024
          ],
          [
            51.464393444561225,
            43.31152769241664
          ],
          [
            51.46449677737001,
            43.311418961875255
          ],
          [
            51.46460011017878,
            43.31131023133387
          ],
          [
            51.46470344298756,
            43.31120150079249
          ],
          [
            51.46480677579633,
            43.3110927702511
          ],
          [
            51.464910108605125,
            43.310984039709716
          ],
          [
            51.4650134414139,
            43.31087530916834
          ],
          [
            51.465116774222686,
            43.31076657862695
          ],
          [
            51.465220107031456,
            43.31065784808557
          ],
          [
            51.46532343984024,
            43.31054911754418
          ],
          [
            51.46542677264901,
            43.31044038700279
          ],
          [
            51.465530105457795,
            43.310331656461415
          ],
          [
            51.46563343826658,
            43.31022292592003
          ],
          [
            51.46573677107536,
            43.31011419537864
          ],
          [
            51.46584010388413,
            43.31000546483726
          ],
          [
            51.46594343669291,
            43.30989673429587
          ],
          [
            51.46604676950169,
            43.30978800375449
          ],
          [
            51.46615010231048,
            43.309679273213106
          ],
          [
            51.466253435119256,
            43.309570542671715
          ],
          [
            51.46635676792803,
            43.30946181213034
          ],
          [
            51.46646010073682,
            43.30935308158895
          ],
          [
            51.46656343354559,
            43.30924435104757
          ],
          [
            51.46666676635437,
            43.30913562050618
          ],
          [
            51.466770099163156,
            43.3090268899648
          ],
          [
            51.46687343197194,
            43.30891815942342
          ],
          [
            51.46697676478071,
            43.30880942888203
          ],
          [
            51.467080097589495,
            43.308700698340644
          ],
          [
            51.46718343039827,
            43.308591967799266
          ],
          [
            51.46728676320705,
            43.30848323725788
          ],
          [
            51.46739009601583,
            43.3083745067165
          ],
          [
            51.46749342882461,
            43.30826577617511
          ],
          [
            51.467596761633395,
            43.308157045633735
          ],
          [
            51.46770009444217,
            43.30804831509235
          ],
          [
            51.46780342725095,
            43.30793958455096
          ],
          [
            51.467906760059726,
            43.30783085400957
          ],
          [
            51.46801009286851,
            43.30772212346819
          ],
          [
            51.46811342567729,
            43.30761339292681
          ],
          [
            51.46821675848608,
            43.307504662385426
          ],
          [
            51.46832009129485,
            43.307395931844034
          ],
          [
            51.46842342410363,
            43.30728720130266
          ],
          [
            51.46852675691241,
            43.307178470761265
          ],
          [
            51.468630089721195,
            43.30706974021989
          ],
          [
            51.46873342252997,
            43.306961009678496
          ],
          [
            51.46883675533874,
            43.30685227913712
          ],
          [
            51.46894008814752,
            43.30674354859573
          ],
          [
            51.46904342095631,
            43.30663481805434
          ],
          [
            51.46914675376509,
            43.30652608751296
          ],
          [
            51.469250086573865,
            43.30641735697158
          ],
          [
            51.46935341938264,
            43.30630862643019
          ],
          [
            51.46945675219142,
            43.30619989588881
          ],
          [
            51.4695600850002,
            43.30609116534742
          ],
          [
            51.46966341780899,
            43.30598243480604
          ],
          [
            51.469766750617765,
            43.305873704264656
          ],
          [
            51.46987008342654,
            43.30576497372327
          ],
          [
            51.46997341623532,
            43.30565624318189
          ],
          [
            51.470076749044104,
            43.3055475126405
          ],
          [
            51.47018008185288,
            43.30543878209912
          ],
          [
            51.470283414661665,
            43.30533005155774
          ],
          [
            51.47038674747044,
            43.30522132101635
          ],
          [
            51.47049008027922,
            43.30511259047498
          ],
          [
            51.470593413088004,
            43.305003859933585
          ],
          [
            51.47069674589678,
            43.3048951293922
          ],
          [
            51.47080007870556,
            43.30478639885082
          ],
          [
            51.47090341151434,
            43.30467766830943
          ],
          [
            51.47100674432313,
            43.30456893776805
          ],
          [
            51.471110077131904,
            43.30446020722666
          ],
          [
            51.47121340994068,
            43.30435147668528
          ],
          [
            51.471316742749465,
            43.3042427461439
          ],
          [
            51.471420075558235,
            43.30413401560251
          ],
          [
            51.47152340836702,
            43.30402528506113
          ],
          [
            51.471626741175804,
            43.303916554519745
          ],
          [
            51.47173007398458,
            43.30380782397835
          ],
          [
            51.47183340679335,
            43.303699093436975
          ],
          [
            51.471936739602135,
            43.303590362895584
          ],
          [
            51.47204007241091,
            43.30348163235419
          ],
          [
            51.47214340521971,
            43.30337290181282
          ],
          [
            51.472246738028474,
            43.30326417127143
          ],
          [
            51.47235007083726,
            43.30315544073005
          ],
          [
            51.472453403646035,
            43.30304671018867
          ],
          [
            51.47255673645481,
            43.30293797964728
          ],
          [
            51.4726600692636,
            43.3028292491059
          ],
          [
            51.47276340207238,
            43.302720518564506
          ],
          [
            51.47286673488115,
            43.30261178802313
          ],
          [
            51.47297006768993,
            43.302503057481744
          ],
          [
            51.47307340049871,
            43.30239432694036
          ],
          [
            51.4731767333075,
            43.30228559639898
          ],
          [
            51.473280066116274,
            43.30217686585759
          ],
          [
            51.47338339892505,
            43.30206813531621
          ],
          [
            51.47348673173383,
            43.30195940477483
          ],
          [
            51.473590064542606,
            43.301850674233435
          ],
          [
            51.4736933973514,
            43.30174194369206
          ],
          [
            51.473796730160174,
            43.30163321315067
          ],
          [
            51.47390006296895,
            43.301524482609295
          ],
          [
            51.47400339577773,
            43.301415752067896
          ],
          [
            51.474106728586506,
            43.301307021526526
          ],
          [
            51.47421006139528,
            43.301198290985134
          ],
          [
            51.474313394204074,
            43.30108956044375
          ],
          [
            51.47441672701285,
            43.30098082990237
          ],
          [
            51.47452005982163,
            43.30087209936099
          ],
          [
            51.474623392630406,
            43.300763368819595
          ],
          [
            51.47472672543919,
            43.30065463827821
          ],
          [
            51.47483005824797,
            43.30054590773683
          ],
          [
            51.474933391056744,
            43.30043717719545
          ],
          [
            51.47503672386553,
            43.300328446654056
          ],
          [
            51.47514005667431,
            43.30021971611267
          ],
          [
            51.47524338948309,
            43.30011098557129
          ],
          [
            51.47534672229187,
            43.3000022550299
          ],
          [
            51.47545005510064,
            43.299893524488525
          ],
          [
            51.475553387909414,
            43.29978479394713
          ],
          [
            51.47565672071821,
            43.29967606340575
          ],
          [
            51.47576005352699,
            43.29956733286437
          ],
          [
            51.47586338633577,
            43.299458602322986
          ],
          [
            51.475966719144544,
            43.2993498717816
          ],
          [
            51.47607005195332,
            43.299241141240216
          ],
          [
            51.4761733847621,
            43.29913241069883
          ],
          [
            51.47627671757088,
            43.299023680157454
          ],
          [
            51.47638005037967,
            43.29891494961606
          ],
          [
            51.476483383188445,
            43.29880621907469
          ],
          [
            51.47658671599722,
            43.2986974885333
          ],
          [
            51.476690048806,
            43.298588757991915
          ],
          [
            51.47679338161478,
            43.29848002745054
          ],
          [
            51.47689671442356,
            43.298371296909146
          ],
          [
            51.47700004723234,
            43.29826256636777
          ],
          [
            51.47710338004112,
            43.29815383582638
          ],
          [
            51.4772067128499,
            43.298045105284984
          ],
          [
            51.477310045658676,
            43.297936374743614
          ],
          [
            51.47741337846746,
            43.29782764420222
          ],
          [
            51.47751671127623,
            43.297718913660844
          ],
          [
            51.477620044085015,
            43.29761018311946
          ],
          [
            51.47772337689379,
            43.29750145257807
          ],
          [
            51.47782670970258,
            43.29739272203669
          ],
          [
            51.47793004251136,
            43.297283991495306
          ],
          [
            51.47803337532013,
            43.29717526095391
          ],
          [
            51.47813670812891,
            43.29706653041253
          ],
          [
            51.47824004093769,
            43.29695779987115
          ],
          [
            51.47834337374647,
            43.29684906932976
          ],
          [
            51.478446706555246,
            43.296740338788375
          ],
          [
            51.47855003936404,
            43.296631608247
          ],
          [
            51.47865337217282,
            43.29652287770561
          ],
          [
            51.4787567049816,
            43.29641414716422
          ],
          [
            51.478860037790376,
            43.29630541662284
          ],
          [
            51.47896337059915,
            43.29619668608146
          ],
          [
            51.47906670340792,
            43.296087955540074
          ],
          [
            51.47917003621671,
            43.295979224998696
          ],
          [
            51.47927336902549,
            43.29587049445731
          ],
          [
            51.479376701834276,
            43.29576176391593
          ],
          [
            51.47948003464305,
            43.29565303337454
          ],
          [
            51.47958336745182,
            43.29554430283315
          ],
          [
            51.4796867002606,
            43.29543557229177
          ],
          [
            51.47979003306939,
            43.29532684175039
          ],
          [
            51.479893365878176,
            43.29521811120901
          ],
          [
            51.479996698686946,
            43.29510938066762
          ],
          [
            51.480100031495724,
            43.29500065012624
          ],
          [
            51.4802033643045,
            43.29489191958485
          ],
          [
            51.480306697113285,
            43.294783189043464
          ],
          [
            51.48041002992207,
            43.29467445850208
          ],
          [
            51.48051336273085,
            43.294565727960695
          ],
          [
            51.480616695539624,
            43.29445699741931
          ],
          [
            51.480720028348415,
            43.29434826687793
          ],
          [
            51.480823361157185,
            43.29423953633655
          ],
          [
            51.48092669396596,
            43.29413080579516
          ],
          [
            51.48103002677475,
            43.29402207525377
          ],
          [
            51.481133359583524,
            43.29391334471239
          ],
          [
            51.481236692392315,
            43.29380461417101
          ],
          [
            51.481340025201085,
            43.29369588362962
          ],
          [
            51.48144335800986,
            43.29358715308824
          ],
          [
            51.48154669081864,
            43.293478422546855
          ],
          [
            51.48165002362742,
            43.29336969200546
          ],
          [
            51.481753356436215,
            43.293260961464085
          ],
          [
            51.481856689244985,
            43.2931522309227
          ],
          [
            51.48196002205376,
            43.293043500381316
          ],
          [
            51.48206335486254,
            43.29293476983994
          ],
          [
            51.482166687671324,
            43.29282603929855
          ],
          [
            51.4822700204801,
            43.29271730875717
          ],
          [
            51.48237335328888,
            43.292608578215784
          ],
          [
            51.48247668609767,
            43.29249984767441
          ],
          [
            51.48258001890644,
            43.29239111713302
          ],
          [
            51.48268335171522,
            43.29228238659164
          ],
          [
            51.48278668452401,
            43.29217365605025
          ],
          [
            51.482890017332785,
            43.29206492550886
          ],
          [
            51.482993350141555,
            43.29195619496748
          ],
          [
            51.48309668295033,
            43.2918474644261
          ],
          [
            51.48320001575911,
            43.291738733884706
          ],
          [
            51.4833033485679,
            43.29163000334332
          ],
          [
            51.48340668137668,
            43.291521272801944
          ],
          [
            51.48351001418546,
            43.29141254226056
          ],
          [
            51.48361334699423,
            43.291303811719175
          ],
          [
            51.48371667980301,
            43.29119508117778
          ],
          [
            51.483820012611794,
            43.291086350636405
          ],
          [
            51.48392334542058,
            43.29097762009502
          ],
          [
            51.48402667822936,
            43.29086888955363
          ],
          [
            51.48413001103813,
            43.29076015901225
          ],
          [
            51.4842333438469,
            43.290651428470866
          ],
          [
            51.48433667665569,
            43.29054269792948
          ],
          [
            51.48444000946448,
            43.29043396738809
          ],
          [
            51.484543342273255,
            43.290325236846705
          ],
          [
            51.48464667508203,
            43.29021650630532
          ],
          [
            51.48475000789081,
            43.290107775763936
          ],
          [
            51.484853340699594,
            43.28999904522256
          ],
          [
            51.48495667350837,
            43.28989031468117
          ],
          [
            51.48506000631715,
            43.28978158413979
          ],
          [
            51.48516333912594,
            43.28967285359841
          ],
          [
            51.48526667193472,
            43.28956412305702
          ],
          [
            51.485370004743494,
            43.289455392515634
          ],
          [
            51.48547333755227,
            43.28934666197426
          ],
          [
            51.48557667036105,
            43.28923793143287
          ],
          [
            51.485680003169826,
            43.28912920089149
          ],
          [
            51.48578333597861,
            43.2890204703501
          ],
          [
            51.485886668787394,
            43.288911739808725
          ],
          [
            51.48599000159617,
            43.28880300926733
          ],
          [
            51.48609333440495,
            43.28869427872595
          ],
          [
            51.486196667213726,
            43.288585548184564
          ],
          [
            51.48630000002251,
            43.28847681764318
          ],
          [
            51.48640333283129,
            43.2883680871018
          ],
          [
            51.486506665640064,
            43.28825935656042
          ],
          [
            51.48660999844885,
            43.288150626019025
          ],
          [
            51.48671333125762,
            43.28804189547765
          ],
          [
            51.48681666406641,
            43.287933164936256
          ],
          [
            51.48691999687519,
            43.28782443439488
          ],
          [
            51.487023329683964,
            43.287715703853486
          ],
          [
            51.48712666249274,
            43.2876069733121
          ],
          [
            51.48722999530152,
            43.287498242770724
          ],
          [
            51.4873333281103,
            43.28738951222933
          ],
          [
            51.48743666091909,
            43.28728078168795
          ],
          [
            51.487539993727864,
            43.28717205114657
          ],
          [
            51.48764332653664,
            43.28706332060518
          ],
          [
            51.48774665934542,
            43.2869545900638
          ],
          [
            51.4878499921542,
            43.28684585952241
          ],
          [
            51.48795332496299,
            43.28673712898103
          ],
          [
            51.488056657771764,
            43.286628398439646
          ],
          [
            51.48815999058055,
            43.28651966789826
          ],
          [
            51.48826332338932,
            43.286410937356884
          ],
          [
            51.4883666561981,
            43.28630220681549
          ],
          [
            51.48846998900688,
            43.28619347627411
          ],
          [
            51.488573321815664,
            43.28608474573273
          ],
          [
            51.48867665462444,
            43.285976015191345
          ],
          [
            51.48877998743321,
            43.28586728464996
          ],
          [
            51.488883320242,
            43.28575855410858
          ],
          [
            51.48898665305077,
            43.2856498235672
          ],
          [
            51.48908998585956,
            43.28554109302581
          ],
          [
            51.48919331866833,
            43.28543236248442
          ],
          [
            51.48929665147712,
            43.28532363194304
          ],
          [
            51.4893999842859,
            43.28521490140165
          ],
          [
            51.48950331709468,
            43.28510617086027
          ],
          [
            51.48960664990345,
            43.28499744031889
          ],
          [
            51.489709982712235,
            43.284888709777505
          ],
          [
            51.48981331552101,
            43.28477997923612
          ],
          [
            51.4899166483298,
            43.284671248694735
          ],
          [
            51.49001998113858,
            43.28456251815334
          ],
          [
            51.49012331394736,
            43.284453787611966
          ],
          [
            51.490226646756135,
            43.284345057070574
          ],
          [
            51.49032997956491,
            43.2842363265292
          ],
          [
            51.490433312373696,
            43.284127595987805
          ],
          [
            51.49053664518247,
            43.28401886544643
          ],
          [
            51.49063997799126,
            43.283910134905035
          ],
          [
            51.490743310800035,
            43.28380140436365
          ],
          [
            51.49084664360881,
            43.283692673822266
          ],
          [
            51.490949976417596,
            43.28358394328088
          ],
          [
            51.49105330922637,
            43.2834752127395
          ],
          [
            51.49115664203515,
            43.283366482198126
          ],
          [
            51.49125997484393,
            43.28325775165674
          ],
          [
            51.49136330765271,
            43.28314902111535
          ],
          [
            51.49146664046149,
            43.28304029057397
          ],
          [
            51.491569973270266,
            43.28293156003259
          ],
          [
            51.49167330607904,
            43.28282282949121
          ],
          [
            51.49177663888783,
            43.28271409894982
          ],
          [
            51.491879971696605,
            43.28260536840844
          ],
          [
            51.491983304505396,
            43.28249663786705
          ],
          [
            51.49208663731417,
            43.28238790732566
          ],
          [
            51.49218997012295,
            43.282279176784286
          ],
          [
            51.49229330293172,
            43.282170446242894
          ],
          [
            51.492396635740505,
            43.282061715701516
          ],
          [
            51.49249996854929,
            43.28195298516013
          ],
          [
            51.49260330135806,
            43.28184425461874
          ],
          [
            51.492706634166844,
            43.28173552407736
          ],
          [
            51.49280996697563,
            43.28162679353597
          ],
          [
            51.492913299784405,
            43.28151806299459
          ],
          [
            51.49301663259318,
            43.28140933245321
          ],
          [
            51.49311996540196,
            43.281300601911816
          ],
          [
            51.493223298210744,
            43.28119187137044
          ],
          [
            51.49332663101952,
            43.281083140829054
          ],
          [
            51.49342996382831,
            43.280974410287655
          ],
          [
            51.49353329663709,
            43.280865679746285
          ],
          [
            51.49363662944586,
            43.28075694920489
          ],
          [
            51.49373996225464,
            43.280648218663515
          ],
          [
            51.493843295063414,
            43.28053948812213
          ],
          [
            51.493946627872205,
            43.280430757580746
          ],
          [
            51.49404996068099,
            43.28032202703937
          ],
          [
            51.49415329348976,
            43.280213296497976
          ],
          [
            51.494256626298544,
            43.2801045659566
          ],
          [
            51.494359959107314,
            43.27999583541521
          ],
          [
            51.4944632919161,
            43.27988710487382
          ],
          [
            51.49456662472488,
            43.279778374332444
          ],
          [
            51.49466995753366,
            43.27966964379106
          ],
          [
            51.494773290342444,
            43.27956091324967
          ],
          [
            51.494876623151214,
            43.2794521827083
          ],
          [
            51.49497995596,
            43.279343452166906
          ],
          [
            51.49508328876878,
            43.27923472162553
          ],
          [
            51.49518662157756,
            43.279125991084136
          ],
          [
            51.49528995438634,
            43.27901726054276
          ],
          [
            51.495393287195114,
            43.27890853000137
          ],
          [
            51.4954966200039,
            43.27879979945999
          ],
          [
            51.495599952812675,
            43.2786910689186
          ],
          [
            51.49570328562146,
            43.27858233837722
          ],
          [
            51.49580661843023,
            43.278473607835835
          ],
          [
            51.49590995123901,
            43.27836487729445
          ],
          [
            51.49601328404779,
            43.27825614675306
          ],
          [
            51.496116616856575,
            43.27814741621168
          ],
          [
            51.49621994966535,
            43.27803868567029
          ],
          [
            51.49632328247413,
            43.27792995512891
          ],
          [
            51.49642661528292,
            43.27782122458752
          ],
          [
            51.4965299480917,
            43.27771249404614
          ],
          [
            51.496633280900475,
            43.27760376350476
          ],
          [
            51.496736613709245,
            43.27749503296337
          ],
          [
            51.49683994651803,
            43.27738630242199
          ],
          [
            51.496943279326814,
            43.277277571880596
          ],
          [
            51.49704661213559,
            43.27716884133922
          ],
          [
            51.49714994494437,
            43.27706011079784
          ],
          [
            51.497253277753146,
            43.276951380256456
          ],
          [
            51.49735661056192,
            43.276842649715064
          ],
          [
            51.49745994337072,
            43.27673391917369
          ],
          [
            51.49756327617949,
            43.2766251886323
          ],
          [
            51.497666608988276,
            43.27651645809092
          ],
          [
            51.49776994179705,
            43.27640772754953
          ],
          [
            51.49787327460582,
            43.27629899700815
          ],
          [
            51.4979766074146,
            43.27619026646677
          ],
          [
            51.49807994022339,
            43.27608153592538
          ],
          [
            51.498183273032176,
            43.275972805383994
          ],
          [
            51.498286605840946,
            43.275864074842616
          ],
          [
            51.49838993864972,
            43.27575534430123
          ],
          [
            51.4984932714585,
            43.27564661375984
          ],
          [
            51.498596604267284,
            43.27553788321846
          ],
          [
            51.49869993707607,
            43.27542915267708
          ],
          [
            51.498803269884846,
            43.27532042213569
          ],
          [
            51.49890660269362,
            43.2752116915943
          ],
          [
            51.4990099355024,
            43.275102961052916
          ],
          [
            51.499113268311184,
            43.27499423051154
          ],
          [
            51.49921660111996,
            43.27488549997015
          ],
          [
            51.499319933928746,
            43.27477676942876
          ],
          [
            51.49942326673752,
            43.27466803888738
          ],
          [
            51.4995265995463,
            43.274559308346
          ],
          [
            51.499629932355084,
            43.27445057780461
          ],
          [
            51.49973326516386,
            43.274341847263216
          ],
          [
            51.49983659797264,
            43.274233116721845
          ],
          [
            51.49993993078142,
            43.27412438618046
          ],
          [
            51.5000432635902,
            43.274015655639076
          ],
          [
            51.500146596398984,
            43.27390692509769
          ],
          [
            51.500249929207754,
            43.27379819455631
          ],
          [
            51.50035326201654,
            43.27368946401493
          ],
          [
            51.50045659482532,
            43.27358073347354
          ],
          [
            51.5005599276341,
            43.27347200293216
          ],
          [
            51.50066326044288,
            43.273363272390775
          ],
          [
            51.500766593251655,
            43.2732545418494
          ],
          [
            51.50086992606044,
            43.273145811308005
          ],
          [
            51.500973258869216,
            43.27303708076662
          ],
          [
            51.501076591678,
            43.27292835022524
          ],
          [
            51.501179924486785,
            43.27281961968385
          ],
          [
            51.501283257295555,
            43.272710889142466
          ],
          [
            51.50138659010433,
            43.27260215860108
          ],
          [
            51.50148992291311,
            43.2724934280597
          ],
          [
            51.5015932557219,
            43.27238469751832
          ],
          [
            51.50169658853068,
            43.272275966976935
          ],
          [
            51.501799921339455,
            43.27216723643555
          ],
          [
            51.50190325414823,
            43.27205850589416
          ],
          [
            51.502006586957,
            43.27194977535277
          ],
          [
            51.502109919765786,
            43.271841044811396
          ],
          [
            51.50221325257458,
            43.271732314270004
          ],
          [
            51.502316585383355,
            43.271623583728626
          ],
          [
            51.50241991819213,
            43.271514853187234
          ],
          [
            51.502523251000916,
            43.27140612264585
          ],
          [
            51.50262658380969,
            43.27129739210447
          ],
          [
            51.50272991661846,
            43.27118866156309
          ],
          [
            51.502833249427255,
            43.2710799310217
          ],
          [
            51.50293658223603,
            43.27097120048031
          ],
          [
            51.503039915044816,
            43.27086246993893
          ],
          [
            51.50314324785359,
            43.27075373939755
          ],
          [
            51.50324658066237,
            43.270645008856164
          ],
          [
            51.50334991347115,
            43.27053627831478
          ],
          [
            51.50345324627993,
            43.2704275477734
          ],
          [
            51.503556579088716,
            43.27031881723202
          ],
          [
            51.50365991189749,
            43.27021008669063
          ],
          [
            51.50376324470627,
            43.27010135614925
          ],
          [
            51.50386657751505,
            43.26999262560786
          ],
          [
            51.503969910323825,
            43.26988389506648
          ],
          [
            51.50407324313261,
            43.26977516452509
          ],
          [
            51.504176575941386,
            43.269666433983716
          ],
          [
            51.50427990875017,
            43.26955770344233
          ],
          [
            51.50438324155894,
            43.269448972900946
          ],
          [
            51.504486574367725,
            43.269340242359554
          ],
          [
            51.504589907176495,
            43.26923151181817
          ],
          [
            51.504693239985286,
            43.26912278127679
          ],
          [
            51.50479657279406,
            43.26901405073541
          ],
          [
            51.50489990560284,
            43.26890532019402
          ],
          [
            51.50500323841162,
            43.26879658965264
          ],
          [
            51.5051065712204,
            43.26868785911125
          ],
          [
            51.505209904029186,
            43.26857912856987
          ],
          [
            51.505313236837964,
            43.26847039802848
          ],
          [
            51.50541656964674,
            43.26836166748709
          ],
          [
            51.50551990245552,
            43.268252936945714
          ],
          [
            51.505623235264295,
            43.26814420640432
          ],
          [
            51.50572656807309,
            43.268035475862945
          ],
          [
            51.505829900881864,
            43.26792674532155
          ],
          [
            51.50593323369064,
            43.26781801478017
          ],
          [
            51.50603656649941,
            43.26770928423879
          ],
          [
            51.5061398993082,
            43.2676005536974
          ],
          [
            51.50624323211699,
            43.26749182315602
          ],
          [
            51.506346564925764,
            43.267383092614644
          ],
          [
            51.50644989773454,
            43.26727436207325
          ],
          [
            51.50655323054332,
            43.26716563153188
          ],
          [
            51.5066565633521,
            43.26705690099049
          ],
          [
            51.50675989616088,
            43.26694817044911
          ],
          [
            51.50686322896965,
            43.26683943990772
          ],
          [
            51.506966561778434,
            43.266730709366335
          ],
          [
            51.50706989458723,
            43.26662197882496
          ],
          [
            51.507173227396,
            43.26651324828357
          ],
          [
            51.50727656020478,
            43.26640451774219
          ],
          [
            51.50737989301356,
            43.2662957872008
          ],
          [
            51.50748322582233,
            43.26618705665941
          ],
          [
            51.50758655863111,
            43.266078326118034
          ],
          [
            51.507689891439895,
            43.26596959557664
          ],
          [
            51.50779322424867,
            43.265860865035265
          ],
          [
            51.50789655705745,
            43.26575213449388
          ],
          [
            51.50799988986623,
            43.265643403952495
          ],
          [
            51.50810322267501,
            43.26553467341111
          ],
          [
            51.5082065554838,
            43.265425942869726
          ],
          [
            51.50830988829258,
            43.265317212328334
          ],
          [
            51.50841322110135,
            43.265208481786956
          ],
          [
            51.50851655391013,
            43.265099751245565
          ],
          [
            51.50861988671891,
            43.26499102070419
          ],
          [
            51.50872321952769,
            43.2648822901628
          ],
          [
            51.50882655233647,
            43.26477355962141
          ],
          [
            51.50892988514526,
            43.26466482908003
          ],
          [
            51.509033217954034,
            43.26455609853864
          ],
          [
            51.509136550762804,
            43.26444736799726
          ],
          [
            51.50923988357159,
            43.26433863745587
          ],
          [
            51.50934321638037,
            43.264229906914494
          ],
          [
            51.50944654918915,
            43.26412117637311
          ],
          [
            51.50954988199793,
            43.264012445831725
          ],
          [
            51.50965321480671,
            43.26390371529035
          ],
          [
            51.50975654761549,
            43.26379498474896
          ],
          [
            51.509859880424266,
            43.26368625420758
          ],
          [
            51.50996321323305,
            43.26357752366619
          ],
          [
            51.51006654604183,
            43.26346879312481
          ],
          [
            51.510169878850604,
            43.26336006258343
          ],
          [
            51.51027321165938,
            43.263251332042046
          ],
          [
            51.51037654446817,
            43.263142601500654
          ],
          [
            51.51047987727694,
            43.263033870959276
          ],
          [
            51.51058321008572,
            43.262925140417885
          ],
          [
            51.51068654289451,
            43.2628164098765
          ],
          [
            51.51078987570328,
            43.26270767933512
          ],
          [
            51.51089320851206,
            43.26259894879373
          ],
          [
            51.510996541320836,
            43.26249021825235
          ],
          [
            51.51109987412962,
            43.26238148771097
          ],
          [
            51.511203206938404,
            43.26227275716958
          ],
          [
            51.51130653974719,
            43.2621640266282
          ],
          [
            51.511409872555966,
            43.26205529608681
          ],
          [
            51.511513205364736,
            43.26194656554543
          ],
          [
            51.51161653817351,
            43.261837835004044
          ],
          [
            51.511719870982304,
            43.26172910446265
          ],
          [
            51.51182320379108,
            43.261620373921275
          ],
          [
            51.511926536599866,
            43.26151164337988
          ],
          [
            51.512029869408636,
            43.261402912838506
          ],
          [
            51.51213320221741,
            43.26129418229712
          ],
          [
            51.5122365350262,
            43.261185451755736
          ],
          [
            51.51233986783498,
            43.261076721214344
          ],
          [
            51.512443200643766,
            43.260967990672974
          ],
          [
            51.512546533452536,
            43.26085926013158
          ],
          [
            51.51264986626131,
            43.260750529590204
          ],
          [
            51.51275319907008,
            43.26064179904882
          ],
          [
            51.512856531878874,
            43.260533068507435
          ],
          [
            51.512959864687666,
            43.26042433796605
          ],
          [
            51.513063197496436,
            43.26031560742467
          ],
          [
            51.51316653030522,
            43.26020687688328
          ],
          [
            51.513269863114,
            43.2600981463419
          ],
          [
            51.513373195922775,
            43.25998941580052
          ],
          [
            51.51347652873155,
            43.25988068525913
          ],
          [
            51.513579861540336,
            43.25977195471775
          ],
          [
            51.51368319434911,
            43.259663224176364
          ],
          [
            51.5137865271579,
            43.25955449363498
          ],
          [
            51.513889859966675,
            43.25944576309359
          ],
          [
            51.51399319277545,
            43.25933703255221
          ],
          [
            51.51409652558423,
            43.259228302010825
          ],
          [
            51.51419985839302,
            43.25911957146944
          ],
          [
            51.51430319120179,
            43.25901084092805
          ],
          [
            51.514406524010575,
            43.25890211038667
          ],
          [
            51.51450985681935,
            43.25879337984529
          ],
          [
            51.51461318962813,
            43.2586846493039
          ],
          [
            51.51471652243691,
            43.25857591876252
          ],
          [
            51.5148198552457,
            43.258467188221125
          ],
          [
            51.51492318805447,
            43.25835845767975
          ],
          [
            51.515026520863245,
            43.25824972713836
          ],
          [
            51.515129853672036,
            43.25814099659698
          ],
          [
            51.515233186480806,
            43.258032266055594
          ],
          [
            51.51533651928959,
            43.25792353551421
          ],
          [
            51.515439852098375,
            43.25781480497283
          ],
          [
            51.515543184907145,
            43.25770607443145
          ],
          [
            51.515646517715915,
            43.257597343890055
          ],
          [
            51.5157498505247,
            43.25748861334868
          ],
          [
            51.51585318333349,
            43.25737988280729
          ],
          [
            51.51595651614227,
            43.25727115226591
          ],
          [
            51.516059848951045,
            43.25716242172452
          ],
          [
            51.51616318175982,
            43.257053691183145
          ],
          [
            51.5162665145686,
            43.25694496064175
          ],
          [
            51.51636984737739,
            43.25683623010037
          ],
          [
            51.51647318018617,
            43.25672749955899
          ],
          [
            51.51657651299495,
            43.2566187690176
          ],
          [
            51.51667984580372,
            43.25651003847622
          ],
          [
            51.5167831786125,
            43.25640130793484
          ],
          [
            51.516886511421276,
            43.256292577393445
          ],
          [
            51.51698984423006,
            43.256183846852075
          ],
          [
            51.517093177038845,
            43.256075116310676
          ],
          [
            51.51719650984762,
            43.2559663857693
          ],
          [
            51.517299842656406,
            43.25585765522791
          ],
          [
            51.517403175465176,
            43.25574892468652
          ],
          [
            51.51750650827396,
            43.255640194145144
          ],
          [
            51.51760984108274,
            43.25553146360376
          ],
          [
            51.51771317389153,
            43.25542273306237
          ],
          [
            51.51781650670031,
            43.25531400252099
          ],
          [
            51.517919839509084,
            43.2552052719796
          ],
          [
            51.51802317231786,
            43.25509654143822
          ],
          [
            51.51812650512664,
            43.25498781089683
          ],
          [
            51.518229837935415,
            43.25487908035545
          ],
          [
            51.5183331707442,
            43.254770349814066
          ],
          [
            51.518436503552984,
            43.25466161927268
          ],
          [
            51.51853983636176,
            43.254552888731304
          ],
          [
            51.51864316917054,
            43.25444415818992
          ],
          [
            51.51874650197932,
            43.254335427648535
          ],
          [
            51.5188498347881,
            43.25422669710715
          ],
          [
            51.51895316759688,
            43.254117966565765
          ],
          [
            51.519056500405654,
            43.25400923602437
          ],
          [
            51.51915983321444,
            43.253900505483
          ],
          [
            51.519263166023215,
            43.25379177494161
          ],
          [
            51.519366498832,
            43.25368304440023
          ],
          [
            51.51946983164078,
            43.25357431385885
          ],
          [
            51.51957316444955,
            43.253465583317464
          ],
          [
            51.51967649725833,
            43.25335685277607
          ],
          [
            51.51977983006711,
            43.25324812223469
          ],
          [
            51.51988316287589,
            43.25313939169331
          ],
          [
            51.51998649568468,
            43.253030661151925
          ],
          [
            51.520089828493454,
            43.25292193061054
          ],
          [
            51.520193161302224,
            43.252813200069156
          ],
          [
            51.520296494111015,
            43.252704469527764
          ],
          [
            51.52039982691979,
            43.252595738986386
          ],
          [
            51.52050315972856,
            43.252487008444994
          ],
          [
            51.52060649253735,
            43.25237827790362
          ],
          [
            51.52070982534613,
            43.252269547362225
          ],
          [
            51.520813158154915,
            43.25216081682084
          ],
          [
            51.52091649096369,
            43.25205208627946
          ],
          [
            51.52101982377247,
            43.25194335573808
          ],
          [
            51.521123156581254,
            43.25183462519669
          ],
          [
            51.52122648939003,
            43.25172589465531
          ],
          [
            51.521329822198815,
            43.25161716411393
          ],
          [
            51.521433155007585,
            43.25150843357254
          ],
          [
            51.52153648781637,
            43.25139970303116
          ],
          [
            51.52163982062514,
            43.25129097248977
          ],
          [
            51.521743153433924,
            43.25118224194839
          ],
          [
            51.521846486242715,
            43.25107351140701
          ],
          [
            51.52194981905149,
            43.25096478086563
          ],
          [
            51.52205315186027,
            43.25085605032424
          ],
          [
            51.52215648466904,
            43.25074731978285
          ],
          [
            51.522259817477824,
            43.250638589241476
          ],
          [
            51.52236315028661,
            43.250529858700084
          ],
          [
            51.522466483095386,
            43.250421128158706
          ],
          [
            51.52256981590417,
            43.250312397617314
          ],
          [
            51.52267314871295,
            43.25020366707594
          ],
          [
            51.52277648152172,
            43.25009493653455
          ],
          [
            51.52287981433051,
            43.24998620599316
          ],
          [
            51.522983147139286,
            43.24987747545178
          ],
          [
            51.52308647994806,
            43.2497687449104
          ],
          [
            51.52318981275684,
            43.24966001436901
          ],
          [
            51.52329314556562,
            43.24955128382763
          ],
          [
            51.523396478374394,
            43.249442553286244
          ],
          [
            51.52349981118318,
            43.24933382274486
          ],
          [
            51.52360314399196,
            43.249225092203474
          ],
          [
            51.52370647680074,
            43.24911636166208
          ],
          [
            51.52380980960952,
            43.249007631120705
          ],
          [
            51.52391314241831,
            43.24889890057932
          ],
          [
            51.52401647522708,
            43.248790170037935
          ],
          [
            51.524119808035856,
            43.24868143949655
          ],
          [
            51.52422314084464,
            43.24857270895516
          ],
          [
            51.52432647365342,
            43.24846397841379
          ],
          [
            51.5244298064622,
            43.2483552478724
          ],
          [
            51.52453313927097,
            43.24824651733102
          ],
          [
            51.524636472079756,
            43.248137786789634
          ],
          [
            51.52473980488854,
            43.24802905624825
          ],
          [
            51.52484313769732,
            43.247920325706865
          ],
          [
            51.5249464705061,
            43.24781159516548
          ],
          [
            51.52504980331487,
            43.2477028646241
          ],
          [
            51.52515313612365,
            43.24759413408272
          ],
          [
            51.52525646893244,
            43.247485403541326
          ],
          [
            51.525359801741224,
            43.24737667299995
          ],
          [
            51.52546313455,
            43.247267942458556
          ],
          [
            51.52556646735877,
            43.24715921191718
          ],
          [
            51.52566980016755,
            43.24705048137579
          ],
          [
            51.525773132976326,
            43.2469417508344
          ],
          [
            51.52587646578512,
            43.246833020293025
          ],
          [
            51.525979798593895,
            43.24672428975163
          ],
          [
            51.52608313140267,
            43.246615559210255
          ],
          [
            51.52618646421145,
            43.24650682866886
          ],
          [
            51.526289797020226,
            43.246398098127486
          ],
          [
            51.526393129829,
            43.2462893675861
          ],
          [
            51.526496462637795,
            43.24618063704471
          ],
          [
            51.52659979544658,
            43.24607190650333
          ],
          [
            51.526703128255356,
            43.24596317596195
          ],
          [
            51.526806461064126,
            43.24585444542056
          ],
          [
            51.52690979387291,
            43.24574571487918
          ],
          [
            51.52701312668169,
            43.245636984337786
          ],
          [
            51.52711645949047,
            43.24552825379641
          ],
          [
            51.52721979229925,
            43.24541952325502
          ],
          [
            51.527323125108026,
            43.24531079271363
          ],
          [
            51.52742645791681,
            43.24520206217226
          ],
          [
            51.52752979072559,
            43.24509333163087
          ],
          [
            51.527633123534365,
            43.244984601089484
          ],
          [
            51.52773645634314,
            43.24487587054811
          ],
          [
            51.527839789151926,
            43.244767140006715
          ],
          [
            51.5279431219607,
            43.244658409465345
          ],
          [
            51.52804645476949,
            43.24454967892395
          ],
          [
            51.52814978757827,
            43.24444094838257
          ],
          [
            51.52825312038704,
            43.24433221784119
          ],
          [
            51.52835645319582,
            43.244223487299806
          ],
          [
            51.5284597860046,
            43.24411475675842
          ],
          [
            51.52856311881338,
            43.24400602621703
          ],
          [
            51.52866645162216,
            43.24389729567565
          ],
          [
            51.52876978443094,
            43.24378856513427
          ],
          [
            51.52887311723972,
            43.24367983459288
          ],
          [
            51.52897645004851,
            43.2435711040515
          ],
          [
            51.52907978285729,
            43.24346237351011
          ],
          [
            51.52918311566606,
            43.24335364296872
          ],
          [
            51.529286448474835,
            43.24324491242734
          ],
          [
            51.52938978128361,
            43.24313618188595
          ],
          [
            51.5294931140924,
            43.243027451344574
          ],
          [
            51.52959644690119,
            43.24291872080319
          ],
          [
            51.52969977970996,
            43.2428099902618
          ],
          [
            51.529803112518735,
            43.24270125972042
          ],
          [
            51.52990644532751,
            43.24259252917903
          ],
          [
            51.530009778136304,
            43.24248379863765
          ],
          [
            51.53011311094508,
            43.242375068096266
          ],
          [
            51.53021644375386,
            43.242266337554874
          ],
          [
            51.530319776562635,
            43.242157607013496
          ],
          [
            51.530423109371405,
            43.24204887647211
          ],
          [
            51.5305264421802,
            43.24194014593073
          ],
          [
            51.53062977498898,
            43.24183141538934
          ],
          [
            51.53073310779776,
            43.241722684847964
          ],
          [
            51.53083644060654,
            43.24161395430658
          ],
          [
            51.53093977341531,
            43.241505223765195
          ],
          [
            51.5310431062241,
            43.2413964932238
          ],
          [
            51.531146439032874,
            43.241287762682425
          ],
          [
            51.53124977184166,
            43.24117903214104
          ],
          [
            51.53135310465044,
            43.24107030159966
          ],
          [
            51.53145643745921,
            43.24096157105828
          ],
          [
            51.531559770268,
            43.240852840516894
          ],
          [
            51.531663103076774,
            43.2407441099755
          ],
          [
            51.53176643588555,
            43.24063537943412
          ],
          [
            51.531869768694335,
            43.24052664889274
          ],
          [
            51.53197310150313,
            43.240417918351355
          ],
          [
            51.532076434311904,
            43.24030918780997
          ],
          [
            51.532179767120674,
            43.240200457268585
          ],
          [
            51.53228309992945,
            43.2400917267272
          ],
          [
            51.53238643273823,
            43.239982996185816
          ],
          [
            51.53248976554701,
            43.23987426564443
          ],
          [
            51.53259309835579,
            43.23976553510304
          ],
          [
            51.53269643116457,
            43.23965680456166
          ],
          [
            51.53279976397335,
            43.23954807402027
          ],
          [
            51.53290309678213,
            43.23943934347889
          ],
          [
            51.533006429590905,
            43.23933061293751
          ],
          [
            51.5331097623997,
            43.239221882396116
          ],
          [
            51.53321309520847,
            43.23911315185473
          ],
          [
            51.533316428017244,
            43.239004421313346
          ],
          [
            51.53341976082602,
            43.23889569077197
          ],
          [
            51.53352309363481,
            43.238786960230584
          ],
          [
            51.53362642644359,
            43.2386782296892
          ],
          [
            51.533729759252374,
            43.23856949914782
          ],
          [
            51.533833092061144,
            43.23846076860644
          ],
          [
            51.53393642486992,
            43.23835203806505
          ],
          [
            51.5340397576787,
            43.23824330752367
          ],
          [
            51.53414309048749,
            43.23813457698228
          ],
          [
            51.53424642329627,
            43.238025846440905
          ],
          [
            51.534349756105044,
            43.23791711589951
          ],
          [
            51.534453088913814,
            43.237808385358136
          ],
          [
            51.5345564217226,
            43.23769965481675
          ],
          [
            51.53465975453138,
            43.23759092427536
          ],
          [
            51.53476308734017,
            43.237482193733975
          ],
          [
            51.534866420148944,
            43.2373734631926
          ],
          [
            51.53496975295773,
            43.23726473265121
          ],
          [
            51.5350730857665,
            43.23715600210983
          ],
          [
            51.535176418575276,
            43.237047271568436
          ],
          [
            51.53527975138406,
            43.23693854102706
          ],
          [
            51.535383084192844,
            43.23682981048567
          ],
          [
            51.53548641700163,
            43.23672107994429
          ],
          [
            51.535589749810406,
            43.236612349402904
          ],
          [
            51.53569308261918,
            43.23650361886151
          ],
          [
            51.53579641542796,
            43.236394888320135
          ],
          [
            51.53589974823673,
            43.23628615777875
          ],
          [
            51.53600308104552,
            43.23617742723736
          ],
          [
            51.536106413854306,
            43.23606869669598
          ],
          [
            51.536209746663076,
            43.235959966154596
          ],
          [
            51.53631307947186,
            43.23585123561321
          ],
          [
            51.53641641228064,
            43.23574250507182
          ],
          [
            51.53651974508942,
            43.23563377453044
          ],
          [
            51.5366230778982,
            43.23552504398906
          ],
          [
            51.536726410706976,
            43.23541631344767
          ],
          [
            51.53682974351575,
            43.235307582906294
          ],
          [
            51.53693307632454,
            43.23519885236491
          ],
          [
            51.53703640913331,
            43.235090121823525
          ],
          [
            51.5371397419421,
            43.23498139128214
          ],
          [
            51.537243074750876,
            43.234872660740756
          ],
          [
            51.53734640755965,
            43.23476393019938
          ],
          [
            51.53744974036843,
            43.234655199657986
          ],
          [
            51.53755307317721,
            43.23454646911661
          ],
          [
            51.53765640598599,
            43.234437738575224
          ],
          [
            51.537759738794776,
            43.23432900803383
          ],
          [
            51.53786307160355,
            43.234220277492454
          ],
          [
            51.53796640441233,
            43.23411154695106
          ],
          [
            51.53806973722111,
            43.234002816409685
          ],
          [
            51.5381730700299,
            43.2338940858683
          ],
          [
            51.538276402838676,
            43.233785355326916
          ],
          [
            51.538379735647446,
            43.23367662478554
          ],
          [
            51.53848306845622,
            43.233567894244146
          ],
          [
            51.538586401265,
            43.233459163702754
          ],
          [
            51.538689734073785,
            43.23335043316138
          ],
          [
            51.53879306688256,
            43.233241702619985
          ],
          [
            51.53889639969135,
            43.23313297207861
          ],
          [
            51.53899973250013,
            43.23302424153722
          ],
          [
            51.53910306530891,
            43.23291551099583
          ],
          [
            51.53920639811769,
            43.23280678045445
          ],
          [
            51.53930973092647,
            43.23269804991306
          ],
          [
            51.53941306373524,
            43.232589319371684
          ],
          [
            51.53951639654403,
            43.2324805888303
          ],
          [
            51.539619729352815,
            43.23237185828891
          ],
          [
            51.539723062161585,
            43.23226312774754
          ],
          [
            51.53982639497036,
            43.232154397206145
          ],
          [
            51.53992972777914,
            43.23204566666476
          ],
          [
            51.540033060587916,
            43.23193693612338
          ],
          [
            51.54013639339671,
            43.23182820558199
          ],
          [
            51.54023972620549,
            43.23171947504062
          ],
          [
            51.54034305901426,
            43.23161074449923
          ],
          [
            51.54044639182304,
            43.23150201395785
          ],
          [
            51.540549724631816,
            43.231393283416466
          ],
          [
            51.54065305744061,
            43.23128455287508
          ],
          [
            51.540756390249385,
            43.23117582233369
          ],
          [
            51.54085972305817,
            43.23106709179231
          ],
          [
            51.54096305586694,
            43.23095836125091
          ],
          [
            51.541066388675716,
            43.230849630709535
          ],
          [
            51.54116972148449,
            43.23074090016815
          ],
          [
            51.541273054293285,
            43.23063216962677
          ],
          [
            51.541376387102055,
            43.23052343908539
          ],
          [
            51.54147971991084,
            43.230414708544004
          ],
          [
            51.54158305271962,
            43.23030597800261
          ],
          [
            51.54168638552839,
            43.230197247461234
          ],
          [
            51.54178971833718,
            43.23008851691985
          ],
          [
            51.54189305114596,
            43.229979786378465
          ],
          [
            51.54199638395473,
            43.22987105583708
          ],
          [
            51.542099716763516,
            43.229762325295695
          ],
          [
            51.542203049572294,
            43.2296535947543
          ],
          [
            51.54230638238108,
            43.229544864212926
          ],
          [
            51.542409715189855,
            43.22943613367154
          ],
          [
            51.54251304799863,
            43.229327403130156
          ],
          [
            51.54261638080742,
            43.22921867258878
          ],
          [
            51.542719713616194,
            43.22910994204739
          ],
          [
            51.54282304642497,
            43.22900121150601
          ],
          [
            51.54292637923375,
            43.228892480964625
          ],
          [
            51.54302971204253,
            43.22878375042323
          ],
          [
            51.543133044851324,
            43.228675019881855
          ],
          [
            51.543236377660094,
            43.22856628934046
          ],
          [
            51.54333971046887,
            43.22845755879909
          ],
          [
            51.54344304327765,
            43.22834882825771
          ],
          [
            51.543546376086425,
            43.228240097716316
          ],
          [
            51.54364970889522,
            43.22813136717494
          ],
          [
            51.543753041703994,
            43.22802263663355
          ],
          [
            51.54385637451277,
            43.22791390609217
          ],
          [
            51.54395970732155,
            43.22780517555078
          ],
          [
            51.544063040130325,
            43.2276964450094
          ],
          [
            51.54416637293911,
            43.22758771446801
          ],
          [
            51.5442697057479,
            43.22747898392663
          ],
          [
            51.54437303855668,
            43.227370253385246
          ],
          [
            51.54447637136545,
            43.22726152284386
          ],
          [
            51.54457970417423,
            43.22715279230247
          ],
          [
            51.54468303698301,
            43.22704406176109
          ],
          [
            51.54478636979179,
            43.2269353312197
          ],
          [
            51.54488970260057,
            43.22682660067832
          ],
          [
            51.544993035409355,
            43.22671787013694
          ],
          [
            51.545096368218125,
            43.22660913959555
          ],
          [
            51.54519970102691,
            43.22650040905417
          ],
          [
            51.54530303383569,
            43.22639167851278
          ],
          [
            51.545406366644464,
            43.2262829479714
          ],
          [
            51.54550969945325,
            43.226174217430014
          ],
          [
            51.545613032262025,
            43.22606548688863
          ],
          [
            51.54571636507081,
            43.22595675634725
          ],
          [
            51.54581969787959,
            43.22584802580586
          ],
          [
            51.545923030688364,
            43.225739295264475
          ],
          [
            51.54602636349714,
            43.225630564723104
          ],
          [
            51.54612969630592,
            43.225521834181706
          ],
          [
            51.5462330291147,
            43.22541310364033
          ],
          [
            51.54633636192349,
            43.22530437309894
          ],
          [
            51.546439694732264,
            43.22519564255756
          ],
          [
            51.54654302754104,
            43.22508691201618
          ],
          [
            51.54664636034982,
            43.224978181474796
          ],
          [
            51.5467496931586,
            43.22486945093341
          ],
          [
            51.54685302596738,
            43.22476072039203
          ],
          [
            51.54695635877616,
            43.22465198985064
          ],
          [
            51.54705969158494,
            43.22454325930926
          ],
          [
            51.54716302439372,
            43.22443452876787
          ],
          [
            51.5472663572025,
            43.22432579822649
          ],
          [
            51.54736969001128,
            43.2242170676851
          ],
          [
            51.54747302282006,
            43.22410833714371
          ],
          [
            51.547576355628834,
            43.223999606602334
          ],
          [
            51.54767968843761,
            43.22389087606095
          ],
          [
            51.5477830212464,
            43.223782145519564
          ],
          [
            51.54788635405518,
            43.22367341497818
          ],
          [
            51.54798968686396,
            43.22356468443679
          ],
          [
            51.548093019672734,
            43.22345595389541
          ],
          [
            51.548196352481504,
            43.22334722335402
          ],
          [
            51.548299685290296,
            43.22323849281264
          ],
          [
            51.54840301809908,
            43.22312976227125
          ],
          [
            51.548506350907864,
            43.223021031729864
          ],
          [
            51.548609683716634,
            43.22291230118849
          ],
          [
            51.54871301652541,
            43.2228035706471
          ],
          [
            51.548816349334196,
            43.222694840105724
          ],
          [
            51.54891968214298,
            43.22258610956434
          ],
          [
            51.54902301495176,
            43.222477379022955
          ],
          [
            51.549126347760534,
            43.22236864848157
          ],
          [
            51.54922968056931,
            43.22225991794018
          ],
          [
            51.549333013378096,
            43.22215118739881
          ],
          [
            51.54943634618687,
            43.222042456857416
          ],
          [
            51.54953967899565,
            43.22193372631603
          ],
          [
            51.549643011804434,
            43.221824995774654
          ],
          [
            51.54974634461322,
            43.22171626523326
          ],
          [
            51.54984967742199,
            43.221607534691884
          ],
          [
            51.549953010230766,
            43.22149880415049
          ],
          [
            51.55005634303955,
            43.22139007360911
          ],
          [
            51.55015967584833,
            43.22128134306773
          ],
          [
            51.55026300865711,
            43.221172612526345
          ],
          [
            51.550366341465896,
            43.22106388198496
          ],
          [
            51.55046967427467,
            43.220955151443576
          ],
          [
            51.55057300708345,
            43.220846420902184
          ],
          [
            51.55067633989223,
            43.22073769036081
          ],
          [
            51.55077967270101,
            43.22062895981942
          ],
          [
            51.55088300550979,
            43.22052022927804
          ],
          [
            51.550986338318566,
            43.22041149873665
          ],
          [
            51.55108967112734,
            43.22030276819526
          ],
          [
            51.55119300393613,
            43.22019403765388
          ],
          [
            51.55129633674491,
            43.2200853071125
          ],
          [
            51.55139966955369,
            43.21997657657111
          ],
          [
            51.551503002362466,
            43.21986784602973
          ],
          [
            51.551606335171236,
            43.219759115488344
          ],
          [
            51.55170966798002,
            43.21965038494696
          ],
          [
            51.551813000788805,
            43.219541654405575
          ],
          [
            51.55191633359759,
            43.21943292386419
          ],
          [
            51.552019666406366,
            43.21932419332282
          ],
          [
            51.55212299921514,
            43.21921546278143
          ],
          [
            51.55222633202391,
            43.21910673224005
          ],
          [
            51.5523296648327,
            43.218998001698665
          ],
          [
            51.55243299764149,
            43.21888927115727
          ],
          [
            51.552536330450266,
            43.218780540615896
          ],
          [
            51.55263966325904,
            43.21867181007451
          ],
          [
            51.55274299606781,
            43.218563079533126
          ],
          [
            51.552846328876605,
            43.218454348991735
          ],
          [
            51.552949661685375,
            43.21834561845036
          ],
          [
            51.55305299449416,
            43.21823688790897
          ],
          [
            51.55315632730294,
            43.21812815736758
          ],
          [
            51.55325966011173,
            43.2180194268262
          ],
          [
            51.553362992920505,
            43.21791069628482
          ],
          [
            51.55346632572928,
            43.217801965743426
          ],
          [
            51.55356965853806,
            43.21769323520205
          ],
          [
            51.55367299134683,
            43.217584504660664
          ],
          [
            51.55377632415562,
            43.21747577411928
          ],
          [
            51.553879656964405,
            43.217367043577894
          ],
          [
            51.553982989773175,
            43.2172583130365
          ],
          [
            51.55408632258195,
            43.21714958249513
          ],
          [
            51.554189655390736,
            43.21704085195373
          ],
          [
            51.55429298819952,
            43.216932121412356
          ],
          [
            51.554396321008305,
            43.21682339087097
          ],
          [
            51.554499653817075,
            43.21671466032958
          ],
          [
            51.55460298662586,
            43.2166059297882
          ],
          [
            51.55470631943463,
            43.21649719924682
          ],
          [
            51.55480965224341,
            43.21638846870543
          ],
          [
            51.55491298505219,
            43.216279738164054
          ],
          [
            51.555016317860975,
            43.21617100762266
          ],
          [
            51.55511965066976,
            43.216062277081285
          ],
          [
            51.55522298347853,
            43.21595354653989
          ],
          [
            51.55532631628731,
            43.21584481599852
          ],
          [
            51.55542964909609,
            43.21573608545714
          ],
          [
            51.555532981904875,
            43.215627354915746
          ],
          [
            51.55563631471365,
            43.215518624374376
          ],
          [
            51.55573964752243,
            43.215409893832984
          ],
          [
            51.55584298033121,
            43.2153011632916
          ],
          [
            51.55594631313999,
            43.215192432750214
          ],
          [
            51.556049645948775,
            43.215083702208815
          ],
          [
            51.55615297875755,
            43.21497497166745
          ],
          [
            51.55625631156633,
            43.21486624112606
          ],
          [
            51.5563596443751,
            43.214757510584676
          ],
          [
            51.556462977183884,
            43.21464878004329
          ],
          [
            51.55656630999267,
            43.214540049501906
          ],
          [
            51.556669642801445,
            43.21443131896052
          ],
          [
            51.55677297561023,
            43.21432258841914
          ],
          [
            51.556876308419014,
            43.214213857877745
          ],
          [
            51.556979641227784,
            43.21410512733637
          ],
          [
            51.557082974036554,
            43.21399639679498
          ],
          [
            51.557186306845345,
            43.2138876662536
          ],
          [
            51.55728963965413,
            43.213778935712206
          ],
          [
            51.557392972462914,
            43.21367020517082
          ],
          [
            51.557496305271684,
            43.213561474629444
          ],
          [
            51.55759963808046,
            43.21345274408806
          ],
          [
            51.55770297088924,
            43.21334401354668
          ],
          [
            51.557806303698015,
            43.21323528300529
          ],
          [
            51.55790963650681,
            43.213126552463905
          ],
          [
            51.55801296931559,
            43.21301782192253
          ],
          [
            51.55811630212437,
            43.21290909138114
          ],
          [
            51.55821963493314,
            43.21280036083976
          ],
          [
            51.558322967741915,
            43.21269163029837
          ],
          [
            51.55842630055071,
            43.21258289975699
          ],
          [
            51.55852963335949,
            43.21247416921561
          ],
          [
            51.55863296616826,
            43.212365438674226
          ],
          [
            51.55873629897704,
            43.21225670813284
          ],
          [
            51.55883963178581,
            43.21214797759145
          ],
          [
            51.55894296459459,
            43.212039247050065
          ],
          [
            51.55904629740338,
            43.21193051650869
          ],
          [
            51.55914963021216,
            43.211821785967295
          ],
          [
            51.559252963020946,
            43.211713055425925
          ],
          [
            51.55935629582972,
            43.211604324884526
          ],
          [
            51.5594596286385,
            43.21149559434314
          ],
          [
            51.55956296144728,
            43.21138686380176
          ],
          [
            51.559666294256054,
            43.21127813326038
          ],
          [
            51.55976962706484,
            43.211169402718994
          ],
          [
            51.55987295987362,
            43.21106067217761
          ],
          [
            51.55997629268241,
            43.210951941636225
          ],
          [
            51.56007962549118,
            43.21084321109484
          ],
          [
            51.560182958299954,
            43.210734480553455
          ],
          [
            51.56028629110873,
            43.21062575001207
          ],
          [
            51.560389623917516,
            43.210517019470686
          ],
          [
            51.56049295672629,
            43.210408288929294
          ],
          [
            51.56059628953508,
            43.210299558387916
          ],
          [
            51.560699622343854,
            43.21019082784653
          ],
          [
            51.56080295515264,
            43.21008209730515
          ],
          [
            51.560906287961416,
            43.20997336676377
          ],
          [
            51.5610096207702,
            43.20986463622238
          ],
          [
            51.56111295357897,
            43.209755905681
          ],
          [
            51.56121628638775,
            43.209647175139615
          ],
          [
            51.56131961919653,
            43.20953844459824
          ],
          [
            51.561422952005316,
            43.209429714056846
          ],
          [
            51.56152628481409,
            43.20932098351546
          ],
          [
            51.56162961762287,
            43.20921225297408
          ],
          [
            51.56173295043165,
            43.2091035224327
          ],
          [
            51.561836283240424,
            43.208994791891314
          ],
          [
            51.561939616049216,
            43.20888606134993
          ],
          [
            51.56204294885799,
            43.20877733080854
          ],
          [
            51.56214628166677,
            43.20866860026716
          ],
          [
            51.56224961447555,
            43.208559869725775
          ],
          [
            51.562352947284325,
            43.20845113918439
          ],
          [
            51.56245628009311,
            43.208342408643006
          ],
          [
            51.56255961290189,
            43.20823367810162
          ],
          [
            51.56266294571067,
            43.20812494756024
          ],
          [
            51.56276627851945,
            43.20801621701885
          ],
          [
            51.562869611328225,
            43.20790748647746
          ],
          [
            51.56297294413701,
            43.20779875593608
          ],
          [
            51.563076276945786,
            43.2076900253947
          ],
          [
            51.56317960975457,
            43.20758129485331
          ],
          [
            51.56328294256335,
            43.20747256431193
          ],
          [
            51.563386275372125,
            43.20736383377054
          ],
          [
            51.5634896081809,
            43.20725510322916
          ],
          [
            51.56359294098968,
            43.20714637268777
          ],
          [
            51.56369627379846,
            43.20703764214639
          ],
          [
            51.56379960660725,
            43.206928911605004
          ],
          [
            51.56390293941604,
            43.20682018106362
          ],
          [
            51.56400627222481,
            43.20671145052224
          ],
          [
            51.564109605033586,
            43.20660271998086
          ],
          [
            51.56421293784236,
            43.206493989439466
          ],
          [
            51.56431627065114,
            43.20638525889809
          ],
          [
            51.56441960345992,
            43.2062765283567
          ],
          [
            51.5645229362687,
            43.206167797815326
          ],
          [
            51.564626269077486,
            43.20605906727394
          ],
          [
            51.56472960188626,
            43.205950336732556
          ],
          [
            51.56483293469504,
            43.205841606191164
          ],
          [
            51.56493626750382,
            43.20573287564979
          ],
          [
            51.5650396003126,
            43.2056241451084
          ],
          [
            51.56514293312138,
            43.20551541456701
          ],
          [
            51.565246265930156,
            43.20540668402563
          ],
          [
            51.56534959873893,
            43.20529795348425
          ],
          [
            51.56545293154772,
            43.20518922294286
          ],
          [
            51.5655562643565,
            43.20508049240148
          ],
          [
            51.56565959716528,
            43.204971761860094
          ],
          [
            51.565762929974056,
            43.20486303131871
          ],
          [
            51.56586626278283,
            43.204754300777324
          ],
          [
            51.56596959559161,
            43.20464557023594
          ],
          [
            51.5660729284004,
            43.204536839694555
          ],
          [
            51.56617626120918,
            43.20442810915316
          ],
          [
            51.566279594017956,
            43.204319378611785
          ],
          [
            51.56638292682673,
            43.2042106480704
          ],
          [
            51.56648625963551,
            43.20410191752901
          ],
          [
            51.566589592444295,
            43.20399318698763
          ],
          [
            51.56669292525308,
            43.20388445644625
          ],
          [
            51.566796258061856,
            43.20377572590486
          ],
          [
            51.566899590870634,
            43.20366699536348
          ],
          [
            51.56700292367941,
            43.20355826482209
          ],
          [
            51.56710625648819,
            43.203449534280715
          ],
          [
            51.56720958929697,
            43.20334080373933
          ],
          [
            51.56731292210576,
            43.20323207319794
          ],
          [
            51.56741625491453,
            43.20312334265656
          ],
          [
            51.56751958772331,
            43.203014612115176
          ],
          [
            51.56762292053209,
            43.2029058815738
          ],
          [
            51.567726253340865,
            43.20279715103241
          ],
          [
            51.56782958614964,
            43.20268842049102
          ],
          [
            51.567932918958434,
            43.202579689949644
          ],
          [
            51.56803625176722,
            43.20247095940825
          ],
          [
            51.568139584575995,
            43.202362228866875
          ],
          [
            51.568242917384765,
            43.20225349832548
          ],
          [
            51.56834625019355,
            43.2021447677841
          ],
          [
            51.56844958300232,
            43.20203603724272
          ],
          [
            51.56855291581111,
            43.201927306701336
          ],
          [
            51.568656248619895,
            43.20181857615995
          ],
          [
            51.568759581428665,
            43.201709845618566
          ],
          [
            51.56886291423744,
            43.201601115077175
          ],
          [
            51.56896624704623,
            43.2014923845358
          ],
          [
            51.569069579855004,
            43.201383653994405
          ],
          [
            51.56917291266378,
            43.20127492345303
          ],
          [
            51.569276245472565,
            43.20116619291164
          ],
          [
            51.56937957828134,
            43.20105746237025
          ],
          [
            51.56948291109012,
            43.20094873182887
          ],
          [
            51.569586243898904,
            43.20084000128749
          ],
          [
            51.56968957670769,
            43.200731270746104
          ],
          [
            51.569792909516465,
            43.20062254020472
          ],
          [
            51.569896242325235,
            43.200513809663335
          ],
          [
            51.56999957513402,
            43.20040507912195
          ],
          [
            51.570102907942804,
            43.20029634858057
          ],
          [
            51.57020624075158,
            43.200187618039195
          ],
          [
            51.570309573560365,
            43.2000788874978
          ],
          [
            51.57041290636914,
            43.19997015695642
          ],
          [
            51.57051623917793,
            43.19986142641503
          ],
          [
            51.5706195719867,
            43.19975269587365
          ],
          [
            51.570722904795474,
            43.199643965332264
          ],
          [
            51.57082623760426,
            43.199535234790886
          ],
          [
            51.570929570413035,
            43.1994265042495
          ],
          [
            51.57103290322183,
            43.19931777370812
          ],
          [
            51.5711362360306,
            43.19920904316673
          ],
          [
            51.571239568839374,
            43.19910031262535
          ],
          [
            51.57134290164815,
            43.19899158208396
          ],
          [
            51.57144623445694,
            43.19888285154257
          ],
          [
            51.57154956726572,
            43.1987741210012
          ],
          [
            51.5716529000745,
            43.19866539045981
          ],
          [
            51.571756232883274,
            43.198556659918424
          ],
          [
            51.57185956569205,
            43.19844792937704
          ],
          [
            51.57196289850083,
            43.19833919883565
          ],
          [
            51.57206623130963,
            43.19823046829427
          ],
          [
            51.5721695641184,
            43.198121737752885
          ],
          [
            51.57227289692718,
            43.19801300721149
          ],
          [
            51.57237622973595,
            43.19790427667012
          ],
          [
            51.57247956254473,
            43.19779554612873
          ],
          [
            51.572582895353506,
            43.197686815587346
          ],
          [
            51.572686228162304,
            43.19757808504596
          ],
          [
            51.57278956097108,
            43.19746935450457
          ],
          [
            51.57289289377985,
            43.1973606239632
          ],
          [
            51.57299622658863,
            43.19725189342181
          ],
          [
            51.573099559397406,
            43.19714316288043
          ],
          [
            51.57320289220619,
            43.197034432339045
          ],
          [
            51.573306225014974,
            43.19692570179765
          ],
          [
            51.57340955782376,
            43.196816971256276
          ],
          [
            51.573512890632536,
            43.19670824071489
          ],
          [
            51.573616223441306,
            43.19659951017351
          ],
          [
            51.57371955625009,
            43.19649077963213
          ],
          [
            51.57382288905887,
            43.19638204909074
          ],
          [
            51.573926221867644,
            43.19627331854936
          ],
          [
            51.57402955467643,
            43.19616458800797
          ],
          [
            51.57413288748521,
            43.19605585746659
          ],
          [
            51.57423622029399,
            43.195947126925205
          ],
          [
            51.57433955310277,
            43.19583839638381
          ],
          [
            51.574442885911544,
            43.19572966584244
          ],
          [
            51.57454621872033,
            43.19562093530105
          ],
          [
            51.574649551529106,
            43.195512204759666
          ],
          [
            51.57475288433788,
            43.19540347421828
          ],
          [
            51.57485621714667,
            43.19529474367689
          ],
          [
            51.574959549955445,
            43.19518601313551
          ],
          [
            51.57506288276423,
            43.19507728259413
          ],
          [
            51.57516621557301,
            43.19496855205274
          ],
          [
            51.57526954838178,
            43.19485982151136
          ],
          [
            51.57537288119056,
            43.19475109096997
          ],
          [
            51.57547621399934,
            43.19464236042859
          ],
          [
            51.57557954680812,
            43.194533629887204
          ],
          [
            51.575682879616906,
            43.19442489934582
          ],
          [
            51.57578621242569,
            43.194316168804434
          ],
          [
            51.57588954523445,
            43.19420743826305
          ],
          [
            51.57599287804324,
            43.19409870772167
          ],
          [
            51.576096210852015,
            43.19398997718029
          ],
          [
            51.576199543660806,
            43.19388124663891
          ],
          [
            51.57630287646958,
            43.19377251609752
          ],
          [
            51.57640620927836,
            43.19366378555613
          ],
          [
            51.57650954208714,
            43.19355505501475
          ],
          [
            51.576612874895915,
            43.19344632447336
          ],
          [
            51.5767162077047,
            43.19333759393198
          ],
          [
            51.57681954051348,
            43.1932288633906
          ],
          [
            51.57692287332227,
            43.19312013284922
          ],
          [
            51.57702620613104,
            43.19301140230783
          ],
          [
            51.57712953893982,
            43.19290267176645
          ],
          [
            51.5772328717486,
            43.19279394122506
          ],
          [
            51.577336204557376,
            43.19268521068368
          ],
          [
            51.57743953736616,
            43.19257648014229
          ],
          [
            51.57754287017494,
            43.19246774960091
          ],
          [
            51.57764620298372,
            43.19235901905952
          ],
          [
            51.5777495357925,
            43.19225028851814
          ],
          [
            51.577852868601276,
            43.192141557976754
          ],
          [
            51.57795620141005,
            43.19203282743537
          ],
          [
            51.57805953421884,
            43.191924096893985
          ],
          [
            51.57816286702762,
            43.1918153663526
          ],
          [
            51.5782661998364,
            43.19170663581121
          ],
          [
            51.57836953264517,
            43.19159790526983
          ],
          [
            51.57847286545395,
            43.191489174728446
          ],
          [
            51.57857619826273,
            43.19138044418706
          ],
          [
            51.578679531071515,
            43.191271713645676
          ],
          [
            51.57878286388029,
            43.19116298310429
          ],
          [
            51.578886196689076,
            43.19105425256291
          ],
          [
            51.57898952949785,
            43.19094552202152
          ],
          [
            51.57909286230663,
            43.19083679148014
          ],
          [
            51.579196195115415,
            43.19072806093876
          ],
          [
            51.57929952792419,
            43.19061933039737
          ],
          [
            51.57940286073297,
            43.19051059985599
          ],
          [
            51.57950619354175,
            43.190401869314606
          ],
          [
            51.57960952635053,
            43.19029313877323
          ],
          [
            51.57971285915931,
            43.19018440823184
          ],
          [
            51.57981619196809,
            43.19007567769045
          ],
          [
            51.57991952477686,
            43.189966947149074
          ],
          [
            51.58002285758564,
            43.18985821660769
          ],
          [
            51.58012619039442,
            43.189749486066304
          ],
          [
            51.580229523203215,
            43.18964075552492
          ],
          [
            51.58033160212412,
            43.189529172135664
          ],
          [
            51.58043221383562,
            43.189414250549014
          ],
          [
            51.5805320113918,
            43.189297476594774
          ],
          [
            51.58063160067863,
            43.18918022878576
          ],
          [
            51.58073154041394,
            43.18906377831771
          ],
          [
            51.5808323421474,
            43.18894928906934
          ],
          [
            51.58093447026055,
            43.188837817602355
          ],
          [
            51.58103834196678,
            43.18873031316138
          ],
          [
            51.58114432731135,
            43.188627617674044
          ],
          [
            51.58125274917138,
            43.188530465750915
          ],
          [
            51.58136388325584,
            43.18843948468554
          ],
          [
            51.581477958105566,
            43.18835519445443
          ],
          [
            51.581595155093275,
            43.188278007717045
          ],
          [
            51.58171560842348,
            43.18820822981582
          ],
          [
            51.58183940513263,
            43.18814605877617
          ],
          [
            51.581966585088985,
            43.188091585306445
          ],
          [
            51.582097140992666,
            43.188044792797974
          ],
          [
            51.58223101837569,
            43.18800555732506
          ],
          [
            51.582368115601895,
            43.18797364764496
          ],
          [
            51.582508283866986,
            43.18794872519789
          ],
          [
            51.58265132719855,
            43.18793034410704
          ],
          [
            51.582797002456,
            43.18791795117856
          ],
          [
            51.58294501933062,
            43.187910885901566
          ],
          [
            51.583095040345576,
            43.18790838044814
          ],
          [
            51.58324668085588,
            43.18790955967332
          ],
          [
            51.58339950904838,
            43.187913441115114
          ],
          [
            51.58355304594182,
            43.18791893499452
          ],
          [
            51.58370676538678,
            43.18792484421545
          ],
          [
            51.5838600940657,
            43.187929864364826
          ],
          [
            51.584012411492886,
            43.187932583712495
          ],
          [
            51.58416305001451,
            43.18793148321131
          ],
          [
            51.5843130273975,
            43.18792887848634
          ],
          [
            51.58446300478049,
            43.18792627376138
          ],
          [
            51.58461298216348,
            43.1879236690364
          ],
          [
            51.58476295954647,
            43.18792106431144
          ],
          [
            51.584912936929435,
            43.18791845958647
          ],
          [
            51.58506291431243,
            43.1879158548615
          ],
          [
            51.58521289169542,
            43.18791325013653
          ],
          [
            51.58536286907841,
            43.18791064541156
          ],
          [
            51.5855128464614,
            43.187908040686594
          ],
          [
            51.585662823844395,
            43.18790543596163
          ],
          [
            51.58581280122738,
            43.18790283123666
          ],
          [
            51.58596277861036,
            43.1879002265117
          ],
          [
            51.58611275599335,
            43.18789762178673
          ],
          [
            51.58626273337633,
            43.18789501706176
          ],
          [
            51.58641271075932,
            43.187892412336794
          ],
          [
            51.58656268814232,
            43.18788980761182
          ],
          [
            51.58671266552529,
            43.187887202886856
          ],
          [
            51.58686264290829,
            43.18788459816189
          ],
          [
            51.587012620291276,
            43.18788199343692
          ],
          [
            51.587162597674265,
            43.18787938871195
          ],
          [
            51.587312575057254,
            43.187876783986994
          ],
          [
            51.58746255244024,
            43.18787417926202
          ],
          [
            51.58761252982323,
            43.18787157453705
          ],
          [
            51.58776250720621,
            43.18786896981208
          ],
          [
            51.5879124845892,
            43.18786636508712
          ],
          [
            51.588062461972186,
            43.18786376036215
          ],
          [
            51.588212439355175,
            43.18786115563718
          ],
          [
            51.588362416738164,
            43.18785855091221
          ],
          [
            51.58851239412116,
            43.18785594618724
          ],
          [
            51.588662371504135,
            43.18785334146228
          ],
          [
            51.58881234888713,
            43.18785073673732
          ],
          [
            51.58896232627012,
            43.18784813201235
          ],
          [
            51.5891123036531,
            43.18784552728737
          ],
          [
            51.58926228103609,
            43.18784292256241
          ],
          [
            51.589412258419074,
            43.187840317837434
          ],
          [
            51.58956223580206,
            43.18783771311248
          ],
          [
            51.589712213185045,
            43.1878351083875
          ],
          [
            51.58986219056805,
            43.18783250366254
          ],
          [
            51.59001216795103,
            43.187829898937565
          ],
          [
            51.59016214533402,
            43.18782729421261
          ],
          [
            51.59031212271701,
            43.187824689487634
          ],
          [
            51.5904621001,
            43.18782208476268
          ],
          [
            51.59061207748297,
            43.1878194800377
          ],
          [
            51.59076205486596,
            43.187816875312734
          ],
          [
            51.59091203224895,
            43.18781427058776
          ],
          [
            51.59106200963194,
            43.18781166586279
          ],
          [
            51.59121198701493,
            43.18780906113783
          ],
          [
            51.59136196439792,
            43.18780645641286
          ],
          [
            51.59151194178091,
            43.18780385168789
          ],
          [
            51.5916619191639,
            43.18780124696293
          ],
          [
            51.59181189654688,
            43.187798642237965
          ],
          [
            51.59196187392987,
            43.18779603751299
          ],
          [
            51.59211185131285,
            43.18779343278803
          ],
          [
            51.59226182869585,
            43.18779082806305
          ],
          [
            51.59241180607883,
            43.18778822333809
          ],
          [
            51.59256178346182,
            43.18778561861311
          ],
          [
            51.59271176084481,
            43.18778301388815
          ],
          [
            51.592861738227796,
            43.18778040916318
          ],
          [
            51.593011715610785,
            43.18777780443823
          ],
          [
            51.593161692993775,
            43.18777519971325
          ],
          [
            51.593311670376764,
            43.18777259498829
          ],
          [
            51.593461647759746,
            43.18776999026332
          ],
          [
            51.593611625142735,
            43.18776738553835
          ],
          [
            51.59376160252572,
            43.18776478081339
          ],
          [
            51.593911579908706,
            43.18776217608841
          ],
          [
            51.594061557291695,
            43.18775957136345
          ],
          [
            51.59421153467469,
            43.187756966638474
          ],
          [
            51.594361512057674,
            43.18775436191351
          ],
          [
            51.59451148944066,
            43.187751757188536
          ],
          [
            51.59466146682365,
            43.187749152463574
          ],
          [
            51.594811444206634,
            43.18774654773861
          ],
          [
            51.594961421589616,
            43.18774394301364
          ],
          [
            51.59511139897261,
            43.187741338288674
          ],
          [
            51.595261376355595,
            43.18773873356371
          ],
          [
            51.595411353738584,
            43.187736128838736
          ],
          [
            51.59556133112157,
            43.18773352411377
          ],
          [
            51.59571130850456,
            43.1877309193888
          ],
          [
            51.59586128588755,
            43.18772831466383
          ],
          [
            51.59601126327054,
            43.18772570993887
          ],
          [
            51.59616124065353,
            43.187723105213905
          ],
          [
            51.59631121803651,
            43.187720500488936
          ],
          [
            51.5964611954195,
            43.18771789576396
          ],
          [
            51.59661117280248,
            43.187715291039
          ],
          [
            51.59676115018547,
            43.18771268631402
          ],
          [
            51.59691112756846,
            43.18771008158906
          ],
          [
            51.59706110495145,
            43.187707476864084
          ],
          [
            51.59721108233443,
            43.18770487213913
          ],
          [
            51.59736105971743,
            43.18770226741416
          ],
          [
            51.59751103710042,
            43.1876996626892
          ],
          [
            51.59766101448341,
            43.18769705796423
          ],
          [
            51.59781099186639,
            43.18769445323927
          ],
          [
            51.59796096924938,
            43.18769184851429
          ],
          [
            51.59811094663236,
            43.18768924378932
          ],
          [
            51.59826092401535,
            43.187686639064346
          ],
          [
            51.598410901398346,
            43.187684034339384
          ],
          [
            51.59856087878133,
            43.18768142961442
          ],
          [
            51.59871085616431,
            43.187678824889446
          ],
          [
            51.598860833547306,
            43.187676220164484
          ],
          [
            51.599010810930295,
            43.187673615439515
          ],
          [
            51.59916078831328,
            43.18767101071455
          ],
          [
            51.59931076569627,
            43.187668405989584
          ],
          [
            51.59946074307925,
            43.187665801264615
          ],
          [
            51.59961072046224,
            43.187663196539646
          ],
          [
            51.59976069784523,
            43.187660591814684
          ],
          [
            51.59991067522822,
            43.18765798708971
          ],
          [
            51.600060652611205,
            43.18765538236474
          ],
          [
            51.600210629994194,
            43.18765277763977
          ],
          [
            51.60036060737719,
            43.18765017291481
          ],
          [
            51.60051058476017,
            43.18764756818984
          ],
          [
            51.600660562143155,
            43.18764496346488
          ],
          [
            51.600810539526144,
            43.18764235873991
          ],
          [
            51.60096051690914,
            43.18763975401494
          ],
          [
            51.60111049429212,
            43.18763714928996
          ],
          [
            51.601260471675104,
            43.18763454456499
          ],
          [
            51.60141044905809,
            43.18763193984003
          ],
          [
            51.60156042644108,
            43.18762933511506
          ],
          [
            51.60171040382407,
            43.1876267303901
          ],
          [
            51.60186038120706,
            43.18762412566513
          ],
          [
            51.60201035859005,
            43.18762152094016
          ],
          [
            51.60216033597304,
            43.18761891621519
          ],
          [
            51.60231031335602,
            43.18761631149023
          ],
          [
            51.602460290739,
            43.187613706765255
          ],
          [
            51.60261026812199,
            43.18761110204029
          ],
          [
            51.60276024550499,
            43.187608497315324
          ],
          [
            51.60291022288797,
            43.187605892590355
          ],
          [
            51.60306020027097,
            43.187603287865386
          ],
          [
            51.60321017765395,
            43.18760068314042
          ],
          [
            51.60336015503694,
            43.18759807841546
          ],
          [
            51.60351013241993,
            43.18759547369049
          ],
          [
            51.60366010980292,
            43.187592868965524
          ],
          [
            51.60381008718589,
            43.187590264240555
          ],
          [
            51.603960064568874,
            43.187587659515586
          ],
          [
            51.60411004195187,
            43.18758505479061
          ],
          [
            51.60426001933486,
            43.18758245006565
          ],
          [
            51.60440999671785,
            43.18757984534068
          ],
          [
            51.60455997410084,
            43.18757724061571
          ],
          [
            51.604709951483834,
            43.18757463589074
          ],
          [
            51.604859928866816,
            43.187572031165786
          ],
          [
            51.6050099062498,
            43.18756942644081
          ],
          [
            51.60515988363279,
            43.18756682171584
          ],
          [
            51.60530986101577,
            43.18756421699088
          ],
          [
            51.605459838398765,
            43.18756161226591
          ],
          [
            51.605609815781754,
            43.18755900754093
          ],
          [
            51.605759793164744,
            43.187556402815964
          ],
          [
            51.605909770547726,
            43.187553798091
          ],
          [
            51.606059747930715,
            43.18755119336603
          ],
          [
            51.606209725313704,
            43.18754858864107
          ],
          [
            51.60635970269669,
            43.1875459839161
          ],
          [
            51.60650968007968,
            43.18754337919114
          ],
          [
            51.60665965746267,
            43.18754077446617
          ],
          [
            51.606809634845646,
            43.1875381697412
          ],
          [
            51.606959612228636,
            43.18753556501623
          ],
          [
            51.607109589611625,
            43.187532960291264
          ],
          [
            51.607259566994614,
            43.187530355566295
          ],
          [
            51.6074095443776,
            43.187527750841326
          ],
          [
            51.6075595217606,
            43.18752514611636
          ],
          [
            51.607709499143574,
            43.187522541391395
          ],
          [
            51.60785947652657,
            43.187519936666426
          ],
          [
            51.60800945390956,
            43.187517331941464
          ],
          [
            51.60815943129254,
            43.187514727216495
          ],
          [
            51.60830940867553,
            43.187512122491526
          ],
          [
            51.60845938605853,
            43.18750951776656
          ],
          [
            51.608609363441495,
            43.18750691304159
          ],
          [
            51.60875934082449,
            43.18750430831662
          ],
          [
            51.60890931820748,
            43.18750170359165
          ],
          [
            51.60905929559047,
            43.18749909886669
          ],
          [
            51.609209272973466,
            43.18749649414171
          ],
          [
            51.60935925035645,
            43.18749388941676
          ],
          [
            51.60950922773944,
            43.18749128469178
          ],
          [
            51.60965920512241,
            43.187488679966826
          ],
          [
            51.60980918250541,
            43.18748607524185
          ],
          [
            51.60995915988839,
            43.18748347051688
          ],
          [
            51.61010913727138,
            43.18748086579191
          ],
          [
            51.61025911465437,
            43.18747826106694
          ],
          [
            51.61040909203736,
            43.187475656341974
          ],
          [
            51.61055906942035,
            43.187473051617005
          ],
          [
            51.610709046803336,
            43.18747044689204
          ],
          [
            51.610859024186325,
            43.18746784216708
          ],
          [
            51.61100900156931,
            43.18746523744211
          ],
          [
            51.61115897895229,
            43.18746263271714
          ],
          [
            51.611308956335286,
            43.187460027992174
          ],
          [
            51.61145893371827,
            43.187457423267205
          ],
          [
            51.61160891110126,
            43.187454818542236
          ],
          [
            51.611758888484246,
            43.18745221381727
          ],
          [
            51.611908865867235,
            43.187449609092305
          ],
          [
            51.612058843250225,
            43.18744700436733
          ],
          [
            51.612208820633214,
            43.187444399642374
          ],
          [
            51.61235879801619,
            43.1874417949174
          ],
          [
            51.612508775399185,
            43.187439190192435
          ],
          [
            51.61265875278217,
            43.187436585467466
          ],
          [
            51.612808730165156,
            43.1874339807425
          ],
          [
            51.612958707548145,
            43.18743137601753
          ],
          [
            51.613108684931134,
            43.18742877129255
          ],
          [
            51.613258662314124,
            43.18742616656759
          ],
          [
            51.613408639697106,
            43.18742356184262
          ],
          [
            51.6135586170801,
            43.18742095711766
          ],
          [
            51.61370859446309,
            43.18741835239269
          ],
          [
            51.61385857184608,
            43.18741574766773
          ],
          [
            51.614008549229055,
            43.18741314294275
          ],
          [
            51.61415852661205,
            43.1874105382178
          ],
          [
            51.614308503995034,
            43.18740793349282
          ],
          [
            51.61445848137802,
            43.18740532876786
          ],
          [
            51.61460845876101,
            43.18740272404288
          ],
          [
            51.614758436144,
            43.187400119317914
          ],
          [
            51.61490841352699,
            43.187397514592945
          ],
          [
            51.61505839090998,
            43.18739490986799
          ],
          [
            51.61520836829297,
            43.187392305143014
          ],
          [
            51.615364387622975,
            43.18738986512487
          ],
          [
            51.615530549002266,
            43.18738770158457
          ],
          [
            51.615702608430276,
            43.187385698828336
          ],
          [
            51.61587662485938,
            43.18738374942104
          ],
          [
            51.61604896019486,
            43.18738175418619
          ],
          [
            51.61621627929484,
            43.18737962220601
          ],
          [
            51.61637554997036,
            43.18737727082133
          ],
          [
            51.61652404298536,
            43.187374625631676
          ],
          [
            51.616659332056685,
            43.18737162049522
          ],
          [
            51.61677929385404,
            43.18736819752882
          ],
          [
            51.616882108000055,
            43.18736430710797
          ],
          [
            51.61696625707024,
            43.187359907866856
          ],
          [
            51.617030526593005,
            43.187354966698294
          ],
          [
            51.617074005049645,
            43.18734945875379
          ],
          [
            51.61709608387435,
            43.18734336744351
          ],
          [
            51.61709645745422,
            43.18733668443626
          ],
          [
            51.61707512312925,
            43.187329409659554
          ],
          [
            51.617032381192274,
            43.18732155129952
          ],
          [
            51.61696883488911,
            43.187313125800976
          ],
          [
            51.61688539041838,
            43.1873041578674
          ],
          [
            51.61678325693167,
            43.18729468046093
          ],
          [
            51.61666394653341,
            43.18728473480236
          ],
          [
            51.61652927428098,
            43.18727437037118
          ],
          [
            51.61638135818459,
            43.18726364490549
          ],
          [
            51.61622261920738,
            43.18725262440209
          ],
          [
            51.616055781265366,
            43.18724138311645
          ],
          [
            51.615883871227496,
            43.18723000356267
          ],
          [
            51.61571021891556,
            43.18721857651353
          ],
          [
            51.61553845710429,
            43.1872072010005
          ],
          [
            51.61537252152128,
            43.18719598431365
          ],
          [
            51.61521665084702,
            43.18718504200177
          ],
          [
            51.61506703811322,
            43.187174270284814
          ],
          [
            51.61491742537941,
            43.18716349856785
          ],
          [
            51.614767812645624,
            43.18715272685089
          ],
          [
            51.614618199911824,
            43.187141955133924
          ],
          [
            51.61446858717804,
            43.187131183416966
          ],
          [
            51.614318974444245,
            43.18712041170001
          ],
          [
            51.614169361710445,
            43.18710963998304
          ],
          [
            51.614019748976645,
            43.18709886826609
          ],
          [
            51.61387013624286,
            43.187088096549125
          ],
          [
            51.61372052350906,
            43.18707732483217
          ],
          [
            51.613570910775266,
            43.1870665531152
          ],
          [
            51.613421298041466,
            43.18705578139824
          ],
          [
            51.61327168530767,
            43.18704500968128
          ],
          [
            51.61312207257388,
            43.18703423796432
          ],
          [
            51.61297245984008,
            43.18702346624736
          ],
          [
            51.61282284710629,
            43.187012694530395
          ],
          [
            51.6126732343725,
            43.18700192281344
          ],
          [
            51.6125236216387,
            43.18699115109648
          ],
          [
            51.61237400890491,
            43.18698037937951
          ],
          [
            51.61222439617111,
            43.18696960766255
          ],
          [
            51.6120747834373,
            43.18695883594559
          ],
          [
            51.611925170703515,
            43.18694806422863
          ],
          [
            51.61177555796972,
            43.18693729251167
          ],
          [
            51.61162594523593,
            43.186926520794714
          ],
          [
            51.61147633250213,
            43.186915749077755
          ],
          [
            51.611326719768336,
            43.18690497736078
          ],
          [
            51.61117710703453,
            43.186894205643824
          ],
          [
            51.61102749430074,
            43.186883433926866
          ],
          [
            51.61087788156694,
            43.1868726622099
          ],
          [
            51.61072826883316,
            43.18686189049294
          ],
          [
            51.61057865609936,
            43.186851118775984
          ],
          [
            51.610429043365556,
            43.18684034705902
          ],
          [
            51.61027943063176,
            43.18682957534205
          ],
          [
            51.61012981789798,
            43.1868188036251
          ],
          [
            51.60998020516418,
            43.186808031908136
          ],
          [
            51.609830592430384,
            43.18679726019117
          ],
          [
            51.609680979696584,
            43.18678648847421
          ],
          [
            51.60953136696279,
            43.18677571675725
          ],
          [
            51.609381712873684,
            43.18676530266028
          ],
          [
            51.609232012371805,
            43.18675528991784
          ],
          [
            51.60908228628943,
            43.186745498382585
          ],
          [
            51.60893255395193,
            43.18673576093863
          ],
          [
            51.60878283317766,
            43.18672592350153
          ],
          [
            51.608633140278066,
            43.18671584501823
          ],
          [
            51.608483490057615,
            43.186705397467115
          ],
          [
            51.60833389581381,
            43.18669446585801
          ],
          [
            51.6081843693372,
            43.18668294823214
          ],
          [
            51.608034920911365,
            43.1866707556622
          ],
          [
            51.60788555931295,
            43.18665781225227
          ],
          [
            51.6077362918116,
            43.18664405513789
          ],
          [
            51.60758712417007,
            43.186629434485994
          ],
          [
            51.607438060644064,
            43.18661391349496
          ],
          [
            51.60728910398241,
            43.186597468394616
          ],
          [
            51.60714025542694,
            43.18658008844618
          ],
          [
            51.606991514712526,
            43.186561775942295
          ],
          [
            51.60684288006708,
            43.186542546207086
          ],
          [
            51.60669434821155,
            43.186522427596046
          ],
          [
            51.606545914359955,
            43.186501461496114
          ],
          [
            51.60639757221932,
            43.18647970232566
          ],
          [
            51.60624931398974,
            43.18645721753451
          ],
          [
            51.60610113036434,
            43.18643408760384
          ],
          [
            51.60595301052925,
            43.186410406046335
          ],
          [
            51.6058049421637,
            43.18638627940608
          ],
          [
            51.60565691143994,
            43.186361827258544
          ],
          [
            51.605508903023235,
            43.18633718221068
          ],
          [
            51.605360900071936,
            43.18631248990086
          ],
          [
            51.605212884237375,
            43.18628790899885
          ],
          [
            51.60506483566399,
            43.18626361120588
          ],
          [
            51.60491673298923,
            43.186239781254585
          ],
          [
            51.60476861048723,
            43.186216122759234
          ],
          [
            51.60462048798523,
            43.186192464263904
          ],
          [
            51.604472365483225,
            43.18616880576856
          ],
          [
            51.604324242981235,
            43.1861451472732
          ],
          [
            51.604176120479224,
            43.18612148877788
          ],
          [
            51.604027997977234,
            43.186097830282534
          ],
          [
            51.60387987547523,
            43.18607417178718
          ],
          [
            51.60373175297324,
            43.186050513291846
          ],
          [
            51.60358363047124,
            43.1860268547965
          ],
          [
            51.60343550796924,
            43.18600319630116
          ],
          [
            51.60328738546724,
            43.18597953780582
          ],
          [
            51.60313926296524,
            43.18595587931048
          ],
          [
            51.602991140463246,
            43.18593222081513
          ],
          [
            51.60284301796125,
            43.18590856231979
          ],
          [
            51.60269489545925,
            43.185884903824444
          ],
          [
            51.602546772957254,
            43.18586124532911
          ],
          [
            51.602398650455264,
            43.18583758683377
          ],
          [
            51.60225052795326,
            43.18581392833842
          ],
          [
            51.60210240545126,
            43.18579026984308
          ],
          [
            51.601954282949265,
            43.18576661134774
          ],
          [
            51.60180616044727,
            43.18574295285239
          ],
          [
            51.60165803794527,
            43.18571929435706
          ],
          [
            51.60150991544327,
            43.18569563586172
          ],
          [
            51.601361792941276,
            43.18567197736636
          ],
          [
            51.60121367043927,
            43.18564831887103
          ],
          [
            51.601065547937274,
            43.18562466037568
          ],
          [
            51.60091742543527,
            43.18560100188034
          ],
          [
            51.60076930293327,
            43.185577343385006
          ],
          [
            51.60062118043127,
            43.185553684889655
          ],
          [
            51.60047305792928,
            43.18553002639432
          ],
          [
            51.60032493542728,
            43.185506367898974
          ],
          [
            51.600176812925284,
            43.18548270940363
          ],
          [
            51.60002869042328,
            43.18545905090829
          ],
          [
            51.59988056792129,
            43.185435392412955
          ],
          [
            51.59973244541929,
            43.185411733917604
          ],
          [
            51.599584322917295,
            43.18538807542226
          ],
          [
            51.599436200415305,
            43.18536441692692
          ],
          [
            51.5992880779133,
            43.18534075843158
          ],
          [
            51.5991399554113,
            43.18531709993625
          ],
          [
            51.598991832909306,
            43.1852934414409
          ],
          [
            51.5988437104073,
            43.185269782945554
          ],
          [
            51.598695587905304,
            43.18524612445022
          ],
          [
            51.59854746540331,
            43.18522246595487
          ],
          [
            51.5983993429013,
            43.18519880745952
          ],
          [
            51.59825122039931,
            43.18517514896419
          ],
          [
            51.59810309789731,
            43.18515149046885
          ],
          [
            51.59795497539532,
            43.185127831973496
          ],
          [
            51.597806852893314,
            43.185104173478166
          ],
          [
            51.597658730391316,
            43.185080514982815
          ],
          [
            51.597510607889326,
            43.18505685648748
          ],
          [
            51.59736248538732,
            43.18503319799214
          ],
          [
            51.59721439379209,
            43.185009318240986
          ],
          [
            51.59706632454523,
            43.18498527850193
          ],
          [
            51.59691826648426,
            43.18496115868523
          ],
          [
            51.59677020926898,
            43.18493703281432
          ],
          [
            51.59662214338156,
            43.1849129690257
          ],
          [
            51.59647406012647,
            43.18488902956898
          ],
          [
            51.59632595163052,
            43.18486527080689
          ],
          [
            51.59617781084286,
            43.18484174321528
          ],
          [
            51.59602963153493,
            43.18481849138305
          ],
          [
            51.59588140830054,
            43.18479555401228
          ],
          [
            51.59573313655581,
            43.18477296391812
          ],
          [
            51.59558481253918,
            43.18475074802882
          ],
          [
            51.59543643331141,
            43.18472892738575
          ],
          [
            51.595287996755644,
            43.18470751714339
          ],
          [
            51.59513950157727,
            43.184686526569315
          ],
          [
            51.59499094730407,
            43.18466595904421
          ],
          [
            51.59484233428613,
            43.184645812061895
          ],
          [
            51.59469366369585,
            43.184626077229254
          ],
          [
            51.59454493752799,
            43.18460674026628
          ],
          [
            51.59439615859961,
            43.18458778100614
          ],
          [
            51.594247330550104,
            43.18456917339502
          ],
          [
            51.5940984578412,
            43.184550885492264
          ],
          [
            51.59394954575697,
            43.1845328794703
          ],
          [
            51.59380060040376,
            43.18451511161469
          ],
          [
            51.59365162871031,
            43.18449753232407
          ],
          [
            51.59350263842764,
            43.18448008611021
          ],
          [
            51.59335363812911,
            43.18446271159798
          ],
          [
            51.593204637210434,
            43.18444534152536
          ],
          [
            51.59305564588962,
            43.18442790274342
          ],
          [
            51.592906675207004,
            43.184410316216336
          ],
          [
            51.59275773702528,
            43.184392497021435
          ],
          [
            51.592608801323316,
            43.184374660074475
          ],
          [
            51.592459865621336,
            43.184356823127516
          ],
          [
            51.59231092991935,
            43.18433898618056
          ],
          [
            51.592161994217385,
            43.1843211492336
          ],
          [
            51.59201305851541,
            43.184303312286644
          ],
          [
            51.59186412281342,
            43.18428547533968
          ],
          [
            51.59171518711145,
            43.184267638392726
          ],
          [
            51.591566251409475,
            43.18424980144576
          ],
          [
            51.5914173157075,
            43.18423196449881
          ],
          [
            51.591268380005516,
            43.18421412755185
          ],
          [
            51.591119444303544,
            43.18419629060489
          ],
          [
            51.590970508601565,
            43.184178453657935
          ],
          [
            51.590821572899586,
            43.18416061671097
          ],
          [
            51.59067263719761,
            43.18414277976402
          ],
          [
            51.59052370149564,
            43.18412494281705
          ],
          [
            51.59037476579366,
            43.1841071058701
          ],
          [
            51.59022583009168,
            43.184089268923145
          ],
          [
            51.59007689438971,
            43.18407143197618
          ],
          [
            51.58992795868774,
            43.184053595029226
          ],
          [
            51.58977902298576,
            43.18403575808227
          ],
          [
            51.58963008728378,
            43.18401792113531
          ],
          [
            51.58948115158181,
            43.18400008418834
          ],
          [
            51.58933221587982,
            43.18398224724139
          ],
          [
            51.58918328017785,
            43.183964410294436
          ],
          [
            51.58903434447588,
            43.18394657334748
          ],
          [
            51.5888854087739,
            43.18392873640052
          ],
          [
            51.588736473071926,
            43.18391089945355
          ],
          [
            51.58858753736995,
            43.183893062506606
          ],
          [
            51.58843860166797,
            43.183875225559646
          ],
          [
            51.58828966596599,
            43.18385738861267
          ],
          [
            51.58814073026402,
            43.18383955166573
          ],
          [
            51.58799179456204,
            43.18382171471877
          ],
          [
            51.58784285886006,
            43.18380387777181
          ],
          [
            51.58769392315809,
            43.18378604082484
          ],
          [
            51.58754498745611,
            43.18376820387789
          ],
          [
            51.58739605175413,
            43.18375036693094
          ],
          [
            51.587247116052154,
            43.18373252998397
          ],
          [
            51.58709818035018,
            43.18371469303701
          ],
          [
            51.58694924464821,
            43.18369685609005
          ],
          [
            51.58680030894622,
            43.18367901914309
          ],
          [
            51.58665137324425,
            43.18366118219614
          ],
          [
            51.58650243754228,
            43.18364334524918
          ],
          [
            51.58635350184029,
            43.18362550830222
          ],
          [
            51.58620456613832,
            43.18360767135526
          ],
          [
            51.5860472840028,
            43.18359016989525
          ],
          [
            51.585880831914125,
            43.18357303702374
          ],
          [
            51.5857093438745,
            43.18355610657353
          ],
          [
            51.58553665460479,
            43.18353922440704
          ],
          [
            51.585366299544525,
            43.183522248416445
          ],
          [
            51.58520151485189,
            43.18350504852354
          ],
          [
            51.58504523740376,
            43.183487506679874
          ],
          [
            51.58490010479566,
            43.18346951686663
          ],
          [
            51.58476845534173,
            43.18345098509469
          ],
          [
            51.584652328074874,
            43.18343182940464
          ],
          [
            51.584553462746555,
            43.18341197986674
          ],
          [
            51.58447329982697,
            43.183391378580936
          ],
          [
            51.58441298050494,
            43.18336997967686
          ],
          [
            51.58437334668799,
            43.18334774931385
          ],
          [
            51.58435494100225,
            43.18332466568089
          ],
          [
            51.58435800679255,
            43.1833007189967
          ],
          [
            51.584382488122394,
            43.18327591150963
          ],
          [
            51.584428029773925,
            43.18325025749778
          ],
          [
            51.584493977247945,
            43.1832237832689
          ],
          [
            51.584579376763955,
            43.18319652716042
          ],
          [
            51.58468297526008,
            43.18316853953947
          ],
          [
            51.58480322039311,
            43.18313988280286
          ],
          [
            51.58493826053854,
            43.183110631377104
          ],
          [
            51.58508594479047,
            43.1830808717184
          ],
          [
            51.58524382296172,
            43.183050702312606
          ],
          [
            51.585409145583725,
            43.183020233675286
          ],
          [
            51.58557886390661,
            43.18298958835169
          ],
          [
            51.58574962989916,
            43.18295890091676
          ],
          [
            51.58591779624881,
            43.18292831797511
          ],
          [
            51.58607941636168,
            43.18289799816105
          ],
          [
            51.586230244362525,
            43.18286811213858
          ],
          [
            51.58637726797464,
            43.18283837903445
          ],
          [
            51.586524291586755,
            43.182808645930315
          ],
          [
            51.58667131519887,
            43.182778912826194
          ],
          [
            51.58681833881098,
            43.18274917972205
          ],
          [
            51.5869653624231,
            43.182719446617924
          ],
          [
            51.5871123860352,
            43.182689713513795
          ],
          [
            51.58725940964732,
            43.18265998040966
          ],
          [
            51.58740643325943,
            43.18263024730553
          ],
          [
            51.58755345687155,
            43.1826005142014
          ],
          [
            51.58770048048366,
            43.18257078109727
          ],
          [
            51.58784750409576,
            43.18254104799314
          ],
          [
            51.58799452770788,
            43.18251131488901
          ],
          [
            51.58814155131999,
            43.18248158178488
          ],
          [
            51.5882885749321,
            43.18245184868074
          ],
          [
            51.58843559854422,
            43.182422115576614
          ],
          [
            51.58858262215634,
            43.182392382472486
          ],
          [
            51.588729645768446,
            43.18236264936836
          ],
          [
            51.58887666938056,
            43.182332916264215
          ],
          [
            51.58902369299267,
            43.18230318316008
          ],
          [
            51.58917071660479,
            43.182273450055966
          ],
          [
            51.5893177402169,
            43.182243716951824
          ],
          [
            51.58946476382902,
            43.18221398384769
          ],
          [
            51.58961178744113,
            43.18218425074356
          ],
          [
            51.58975881105324,
            43.18215451763943
          ],
          [
            51.58990583466535,
            43.182124784535304
          ],
          [
            51.59005285827746,
            43.18209505143117
          ],
          [
            51.59019988188957,
            43.182065318327034
          ],
          [
            51.5903469055017,
            43.182035585222906
          ],
          [
            51.590493929113805,
            43.18200585211878
          ],
          [
            51.59064095272592,
            43.18197611901465
          ],
          [
            51.590787976338035,
            43.18194638591051
          ],
          [
            51.590934999950136,
            43.18191665280637
          ],
          [
            51.59108202356225,
            43.18188691970225
          ],
          [
            51.591229047174366,
            43.18185718659812
          ],
          [
            51.591376070786495,
            43.18182745349398
          ],
          [
            51.591523094398596,
            43.18179772038985
          ],
          [
            51.5916701180107,
            43.18176798728572
          ],
          [
            51.59181714162281,
            43.181738254181596
          ],
          [
            51.59196416523493,
            43.18170852107746
          ],
          [
            51.59211118884704,
            43.181678787973325
          ],
          [
            51.59225821245916,
            43.1816490548692
          ],
          [
            51.592405236071265,
            43.18161932176506
          ],
          [
            51.59255225968339,
            43.181589588660934
          ],
          [
            51.592699283295495,
            43.1815598555568
          ],
          [
            51.5928463069076,
            43.18153012245267
          ],
          [
            51.59299333051972,
            43.18150038934854
          ],
          [
            51.59314035413183,
            43.181470656244414
          ],
          [
            51.59328737774395,
            43.18144092314028
          ],
          [
            51.593434401356056,
            43.181411190036144
          ],
          [
            51.59358142496817,
            43.181381456932016
          ],
          [
            51.593728448580286,
            43.18135172382789
          ],
          [
            51.593875472192394,
            43.181321990723745
          ],
          [
            51.594022495804516,
            43.18129225761962
          ],
          [
            51.59416951941663,
            43.18126252451549
          ],
          [
            51.59431654302875,
            43.18123279141136
          ],
          [
            51.594463566640854,
            43.181203058307226
          ],
          [
            51.594610590252955,
            43.1811733252031
          ],
          [
            51.59475761386507,
            43.18114359209896
          ],
          [
            51.594904637477185,
            43.18111385899483
          ],
          [
            51.5950516610893,
            43.18108412589071
          ],
          [
            51.595198684701415,
            43.18105439278657
          ],
          [
            51.59534570831352,
            43.181024659682436
          ],
          [
            51.59549273192564,
            43.18099492657831
          ],
          [
            51.595639755537746,
            43.18096519347418
          ],
          [
            51.59578677914986,
            43.18093546037005
          ],
          [
            51.59593380276198,
            43.18090572726591
          ],
          [
            51.596080826374084,
            43.180875994161774
          ],
          [
            51.59622784998621,
            43.18084626105765
          ],
          [
            51.596374873598315,
            43.180816527953525
          ],
          [
            51.59652189721043,
            43.18078679484938
          ],
          [
            51.596668920822545,
            43.180757061745254
          ],
          [
            51.59681594443465,
            43.18072732864112
          ],
          [
            51.596962968046775,
            43.180697595537
          ],
          [
            51.59710999165888,
            43.18066786243286
          ],
          [
            51.59725701527099,
            43.18063812932873
          ],
          [
            51.59740403888311,
            43.1806083962246
          ],
          [
            51.59755106249522,
            43.180578663120464
          ],
          [
            51.59769808610733,
            43.18054893001634
          ],
          [
            51.59784510971945,
            43.1805191969122
          ],
          [
            51.59799213333156,
            43.18048946380807
          ],
          [
            51.59813915694368,
            43.180459730703944
          ],
          [
            51.59828618055579,
            43.18042999759981
          ],
          [
            51.59843320416789,
            43.18040026449568
          ],
          [
            51.598580227780005,
            43.180370531391546
          ],
          [
            51.59872725139211,
            43.18034079828742
          ],
          [
            51.598874275004235,
            43.18031106518329
          ],
          [
            51.59902129861635,
            43.18028133207916
          ],
          [
            51.59916832222846,
            43.18025159897502
          ],
          [
            51.599315345840566,
            43.18022186587089
          ],
          [
            51.59946236945268,
            43.18019213276676
          ],
          [
            51.5996093930648,
            43.18016239966263
          ],
          [
            51.59975641667691,
            43.1801326665585
          ],
          [
            51.599903440289026,
            43.180102933454364
          ],
          [
            51.60005046390114,
            43.180073200350236
          ],
          [
            51.60019748751325,
            43.18004346724611
          ],
          [
            51.600344511125364,
            43.180013734141966
          ],
          [
            51.60049153473748,
            43.17998400103784
          ],
          [
            51.60063855834958,
            43.17995426793372
          ],
          [
            51.6007855819617,
            43.17992453482958
          ],
          [
            51.60093260557382,
            43.17989480172545
          ],
          [
            51.60107962918593,
            43.17986506862132
          ],
          [
            51.60122665279805,
            43.17983533551718
          ],
          [
            51.60137367641015,
            43.179805602413055
          ],
          [
            51.60152070002226,
            43.17977586930892
          ],
          [
            51.60166772363438,
            43.179746136204784
          ],
          [
            51.60181474724649,
            43.17971640310065
          ],
          [
            51.60196177085861,
            43.17968666999653
          ],
          [
            51.602108794470716,
            43.1796569368924
          ],
          [
            51.60225581808283,
            43.17962720378826
          ],
          [
            51.60240284169494,
            43.17959747068413
          ],
          [
            51.60254986530705,
            43.17956773758
          ],
          [
            51.60269688891917,
            43.17953800447587
          ],
          [
            51.60284391253128,
            43.17950827137174
          ],
          [
            51.6029909361434,
            43.1794785382676
          ],
          [
            51.60313795975551,
            43.179448805163474
          ],
          [
            51.603284983367615,
            43.17941907205934
          ],
          [
            51.60343200697974,
            43.17938933895521
          ],
          [
            51.603579030591845,
            43.17935960585108
          ],
          [
            51.60372605420397,
            43.17932987274695
          ],
          [
            51.603873077816075,
            43.17930013964282
          ],
          [
            51.60402010142818,
            43.17927040653869
          ],
          [
            51.604167125040306,
            43.17924067343456
          ],
          [
            51.60431414865241,
            43.17921094033043
          ],
          [
            51.60446117226452,
            43.179181207226286
          ],
          [
            51.60460819587664,
            43.179151474122165
          ],
          [
            51.60475521948875,
            43.17912174101804
          ],
          [
            51.60490224310087,
            43.179092007913894
          ],
          [
            51.605049266712975,
            43.17906227480977
          ],
          [
            51.60519629032508,
            43.17903254170563
          ],
          [
            51.6053433139372,
            43.17900280860151
          ],
          [
            51.60549033754931,
            43.178973075497375
          ],
          [
            51.60563736116143,
            43.17894334239324
          ],
          [
            51.60578438477354,
            43.17891360928911
          ],
          [
            51.60593140838565,
            43.178883876184976
          ],
          [
            51.606078431997766,
            43.17885414308085
          ],
          [
            51.606225455609874,
            43.17882440997672
          ],
          [
            51.60637247922199,
            43.17879467687258
          ],
          [
            51.606519502834104,
            43.178764943768456
          ],
          [
            51.60666652644622,
            43.17873521066433
          ],
          [
            51.606813550058334,
            43.178705477560186
          ],
          [
            51.60696057367044,
            43.17867574445606
          ],
          [
            51.60710759728256,
            43.17864601135192
          ],
          [
            51.607254620894665,
            43.1786162782478
          ],
          [
            51.60740164450678,
            43.178586545143666
          ],
          [
            51.6075486681189,
            43.17855681203953
          ],
          [
            51.60769569173101,
            43.1785270789354
          ],
          [
            51.607842715343125,
            43.17849734583127
          ],
          [
            51.60798973895523,
            43.17846761272715
          ],
          [
            51.60813676256734,
            43.17843787962301
          ],
          [
            51.60828378617946,
            43.178408146518876
          ],
          [
            51.60843080979157,
            43.17837841341475
          ],
          [
            51.60857783340369,
            43.17834868031062
          ],
          [
            51.6087248570158,
            43.178318947206485
          ],
          [
            51.6088718806279,
            43.17828921410235
          ],
          [
            51.60901890424002,
            43.17825948099822
          ],
          [
            51.60916592785213,
            43.17822974789409
          ],
          [
            51.60931295146424,
            43.178200014789965
          ],
          [
            51.60945997507636,
            43.17817028168582
          ],
          [
            51.60960699868847,
            43.17814054858169
          ],
          [
            51.609754022300585,
            43.17811081547757
          ],
          [
            51.6099010459127,
            43.17808108237344
          ],
          [
            51.6100480695248,
            43.1780513492693
          ],
          [
            51.61019509313692,
            43.17802161616517
          ],
          [
            51.61034211674904,
            43.17799188306104
          ],
          [
            51.61048914036115,
            43.17796214995691
          ],
          [
            51.61063616397326,
            43.17793241685278
          ],
          [
            51.610783187585376,
            43.17790268374864
          ],
          [
            51.610930211197484,
            43.17787295064451
          ],
          [
            51.6110772348096,
            43.177843217540385
          ],
          [
            51.61122425842172,
            43.17781348443626
          ],
          [
            51.61137128203383,
            43.177783751332115
          ],
          [
            51.611518305645944,
            43.17775401822798
          ],
          [
            51.61166532925806,
            43.17772428512386
          ],
          [
            51.61181235287017,
            43.17769455201973
          ],
          [
            51.61195937648228,
            43.17766481891559
          ],
          [
            51.61210640009439,
            43.17763508581146
          ],
          [
            51.612253423706505,
            43.17760535270733
          ],
          [
            51.61240044731863,
            43.1775756196032
          ],
          [
            51.612547470930735,
            43.17754588649906
          ],
          [
            51.61269449454285,
            43.177516153394926
          ],
          [
            51.61284151815496,
            43.1774864202908
          ],
          [
            51.612988541767066,
            43.17745668718667
          ],
          [
            51.61313556537918,
            43.17742695408255
          ],
          [
            51.61328258899129,
            43.177397220978406
          ],
          [
            51.613429612603404,
            43.17736748787428
          ],
          [
            51.61357663621552,
            43.17733775477015
          ],
          [
            51.61372365982763,
            43.177308021666015
          ],
          [
            51.61387068343975,
            43.17727828856189
          ],
          [
            51.61401770705186,
            43.17724855545775
          ],
          [
            51.614164730663965,
            43.17721882235362
          ],
          [
            51.61431175427609,
            43.177189089249495
          ],
          [
            51.61445877788819,
            43.17715935614536
          ],
          [
            51.61460580150032,
            43.17712962304123
          ],
          [
            51.614752825112426,
            43.1770998899371
          ],
          [
            51.61489984872453,
            43.17707015683297
          ],
          [
            51.615046872336656,
            43.17704042372884
          ],
          [
            51.615193895948764,
            43.1770106906247
          ],
          [
            51.61534091956088,
            43.17698095752057
          ],
          [
            51.61548794317299,
            43.17695122441644
          ],
          [
            51.61563496678511,
            43.176921491312314
          ],
          [
            51.61578199039721,
            43.17689175820818
          ],
          [
            51.615929014009325,
            43.17686202510404
          ],
          [
            51.61607603762144,
            43.176832291999915
          ],
          [
            51.616223061233555,
            43.17680255889579
          ],
          [
            51.61637008484567,
            43.17677282579166
          ],
          [
            51.61651710845778,
            43.17674309268752
          ],
          [
            51.616664132069886,
            43.17671335958338
          ],
          [
            51.616811155682,
            43.17668362647926
          ],
          [
            51.616958179294116,
            43.176653893375125
          ],
          [
            51.617105202906224,
            43.17662416027099
          ],
          [
            51.61725222651834,
            43.17659442716686
          ],
          [
            51.617399250130454,
            43.17656469406273
          ],
          [
            51.61754627374256,
            43.176534960958605
          ],
          [
            51.61769329735468,
            43.17650522785447
          ],
          [
            51.61784032096679,
            43.176475494750335
          ],
          [
            51.617987344578914,
            43.1764457616462
          ],
          [
            51.61813436819102,
            43.17641602854208
          ],
          [
            51.61828139180314,
            43.17638629543795
          ],
          [
            51.61842841541525,
            43.176356562333815
          ],
          [
            51.61857543902735,
            43.17632682922968
          ],
          [
            51.618722462639475,
            43.17629709612555
          ],
          [
            51.61886948625159,
            43.17626736302142
          ],
          [
            51.619016509863705,
            43.17623762991729
          ],
          [
            51.61916353347581,
            43.17620789681315
          ],
          [
            51.61931055708792,
            43.176178163709025
          ],
          [
            51.619457580700036,
            43.1761484306049
          ],
          [
            51.619604604312144,
            43.17611869750076
          ],
          [
            51.61975162792426,
            43.17608896439663
          ],
          [
            51.619898651536374,
            43.1760592312925
          ],
          [
            51.62004567514849,
            43.17602949818837
          ],
          [
            51.6201926987606,
            43.17599976508424
          ],
          [
            51.62033972237271,
            43.17597003198011
          ],
          [
            51.62048674598482,
            43.17594029887597
          ],
          [
            51.620633769596935,
            43.175910565771844
          ],
          [
            51.62078079320905,
            43.175880832667715
          ],
          [
            51.62092781682117,
            43.17585109956358
          ],
          [
            51.62107484043328,
            43.175821366459445
          ],
          [
            51.62122186404538,
            43.17579163335532
          ],
          [
            51.6213688876575,
            43.17576190025119
          ],
          [
            51.62151591126961,
            43.17573216714706
          ],
          [
            51.621662934881726,
            43.175702434042925
          ],
          [
            51.62180995849384,
            43.17567270093879
          ],
          [
            51.62195698210595,
            43.17564296783466
          ],
          [
            51.62210400571807,
            43.175613234730534
          ],
          [
            51.62225102933018,
            43.175583501626406
          ],
          [
            51.62239805294229,
            43.17555376852226
          ],
          [
            51.6225450765544,
            43.17552403541813
          ],
          [
            51.62269210016652,
            43.17549430231401
          ],
          [
            51.62283912377864,
            43.17546456920987
          ],
          [
            51.62298614739074,
            43.17543483610574
          ],
          [
            51.62313317100285,
            43.17540510300161
          ],
          [
            51.62328019461496,
            43.17537536989748
          ],
          [
            51.62342721822707,
            43.17534563679335
          ],
          [
            51.623574241839194,
            43.17531590368922
          ],
          [
            51.62372126545131,
            43.175286170585075
          ],
          [
            51.62386828906342,
            43.175256437480954
          ],
          [
            51.62401531267553,
            43.17522670437682
          ],
          [
            51.62416233628764,
            43.17519697127269
          ],
          [
            51.62430935989976,
            43.175167238168555
          ],
          [
            51.62445638351187,
            43.17513750506443
          ],
          [
            51.62460340712398,
            43.1751077719603
          ],
          [
            51.6247504307361,
            43.175078038856164
          ],
          [
            51.624897454348215,
            43.175048305752036
          ],
          [
            51.625044477960316,
            43.1750185726479
          ],
          [
            51.62519150157244,
            43.17498883954377
          ],
          [
            51.625338525184546,
            43.174959106439644
          ],
          [
            51.62548554879666,
            43.1749293733355
          ],
          [
            51.625632572408776,
            43.174899640231374
          ],
          [
            51.6257795960209,
            43.174869907127245
          ],
          [
            51.625926619633006,
            43.17484017402312
          ],
          [
            51.62607364324511,
            43.17481044091898
          ],
          [
            51.62622066685722,
            43.17478070781485
          ],
          [
            51.62636769046934,
            43.17475097471072
          ],
          [
            51.62651471408145,
            43.17472124160659
          ],
          [
            51.626661737693574,
            43.174691508502455
          ],
          [
            51.62680876130568,
            43.17466177539833
          ],
          [
            51.62695578491779,
            43.17463204229419
          ],
          [
            51.6271028085299,
            43.174602309190064
          ],
          [
            51.627249832142006,
            43.174572576085936
          ],
          [
            51.62739685575413,
            43.1745428429818
          ],
          [
            51.627543879366236,
            43.174513109877665
          ],
          [
            51.62769090297836,
            43.17448337677354
          ],
          [
            51.627837926590466,
            43.17445364366941
          ],
          [
            51.62798495020258,
            43.174423910565274
          ],
          [
            51.62813197381469,
            43.17439417746114
          ],
          [
            51.628278997426804,
            43.17436444435701
          ],
          [
            51.62842602103892,
            43.174334711252875
          ],
          [
            51.628573044651034,
            43.174304978148754
          ],
          [
            51.62872006826314,
            43.17427524504462
          ],
          [
            51.62886709187526,
            43.17424551194048
          ],
          [
            51.62901411548737,
            43.17421577883636
          ],
          [
            51.62916113909948,
            43.17418604573223
          ],
          [
            51.629308162711595,
            43.17415631262809
          ],
          [
            51.6294551863237,
            43.17412657952396
          ],
          [
            51.629602209935825,
            43.17409684641983
          ],
          [
            51.62974923354794,
            43.1740671133157
          ],
          [
            51.62989625716005,
            43.174037380211566
          ],
          [
            51.630043280772156,
            43.17400764710743
          ],
          [
            51.63019030438427,
            43.173977914003295
          ],
          [
            51.630337327996386,
            43.173948180899174
          ],
          [
            51.6304843516085,
            43.173918447795046
          ],
          [
            51.63063137522062,
            43.173888714690904
          ],
          [
            51.630778398832724,
            43.173858981586775
          ],
          [
            51.63092542244483,
            43.17382924848265
          ],
          [
            51.63107244605694,
            43.17379951537852
          ],
          [
            51.63121946966907,
            43.173769782274384
          ],
          [
            51.63136649328117,
            43.17374004917025
          ],
          [
            51.63151351689329,
            43.17371031606613
          ],
          [
            51.63166054050539,
            43.17368058296199
          ],
          [
            51.63180756411751,
            43.173650849857864
          ],
          [
            51.63195458772963,
            43.17362111675373
          ],
          [
            51.63210161134174,
            43.17359138364959
          ],
          [
            51.632248634953854,
            43.173561650545466
          ],
          [
            51.63239565856597,
            43.17353191744134
          ],
          [
            51.632542682178084,
            43.1735021843372
          ],
          [
            51.63268970579019,
            43.173472451233074
          ],
          [
            51.63283672940231,
            43.17344271812893
          ],
          [
            51.63298375301442,
            43.17341298502481
          ],
          [
            51.63313077662653,
            43.173383251920676
          ],
          [
            51.633277800238645,
            43.17335351881654
          ],
          [
            51.63342482385076,
            43.17332378571241
          ],
          [
            51.633571847462875,
            43.173294052608284
          ],
          [
            51.63371887107498,
            43.173264319504156
          ],
          [
            51.63386589468709,
            43.173234586400014
          ],
          [
            51.6340129182992,
            43.17320485329588
          ],
          [
            51.63415994191132,
            43.17317512019176
          ],
          [
            51.634306965523436,
            43.17314538708762
          ],
          [
            51.634453989135544,
            43.1731156539835
          ],
          [
            51.63460101274765,
            43.17308592087936
          ],
          [
            51.63474803635977,
            43.173056187775224
          ],
          [
            51.63489505997188,
            43.1730264546711
          ],
          [
            51.635042083584,
            43.17299672156697
          ],
          [
            51.63518910719612,
            43.17296698846283
          ],
          [
            51.63533613080823,
            43.172937255358704
          ],
          [
            51.63548315442034,
            43.172907522254576
          ],
          [
            51.63563017803245,
            43.17287778915045
          ],
          [
            51.63577720164456,
            43.172848056046305
          ],
          [
            51.63592422525668,
            43.17281832294218
          ],
          [
            51.63607124886879,
            43.17278858983805
          ],
          [
            51.6362182724809,
            43.17275885673392
          ],
          [
            51.63636529609302,
            43.172729123629786
          ],
          [
            51.636512319705126,
            43.17269939052565
          ],
          [
            51.63665934331724,
            43.17266965742152
          ],
          [
            51.636806366929356,
            43.172639924317394
          ],
          [
            51.636953390541464,
            43.172610191213266
          ],
          [
            51.637100414153586,
            43.17258045810913
          ],
          [
            51.637247437765694,
            43.172550725004996
          ],
          [
            51.63739446137781,
            43.172520991900875
          ],
          [
            51.637541484989924,
            43.17249125879674
          ],
          [
            51.63768850860202,
            43.172461525692604
          ],
          [
            51.63783553221414,
            43.17243179258847
          ],
          [
            51.63798255582625,
            43.17240205948434
          ],
          [
            51.63812957943836,
            43.17237232638021
          ],
          [
            51.63827660305048,
            43.17234259327608
          ],
          [
            51.63842362666259,
            43.17231286017194
          ],
          [
            51.6385706502747,
            43.17228312706782
          ],
          [
            51.638717673886816,
            43.172253393963686
          ],
          [
            51.63886469749893,
            43.17222366085956
          ],
          [
            51.639011721111046,
            43.17219392775542
          ],
          [
            51.639158744723154,
            43.17216419465129
          ],
          [
            51.63930576833528,
            43.17213446154716
          ],
          [
            51.639452791947384,
            43.17210472844303
          ],
          [
            51.63959981555949,
            43.172074995338896
          ],
          [
            51.63974683917161,
            43.17204526223476
          ],
          [
            51.63989386278372,
            43.17201552913063
          ],
          [
            51.640040886395845,
            43.171985796026505
          ],
          [
            51.640187910007946,
            43.17195606292237
          ],
          [
            51.64033493362006,
            43.171926329818234
          ],
          [
            51.64048195723217,
            43.171896596714106
          ],
          [
            51.64062898084428,
            43.17186686360998
          ],
          [
            51.6407760044564,
            43.17183713050586
          ],
          [
            51.640923028068514,
            43.171807397401714
          ],
          [
            51.64107005168063,
            43.17177766429758
          ],
          [
            51.64121707529274,
            43.171747931193444
          ],
          [
            51.641364098904845,
            43.17171819808932
          ],
          [
            51.64151112251695,
            43.17168846498519
          ],
          [
            51.64165814612907,
            43.17165873188105
          ],
          [
            51.64180516974119,
            43.171628998776924
          ],
          [
            51.641952193353305,
            43.171599265672796
          ],
          [
            51.64209921696541,
            43.17156953256867
          ],
          [
            51.64224624057752,
            43.17153979946453
          ],
          [
            51.64239326418964,
            43.1715100663604
          ],
          [
            51.64254028780175,
            43.17148033325627
          ],
          [
            51.642687311413866,
            43.171450600152134
          ],
          [
            51.64283433502598,
            43.17142086704801
          ],
          [
            51.6429813586381,
            43.17139113394387
          ],
          [
            51.643128382250204,
            43.17136140083974
          ],
          [
            51.64327540586231,
            43.171331667735615
          ],
          [
            51.64342242947443,
            43.17130193463149
          ],
          [
            51.64356945308654,
            43.17127220152735
          ],
          [
            51.64371647669865,
            43.171242468423216
          ],
          [
            51.64386350031077,
            43.17121273531908
          ],
          [
            51.64401052392289,
            43.17118300221496
          ],
          [
            51.644157547534995,
            43.171153269110825
          ],
          [
            51.6443045711471,
            43.17112353600669
          ],
          [
            51.64445159475922,
            43.17109380290256
          ],
          [
            51.64459861837133,
            43.171064069798426
          ],
          [
            51.64474564198345,
            43.171034336694305
          ],
          [
            51.64489266559556,
            43.17100460359016
          ],
          [
            51.64503968920767,
            43.170974870486035
          ],
          [
            51.64518671281978,
            43.1709451373819
          ],
          [
            51.6453337364319,
            43.17091540427777
          ],
          [
            51.64548076004401,
            43.170885671173636
          ],
          [
            51.645627783656124,
            43.17085593806951
          ],
          [
            51.64577480726824,
            43.17082620496538
          ],
          [
            51.64592183088035,
            43.17079647186125
          ],
          [
            51.64606885449246,
            43.170766738757116
          ],
          [
            51.64621587810457,
            43.17073700565298
          ],
          [
            51.646362901716685,
            43.17070727254885
          ],
          [
            51.6465099253288,
            43.170677539444725
          ],
          [
            51.646656948940915,
            43.1706478063406
          ],
          [
            51.64680397255303,
            43.170618073236454
          ],
          [
            51.64695099616514,
            43.170588340132326
          ],
          [
            51.64709801977725,
            43.1705586070282
          ],
          [
            51.64724504338937,
            43.17052887392407
          ],
          [
            51.64739206700147,
            43.170499140819935
          ],
          [
            51.647539090613584,
            43.1704694077158
          ],
          [
            51.647686114225706,
            43.17043967461167
          ],
          [
            51.647833137837814,
            43.17040994150754
          ],
          [
            51.64798016144994,
            43.170380208403415
          ],
          [
            51.64812718506204,
            43.17035047529927
          ],
          [
            51.648274208674145,
            43.17032074219514
          ],
          [
            51.64842123228627,
            43.170291009091024
          ],
          [
            51.64856825589838,
            43.17026127598689
          ],
          [
            51.6487152795105,
            43.170231542882746
          ],
          [
            51.6488623031226,
            43.17020180977862
          ],
          [
            51.64900932673471,
            43.17017207667449
          ],
          [
            51.64915635034683,
            43.17014234357036
          ],
          [
            51.64930337395894,
            43.17011261046623
          ],
          [
            51.64945039757106,
            43.17008287736209
          ],
          [
            51.64959742118317,
            43.170053144257956
          ],
          [
            51.64974444479528,
            43.170023411153835
          ],
          [
            51.6498914684074,
            43.1699936780497
          ],
          [
            51.65003849201951,
            43.169963944945565
          ],
          [
            51.65018551563162,
            43.16993421184143
          ],
          [
            51.650332539243735,
            43.16990447873731
          ],
          [
            51.65047956285584,
            43.16987474563318
          ],
          [
            51.650626586467965,
            43.169845012529045
          ],
          [
            51.65077361008007,
            43.16981527942491
          ],
          [
            51.65092063369219,
            43.16978554632078
          ],
          [
            51.6510676573043,
            43.169755813216646
          ],
          [
            51.65121468091641,
            43.16972608011252
          ],
          [
            51.651361704528526,
            43.16969634700838
          ],
          [
            51.65150872814065,
            43.169666613904255
          ],
          [
            51.651655751752756,
            43.16963688080013
          ],
          [
            51.65180277536486,
            43.16960714769599
          ],
          [
            51.65194979897697,
            43.169577414591856
          ],
          [
            51.65209682258909,
            43.16954768148773
          ],
          [
            51.6522438462012,
            43.16951794838359
          ],
          [
            51.65239086981332,
            43.16948821527947
          ],
          [
            51.65253789342543,
            43.16945848217534
          ],
          [
            51.65268491703754,
            43.169428749071194
          ],
          [
            51.652831940649655,
            43.16939901596708
          ],
          [
            51.65297896426176,
            43.16936928286294
          ],
          [
            51.65312598787387,
            43.16933954975882
          ],
          [
            51.65327301148599,
            43.16930981665468
          ],
          [
            51.6534200350981,
            43.16928008355054
          ],
          [
            51.65356705871022,
            43.16925035044642
          ],
          [
            51.65371408232233,
            43.16922061734228
          ],
          [
            51.65386110593444,
            43.169190884238155
          ],
          [
            51.65400812954656,
            43.16916115113402
          ],
          [
            51.65415515315867,
            43.169131418029885
          ],
          [
            51.654302176770784,
            43.169101684925764
          ],
          [
            51.6544492003829,
            43.16907195182163
          ],
          [
            51.65459622399501,
            43.16904221871749
          ],
          [
            51.65474324760712,
            43.169012485613365
          ],
          [
            51.65489027121923,
            43.16898275250924
          ],
          [
            51.655037294831345,
            43.16895301940511
          ],
          [
            51.65518431844346,
            43.168923286300966
          ],
          [
            51.655331342055575,
            43.16889355319684
          ],
          [
            51.65547836566769,
            43.16886382009271
          ],
          [
            51.65562538927979,
            43.168834086988575
          ],
          [
            51.6557724128919,
            43.16880435388445
          ],
          [
            51.65591943650402,
            43.16877462078031
          ],
          [
            51.65606646011613,
            43.168744887676176
          ],
          [
            51.65621348372825,
            43.168715154572055
          ],
          [
            51.65636050734036,
            43.16868542146792
          ],
          [
            51.65650753095248,
            43.168655688363785
          ],
          [
            51.65665455456459,
            43.16862595525966
          ],
          [
            51.6568015781767,
            43.16859622215553
          ],
          [
            51.65694860178881,
            43.1685664890514
          ],
          [
            51.65709562540093,
            43.168536755947265
          ],
          [
            51.65724264901304,
            43.16850702284313
          ],
          [
            51.65738967262515,
            43.168477289739
          ],
          [
            51.657536696237266,
            43.168447556634874
          ],
          [
            51.65768371984938,
            43.16841782353074
          ],
          [
            51.65783074346149,
            43.16838809042661
          ],
          [
            51.657977767073604,
            43.168358357322475
          ],
          [
            51.65812479068572,
            43.16832862421835
          ],
          [
            51.65827181429783,
            43.168298891114205
          ],
          [
            51.65841883790995,
            43.168269158010084
          ],
          [
            51.658565861522064,
            43.16823942490595
          ],
          [
            51.658712885134165,
            43.16820969180182
          ],
          [
            51.65885990874628,
            43.16817995869769
          ],
          [
            51.659006932358395,
            43.16815022559356
          ],
          [
            51.65915395597051,
            43.16812049248942
          ],
          [
            51.659300979582625,
            43.168090759385294
          ],
          [
            51.659448003194726,
            43.168061026281165
          ],
          [
            51.65959502680684,
            43.16803129317703
          ],
          [
            51.659742050418956,
            43.168001560072895
          ],
          [
            51.65988907403108,
            43.16797182696877
          ],
          [
            51.66003609764318,
            43.16794209386464
          ],
          [
            51.660183121255294,
            43.16791236076051
          ],
          [
            51.66033014486741,
            43.16788262765637
          ],
          [
            51.660477168479524,
            43.16785289455223
          ],
          [
            51.660624192091625,
            43.167823161448105
          ],
          [
            51.66077121570375,
            43.167793428343984
          ],
          [
            51.66091823931586,
            43.16776369523985
          ],
          [
            51.66106526292798,
            43.16773396213571
          ],
          [
            51.661212286540085,
            43.16770422903158
          ],
          [
            51.6613593101522,
            43.16767449592746
          ],
          [
            51.661506333764315,
            43.16764476282332
          ],
          [
            51.661653357376416,
            43.16761502971919
          ],
          [
            51.66180038098854,
            43.16758529661506
          ],
          [
            51.66194740460066,
            43.16755556351092
          ],
          [
            51.66209442821277,
            43.167525830406795
          ],
          [
            51.66224145182488,
            43.16749609730266
          ],
          [
            51.66238847543699,
            43.16746636419853
          ],
          [
            51.6625354990491,
            43.1674366310944
          ],
          [
            51.662682522661214,
            43.167406897990276
          ],
          [
            51.66282954627332,
            43.16737716488614
          ],
          [
            51.662976569885444,
            43.167347431782005
          ],
          [
            51.663123593497545,
            43.16731769867788
          ],
          [
            51.66327466106754,
            43.167291406402065
          ],
          [
            51.663430082084,
            43.167268818284995
          ],
          [
            51.66358788553855,
            43.16724825728114
          ],
          [
            51.66374624322371,
            43.16722816784806
          ],
          [
            51.6639034697329,
            43.16720711594644
          ],
          [
            51.66405802246051,
            43.167183789040045
          ],
          [
            51.66420850160176,
            43.16715699609575
          ],
          [
            51.66435365015286,
            43.16712566758355
          ],
          [
            51.66449235391091,
            43.16708885547652
          ],
          [
            51.6646236414739,
            43.16704573325087
          ],
          [
            51.664746684240775,
            43.166995595885865
          ],
          [
            51.664860796411375,
            43.166937859863914
          ],
          [
            51.66496543498644,
            43.16687206317053
          ],
          [
            51.66506019976766,
            43.1667978652943
          ],
          [
            51.665144833357616,
            43.16671504722694
          ],
          [
            51.665219221159795,
            43.16662351146324
          ],
          [
            51.66528339137864,
            43.16652328200115
          ],
          [
            51.66533751501946,
            43.16641450434167
          ],
          [
            51.66538190588851,
            43.16629744548891
          ],
          [
            51.665417020592955,
            43.1661724939501
          ],
          [
            51.66544345854087,
            43.16604015973559
          ],
          [
            51.665461961941226,
            43.16590107435877
          ],
          [
            51.66547341580396,
            43.165755990836224
          ],
          [
            51.66547691063869,
            43.16560496320876
          ],
          [
            51.66547223093056,
            43.1654484004518
          ],
          [
            51.665462076418684,
            43.16528800722318
          ],
          [
            51.66544919074356,
            43.165125567798235
          ],
          [
            51.665436361447036,
            43.16496294606984
          ],
          [
            51.66542641997237,
            43.16480208554839
          ],
          [
            51.665422241664196,
            43.16464500936184
          ],
          [
            51.66542674576855,
            43.164493820255665
          ],
          [
            51.66543730759937,
            43.164345946147805
          ],
          [
            51.66545286742713,
            43.16420018877354
          ],
          [
            51.665474020382014,
            43.16405680018027
          ],
          [
            51.66550126269469,
            43.163915990529794
          ],
          [
            51.66553499169626,
            43.16377792809835
          ],
          [
            51.66557550581831,
            43.163642739276625
          ],
          [
            51.66562300459292,
            43.163510508569686
          ],
          [
            51.6656775886526,
            43.16338127859707
          ],
          [
            51.66573925973033,
            43.163255050092744
          ],
          [
            51.66580792065957,
            43.163131781905065
          ],
          [
            51.66588337537424,
            43.16301139099682
          ],
          [
            51.66596532890874,
            43.16289375244527
          ],
          [
            51.66605338739792,
            43.16277869944206
          ],
          [
            51.6661470580771,
            43.16266602329327
          ],
          [
            51.66624574928207,
            43.16255547341943
          ],
          [
            51.666348770449076,
            43.16244675735545
          ],
          [
            51.666455332114865,
            43.162339540750715
          ],
          [
            51.66656454591659,
            43.16223344736901
          ],
          [
            51.66667542459193,
            43.16212805908857
          ],
          [
            51.66678955641803,
            43.162024295892635
          ],
          [
            51.66690521610531,
            43.16192137713459
          ],
          [
            51.66702008222013,
            43.16181822370773
          ],
          [
            51.667131810522086,
            43.16171375388312
          ],
          [
            51.66724071087533,
            43.16160801702535
          ],
          [
            51.66734805210539,
            43.16150147567163
          ],
          [
            51.66745310111075,
            43.16139375154706
          ],
          [
            51.66755520088272,
            43.16128450564001
          ],
          [
            51.66765377050538,
            43.161173438202226
          ],
          [
            51.6677483051556,
            43.161060288748715
          ],
          [
            51.66783837610307,
            43.16094483605785
          ],
          [
            51.667923630710305,
            43.160826898171294
          ],
          [
            51.66800379243255,
            43.160706332394035
          ],
          [
            51.66807866081792,
            43.160583035294366
          ],
          [
            51.66814811150727,
            43.16045694270394
          ],
          [
            51.668212096234306,
            43.16032802971766
          ],
          [
            51.668270642825505,
            43.1601963106938
          ],
          [
            51.66832385520014,
            43.16006183925394
          ],
          [
            51.668371913370294,
            43.159924708282965
          ],
          [
            51.66841507344086,
            43.1597850499291
          ],
          [
            51.66845366760951,
            43.15964303560385
          ],
          [
            51.66848810416672,
            43.15949887598208
          ],
          [
            51.66851895274773,
            43.15935282615278
          ],
          [
            51.66854825036864,
            43.15920526452855
          ],
          [
            51.6685760670413,
            43.15905648534334
          ],
          [
            51.66860258808808,
            43.158906824463976
          ],
          [
            51.668628114141875,
            43.15875665939004
          ],
          [
            51.668653061146074,
            43.15860640925396
          ],
          [
            51.668677960354565,
            43.15845653482096
          ],
          [
            51.66870345833176,
            43.15830753848909
          ],
          [
            51.66873031695261,
            43.158159964289204
          ],
          [
            51.66875571793385,
            43.158012491050684
          ],
          [
            51.66877899353148,
            43.157864889398546
          ],
          [
            51.66879993014795,
            43.15771714642746
          ],
          [
            51.668818353403296,
            43.15756925160155
          ],
          [
            51.668834128135366,
            43.15742119675446
          ],
          [
            51.66884715839967,
            43.15727297608932
          ],
          [
            51.668857387469444,
            43.15712458617873
          ],
          [
            51.668864797835624,
            43.156976025964845
          ],
          [
            51.66886941120689,
            43.15682729675925
          ],
          [
            51.66887128850958,
            43.156678402243074
          ],
          [
            51.66887052988781,
            43.156529348466925
          ],
          [
            51.66886727470334,
            43.15638014385089
          ],
          [
            51.668861701535704,
            43.15623079918459
          ],
          [
            51.6688540281821,
            43.156081327627106
          ],
          [
            51.66884375008662,
            43.155931731724074
          ],
          [
            51.66883113220311,
            43.15578202884036
          ],
          [
            51.668816871523745,
            43.15563224540698
          ],
          [
            51.66880167803087,
            43.155482409777285
          ],
          [
            51.6687862746969,
            43.155332552227044
          ],
          [
            51.66877139748449,
            43.1551827049544
          ],
          [
            51.66875779534636,
            43.15503290207986
          ],
          [
            51.66874623022541,
            43.15488317964632
          ],
          [
            51.668737359255815,
            43.15473356850176
          ],
          [
            51.66872985339925,
            43.15458398062911
          ],
          [
            51.66872386437703,
            43.15443441861482
          ],
          [
            51.66871951768285,
            43.15428488459826
          ],
          [
            51.66871691258286,
            43.15413538027171
          ],
          [
            51.66871612211564,
            43.15398590688027
          ],
          [
            51.66871719309221,
            43.15383646522198
          ],
          [
            51.66872014609603,
            43.15368705564771
          ],
          [
            51.66872497548296,
            43.15353767806126
          ],
          [
            51.66873164938131,
            43.1533883319193
          ],
          [
            51.66873997778671,
            43.15323899868836
          ],
          [
            51.66874970625451,
            43.15308965430574
          ],
          [
            51.66876084567143,
            43.15294031303802
          ],
          [
            51.66877337209727,
            43.152790987561055
          ],
          [
            51.66878722676496,
            43.15264168895985
          ],
          [
            51.66880231608057,
            43.15249242672859
          ],
          [
            51.66881851162329,
            43.15234320877075
          ],
          [
            51.668835650145425,
            43.15219404139892
          ],
          [
            51.6688535335724,
            43.15204492933493
          ],
          [
            51.6688719290028,
            43.15189587570978
          ],
          [
            51.66889056870829,
            43.151746882063726
          ],
          [
            51.668909150133686,
            43.15159794834617
          ],
          [
            51.66892733589693,
            43.15144907291574
          ],
          [
            51.66894580610742,
            43.15130027047975
          ],
          [
            51.668964882282914,
            43.15115154863532
          ],
          [
            51.66898457407346,
            43.15100290866586
          ],
          [
            51.669004882529826,
            43.15085435071114
          ],
          [
            51.66902580010345,
            43.150705873767215
          ],
          [
            51.669047310646505,
            43.15055747568647
          ],
          [
            51.6690693894118,
            43.1504091531776
          ],
          [
            51.66909200305285,
            43.15026090180562
          ],
          [
            51.66911510962391,
            43.15011271599189
          ],
          [
            51.66913865857986,
            43.14996458901403
          ],
          [
            51.66916259077632,
            43.14981651300602
          ],
          [
            51.66918683846956,
            43.14966847895817
          ],
          [
            51.66921132531658,
            43.14952047671704
          ],
          [
            51.669235966375055,
            43.14937249498559
          ],
          [
            51.669260668103355,
            43.14922452132305
          ],
          [
            51.66928532469083,
            43.149076541523094
          ],
          [
            51.66930974482058,
            43.148928527203
          ],
          [
            51.66933383961873,
            43.148780467653715
          ],
          [
            51.66935769176778,
            43.148632374905816
          ],
          [
            51.669381544745534,
            43.148484282298355
          ],
          [
            51.66940542269573,
            43.14833619392274
          ],
          [
            51.6694293476548,
            43.1481881135133
          ],
          [
            51.66945333955182,
            43.14804004444723
          ],
          [
            51.66947741620857,
            43.14789198974463
          ],
          [
            51.66950159333954,
            43.14774395206851
          ],
          [
            51.66952588455188,
            43.14759593372472
          ],
          [
            51.669550301345424,
            43.14744793666207
          ],
          [
            51.6695748531127,
            43.1472999624722
          ],
          [
            51.66959954713894,
            43.14715201238968
          ],
          [
            51.66962438860202,
            43.14700408729196
          ],
          [
            51.669649380572544,
            43.146856187699385
          ],
          [
            51.66967452401375,
            43.1467083137752
          ],
          [
            51.669699817781634,
            43.14656046532552
          ],
          [
            51.66972525862482,
            43.14641264179938
          ],
          [
            51.66975084118463,
            43.14626484228869
          ],
          [
            51.669776557995085,
            43.14611706552825
          ],
          [
            51.66980239948288,
            43.145969309895754
          ],
          [
            51.66982835396741,
            43.1458215734118
          ],
          [
            51.669854407660736,
            43.14567385373988
          ],
          [
            51.669880544667606,
            43.14552614818636
          ],
          [
            51.669906746985475,
            43.145378453700516
          ],
          [
            51.669932994504464,
            43.14523076687449
          ],
          [
            51.66995926500739,
            43.14508308394335
          ],
          [
            51.66998553416976,
            43.14493540078504
          ],
          [
            51.67001177555973,
            43.14478771292038
          ],
          [
            51.67003767281371,
            43.14463994306185
          ],
          [
            51.67006273548964,
            43.14449196985903
          ],
          [
            51.67008734391597,
            43.14434388231236
          ],
          [
            51.67011177546279,
            43.14419575024153
          ],
          [
            51.670136286429155,
            43.14404763816219
          ],
          [
            51.67016111204304,
            43.14389960528605
          ],
          [
            51.67018646646133,
            43.143751705520714
          ],
          [
            51.6702125427699,
            43.14360398746985
          ],
          [
            51.670239512983514,
            43.14345649443307
          ],
          [
            51.6702675280459,
            43.14330926440595
          ],
          [
            51.67029671782968,
            43.1431623300801
          ],
          [
            51.670327191136444,
            43.1430157188431
          ],
          [
            51.67035903569675,
            43.14286945277847
          ],
          [
            51.67039231816999,
            43.142723548665785
          ],
          [
            51.67042708414461,
            43.142578017980554
          ],
          [
            51.6704633581379,
            43.14243286689428
          ],
          [
            51.67050114359614,
            43.14228809627448
          ],
          [
            51.670540422894504,
            43.1421437016846
          ],
          [
            51.67058115733713,
            43.14199967338413
          ],
          [
            51.670623287157085,
            43.141855996328495
          ],
          [
            51.67066673151637,
            43.14171265016914
          ],
          [
            51.67071138850591,
            43.141569609253494
          ],
          [
            51.67075713514558,
            43.141426842624924
          ],
          [
            51.67080382738417,
            43.14128431402284
          ],
          [
            51.67085130009944,
            43.1411419818826
          ],
          [
            51.67089936709806,
            43.14099979933555
          ],
          [
            51.67094782111563,
            43.14085771420906
          ],
          [
            51.6709964338167,
            43.14071566902643
          ],
          [
            51.671044955794734,
            43.14057360100696
          ],
          [
            51.671093116572166,
            43.14043144206596
          ],
          [
            51.671140525933176,
            43.140289085160326
          ],
          [
            51.67118728125815,
            43.1401465559012
          ],
          [
            51.67123399121098,
            43.1400040111661
          ],
          [
            51.671280693799496,
            43.1398614639191
          ],
          [
            51.67132742403606,
            43.139718926102574
          ],
          [
            51.67137421393763,
            43.13957640863718
          ],
          [
            51.671421092525804,
            43.13943392142188
          ],
          [
            51.671468085826724,
            43.13929147333395
          ],
          [
            51.67151521687112,
            43.13914907222891
          ],
          [
            51.671562505694354,
            43.13900672494064
          ],
          [
            51.67160996933632,
            43.13886443728129
          ],
          [
            51.671657621841604,
            43.13872221404128
          ],
          [
            51.67170547425926,
            43.13858005898936
          ],
          [
            51.671753534643024,
            43.13843797487259
          ],
          [
            51.67180180805117,
            43.13829596341627
          ],
          [
            51.671850296546594,
            43.13815402532405
          ],
          [
            51.671898999196785,
            43.13801216027783
          ],
          [
            51.67194791207381,
            43.13787036693788
          ],
          [
            51.671997028254324,
            43.13772864294268
          ],
          [
            51.672046337819566,
            43.13758698490907
          ],
          [
            51.672095827855415,
            43.137445388432155
          ],
          [
            51.6721454824523,
            43.137303848085324
          ],
          [
            51.67219528270522,
            43.1371623574203
          ],
          [
            51.672245206713825,
            43.13702090896709
          ],
          [
            51.67229522958231,
            43.13687949423398
          ],
          [
            51.67234532341948,
            43.13673810370759
          ],
          [
            51.67239545733874,
            43.13659672685277
          ],
          [
            51.672445597458044,
            43.13645535211274
          ],
          [
            51.67249570690002,
            43.136313966908965
          ],
          [
            51.67254629121971,
            43.13617264953818
          ],
          [
            51.67259864881756,
            43.136031611363414
          ],
          [
            51.67265214020967,
            43.13589076025639
          ],
          [
            51.672706109654804,
            43.135749989694595
          ],
          [
            51.672759929733665,
            43.13560919396667
          ],
          [
            51.672813024295124,
            43.135468275999266
          ],
          [
            51.67286486845646,
            43.135327147356996
          ],
          [
            51.672914988603125,
            43.13518572824247
          ],
          [
            51.672962962388915,
            43.135043947496285
          ],
          [
            51.67300841873591,
            43.134901742597016
          ],
          [
            51.67305103783443,
            43.134759059661235
          ],
          [
            51.67309055114314,
            43.13461585344348
          ],
          [
            51.673126741388934,
            43.134472087336306
          ],
          [
            51.673159442566984,
            43.13432773337023
          ],
          [
            51.67318853994081,
            43.13418277221374
          ],
          [
            51.67321397004215,
            43.134037193173356
          ],
          [
            51.67323572067106,
            43.133890994193536
          ],
          [
            51.67325383089583,
            43.13374418185676
          ],
          [
            51.67326839105312,
            43.133596771383466
          ],
          [
            51.67327954274781,
            43.133448786632094
          ],
          [
            51.67328747885304,
            43.13330026009908
          ],
          [
            51.673292443510306,
            43.133151232918806
          ],
          [
            51.67329473212935,
            43.13300175486367
          ],
          [
            51.673294691388165,
            43.132851884344056
          ],
          [
            51.67329271923307,
            43.13270168840834
          ],
          [
            51.673289264878655,
            43.13255124274284
          ],
          [
            51.673284828807795,
            43.13240063167191
          ],
          [
            51.673279962771645,
            43.13224994815788
          ],
          [
            51.67327526978964,
            43.132099293801026
          ],
          [
            51.6732714041495,
            43.131948778839664
          ],
          [
            51.67326907140723,
            43.13179852215006
          ],
          [
            51.67326842391936,
            43.13164851918831
          ],
          [
            51.673268076495575,
            43.13149850601439
          ],
          [
            51.67326790661541,
            43.1313484867981
          ],
          [
            51.67326780046152,
            43.13119846541301
          ],
          [
            51.67326765291966,
            43.13104844543646
          ],
          [
            51.67326736757874,
            43.13089843014967
          ],
          [
            51.673266856730706,
            43.13074842253762
          ],
          [
            51.67326604137068,
            43.1305984252891
          ],
          [
            51.67326485119686,
            43.13044844079672
          ],
          [
            51.673263224610565,
            43.13029847115685
          ],
          [
            51.67326110871619,
            43.13014851816974
          ],
          [
            51.673258459321296,
            43.129998583339365
          ],
          [
            51.67325524093651,
            43.129848667873574
          ],
          [
            51.67325142677557,
            43.12969877268398
          ],
          [
            51.67324699875537,
            43.129548898386005
          ],
          [
            51.67324194749584,
            43.12939904529888
          ],
          [
            51.673236272320075,
            43.12924921344566
          ],
          [
            51.673229981254266,
            43.129099402553166
          ],
          [
            51.673223091027694,
            43.12894961205207
          ],
          [
            51.67321562707279,
            43.128799841076784
          ],
          [
            51.67320762352502,
            43.12865008846562
          ],
          [
            51.67319912322307,
            43.128500352760604
          ],
          [
            51.67319017770862,
            43.128350632207614
          ],
          [
            51.67318084722655,
            43.128200924756314
          ],
          [
            51.67317120072478,
            43.12805122806019
          ],
          [
            51.6731613158544,
            43.127901539476525
          ],
          [
            51.673151278969534,
            43.12775185606641
          ],
          [
            51.673141185127506,
            43.12760217459472
          ],
          [
            51.67313113808869,
            43.12745249153018
          ],
          [
            51.67312125031658,
            43.12730280304527
          ],
          [
            51.67311164297779,
            43.12715310501631
          ],
          [
            51.67310223979517,
            43.12700340003926
          ],
          [
            51.673094850409335,
            43.126853213897625
          ],
          [
            51.67308878987299,
            43.12670271024864
          ],
          [
            51.67308337633614,
            43.12655205200945
          ],
          [
            51.6730779783936,
            43.126401390044265
          ],
          [
            51.67307201508514,
            43.12625086316423
          ],
          [
            51.673064955895384,
            43.12610059812752
          ],
          [
            51.673056320753886,
            43.12595070963932
          ],
          [
            51.673045680035045,
            43.12580130035177
          ],
          [
            51.67303265455819,
            43.12565246086404
          ],
          [
            51.67301691558753,
            43.12550426972231
          ],
          [
            51.67299818483218,
            43.12535679341974
          ],
          [
            51.67297623444612,
            43.125210086396486
          ],
          [
            51.67295088702825,
            43.12506419103971
          ],
          [
            51.67292201562233,
            43.124919137683584
          ],
          [
            51.67288954371706,
            43.12477494460926
          ],
          [
            51.67285344524599,
            43.12463161804488
          ],
          [
            51.6728137445876,
            43.12448915216564
          ],
          [
            51.672770516565215,
            43.12434752909364
          ],
          [
            51.67272388644709,
            43.12420671889809
          ],
          [
            51.672674029946364,
            43.12406667959511
          ],
          [
            51.67262117322108,
            43.123927357147856
          ],
          [
            51.672565592874136,
            43.12378868546648
          ],
          [
            51.67250761595337,
            43.12365058640814
          ],
          [
            51.67244761995149,
            43.12351296977697
          ],
          [
            51.672386032806074,
            43.123375733324124
          ],
          [
            51.67232333289964,
            43.123238762747754
          ],
          [
            51.67226004905957,
            43.12310193169299
          ],
          [
            51.67219676055814,
            43.12296510175199
          ],
          [
            51.67213409711251,
            43.122828122463886
          ],
          [
            51.672072738884765,
            43.12269083131483
          ],
          [
            51.67201341648187,
            43.122553053737946
          ],
          [
            51.671954128344815,
            43.12241526797378
          ],
          [
            51.67189484020777,
            43.12227748220962
          ],
          [
            51.67183555207073,
            43.12213969644545
          ],
          [
            51.6717771273182,
            43.122001335950415
          ],
          [
            51.67172023954808,
            43.12186195232925
          ],
          [
            51.67166425097813,
            43.121721970135724
          ],
          [
            51.671608569277694,
            43.121581783667764
          ],
          [
            51.671552647567694,
            43.12144175696745
          ],
          [
            51.67149598442061,
            43.12130222382101
          ],
          [
            51.67143812386053,
            43.12116348775888
          ],
          [
            51.67137865536309,
            43.12102582205557
          ],
          [
            51.67131721385552,
            43.120889469729825
          ],
          [
            51.67125347971664,
            43.120754643544515
          ],
          [
            51.67118717877679,
            43.12062152600669
          ],
          [
            51.67111808231796,
            43.12049026936751
          ],
          [
            51.67104600707366,
            43.12036099562235
          ],
          [
            51.67097081522903,
            43.12023379651072
          ],
          [
            51.67089241442072,
            43.120108733516275
          ],
          [
            51.67081075773702,
            43.11998583786686
          ],
          [
            51.670725843717754,
            43.11986511053447
          ],
          [
            51.67063771635434,
            43.11974652223522
          ],
          [
            51.670546465089785,
            43.11963001342944
          ],
          [
            51.670452224818646,
            43.119515494321604
          ],
          [
            51.67035517588707,
            43.1194028448603
          ],
          [
            51.67025554409279,
            43.11929191473835
          ],
          [
            51.67015360068511,
            43.11918252339266
          ],
          [
            51.670049662364896,
            43.11907446000435
          ],
          [
            51.669944091284606,
            43.118967483498665
          ],
          [
            51.66983729504827,
            43.11886132254502
          ],
          [
            51.66972972671151,
            43.11875567555702
          ],
          [
            51.66962188478149,
            43.11865021069238
          ],
          [
            51.669514313216986,
            43.11854456585298
          ],
          [
            51.66940760142833,
            43.11843834868488
          ],
          [
            51.66930238427745,
            43.11833113657832
          ],
          [
            51.669198149076074,
            43.11822327081548
          ],
          [
            51.66909391387469,
            43.118115405052635
          ],
          [
            51.66898967867331,
            43.11800753928979
          ],
          [
            51.668885443471936,
            43.11789967352694
          ],
          [
            51.66878120827055,
            43.1177918077641
          ],
          [
            51.66867697306918,
            43.11768394200126
          ],
          [
            51.668572737867805,
            43.117576076238414
          ],
          [
            51.66846850266643,
            43.11746821047557
          ],
          [
            51.66836426746504,
            43.117360344712736
          ],
          [
            51.668260032263674,
            43.117252478949894
          ],
          [
            51.66815579706228,
            43.11714461318705
          ],
          [
            51.668051561860906,
            43.1170367474242
          ],
          [
            51.66794732665953,
            43.11692888166136
          ],
          [
            51.66784309145815,
            43.116821015898516
          ],
          [
            51.667738856256776,
            43.11671315013567
          ],
          [
            51.6676346210554,
            43.11660528437283
          ],
          [
            51.66753038585402,
            43.11649741860999
          ],
          [
            51.667426150652645,
            43.116389552847146
          ],
          [
            51.66732191545126,
            43.1162816870843
          ],
          [
            51.66721768024989,
            43.11617382132146
          ],
          [
            51.66711344504851,
            43.11606595555862
          ],
          [
            51.66700920984714,
            43.11595808979577
          ],
          [
            51.666904974645746,
            43.11585022403293
          ],
          [
            51.666800739444376,
            43.11574235827008
          ],
          [
            51.66669650424299,
            43.11563449250725
          ],
          [
            51.666592269041615,
            43.115526626744405
          ],
          [
            51.66648803384024,
            43.11541876098157
          ],
          [
            51.66638379863886,
            43.11531089521871
          ],
          [
            51.66627906438819,
            43.115203339631655
          ],
          [
            51.66617230540803,
            43.11509704248145
          ],
          [
            51.66606429617845,
            43.114991522402946
          ],
          [
            51.665955756919374,
            43.11488633175542
          ],
          [
            51.66584735359061,
            43.11478105662269
          ],
          [
            51.66573969789184,
            43.114675316813
          ],
          [
            51.66563334726257,
            43.1145687658591
          ],
          [
            51.66552880488224,
            43.11446109101822
          ],
          [
            51.665426519670106,
            43.114352013272054
          ],
          [
            51.665326886285314,
            43.11424128732681
          ],
          [
            51.66523024512685,
            43.11412870161315
          ],
          [
            51.665136882333634,
            43.11401407828622
          ],
          [
            51.66504702978435,
            43.11389727322567
          ],
          [
            51.66496086509764,
            43.1137781760356
          ],
          [
            51.66487851163198,
            43.1136567100446
          ],
          [
            51.66480003848571,
            43.11353283230576
          ],
          [
            51.664725460497046,
            43.11340653359663
          ],
          [
            51.66465473824405,
            43.113277838419236
          ],
          [
            51.66458777804469,
            43.11314680500012
          ],
          [
            51.66452443195677,
            43.11301352529026
          ],
          [
            51.664464497777985,
            43.11287812496515
          ],
          [
            51.66440771904586,
            43.112740763424746
          ],
          [
            51.66435378503783,
            43.1126016337935
          ],
          [
            51.66430233077117,
            43.112460962920345
          ],
          [
            51.66425293700304,
            43.11231901137865
          ],
          [
            51.66420513023046,
            43.11217607346633
          ],
          [
            51.66415838269029,
            43.11203247720576
          ],
          [
            51.66411211235932,
            43.111888584343745
          ],
          [
            51.66406568295415,
            43.111744790351665
          ],
          [
            51.66401840393128,
            43.11160152442532
          ],
          [
            51.66396953048705,
            43.111459249484966
          ],
          [
            51.66391895313075,
            43.11131803358278
          ],
          [
            51.66386837577443,
            43.111176817680615
          ],
          [
            51.66381779841811,
            43.11103560177843
          ],
          [
            51.6637672210618,
            43.11089438587625
          ],
          [
            51.663716643705484,
            43.110753169974075
          ],
          [
            51.66366606634918,
            43.11061195407189
          ],
          [
            51.66361548899286,
            43.11047073816972
          ],
          [
            51.66356491163656,
            43.110329522267534
          ],
          [
            51.663514334280244,
            43.11018830636535
          ],
          [
            51.66346375692394,
            43.11004709046317
          ],
          [
            51.66341317956761,
            43.109905874560994
          ],
          [
            51.66336260221131,
            43.10976465865881
          ],
          [
            51.66331202485499,
            43.109623442756636
          ],
          [
            51.663261447498684,
            43.10948222685445
          ],
          [
            51.663210870142365,
            43.10934101095228
          ],
          [
            51.66316029278606,
            43.10919979505009
          ],
          [
            51.66310971542974,
            43.10905857914791
          ],
          [
            51.66305913807344,
            43.10891736324574
          ],
          [
            51.66300856071712,
            43.108776147343555
          ],
          [
            51.66295798336081,
            43.10863493144137
          ],
          [
            51.6629074060045,
            43.108493715539204
          ],
          [
            51.66285682864819,
            43.108352499637014
          ],
          [
            51.662806251291876,
            43.10821128373483
          ],
          [
            51.662755673935564,
            43.10807006783266
          ],
          [
            51.66270509657925,
            43.10792885193048
          ],
          [
            51.66265451922294,
            43.107787636028284
          ],
          [
            51.66260394186663,
            43.10764642012611
          ],
          [
            51.662553364510316,
            43.10750520422394
          ],
          [
            51.662502787154,
            43.10736398832175
          ],
          [
            51.66245220979769,
            43.107222772419576
          ],
          [
            51.66240163244137,
            43.1070815565174
          ],
          [
            51.66235105508507,
            43.10694034061521
          ],
          [
            51.66230047772875,
            43.106799124713035
          ],
          [
            51.662249900372444,
            43.10665790881086
          ],
          [
            51.662199323016125,
            43.10651669290868
          ],
          [
            51.66214874565982,
            43.106375477006495
          ],
          [
            51.662098168303494,
            43.10623426110432
          ],
          [
            51.662047590947196,
            43.10609304520214
          ],
          [
            51.66199701359088,
            43.105951829299954
          ],
          [
            51.66194643623457,
            43.10581061339778
          ],
          [
            51.661895858878246,
            43.105669397495596
          ],
          [
            51.66184528152195,
            43.10552818159342
          ],
          [
            51.66179210841945,
            43.10538614977325
          ],
          [
            51.66173276577061,
            43.10524217868652
          ],
          [
            51.661669724140275,
            43.10509704490308
          ],
          [
            51.66160527930023,
            43.10495147005032
          ],
          [
            51.66154155222918,
            43.10480612081307
          ],
          [
            51.661480489112776,
            43.10466160893369
          ],
          [
            51.661423861343586,
            43.10451849121203
          ],
          [
            51.66137326552112,
            43.104377269505406
          ],
          [
            51.66133012345181,
            43.10423839072864
          ],
          [
            51.661295682149046,
            43.10410224685405
          ],
          [
            51.661271013833115,
            43.10396917491144
          ],
          [
            51.66125701593128,
            43.1038394569881
          ],
          [
            51.66125441107767,
            43.10371332022882
          ],
          [
            51.66126374711343,
            43.1035909368359
          ],
          [
            51.66128539708658,
            43.103472424069075
          ],
          [
            51.661319559252064,
            43.10335784424562
          ],
          [
            51.661366257071805,
            43.10324720474029
          ],
          [
            51.66142533921463,
            43.103140457985326
          ],
          [
            51.661496479556305,
            43.103037501470475
          ],
          [
            51.661579177179505,
            43.10293817774294
          ],
          [
            51.66167275637389,
            43.10284227440745
          ],
          [
            51.66177636663599,
            43.10274952412621
          ],
          [
            51.661888982669325,
            43.102659604618935
          ],
          [
            51.66200940438429,
            43.10257213866281
          ],
          [
            51.66213625689828,
            43.10248669409251
          ],
          [
            51.66226799053556,
            43.102402783800216
          ],
          [
            51.66240288082735,
            43.10231986573557
          ],
          [
            51.66253902851181,
            43.10223734290578
          ],
          [
            51.66267435953402,
            43.10215456337544
          ],
          [
            51.662806625046,
            43.10207082026673
          ],
          [
            51.66293340140672,
            43.101985351759254
          ],
          [
            51.66305567691506,
            43.101898468503904
          ],
          [
            51.663177952423396,
            43.101811585248576
          ],
          [
            51.66330022793175,
            43.10172470199323
          ],
          [
            51.663422503440096,
            43.101637818737885
          ],
          [
            51.663544778948435,
            43.10155093548254
          ],
          [
            51.66366705445678,
            43.1014640522272
          ],
          [
            51.66378932996511,
            43.10137716897186
          ],
          [
            51.663911760103936,
            43.101290487192884
          ],
          [
            51.66403441110663,
            43.10120409318937
          ],
          [
            51.664157188178606,
            43.10111786344833
          ],
          [
            51.66428000332548,
            43.101031683317146
          ],
          [
            51.66440277535312,
            43.10094544700356
          ],
          [
            51.66452542986757,
            43.100859057575725
          ],
          [
            51.66464789927514,
            43.10077242696214
          ],
          [
            51.66477012278234,
            43.1006854759517
          ],
          [
            51.664892046395906,
            43.10059813419367
          ],
          [
            51.6650136229228,
            43.1005103401977
          ],
          [
            51.66513481197021,
            43.1004220413338
          ],
          [
            51.66525557994554,
            43.100333193832384
          ],
          [
            51.66537590005642,
            43.10024376278421
          ],
          [
            51.66549575231068,
            43.10015372214045
          ],
          [
            51.66561512351643,
            43.10006305471261
          ],
          [
            51.665734007281955,
            43.09997175217261
          ],
          [
            51.66585240401578,
            43.099879815052724
          ],
          [
            51.665970320926625,
            43.09978725274563
          ],
          [
            51.66608777202348,
            43.099694083504346
          ],
          [
            51.66620477811553,
            43.09960033444231
          ],
          [
            51.666321366812184,
            43.099506041533296
          ],
          [
            51.66643757252307,
            43.09941124961147
          ],
          [
            51.666553436458074,
            43.0993160123714
          ],
          [
            51.66666900662723,
            43.09922039236799
          ],
          [
            51.66678433784088,
            43.099124461016544
          ],
          [
            51.666899491709536,
            43.099028298592756
          ],
          [
            51.66701453664395,
            43.09893199423265
          ],
          [
            51.6671295478551,
            43.09883564593268
          ],
          [
            51.667244607354164,
            43.09873936054965
          ],
          [
            51.667359803952564,
            43.09864325380075
          ],
          [
            51.66747523326195,
            43.09854745026354
          ],
          [
            51.667590784029926,
            43.098451804981266
          ],
          [
            51.6677063347979,
            43.098356159698994
          ],
          [
            51.66782188556587,
            43.09826051441672
          ],
          [
            51.66793744057493,
            43.098164874204194
          ],
          [
            51.6680530352255,
            43.098069281378685
          ],
          [
            51.668168654923385,
            43.09797371849449
          ],
          [
            51.66828428608813,
            43.09787816931765
          ],
          [
            51.668399916152964,
            43.09778261882596
          ],
          [
            51.66851553356479,
            43.09768705320903
          ],
          [
            51.66863112778424,
            43.09759145986817
          ],
          [
            51.668746689285626,
            43.0974958274165
          ],
          [
            51.66886220955697,
            43.0974001456789
          ],
          [
            51.66897768109999,
            43.09730440569198
          ],
          [
            51.66909309743009,
            43.09720859970417
          ],
          [
            51.66920845307641,
            43.097112721175606
          ],
          [
            51.66932374358176,
            43.097016764778246
          ],
          [
            51.66943896550262,
            43.09692072639576
          ],
          [
            51.669554116409245,
            43.09682460312363
          ],
          [
            51.66966919488552,
            43.09672839326906
          ],
          [
            51.66978420052908,
            43.09663209635105
          ],
          [
            51.669899133951205,
            43.096535713100344
          ],
          [
            51.670013996776916,
            43.096439245459464
          ],
          [
            51.67012879164493,
            43.09634269658268
          ],
          [
            51.670243522207635,
            43.096246070836074
          ],
          [
            51.67035819313117,
            43.09614937379742
          ],
          [
            51.670472810095305,
            43.0960526122563
          ],
          [
            51.67058737979356,
            43.09595579421408
          ],
          [
            51.67070190993314,
            43.09585892888384
          ],
          [
            51.67081640923493,
            43.095762026690466
          ],
          [
            51.670930887433556,
            43.09566509927058
          ],
          [
            51.6710453552773,
            43.0955681594726
          ],
          [
            51.671159824528175,
            43.09547122135667
          ],
          [
            51.671274307961845,
            43.095374300194734
          ],
          [
            51.67138881936776,
            43.095277412470466
          ],
          [
            51.67150336768876,
            43.09518056887411
          ],
          [
            51.671617916009765,
            43.09508372527776
          ],
          [
            51.67173246433076,
            43.094986881681386
          ],
          [
            51.67184683255795,
            43.09488981437553
          ],
          [
            51.671961079470115,
            43.09479259637424
          ],
          [
            51.67207526692945,
            43.09469530452164
          ],
          [
            51.67218945222577,
            43.09459800998217
          ],
          [
            51.672303688076674,
            43.09450077824075
          ],
          [
            51.67241802262746,
            43.09440366910264
          ],
          [
            51.67253249945115,
            43.09430673669354
          ],
          [
            51.67264715754854,
            43.094210029459546
          ],
          [
            51.67276203134811,
            43.09411359016715
          ],
          [
            51.67287715070607,
            43.09401745590324
          ],
          [
            51.6729925409064,
            43.09392165807511
          ],
          [
            51.67310822266077,
            43.093826222410485
          ],
          [
            51.67322421210859,
            43.09373116895745
          ],
          [
            51.67334052081701,
            43.0936365120845
          ],
          [
            51.67345715578088,
            43.09354226048056
          ],
          [
            51.6735741194228,
            43.09344841715493
          ],
          [
            51.67369140959313,
            43.09335497943735
          ],
          [
            51.67380901956988,
            43.09326193897789
          ],
          [
            51.67392693805887,
            43.0931692817471
          ],
          [
            51.674045149193574,
            43.09307698803589
          ],
          [
            51.67416363253529,
            43.09298503245557
          ],
          [
            51.67428236307295,
            43.09289338393788
          ],
          [
            51.67440131122325,
            43.09280200573495
          ],
          [
            51.67452044283065,
            43.09271085541929
          ],
          [
            51.67463971916729,
            43.09261988488385
          ],
          [
            51.674759096933045,
            43.09252904034196
          ],
          [
            51.67487852825555,
            43.09243826232733
          ],
          [
            51.67499796069016,
            43.09234748569413
          ],
          [
            51.675117337219916,
            43.092256639616885
          ],
          [
            51.675236596255644,
            43.092165647590555
          ],
          [
            51.67535567163587,
            43.09207442743046
          ],
          [
            51.675474741475725,
            43.09198320038821
          ],
          [
            51.67559381131558,
            43.091891973345966
          ],
          [
            51.675712881155434,
            43.09180074630373
          ],
          [
            51.675831639941705,
            43.09170905316683
          ],
          [
            51.67595006379677,
            43.09161685815613
          ],
          [
            51.67606830435269,
            43.09152438848296
          ],
          [
            51.676186502255796,
            43.09143185489715
          ],
          [
            51.67630478716663,
            43.09133945168709
          ],
          [
            51.67642327776001,
            43.091247356679645
          ],
          [
            51.67654208172495,
            43.091155731240214
          ],
          [
            51.67666129576475,
            43.09106472027271
          ],
          [
            51.67678100559694,
            43.090974452219584
          ],
          [
            51.67690128595328,
            43.09088503906179
          ],
          [
            51.67702220057978,
            43.09079657631877
          ],
          [
            51.677143802236685,
            43.090709143048535
          ],
          [
            51.67726613269849,
            43.0906228018476
          ],
          [
            51.67738922275394,
            43.09053759885096
          ],
          [
            51.67751309220599,
            43.09045356373218
          ],
          [
            51.67763774987188,
            43.09037070970331
          ],
          [
            51.67776319358307,
            43.09028903351493
          ],
          [
            51.67788941018524,
            43.09020851545613
          ],
          [
            51.67801637553837,
            43.090129119354536
          ],
          [
            51.678144054516615,
            43.09005079257627
          ],
          [
            51.67827240100841,
            43.08997346602598
          ],
          [
            51.678401357916435,
            43.08989705414684
          ],
          [
            51.6785308571576,
            43.08982145492051
          ],
          [
            51.67866081966306,
            43.08974654986721
          ],
          [
            51.678791155378214,
            43.08967220404567
          ],
          [
            51.678921763262686,
            43.089598266053116
          ],
          [
            51.679052531290374,
            43.08952456802529
          ],
          [
            51.67918333644938,
            43.089450925636484
          ],
          [
            51.6793140447421,
            43.08937713809948
          ],
          [
            51.67944451118511,
            43.089302988165585
          ],
          [
            51.67957457980927,
            43.08922824212463
          ],
          [
            51.67970451346524,
            43.08915329384216
          ],
          [
            51.67983444712121,
            43.08907834555967
          ],
          [
            51.679964380777186,
            43.089003397277196
          ],
          [
            51.680094314433155,
            43.08892844899472
          ],
          [
            51.68022424808912,
            43.08885350071224
          ],
          [
            51.68035418174508,
            43.08877855242976
          ],
          [
            51.68048411540106,
            43.088703604147284
          ],
          [
            51.68061405046898,
            43.08862865830949
          ],
          [
            51.68074398847524,
            43.08855371755913
          ],
          [
            51.68087392822511,
            43.088478779827696
          ],
          [
            51.68100386860867,
            43.0884038431934
          ],
          [
            51.681133808600755,
            43.088328905881326
          ],
          [
            51.68126374726104,
            43.08825396626336
          ],
          [
            51.68139368373397,
            43.0881790228582
          ],
          [
            51.681523617248786,
            43.08810407433132
          ],
          [
            51.68165354711952,
            43.088029119495054
          ],
          [
            51.681783472745,
            43.08795415730853
          ],
          [
            51.68191339360886,
            43.08787918687767
          ],
          [
            51.68204330927949,
            43.08780420745525
          ],
          [
            51.68217321941012,
            43.087729218440806
          ],
          [
            51.682303123738734,
            43.087654219380724
          ],
          [
            51.68243302208814,
            43.08757920996819
          ],
          [
            51.682562914365924,
            43.087504190043184
          ],
          [
            51.68269280056445,
            43.08742915959253
          ],
          [
            51.68282268076092,
            43.08735411874984
          ],
          [
            51.68295255511728,
            43.08727906779556
          ],
          [
            51.6830824238803,
            43.08720400715692
          ],
          [
            51.683212287381515,
            43.08712893740797
          ],
          [
            51.68334214603731,
            43.087053859269574
          ],
          [
            51.68347200034879,
            43.08697877360942
          ],
          [
            51.6836018509019,
            43.086903681441996
          ],
          [
            51.68373169836736,
            43.08682858392861
          ],
          [
            51.68386154350072,
            43.08675348237737
          ],
          [
            51.68399138714225,
            43.08667837824319
          ],
          [
            51.68412123021709,
            43.08660327312782
          ],
          [
            51.6842510737351,
            43.0865281687798
          ],
          [
            51.68438091879102,
            43.086453067094496
          ],
          [
            51.684510766564316,
            43.086377970114064
          ],
          [
            51.68464061636825,
            43.086302876649526
          ],
          [
            51.68477046617218,
            43.08622778318497
          ],
          [
            51.68490031597612,
            43.08615268972043
          ],
          [
            51.68503016578006,
            43.086077596255876
          ],
          [
            51.685160015583996,
            43.08600250279133
          ],
          [
            51.68528986538792,
            43.085927409326786
          ],
          [
            51.68541971519188,
            43.08585231586224
          ],
          [
            51.685549472237994,
            43.085777007724445
          ],
          [
            51.68567869475131,
            43.08570046249507
          ],
          [
            51.68580758318307,
            43.0856231440868
          ],
          [
            51.685936324002725,
            43.0855454840537
          ],
          [
            51.68606508969796,
            43.085467881591214
          ],
          [
            51.68619403877467,
            43.085390703536106
          ],
          [
            51.686323315756965,
            43.085314284366554
          ],
          [
            51.686453051187144,
            43.08523892620205
          ],
          [
            51.68658336162573,
            43.0851648988035
          ],
          [
            51.68671434965148,
            43.085092439573124
          ],
          [
            51.68684610386134,
            43.085021753554564
          ],
          [
            51.68697869887045,
            43.084953013432774
          ],
          [
            51.687112195312196,
            43.0848863595341
          ],
          [
            51.687246639838165,
            43.08482189982627
          ],
          [
            51.687382065118136,
            43.08475970991832
          ],
          [
            51.68751848984016,
            43.08469983306072
          ],
          [
            51.687655918710405,
            43.08464228014523
          ],
          [
            51.68779434245332,
            43.08458702970504
          ],
          [
            51.68793373781156,
            43.08453402791468
          ],
          [
            51.68807406754597,
            43.08448318859003
          ],
          [
            51.68821528043561,
            43.08443439318835
          ],
          [
            51.68835731127776,
            43.084387490808275
          ],
          [
            51.68850008088793,
            43.084342298189775
          ],
          [
            51.688643496099786,
            43.0842985997142
          ],
          [
            51.68878744976526,
            43.08425614740428
          ],
          [
            51.68893182075448,
            43.08421466092409
          ],
          [
            51.68907647395578,
            43.08417382757907
          ],
          [
            51.68922126027571,
            43.08413330231603
          ],
          [
            51.68936601663901,
            43.084092707723144
          ],
          [
            51.68951056598867,
            43.084051634029954
          ],
          [
            51.689654717285876,
            43.084009639107364
          ],
          [
            51.68979839368027,
            43.083966545097425
          ],
          [
            51.689942070074665,
            43.08392345108749
          ],
          [
            51.690085746469066,
            43.08388035707754
          ],
          [
            51.69022942286347,
            43.0838372630676
          ],
          [
            51.690373099257855,
            43.083794169057654
          ],
          [
            51.69051711453841,
            43.08375178274669
          ],
          [
            51.6906618310122,
            43.08371086074382
          ],
          [
            51.690806963374754,
            43.08367080724516
          ],
          [
            51.69095224657341,
            43.08363106873885
          ],
          [
            51.691097435807315,
            43.083591134005154
          ],
          [
            51.69124230652747,
            43.08355053411634
          ],
          [
            51.6913866544367,
            43.083508842436785
          ],
          [
            51.69153029548961,
            43.083465674622886
          ],
          [
            51.69167306589265,
            43.08342068862314
          ],
          [
            51.69181482210412,
            43.08337358467807
          ],
          [
            51.691955440834114,
            43.0833241053203
          ],
          [
            51.692094819044556,
            43.08327203537449
          ],
          [
            51.69223287394918,
            43.08321720195737
          ],
          [
            51.692369543013584,
            43.083159474477725
          ],
          [
            51.69250478395513,
            43.083098764636404
          ],
          [
            51.69263857474305,
            43.08303502642634
          ],
          [
            51.69277091359837,
            43.08296825613249
          ],
          [
            51.69290181899397,
            43.08289849233191
          ],
          [
            51.69303132965451,
            43.0828258158937
          ],
          [
            51.693159504556505,
            43.08275034997902
          ],
          [
            51.693286422928296,
            43.08267226004111
          ],
          [
            51.693412184250036,
            43.08259175382524
          ],
          [
            51.693536908253684,
            43.08250908136878
          ],
          [
            51.69366073492305,
            43.082424535001124
          ],
          [
            51.693783824493764,
            43.082338449343766
          ],
          [
            51.69390635745324,
            43.08225120131025
          ],
          [
            51.694028534540784,
            43.08216321010615
          ],
          [
            51.694150576747454,
            43.08207493722915
          ],
          [
            51.694272725316175,
            43.08198688646898
          ],
          [
            51.694395241741695,
            43.08189960390742
          ],
          [
            51.69451840777056,
            43.08181367791831
          ],
          [
            51.694642057137266,
            43.08172876128796
          ],
          [
            51.69476570650399,
            43.081643844657606
          ],
          [
            51.694889355870714,
            43.08155892802726
          ],
          [
            51.69501300523742,
            43.08147401139691
          ],
          [
            51.69513665460415,
            43.08138909476656
          ],
          [
            51.69526012661461,
            43.081303899206745
          ],
          [
            51.69538342793908,
            43.08121843520783
          ],
          [
            51.695506637790444,
            43.08113282734852
          ],
          [
            51.69562982961736,
            43.08104719114197
          ],
          [
            51.69575307110419,
            43.08096163303601
          ],
          [
            51.69587642417121,
            43.080876250412956
          ],
          [
            51.69599994497435,
            43.08079113158972
          ],
          [
            51.696123683905356,
            43.08070635581779
          ],
          [
            51.696247685591764,
            43.08062199328317
          ],
          [
            51.69637198889688,
            43.08053810510647
          ],
          [
            51.69649662691978,
            43.08045474334284
          ],
          [
            51.69662162699532,
            43.08037195098201
          ],
          [
            51.696747010694104,
            43.080289761948265
          ],
          [
            51.69687279382257,
            43.08020820110044
          ],
          [
            51.696998986422884,
            43.080127284231956
          ],
          [
            51.697125592772984,
            43.08004701807077
          ],
          [
            51.69725261138663,
            43.07996740027942
          ],
          [
            51.69738003501331,
            43.07988841945502
          ],
          [
            51.69750785063832,
            43.079810055129215
          ],
          [
            51.6976360394827,
            43.07973227776823
          ],
          [
            51.6977645770033,
            43.07965504877285
          ],
          [
            51.697893432892734,
            43.07957832047843
          ],
          [
            51.69802257107937,
            43.079502036154885
          ],
          [
            51.6981519497274,
            43.079426130006674
          ],
          [
            51.69828152123673,
            43.07935052717285
          ],
          [
            51.698411232243075,
            43.079275143726996
          ],
          [
            51.69854102361794,
            43.07919988667729
          ],
          [
            51.69867083046859,
            43.07912465396645
          ],
          [
            51.698800582138055,
            43.07904933447178
          ],
          [
            51.69893020220516,
            43.07897380800511
          ],
          [
            51.69905960848449,
            43.07889794531287
          ],
          [
            51.69918895809256,
            43.078821993493335
          ],
          [
            51.69931830770064,
            43.0787460416738
          ],
          [
            51.699447657308724,
            43.07867008985428
          ],
          [
            51.6995770069168,
            43.07859413803475
          ],
          [
            51.69970635652488,
            43.07851818621523
          ],
          [
            51.69983570613296,
            43.078442234395695
          ],
          [
            51.69996505574104,
            43.078366282576155
          ],
          [
            51.700094595451816,
            43.07829062560079
          ],
          [
            51.700224345763374,
            43.078215295261586
          ],
          [
            51.7003542118957,
            43.07814014455725
          ],
          [
            51.70048410592821,
            43.0780650371254
          ],
          [
            51.70061394679987,
            43.07798984724246
          ],
          [
            51.700743660309044,
            43.07791445982373
          ],
          [
            51.7008731791136,
            43.07783877042338
          ],
          [
            51.701002442730875,
            43.077762685234426
          ],
          [
            51.70113139753767,
            43.077686121088746
          ],
          [
            51.7012599967703,
            43.07760900545708
          ],
          [
            51.70138820052449,
            43.077531276448994
          ],
          [
            51.7015159757555,
            43.07745288281296
          ],
          [
            51.701643296278,
            43.07737378393631
          ],
          [
            51.70177014276618,
            43.077293949845185
          ],
          [
            51.701896502753705,
            43.077213361204606
          ],
          [
            51.702022370633685,
            43.077132009318476
          ],
          [
            51.70214774765869,
            43.077049896129516
          ],
          [
            51.702272641940844,
            43.076967034219344
          ],
          [
            51.70239706845165,
            43.07688344680841
          ],
          [
            51.70252104902214,
            43.076799167756036
          ],
          [
            51.702644612342795,
            43.07671424156041
          ],
          [
            51.70276779396357,
            43.07662872335853
          ],
          [
            51.7028906362939,
            43.07654267892631
          ],
          [
            51.70301318860271,
            43.0764561846785
          ],
          [
            51.70313550701836,
            43.0763693276687
          ],
          [
            51.70325765452871,
            43.0762822055894
          ],
          [
            51.70337970098109,
            43.07619492677188
          ],
          [
            51.70350172308231,
            43.07610761018637
          ],
          [
            51.703623804398624,
            43.07602038544187
          ],
          [
            51.70374603535577,
            43.07593339278631
          ],
          [
            51.703868513238994,
            43.07584678310643
          ],
          [
            51.70399107951414,
            43.075760310520046
          ],
          [
            51.70411364578929,
            43.07567383793364
          ],
          [
            51.70423621206442,
            43.075587365347246
          ],
          [
            51.704358778339575,
            43.07550089276085
          ],
          [
            51.704480970049836,
            43.07541362113157
          ],
          [
            51.70460237983258,
            43.0753246814504
          ],
          [
            51.70472332549802,
            43.07523475168803
          ],
          [
            51.704844102302175,
            43.075144461701264
          ],
          [
            51.70496498294686,
            43.07505439323298
          ],
          [
            51.70508621757972,
            43.07496507991219
          ],
          [
            51.70520803379414,
            43.07487700725397
          ],
          [
            51.70533063662932,
            43.07479061265953
          ],
          [
            51.70545420857028,
            43.07470628541614
          ],
          [
            51.70557890954781,
            43.07462436669722
          ],
          [
            51.70570487693852,
            43.07454514956225
          ],
          [
            51.70583222556478,
            43.07446887895681
          ],
          [
            51.705961047694764,
            43.07439575171261
          ],
          [
            51.706091413042465,
            43.07432591654742
          ],
          [
            51.70622336876768,
            43.07425947406516
          ],
          [
            51.70635693947595,
            43.0741964767558
          ],
          [
            51.70649212721865,
            43.07413692899543
          ],
          [
            51.706628911492935,
            43.074080787046256
          ],
          [
            51.70676724924178,
            43.07402795905655
          ],
          [
            51.70690707485394,
            43.07397830506072
          ],
          [
            51.70704830016394,
            43.07393163697925
          ],
          [
            51.70719081445214,
            43.073887718618714
          ],
          [
            51.70733448444468,
            43.07384626567182
          ],
          [
            51.707479154313496,
            43.07380694571736
          ],
          [
            51.707624645676304,
            43.07376937822022
          ],
          [
            51.70777075759665,
            43.073733134531366
          ],
          [
            51.70791726658387,
            43.07369773788791
          ],
          [
            51.70806392659303,
            43.07366266341304
          ],
          [
            51.70821046902508,
            43.07362733811603
          ],
          [
            51.70835660272674,
            43.07359114089229
          ],
          [
            51.70850201399048,
            43.073553402523295
          ],
          [
            51.70864688411839,
            43.07351450977283
          ],
          [
            51.708791754246306,
            43.07347561702236
          ],
          [
            51.70893662437422,
            43.0734367242719
          ],
          [
            51.70908149450212,
            43.07339783152143
          ],
          [
            51.709226364630034,
            43.073358938770966
          ],
          [
            51.70937123475796,
            43.073320046020505
          ],
          [
            51.709516104885864,
            43.07328115327003
          ],
          [
            51.70966097501377,
            43.07324226051957
          ],
          [
            51.70980584514169,
            43.07320336776912
          ],
          [
            51.7099507152696,
            43.07316447501864
          ],
          [
            51.710095585397504,
            43.073125582268176
          ],
          [
            51.710240455525415,
            43.07308668951771
          ],
          [
            51.710385325653334,
            43.07304779676725
          ],
          [
            51.710530195781246,
            43.07300890401679
          ],
          [
            51.71067506590916,
            43.07297001126633
          ],
          [
            51.71081993603707,
            43.072931118515854
          ],
          [
            51.71096480616499,
            43.072892225765386
          ],
          [
            51.7111096762929,
            43.072853333014926
          ],
          [
            51.71125454642081,
            43.072814440264466
          ],
          [
            51.71139941654873,
            43.072775547514
          ],
          [
            51.711544286676634,
            43.07273665476354
          ],
          [
            51.71168915680455,
            43.072697762013064
          ],
          [
            51.711834026932465,
            43.072658869262604
          ],
          [
            51.711978918694264,
            43.07262002083819
          ],
          [
            51.71212483238244,
            43.07258326625595
          ],
          [
            51.7122714007967,
            43.07254785315304
          ],
          [
            51.7124182820977,
            43.072513081129024
          ],
          [
            51.71256515980696,
            43.072478301745846
          ],
          [
            51.712711742806924,
            43.07244291852783
          ],
          [
            51.71285776534094,
            43.07240638696168
          ],
          [
            51.71300298701327,
            43.07236821449649
          ],
          [
            51.71314719278907,
            43.07232796054377
          ],
          [
            51.713290192994386,
            43.07228523647738
          ],
          [
            51.7134318233162,
            43.07223970563357
          ],
          [
            51.71357194480241,
            43.072191083311
          ],
          [
            51.713710443861764,
            43.07213913677069
          ],
          [
            51.71384723226396,
            43.07208368523608
          ],
          [
            51.71398224713959,
            43.07202459989297
          ],
          [
            51.71411545098014,
            43.07196180388955
          ],
          [
            51.714246831638036,
            43.0718952723364
          ],
          [
            51.71437640232655,
            43.07182503230649
          ],
          [
            51.714504201619924,
            43.071751162835184
          ],
          [
            51.71463029345327,
            43.071673794920216
          ],
          [
            51.7147547671226,
            43.07159311152171
          ],
          [
            51.714877737284844,
            43.071509347562184
          ],
          [
            51.71499934395784,
            43.071422789926544
          ],
          [
            51.715119752520344,
            43.07133377746208
          ],
          [
            51.71523915371199,
            43.07124270097847
          ],
          [
            51.71535776363331,
            43.07115000324775
          ],
          [
            51.71547582374578,
            43.071056179004415
          ],
          [
            51.715593600871756,
            43.07096177494527
          ],
          [
            51.71571138719449,
            43.07086738972954
          ],
          [
            51.71582950025818,
            43.070773673978834
          ],
          [
            51.71594828296789,
            43.07068133027717
          ],
          [
            51.71606807369647,
            43.070591051922364
          ],
          [
            51.716187864425045,
            43.07050077356755
          ],
          [
            51.716307655153614,
            43.07041049521274
          ],
          [
            51.716427445882196,
            43.07032021685792
          ],
          [
            51.716546910719686,
            43.07022942848279
          ],
          [
            51.716665980240315,
            43.070138021435774
          ],
          [
            51.71678482916953,
            43.070046269162674
          ],
          [
            51.71690361962918,
            43.069954425384566
          ],
          [
            51.717022501137535,
            43.06986272409789
          ],
          [
            51.7171416106092,
            43.06977137957437
          ],
          [
            51.71726107235522,
            43.069680586361045
          ],
          [
            51.71738099808301,
            43.06959051928033
          ],
          [
            51.71750148689636,
            43.06950133342989
          ],
          [
            51.71762262529548,
            43.06941316418278
          ],
          [
            51.717744487176965,
            43.069326127187296
          ],
          [
            51.71786713383378,
            43.069240318367136
          ],
          [
            51.717990613955294,
            43.069155813921256
          ],
          [
            51.71811496362728,
            43.06907267032396
          ],
          [
            51.718240206331856,
            43.06899092432489
          ],
          [
            51.7183663529476,
            43.06891059294896
          ],
          [
            51.71849340174943,
            43.06883167349646
          ],
          [
            51.718621338408646,
            43.06875414354295
          ],
          [
            51.71875013599299,
            43.06867796093935
          ],
          [
            51.71887975496656,
            43.06860306381187
          ],
          [
            51.71901014318984,
            43.06852937056206
          ],
          [
            51.7191412359197,
            43.0684567798668
          ],
          [
            51.71927295580944,
            43.06838517067826
          ],
          [
            51.71940521290871,
            43.06831440222393
          ],
          [
            51.71953790466358,
            43.06824431400668
          ],
          [
            51.719670915916474,
            43.06817472580462
          ],
          [
            51.71980411890625,
            43.068105437671235
          ],
          [
            51.71993737326811,
            43.0680362299353
          ],
          [
            51.720070526033695,
            43.067966863200944
          ],
          [
            51.72020341163101,
            43.067897078347585
          ],
          [
            51.720335851884435,
            43.067826596529976
          ],
          [
            51.72046810632241,
            43.0677558239107
          ],
          [
            51.72060036076037,
            43.06768505129142
          ],
          [
            51.72073261519834,
            43.067614278672146
          ],
          [
            51.7208648696363,
            43.06754350605288
          ],
          [
            51.720997124074266,
            43.06747273343362
          ],
          [
            51.72112937851223,
            43.06740196081435
          ],
          [
            51.7212616329502,
            43.06733118819507
          ],
          [
            51.72139388738816,
            43.0672604155758
          ],
          [
            51.721526141826125,
            43.06718964295653
          ],
          [
            51.72165859649591,
            43.06711921604443
          ],
          [
            51.72179118721727,
            43.06704902403012
          ],
          [
            51.72192384479242,
            43.06697894744117
          ],
          [
            51.72205650513592,
            43.06690887563191
          ],
          [
            51.72218910927477,
            43.06683870678333
          ],
          [
            51.72232160334829,
            43.06676834790318
          ],
          [
            51.722453938608254,
            43.06669771482589
          ],
          [
            51.72258607141879,
            43.066626732212626
          ],
          [
            51.72271796325639,
            43.066555333551264
          ],
          [
            51.72284958071001,
            43.06648346115641
          ],
          [
            51.722980895480916,
            43.06641106616935
          ],
          [
            51.723111884382796,
            43.06633810855812
          ],
          [
            51.72324252934173,
            43.06626455711746
          ],
          [
            51.723372817396175,
            43.066190389468794
          ],
          [
            51.72350274069697,
            43.06611559206032
          ],
          [
            51.72363229650736,
            43.066040160166914
          ],
          [
            51.72376148720297,
            43.065964097890166
          ],
          [
            51.72389032027181,
            43.0658874181584
          ],
          [
            51.724018808314284,
            43.06581014272663
          ],
          [
            51.72414696904318,
            43.0657323021766
          ],
          [
            51.724274825283665,
            43.06565393591678
          ],
          [
            51.724402404973304,
            43.06557509218233
          ],
          [
            51.72452974116205,
            43.06549582803514
          ],
          [
            51.72465687201226,
            43.06541620936382
          ],
          [
            51.72478384079864,
            43.06533631088368
          ],
          [
            51.72491069590831,
            43.06525621613677
          ],
          [
            51.72503749084077,
            43.06517601749181
          ],
          [
            51.725164284207914,
            43.06509581614429
          ],
          [
            51.725291139734026,
            43.065015722116385
          ],
          [
            51.72541812625576,
            43.064935854256966
          ],
          [
            51.725545317722194,
            43.06485634024167
          ],
          [
            51.725672516519765,
            43.06477683888383
          ],
          [
            51.72579971531732,
            43.064697337526
          ],
          [
            51.725926914114886,
            43.06461783616815
          ],
          [
            51.72605411291244,
            43.064538334810315
          ],
          [
            51.726181311710015,
            43.064458833452484
          ],
          [
            51.72630851050758,
            43.06437933209465
          ],
          [
            51.72643579913717,
            43.06429996975481
          ],
          [
            51.72656315649151,
            43.064220713768776
          ],
          [
            51.72669054878049,
            43.064141511845236
          ],
          [
            51.72681794469695,
            43.06406231553533
          ],
          [
            51.72694531541666,
            43.06398308023266
          ],
          [
            51.727072634598365,
            43.06390376517322
          ],
          [
            51.72719987838376,
            43.063824333435505
          ],
          [
            51.72732702539742,
            43.063744751940405
          ],
          [
            51.727454056746964,
            43.063664991451255
          ],
          [
            51.72758095602288,
            43.06358502657387
          ],
          [
            51.72770770929865,
            43.06350483575643
          ],
          [
            51.727834305130656,
            43.06342440128965
          ],
          [
            51.727960734558266,
            43.063343709306615
          ],
          [
            51.72808699110378,
            43.06326274978286
          ],
          [
            51.72821307077245,
            43.06318151653639
          ],
          [
            51.72833897205244,
            43.06310000722762
          ],
          [
            51.72846469591492,
            43.06301822335943
          ],
          [
            51.72859024581398,
            43.06293617027712
          ],
          [
            51.72871562768663,
            43.06285385716845
          ],
          [
            51.72884084995284,
            43.06277129706359
          ],
          [
            51.72896592351555,
            43.0626885068352
          ],
          [
            51.72909086176063,
            43.06260550719834
          ],
          [
            51.72921568055688,
            43.06252232271051
          ],
          [
            51.72934039825608,
            43.06243898177167
          ],
          [
            51.72946503569291,
            43.0623555166242
          ],
          [
            51.72958961618505,
            43.062271963352934
          ],
          [
            51.7297141655331,
            43.06218836188518
          ],
          [
            51.729838712020594,
            43.06210475599062
          ],
          [
            51.72996328641401,
            43.062021193281396
          ],
          [
            51.73008792196282,
            43.061937725212125
          ],
          [
            51.73021265439938,
            43.06185440707985
          ],
          [
            51.73033739781153,
            43.06177110593265
          ],
          [
            51.73046214122368,
            43.06168780478544
          ],
          [
            51.73058688463583,
            43.06160450363824
          ],
          [
            51.73071162804797,
            43.061521202491036
          ],
          [
            51.73083637146012,
            43.06143790134383
          ],
          [
            51.73096097108434,
            43.06135437197107
          ],
          [
            51.73108544765136,
            43.06127064727735
          ],
          [
            51.73120985990891,
            43.06118682050923
          ],
          [
            51.73133426230888,
            43.061102978094816
          ],
          [
            51.731458705007384,
            43.06101919964371
          ],
          [
            51.73158323386469,
            43.06093555794709
          ],
          [
            51.73170789044527,
            43.0608521189776
          ],
          [
            51.7318327120178,
            43.060768941889435
          ],
          [
            51.731957731555084,
            43.06068607901833
          ],
          [
            51.73208297773418,
            43.06060357588153
          ],
          [
            51.73220847493627,
            43.0605214711778
          ],
          [
            51.73233424324679,
            43.06043979678742
          ],
          [
            51.732460298455315,
            43.060358577772234
          ],
          [
            51.7325866520556,
            43.06027783237556
          ],
          [
            51.73271331124562,
            43.06019757202229
          ],
          [
            51.73284027892751,
            43.06011780131881
          ],
          [
            51.732967553707624,
            43.06003851805304
          ],
          [
            51.733095129896455,
            43.05995971319441
          ],
          [
            51.733222997508726,
            43.059881370893905
          ],
          [
            51.73335114226332,
            43.05980346848401
          ],
          [
            51.73347954558331,
            43.05972597647874
          ],
          [
            51.73360818459598,
            43.059648858573645
          ],
          [
            51.73373703213276,
            43.05957207164579
          ],
          [
            51.73386605672928,
            43.059495565753764
          ],
          [
            51.733995222625396,
            43.05941928413769
          ],
          [
            51.734124489765094,
            43.0593431632192
          ],
          [
            51.73425381379657,
            43.05926713260146
          ],
          [
            51.73438314607223,
            43.059191115069176
          ],
          [
            51.7345124336486,
            43.05911502658856
          ],
          [
            51.734641619286485,
            43.05903877630733
          ],
          [
            51.73477064145078,
            43.05896226655479
          ],
          [
            51.73489963299299,
            43.058885708197714
          ],
          [
            51.73502862453519,
            43.05880914984062
          ],
          [
            51.7351576160774,
            43.058732591483526
          ],
          [
            51.73528660761961,
            43.058656033126454
          ],
          [
            51.73541559916181,
            43.058579474769374
          ],
          [
            51.73554459070402,
            43.05850291641228
          ],
          [
            51.73567358224622,
            43.0584263580552
          ],
          [
            51.735802996221366,
            43.05835041509448
          ],
          [
            51.73593271855994,
            43.058274921354744
          ],
          [
            51.73606259565516,
            43.058199653063056
          ],
          [
            51.73619248521137,
            43.05812440292443
          ],
          [
            51.736322256244044,
            43.05804898012179
          ],
          [
            51.7364517890798,
            43.05797321031612
          ],
          [
            51.736580975356425,
            43.057896935646326
          ],
          [
            51.73670971802281,
            43.05782001472926
          ],
          [
            51.736837931339,
            43.05774232265976
          ],
          [
            51.7369655408762,
            43.057663751010644
          ],
          [
            51.73709248351674,
            43.05758420783267
          ],
          [
            51.73721870745406,
            43.05750361765456
          ],
          [
            51.737344172192834,
            43.05742192148305
          ],
          [
            51.73746884854877,
            43.05733907680277
          ],
          [
            51.73759271864879,
            43.05725505757637
          ],
          [
            51.737715775930916,
            43.05716985424443
          ],
          [
            51.73783802514435,
            43.05708347372555
          ],
          [
            51.73795948234941,
            43.05699593941621
          ],
          [
            51.73808017491754,
            43.05690729119093
          ],
          [
            51.73820014153137,
            43.05681758540217
          ],
          [
            51.73831943218464,
            43.056726894880356
          ],
          [
            51.73843810818224,
            43.05663530893389
          ],
          [
            51.738556242140184,
            43.0565429333491
          ],
          [
            51.73867391798566,
            43.05644989039033
          ],
          [
            51.738791230956984,
            43.05635631879987
          ],
          [
            51.73890828760361,
            43.05626237379796
          ],
          [
            51.73902520578612,
            43.05616822708285
          ],
          [
            51.73914211467627,
            43.0560740668307
          ],
          [
            51.73925915475694,
            43.05598009769567
          ],
          [
            51.739376477822134,
            43.05588654080987
          ],
          [
            51.739494246977046,
            43.055793633783395
          ],
          [
            51.739612052931356,
            43.055700780365974
          ],
          [
            51.73972985888568,
            43.055607926948554
          ],
          [
            51.73984766483999,
            43.055515073531126
          ],
          [
            51.73996547079432,
            43.0554222201137
          ],
          [
            51.740083276748635,
            43.05532936669627
          ],
          [
            51.740201082702946,
            43.05523651327885
          ],
          [
            51.74031888865727,
            43.05514365986142
          ],
          [
            51.74043669461158,
            43.055050806444
          ],
          [
            51.74055450056589,
            43.05495795302657
          ],
          [
            51.74067230652021,
            43.054865099609145
          ],
          [
            51.74079011247452,
            43.05477224619173
          ],
          [
            51.740907918428846,
            43.0546793927743
          ],
          [
            51.74102572438316,
            43.054586539356876
          ],
          [
            51.74114353033748,
            43.05449368593945
          ],
          [
            51.7412613362918,
            43.05440083252202
          ],
          [
            51.74137914224611,
            43.0543079791046
          ],
          [
            51.741496948200435,
            43.05421512568717
          ],
          [
            51.741614754154746,
            43.054122272269744
          ],
          [
            51.741732560109064,
            43.05402941885232
          ],
          [
            51.74185036606339,
            43.053936565434896
          ],
          [
            51.7419681720177,
            43.05384371201748
          ],
          [
            51.74208597797201,
            43.053750858600054
          ],
          [
            51.74220378392633,
            43.053658005182626
          ],
          [
            51.742321589880646,
            43.0535651517652
          ],
          [
            51.742439395834964,
            43.05347229834777
          ],
          [
            51.742557201789275,
            43.05337944493035
          ],
          [
            51.7426750077436,
            43.05328659151293
          ],
          [
            51.74279281369791,
            43.0531937380955
          ],
          [
            51.742910619652235,
            43.053100884678074
          ],
          [
            51.74302842560655,
            43.053008031260646
          ],
          [
            51.743146231560864,
            43.05291517784323
          ],
          [
            51.74326403751519,
            43.0528223244258
          ],
          [
            51.7433818434695,
            43.05272947100838
          ],
          [
            51.74349964942381,
            43.05263661759095
          ],
          [
            51.74361745537814,
            43.05254376417353
          ],
          [
            51.743735261332446,
            43.0524509107561
          ],
          [
            51.743853067286764,
            43.05235805733867
          ],
          [
            51.74397087324108,
            43.05226520392125
          ],
          [
            51.74408867919539,
            43.052172350503824
          ],
          [
            51.74420648514972,
            43.0520794970864
          ],
          [
            51.74432429110403,
            43.051986643668975
          ],
          [
            51.744442097058354,
            43.05189379025155
          ],
          [
            51.744559903012664,
            43.05180093683413
          ],
          [
            51.74467770896699,
            43.0517080834167
          ],
          [
            51.74479551492131,
            43.05161522999928
          ],
          [
            51.74491332087562,
            43.05152237658185
          ],
          [
            51.74503112682994,
            43.05142952316442
          ],
          [
            51.745148932784254,
            43.051336669747
          ],
          [
            51.745266738738565,
            43.051243816329574
          ],
          [
            51.74538454469289,
            43.05115096291215
          ],
          [
            51.7455023506472,
            43.051058109494726
          ],
          [
            51.74562015660152,
            43.0509652560773
          ],
          [
            51.745737962555836,
            43.05087240265988
          ],
          [
            51.74585576851015,
            43.05077954924245
          ],
          [
            51.74597357446447,
            43.05068669582503
          ],
          [
            51.74609138041878,
            43.0505938424076
          ],
          [
            51.74620918637311,
            43.05050098899017
          ],
          [
            51.74632699232742,
            43.050408135572745
          ],
          [
            51.74644479828174,
            43.05031528215533
          ],
          [
            51.74656260423606,
            43.050222428737904
          ],
          [
            51.74668041019037,
            43.050129575320476
          ],
          [
            51.74679821614469,
            43.050036721903055
          ],
          [
            51.74691602209901,
            43.04994386848563
          ],
          [
            51.74703382805332,
            43.04985101506821
          ],
          [
            51.74715163400763,
            43.04975816165077
          ],
          [
            51.747269439961954,
            43.04966530823335
          ],
          [
            51.74738724591627,
            43.04957245481593
          ],
          [
            51.74750505187059,
            43.0494796013985
          ],
          [
            51.7476228578249,
            43.04938674798108
          ],
          [
            51.747740663779226,
            43.049293894563654
          ],
          [
            51.747858469733536,
            43.049201041146226
          ],
          [
            51.74797627568786,
            43.049108187728805
          ],
          [
            51.74809408164217,
            43.04901533431138
          ],
          [
            51.7482118875965,
            43.04892248089396
          ],
          [
            51.748329693550815,
            43.04882962747652
          ],
          [
            51.748447499505126,
            43.048736774059094
          ],
          [
            51.748565305459444,
            43.04864392064167
          ],
          [
            51.748683111413754,
            43.04855106722425
          ],
          [
            51.74880091736807,
            43.04845821380683
          ],
          [
            51.74891872332238,
            43.0483653603894
          ],
          [
            51.7490365292767,
            43.048272506971976
          ],
          [
            51.749154335231026,
            43.048179653554556
          ],
          [
            51.749272141185344,
            43.04808680013713
          ],
          [
            51.749389947139655,
            43.0479939467197
          ],
          [
            51.74950775309398,
            43.04790109330228
          ],
          [
            51.74962555904829,
            43.04780823988485
          ],
          [
            51.749743365002615,
            43.047715386467424
          ],
          [
            51.749861170956926,
            43.04762253305
          ],
          [
            51.74997897691124,
            43.04752967963258
          ],
          [
            51.75009678286557,
            43.047436826215154
          ],
          [
            51.75021458881987,
            43.04734397279773
          ],
          [
            51.75033239477419,
            43.047251119380306
          ],
          [
            51.750450200728515,
            43.047158265962885
          ],
          [
            51.75056800668282,
            43.04706541254546
          ],
          [
            51.75068581263714,
            43.04697255912803
          ],
          [
            51.750803618591455,
            43.046879705710595
          ],
          [
            51.75092142454578,
            43.04678685229318
          ],
          [
            51.7510392305001,
            43.04669399887576
          ],
          [
            51.75115703645441,
            43.04660114545833
          ],
          [
            51.75127484240873,
            43.0465082920409
          ],
          [
            51.751392648363044,
            43.04641543862348
          ],
          [
            51.75151045431737,
            43.046322585206056
          ],
          [
            51.75162826027168,
            43.04622973178863
          ],
          [
            51.75174606622599,
            43.04613687837121
          ],
          [
            51.75186387218031,
            43.04604402495378
          ],
          [
            51.75198167813463,
            43.04595117153635
          ],
          [
            51.752099484088944,
            43.04585831811893
          ],
          [
            51.75221729004326,
            43.04576546470151
          ],
          [
            51.75233509599757,
            43.045672611284076
          ],
          [
            51.75245290195189,
            43.04557975786665
          ],
          [
            51.75257070790621,
            43.04548690444923
          ],
          [
            51.752688513860534,
            43.045394051031806
          ],
          [
            51.75280631981485,
            43.04530119761438
          ],
          [
            51.75292412576916,
            43.04520834419696
          ],
          [
            51.75304193172349,
            43.04511549077953
          ],
          [
            51.7531597376778,
            43.045022637362095
          ],
          [
            51.75327754363211,
            43.044929783944674
          ],
          [
            51.753395349586434,
            43.04483693052726
          ],
          [
            51.753513155540745,
            43.044744077109826
          ],
          [
            51.753630961495055,
            43.0446512236924
          ],
          [
            51.75374876744938,
            43.04455837027497
          ],
          [
            51.7538665734037,
            43.04446551685755
          ],
          [
            51.753984379358016,
            43.04437266344013
          ],
          [
            51.75410218531233,
            43.0442798100227
          ],
          [
            51.754219991266645,
            43.04418695660528
          ],
          [
            51.75433779722096,
            43.044094103187845
          ],
          [
            51.75445560317529,
            43.04400124977043
          ],
          [
            51.754573409129605,
            43.043908396353004
          ],
          [
            51.754691215083916,
            43.043815542935576
          ],
          [
            51.75480902103824,
            43.04372268951815
          ],
          [
            51.75492682699255,
            43.04362983610072
          ],
          [
            51.75504463294686,
            43.04353698268331
          ],
          [
            51.75516243890119,
            43.04344412926588
          ],
          [
            51.75528024485549,
            43.04335127584846
          ],
          [
            51.75539805080982,
            43.04325842243102
          ],
          [
            51.75551585676413,
            43.043165569013595
          ],
          [
            51.75563366271845,
            43.04307271559618
          ],
          [
            51.75575146867277,
            43.04297986217876
          ],
          [
            51.75586927462708,
            43.042887008761326
          ],
          [
            51.7559870805814,
            43.0427941553439
          ],
          [
            51.75610488653572,
            43.04270130192647
          ],
          [
            51.75622269249004,
            43.04260844850906
          ],
          [
            51.75634049844436,
            43.04251559509163
          ],
          [
            51.75645830439867,
            43.0424227416742
          ],
          [
            51.75657611035299,
            43.04232988825678
          ],
          [
            51.7566939163073,
            43.042237034839346
          ],
          [
            51.75681172226162,
            43.04214418142193
          ],
          [
            51.756929528215935,
            43.042051328004504
          ],
          [
            51.757047334170245,
            43.041958474587084
          ],
          [
            51.75716514012456,
            43.04186562116965
          ],
          [
            51.75728294607888,
            43.04177276775222
          ],
          [
            51.757400752033206,
            43.04167991433481
          ],
          [
            51.757518557987524,
            43.04158706091738
          ],
          [
            51.757636363941835,
            43.04149420749995
          ],
          [
            51.75775416989615,
            43.041401354082524
          ],
          [
            51.75787197585047,
            43.041308500665096
          ],
          [
            51.75798978180478,
            43.04121564724768
          ],
          [
            51.75810758775911,
            43.041122793830255
          ],
          [
            51.75822539371342,
            43.04102994041283
          ],
          [
            51.75834319966774,
            43.0409370869954
          ],
          [
            51.75846100562205,
            43.04084423357797
          ],
          [
            51.75857881157636,
            43.04075138016055
          ],
          [
            51.75869661753069,
            43.04065852674313
          ],
          [
            51.758814423485,
            43.0405656733257
          ],
          [
            51.75893222943932,
            43.040472819908274
          ],
          [
            51.759050035393635,
            43.040379966490846
          ],
          [
            51.75916784134796,
            43.04028711307343
          ],
          [
            51.75928564730228,
            43.040194259656005
          ],
          [
            51.75940345325659,
            43.04010140623858
          ],
          [
            51.759521259210906,
            43.04000855282115
          ],
          [
            51.759639065165224,
            43.03991569940372
          ],
          [
            51.75975702616256,
            43.03982302372144
          ],
          [
            51.75987533495693,
            43.039730746739785
          ],
          [
            51.759993851378,
            43.03963870777309
          ],
          [
            51.760112445185726,
            43.03954675751938
          ],
          [
            51.76023099607036,
            43.039454758060344
          ],
          [
            51.76034939365242,
            43.03936258286136
          ],
          [
            51.76046753748272,
            43.039270116771476
          ],
          [
            51.76058533704234,
            43.039177256023436
          ],
          [
            51.76070271174269,
            43.03908390823365
          ],
          [
            51.760819590925394,
            43.03898999240223
          ],
          [
            51.760935913862426,
            43.03889543891297
          ],
          [
            51.761051629756004,
            43.03880018953331
          ],
          [
            51.76116669773864,
            43.03870419741441
          ],
          [
            51.76128108687315,
            43.038607427091094
          ],
          [
            51.76139477615259,
            43.03850985448188
          ],
          [
            51.761507754500364,
            43.03841146688894
          ],
          [
            51.761620020770096,
            43.03831226299816
          ],
          [
            51.76173158374572,
            43.038212252879084
          ],
          [
            51.76184246214148,
            43.038111457984954
          ],
          [
            51.76195268460185,
            43.03800991115269
          ],
          [
            51.762062289701646,
            43.03790765660288
          ],
          [
            51.76217132594593,
            43.0378047499398
          ],
          [
            51.762279851770046,
            43.03770125815143
          ],
          [
            51.76238793553965,
            43.0375972596094
          ],
          [
            51.762495655550666,
            43.037492844069035
          ],
          [
            51.762603100029295,
            43.03738811266933
          ],
          [
            51.76271036713204,
            43.03728317793299
          ],
          [
            51.762817564945664,
            43.037178163766384
          ],
          [
            51.76292481148723,
            43.03707320545955
          ],
          [
            51.763032234704106,
            43.03696844968621
          ],
          [
            51.763139972473894,
            43.03686405450381
          ],
          [
            51.76324795837021,
            43.03675994376374
          ],
          [
            51.763355944266515,
            43.03665583302367
          ],
          [
            51.76346393016282,
            43.0365517222836
          ],
          [
            51.763571916059135,
            43.03644761154353
          ],
          [
            51.76367990195545,
            43.03634350080346
          ],
          [
            51.76378869898053,
            43.036240062273386
          ],
          [
            51.76389826292871,
            43.03613725931859
          ],
          [
            51.76400823641715,
            43.036034795763726
          ],
          [
            51.764118288087886,
            43.035932397001204
          ],
          [
            51.764228112607896,
            43.03582980999114
          ],
          [
            51.76433743066907,
            43.03572680326141
          ],
          [
            51.76444598898825,
            43.035623166907634
          ],
          [
            51.764553560307164,
            43.03551871259318
          ],
          [
            51.76465994339252,
            43.03541327354915
          ],
          [
            51.7647649630359,
            43.03530670457437
          ],
          [
            51.76486847005384,
            43.03519888203542
          ],
          [
            51.76497034128778,
            43.03508970386663
          ],
          [
            51.765070479604105,
            43.03497908957007
          ],
          [
            51.76516881389412,
            43.034866980215526
          ],
          [
            51.76526529907405,
            43.034753338440545
          ],
          [
            51.76535991608504,
            43.034638148450426
          ],
          [
            51.765452671893186,
            43.03452141601818
          ],
          [
            51.76554359948948,
            43.03440316848459
          ],
          [
            51.76563275788985,
            43.034283454758146
          ],
          [
            51.76572023213516,
            43.0341623453151
          ],
          [
            51.76580613329117,
            43.03403993219946
          ],
          [
            51.76589059844861,
            43.03391632902294
          ],
          [
            51.76597379072308,
            43.033791670965016
          ],
          [
            51.766055899255164,
            43.033666114772885
          ],
          [
            51.76613713921033,
            43.033539838761534
          ],
          [
            51.76621775177898,
            43.03341304281362
          ],
          [
            51.766298004176456,
            43.0332859483796
          ],
          [
            51.766378189642985,
            43.03315879847765
          ],
          [
            51.76645862744378,
            43.03303185769367
          ],
          [
            51.76653966286894,
            43.03290541218134
          ],
          [
            51.76662166723348,
            43.032779769662035
          ],
          [
            51.76670391708123,
            43.03265433058302
          ],
          [
            51.76678616692899,
            43.03252889150401
          ],
          [
            51.76686841677674,
            43.03240345242498
          ],
          [
            51.766950647810134,
            43.03227799998963
          ],
          [
            51.767032514331554,
            43.032152288786804
          ],
          [
            51.767114148460244,
            43.032026412608076
          ],
          [
            51.767195673171784,
            43.031900458754
          ],
          [
            51.767277202298146,
            43.03177450803402
          ],
          [
            51.76735884052769,
            43.03164863476649
          ],
          [
            51.76744068340509,
            43.03152290677875
          ],
          [
            51.767522817331454,
            43.03139738540699
          ],
          [
            51.7676053195642,
            43.031272125496386
          ],
          [
            51.76768825821716,
            43.03114717540101
          ],
          [
            51.76777169226054,
            43.03102257698387
          ],
          [
            51.76785567152088,
            43.03089836561692
          ],
          [
            51.76794023668109,
            43.03077457018098
          ],
          [
            51.76802541928051,
            43.03065121306586
          ],
          [
            51.768111241714784,
            43.03052831017026
          ],
          [
            51.76819771723592,
            43.03040587090184
          ],
          [
            51.76828484995239,
            43.030283898177125
          ],
          [
            51.76837263482892,
            43.030162388421644
          ],
          [
            51.76846105768668,
            43.03004133156978
          ],
          [
            51.768550095203175,
            43.02992071106489
          ],
          [
            51.768639714912304,
            43.02980050385924
          ],
          [
            51.768729875204315,
            43.02968068041403
          ],
          [
            51.768820525325836,
            43.029561204699384
          ],
          [
            51.76891160537986,
            43.02944203419432
          ],
          [
            51.76900304632577,
            43.02932311988684
          ],
          [
            51.76909476997929,
            43.02920440627382
          ],
          [
            51.76918668901253,
            43.0290858313611
          ],
          [
            51.76927870695397,
            43.028967326663434
          ],
          [
            51.76937071818843,
            43.02884881720448
          ],
          [
            51.769462607957166,
            43.02873022151685
          ],
          [
            51.769554252357736,
            43.02861145164207
          ],
          [
            51.76964554434129,
            43.02849243158603
          ],
          [
            51.769736836324824,
            43.028373411529984
          ],
          [
            51.76982812830836,
            43.028254391473936
          ],
          [
            51.76992010912106,
            43.02813582911016
          ],
          [
            51.770012539390294,
            43.02801756538763
          ],
          [
            51.770105187701255,
            43.02789944654284
          ],
          [
            51.77019783976884,
            43.02778133019413
          ],
          [
            51.77029029843771,
            43.027663085341715
          ],
          [
            51.770382383682204,
            43.02754459236762
          ],
          [
            51.770473932606414,
            43.027425743035714
          ],
          [
            51.77056479944419,
            43.027306440491714
          ],
          [
            51.77065485555904,
            43.027186599263175
          ],
          [
            51.770743989444256,
            43.0270661452595
          ],
          [
            51.77083210672285,
            43.02694501577193
          ],
          [
            51.77091913014754,
            43.02682315947354
          ],
          [
            51.7710049996008,
            43.02670053641925
          ],
          [
            51.771089672094796,
            43.02657711804583
          ],
          [
            51.77117312177146,
            43.026452887171885
          ],
          [
            51.77125533990243,
            43.026327837997854
          ],
          [
            51.771336334889085,
            43.02620197610604
          ],
          [
            51.77141613226251,
            43.026075318460556
          ],
          [
            51.771494774683546,
            43.02594789340739
          ],
          [
            51.77157232194273,
            43.025819740674336
          ],
          [
            51.77164885096036,
            43.02569091137106
          ],
          [
            51.77172445578645,
            43.02556146798904
          ],
          [
            51.77179924760072,
            43.02543148440164
          ],
          [
            51.77187335471265,
            43.02530104586402
          ],
          [
            51.77194692256143,
            43.02517024901319
          ],
          [
            51.772020113716,
            43.02503920186804
          ],
          [
            51.772093107874994,
            43.02490802382925
          ],
          [
            51.77216610186679,
            43.02477684567937
          ],
          [
            51.77223930964949,
            43.024645809582765
          ],
          [
            51.77231296231095,
            43.02451506908569
          ],
          [
            51.77238730806871,
            43.024384789116205
          ],
          [
            51.77246166046428,
            43.0242545135572
          ],
          [
            51.772536012859845,
            43.024124237998194
          ],
          [
            51.77261025671431,
            43.023993883829405
          ],
          [
            51.77268346221445,
            43.02386277764311
          ],
          [
            51.772756011372195,
            43.02373119610755
          ],
          [
            51.77282825966946,
            43.02359939667685
          ],
          [
            51.77290053605813,
            43.023467617591066
          ],
          [
            51.77297314296005,
            43.02333607787614
          ],
          [
            51.773046356267066,
            43.02320497734389
          ],
          [
            51.773120425340984,
            43.02307449659207
          ],
          [
            51.773195573013574,
            43.022944797004335
          ],
          [
            51.773271995586626,
            43.02281602075021
          ],
          [
            51.77334986283185,
            43.022688290785155
          ],
          [
            51.77342931799095,
            43.022561710850496
          ],
          [
            51.77351047777564,
            43.02243636547348
          ],
          [
            51.77359343236756,
            43.02231231996727
          ],
          [
            51.77367824541835,
            43.0221896204309
          ],
          [
            51.77376495404962,
            43.02206829374932
          ],
          [
            51.77385356885295,
            43.02194834759338
          ],
          [
            51.77394407388991,
            43.02182977041983
          ],
          [
            51.77403642669204,
            43.02171253147131
          ],
          [
            51.77413055826084,
            43.02159658077637
          ],
          [
            51.77422637306781,
            43.02148184914948
          ],
          [
            51.774323749054396,
            43.02136824819096
          ],
          [
            51.77442253763206,
            43.0212556702871
          ],
          [
            51.77452256368219,
            43.02114398861002
          ],
          [
            51.77462362555619,
            43.0210330571178
          ],
          [
            51.77472549507541,
            43.02092271055436
          ],
          [
            51.7748279175312,
            43.0208127644496
          ],
          [
            51.774930611684866,
            43.02070301511924
          ],
          [
            51.775033269767704,
            43.02059323966496
          ],
          [
            51.77513555748097,
            43.02048319597429
          ],
          [
            51.775237113995914,
            43.020372622720714
          ],
          [
            51.77533770193296,
            43.0202613479845
          ],
          [
            51.77543828987,
            43.020150073248274
          ],
          [
            51.77553935243638,
            43.020039085264195
          ],
          [
            51.775642252256254,
            43.01992920727545
          ],
          [
            51.77574628431856,
            43.019820013342525
          ],
          [
            51.77585079303997,
            43.019711107388005
          ],
          [
            51.775955172264815,
            43.019602123196826
          ],
          [
            51.776058865265085,
            43.019492724416104
          ],
          [
            51.776161364740496,
            43.01938260455521
          ],
          [
            51.77626221281843,
            43.01927148698575
          ],
          [
            51.77636100105396,
            43.01915912494157
          ],
          [
            51.77645737042981,
            43.019045301518744
          ],
          [
            51.77655101135642,
            43.018929829675585
          ],
          [
            51.776641663671924,
            43.018812552232674
          ],
          [
            51.77672911664211,
            43.01869334187276
          ],
          [
            51.77681320896046,
            43.018572101140904
          ],
          [
            51.77689382874816,
            43.018448762444365
          ],
          [
            51.77697091355403,
            43.01832328805265
          ],
          [
            51.777044450354616,
            43.018195670097505
          ],
          [
            51.77711447555416,
            43.018065930572895
          ],
          [
            51.77718107498455,
            43.01793412133504
          ],
          [
            51.77724438390537,
            43.0178003241024
          ],
          [
            51.77730458700389,
            43.01766465045567
          ],
          [
            51.777361918395066,
            43.017527241837776
          ],
          [
            51.77741666162155,
            43.01738826955386
          ],
          [
            51.77746914965364,
            43.01724793477136
          ],
          [
            51.77751976488936,
            43.017106468519906
          ],
          [
            51.777568939154406,
            43.01696413169137
          ],
          [
            51.77761715370213,
            43.01682121503987
          ],
          [
            51.7776649392136,
            43.01667803918175
          ],
          [
            51.77771287579756,
            43.016534954595606
          ],
          [
            51.77776159299042,
            43.01639234162227
          ],
          [
            51.777811769756326,
            43.016250610464816
          ],
          [
            51.777863478656855,
            43.016109804962056
          ],
          [
            51.777915187557376,
            43.015968999459304
          ],
          [
            51.777966896457905,
            43.015828193956544
          ],
          [
            51.778018605358426,
            43.01568738845379
          ],
          [
            51.77807031425896,
            43.01554658295103
          ],
          [
            51.77812128061517,
            43.015405309463084
          ],
          [
            51.778170335796496,
            43.015262831465826
          ],
          [
            51.778218238788426,
            43.015119627306404
          ],
          [
            51.77826569497128,
            43.01497614154759
          ],
          [
            51.7783133561202,
            43.01483278496773
          ],
          [
            51.7783618204052,
            43.014689934560735
          ],
          [
            51.77841163239115,
            43.014547933536164
          ],
          [
            51.778463283037745,
            43.01440709131912
          ],
          [
            51.778517209699515,
            43.014267683550344
          ],
          [
            51.77857379612586,
            43.014129952086144
          ],
          [
            51.778633372461016,
            43.01399410499844
          ],
          [
            51.77869621524407,
            43.013860316574714
          ],
          [
            51.77876254740894,
            43.013728727318075
          ],
          [
            51.778832538284384,
            43.013599443947214
          ],
          [
            51.77890630359404,
            43.013472539396425
          ],
          [
            51.77898390545638,
            43.01334805281557
          ],
          [
            51.779065352384684,
            43.01322598957013
          ],
          [
            51.77915059928712,
            43.01310632124118
          ],
          [
            51.779239547466695,
            43.012988985625384
          ],
          [
            51.77933204462124,
            43.012873886734994
          ],
          [
            51.77942788484346,
            43.01276089479785
          ],
          [
            51.779526808620865,
            43.01264984625742
          ],
          [
            51.77962850283586,
            43.012540543772715
          ],
          [
            51.77973260076566,
            43.01243275621839
          ],
          [
            51.77983868208234,
            43.01232621868466
          ],
          [
            51.779946272852825,
            43.012220632477344
          ],
          [
            51.78005484553886,
            43.01211566511787
          ],
          [
            51.780163818997075,
            43.01201095034324
          ],
          [
            51.78027255847891,
            43.01190608810605
          ],
          [
            51.78038037563068,
            43.01180064457451
          ],
          [
            51.7804865284935,
            43.01169415213241
          ],
          [
            51.780591247531355,
            43.01158675602862
          ],
          [
            51.78069596656922,
            43.01147935992483
          ],
          [
            51.78080070186741,
            43.01137197955903
          ],
          [
            51.78090546412823,
            43.011264625289684
          ],
          [
            51.78101024204861,
            43.01115728617687
          ],
          [
            51.78111502513271,
            43.011049952061875
          ],
          [
            51.78121980369176,
            43.010942613567195
          ],
          [
            51.78132456884417,
            43.010835262096556
          ],
          [
            51.78142931251545,
            43.010727889834854
          ],
          [
            51.78153402743828,
            43.01062048974823
          ],
          [
            51.78163870715249,
            43.01051305558403
          ],
          [
            51.78174334600502,
            43.0104055818708
          ],
          [
            51.781847939149976,
            43.010298063918306
          ],
          [
            51.78195248254857,
            43.01019049781753
          ],
          [
            51.78205697296918,
            43.01008288044065
          ],
          [
            51.78216140798733,
            43.009975209441066
          ],
          [
            51.78226578598567,
            43.00986748325339
          ],
          [
            51.78237010615399,
            43.009759701093415
          ],
          [
            51.782474368489204,
            43.009651862958215
          ],
          [
            51.7825785737954,
            43.00954396962599
          ],
          [
            51.78268272368379,
            43.00943602265622
          ],
          [
            51.78278682057271,
            43.009328024389546
          ],
          [
            51.78289086768766,
            43.00921997794785
          ],
          [
            51.78299486906127,
            43.00911188723421
          ],
          [
            51.7830988295333,
            43.009003756932934
          ],
          [
            51.783202754750675,
            43.00889559250953
          ],
          [
            51.78330665116742,
            43.00878740021069
          ],
          [
            51.783410526044754,
            43.008679187064374
          ],
          [
            51.78351438745097,
            43.00857096087971
          ],
          [
            51.783618244261554,
            43.008462730247025
          ],
          [
            51.78372210615912,
            43.00835450453791
          ],
          [
            51.7838259836334,
            43.00824629390513
          ],
          [
            51.783929887981294,
            43.008138109282655
          ],
          [
            51.78403380883872,
            43.00802994063936
          ],
          [
            51.784137729696155,
            43.007921771996074
          ],
          [
            51.784242931790956,
            43.00781443266616
          ],
          [
            51.784349638341254,
            43.00770806713319
          ],
          [
            51.784457180175934,
            43.0076022422592
          ],
          [
            51.78456493645001,
            43.00749655618657
          ],
          [
            51.78467233464465,
            43.007390638337924
          ],
          [
            51.784778850567065,
            43.00728414941623
          ],
          [
            51.78488400835066,
            43.00717678140476
          ],
          [
            51.78498738045488,
            43.00706825756705
          ],
          [
            51.78508858766536,
            43.00695833244698
          ],
          [
            51.785187299093785,
            43.00684679186872
          ],
          [
            51.78528323217798,
            43.00673345293673
          ],
          [
            51.785376152681906,
            43.00661816403578
          ],
          [
            51.78546587469559,
            43.006500804830964
          ],
          [
            51.78555226063521,
            43.00638128626765
          ],
          [
            51.785635221243055,
            43.006259550571514
          ],
          [
            51.785714715587524,
            43.006135571248535
          ],
          [
            51.78579075106314,
            43.00600935308503
          ],
          [
            51.78586338339051,
            43.00588093214754
          ],
          [
            51.785932716616394,
            43.005750375782995
          ],
          [
            51.78599890311364,
            43.00561778261858
          ],
          [
            51.786062143581226,
            43.00548328256179
          ],
          [
            51.78612268704424,
            43.005347036800416
          ],
          [
            51.78618083085387,
            43.00520923780258
          ],
          [
            51.78623692068746,
            43.00507010931667
          ],
          [
            51.78629135054843,
            43.0049299063714
          ],
          [
            51.78634456276631,
            43.004788915275796
          ],
          [
            51.786397047996765,
            43.00464745361914
          ],
          [
            51.7864493452216,
            43.00450587027109
          ],
          [
            51.786502041748676,
            43.00436454538153
          ],
          [
            51.786555773212,
            43.00422389038069
          ],
          [
            51.7866112235717,
            43.0040843479791
          ],
          [
            51.78666735473428,
            43.00394524624444
          ],
          [
            51.78672348589685,
            43.00380614450977
          ],
          [
            51.78677961705944,
            43.00366704277509
          ],
          [
            51.786835748221996,
            43.00352794104044
          ],
          [
            51.78689187938458,
            43.003388839305764
          ],
          [
            51.786948010547164,
            43.003249737571096
          ],
          [
            51.78700414170974,
            43.00311063583643
          ],
          [
            51.78706027287231,
            43.00297153410175
          ],
          [
            51.78711640403488,
            43.00283243236709
          ],
          [
            51.78717253519747,
            43.00269333063242
          ],
          [
            51.78722866636004,
            43.00255422889775
          ],
          [
            51.78728479752262,
            43.00241512716308
          ],
          [
            51.78734092868519,
            43.002276025428415
          ],
          [
            51.78739705984778,
            43.00213692369375
          ],
          [
            51.78745319101035,
            43.00199782195908
          ],
          [
            51.78750932217293,
            43.00185872022441
          ],
          [
            51.7875654533355,
            43.00171961848974
          ],
          [
            51.787621584498076,
            43.00158051675508
          ],
          [
            51.787677715660664,
            43.0014414150204
          ],
          [
            51.78773384682323,
            43.001302313285734
          ],
          [
            51.78778997798581,
            43.00116321155107
          ],
          [
            51.78784610914839,
            43.0010241098164
          ],
          [
            51.78790224031097,
            43.000885008081724
          ],
          [
            51.78795837147354,
            43.00074590634707
          ],
          [
            51.788014502636116,
            43.00060680461239
          ],
          [
            51.7880706337987,
            43.000467702877714
          ],
          [
            51.78812676496127,
            43.00032860114306
          ],
          [
            51.78818289612385,
            43.000189499408386
          ],
          [
            51.78823902728642,
            43.00005039767372
          ],
          [
            51.788295158448996,
            42.99991129593905
          ],
          [
            51.78835128961159,
            42.99977219420439
          ],
          [
            51.788407420774156,
            42.99963309246971
          ],
          [
            51.78846355193673,
            42.999493990735054
          ],
          [
            51.78851968309931,
            42.99935488900038
          ],
          [
            51.78857581426189,
            42.99921578726571
          ],
          [
            51.78863194542446,
            42.99907668553104
          ],
          [
            51.78868807658703,
            42.99893758379637
          ],
          [
            51.788744207749616,
            42.99879848206171
          ],
          [
            51.78880033891219,
            42.998659380327034
          ],
          [
            51.78885647007477,
            42.99852027859237
          ],
          [
            51.78891260123734,
            42.9983811768577
          ],
          [
            51.78896873239992,
            42.99824207512303
          ],
          [
            51.7890248635625,
            42.998102973388356
          ],
          [
            51.789080994725076,
            42.997963871653695
          ],
          [
            51.78913712588765,
            42.99782476991902
          ],
          [
            51.78919325705022,
            42.99768566818435
          ],
          [
            51.7892493882128,
            42.99754656644969
          ],
          [
            51.78930551937538,
            42.99740746471502
          ],
          [
            51.78936165053796,
            42.99726836298035
          ],
          [
            51.78941778170053,
            42.99712926124568
          ],
          [
            51.789473912863116,
            42.996990159511014
          ],
          [
            51.789530044025696,
            42.99685105777634
          ],
          [
            51.78958617518826,
            42.99671195604167
          ],
          [
            51.78964230635084,
            42.996572854307004
          ],
          [
            51.789698437513415,
            42.996433752572344
          ],
          [
            51.789754568675995,
            42.99629465083767
          ],
          [
            51.78981069983858,
            42.996155549102994
          ],
          [
            51.78986683100115,
            42.99601644736834
          ],
          [
            51.78992296216373,
            42.995877345633666
          ],
          [
            51.7899790933263,
            42.995738243899
          ],
          [
            51.79003522448888,
            42.99559914216432
          ],
          [
            51.790091355651455,
            42.995460040429656
          ],
          [
            51.790147486814035,
            42.99532093869499
          ],
          [
            51.79020361797661,
            42.99518183696032
          ],
          [
            51.79025974913918,
            42.99504273522566
          ],
          [
            51.79031588030176,
            42.99490363349098
          ],
          [
            51.790372011464335,
            42.994764531756324
          ],
          [
            51.790428142626915,
            42.99462543002165
          ],
          [
            51.790484273789495,
            42.994486328286975
          ],
          [
            51.79054040495207,
            42.994347226552314
          ],
          [
            51.79059653611464,
            42.99420812481764
          ],
          [
            51.79065266727723,
            42.99406902308297
          ],
          [
            51.7907087984398,
            42.993929921348304
          ],
          [
            51.790764929602375,
            42.99379081961364
          ],
          [
            51.79082106076496,
            42.99365171787896
          ],
          [
            51.79087719192753,
            42.9935126161443
          ],
          [
            51.79093332309011,
            42.993373514409626
          ],
          [
            51.790989454252674,
            42.99323441267496
          ],
          [
            51.79104558541526,
            42.9930953109403
          ],
          [
            51.79110171657784,
            42.99295620920562
          ],
          [
            51.791157847740415,
            42.992817107470955
          ],
          [
            51.79121397890299,
            42.99267800573629
          ],
          [
            51.79127011006557,
            42.99253890400162
          ],
          [
            51.79132624122814,
            42.992399802266945
          ],
          [
            51.79138237239072,
            42.99226070053229
          ],
          [
            51.791438503553294,
            42.99212159879762
          ],
          [
            51.79149463471587,
            42.99198249706295
          ],
          [
            51.791550765878455,
            42.99184339532828
          ],
          [
            51.791606897041035,
            42.99170429359361
          ],
          [
            51.7916630282036,
            42.991565191858946
          ],
          [
            51.79171915936618,
            42.99142609012427
          ],
          [
            51.791775290528754,
            42.991286988389604
          ],
          [
            51.791831421691334,
            42.99114788665493
          ],
          [
            51.79188755285391,
            42.99100878492027
          ],
          [
            51.79194368401649,
            42.9908696831856
          ],
          [
            51.791999815179054,
            42.99073058145093
          ],
          [
            51.79205594634164,
            42.990591479716265
          ],
          [
            51.79211207750422,
            42.99045237798159
          ],
          [
            51.792168208666794,
            42.99031327624693
          ],
          [
            51.79222433982937,
            42.990174174512255
          ],
          [
            51.792280470991955,
            42.99003507277759
          ],
          [
            51.79233660215453,
            42.98989597104291
          ],
          [
            51.792392733317094,
            42.98975686930825
          ],
          [
            51.79244886447968,
            42.98961776757358
          ],
          [
            51.79250460182525,
            42.98947838686838
          ],
          [
            51.79255816129689,
            42.989337463409456
          ],
          [
            51.79261036123857,
            42.98919557689207
          ],
          [
            51.79266196288775,
            42.98905326655862
          ],
          [
            51.79271367037545,
            42.988911031198626
          ],
          [
            51.79276613072618,
            42.98876932914878
          ],
          [
            51.792819933857984,
            42.98862857829289
          ],
          [
            51.792875612582456,
            42.9884891560619
          ],
          [
            51.7929336426047,
            42.98835139943394
          ],
          [
            51.79299444252334,
            42.988215604934226
          ],
          [
            51.79305837383051,
            42.98808202863514
          ],
          [
            51.793125740911925,
            42.98795088615623
          ],
          [
            51.793196791046796,
            42.987822352664146
          ],
          [
            51.793271714407815,
            42.98769656287269
          ],
          [
            51.79335064406127,
            42.98757361104283
          ],
          [
            51.79343365596694,
            42.98745355098266
          ],
          [
            51.79352076897814,
            42.9873363960474
          ],
          [
            51.7936119448417,
            42.98722211913942
          ],
          [
            51.793707088198,
            42.98711065270826
          ],
          [
            51.7938060465809,
            42.98700188875055
          ],
          [
            51.793908610417816,
            42.98689567881012
          ],
          [
            51.79401451302971,
            42.98679183397789
          ],
          [
            51.79412343063103,
            42.98669012489195
          ],
          [
            51.79423498232979,
            42.98659028173753
          ],
          [
            51.794348730127474,
            42.98649199424698
          ],
          [
            51.794464178919156,
            42.98639491169985
          ],
          [
            51.79458077649338,
            42.98629864292275
          ],
          [
            51.794697913532275,
            42.98620275628948
          ],
          [
            51.794814923611426,
            42.986106779720984
          ],
          [
            51.794931083200005,
            42.98601020068533
          ],
          [
            51.79504561166067,
            42.985912466197746
          ],
          [
            51.7951582154155,
            42.98581336829464
          ],
          [
            51.79527081917033,
            42.98571427039156
          ],
          [
            51.79538342292517,
            42.98561517248846
          ],
          [
            51.79549602667999,
            42.98551607458537
          ],
          [
            51.79560863043483,
            42.985416976682274
          ],
          [
            51.79572123418965,
            42.98531787877918
          ],
          [
            51.79583383794449,
            42.98521878087609
          ],
          [
            51.79594644169932,
            42.985119682972986
          ],
          [
            51.79605904545416,
            42.9850205850699
          ],
          [
            51.79617164920898,
            42.9849214871668
          ],
          [
            51.796284252963815,
            42.984822389263705
          ],
          [
            51.79639685671865,
            42.98472329136061
          ],
          [
            51.79650946047348,
            42.98462419345751
          ],
          [
            51.79662206422831,
            42.98452509555442
          ],
          [
            51.79673466798313,
            42.98442599765132
          ],
          [
            51.79684727173798,
            42.984326899748226
          ],
          [
            51.79695987549281,
            42.98422780184514
          ],
          [
            51.797072479247646,
            42.98412870394204
          ],
          [
            51.797185083002475,
            42.984029606038945
          ],
          [
            51.79729768675731,
            42.98393050813585
          ],
          [
            51.79741029051213,
            42.98383141023276
          ],
          [
            51.79752289426697,
            42.98373231232966
          ],
          [
            51.797635498021805,
            42.98363321442656
          ],
          [
            51.797748101776634,
            42.98353411652347
          ],
          [
            51.79786070553146,
            42.983435018620376
          ],
          [
            51.7979733092863,
            42.98333592071728
          ],
          [
            51.798085913041135,
            42.983236822814185
          ],
          [
            51.79819851679596,
            42.98313772491109
          ],
          [
            51.79831112055079,
            42.983038627008
          ],
          [
            51.79842372430562,
            42.9829395291049
          ],
          [
            51.79853632806045,
            42.982840431201815
          ],
          [
            51.798648931815286,
            42.98274133329871
          ],
          [
            51.798761535570115,
            42.982642235395616
          ],
          [
            51.79887413932495,
            42.98254313749252
          ],
          [
            51.79898674307977,
            42.98244403958943
          ],
          [
            51.79909934683461,
            42.982344941686335
          ],
          [
            51.79921195058944,
            42.98224584378324
          ],
          [
            51.799324554344274,
            42.982146745880144
          ],
          [
            51.7994371580991,
            42.98204764797705
          ],
          [
            51.79954976185393,
            42.98194855007396
          ],
          [
            51.79966236560877,
            42.98184945217087
          ],
          [
            51.799774969363604,
            42.98175035426776
          ],
          [
            51.79988757311843,
            42.98165125636467
          ],
          [
            51.80000224450519,
            42.98155356696304
          ],
          [
            51.80011870670549,
            42.98145709749013
          ],
          [
            51.800236107341426,
            42.981361267293444
          ],
          [
            51.800353656331914,
            42.981265538158084
          ],
          [
            51.80047062589281,
            42.9811694143067
          ],
          [
            51.80058635053682,
            42.98107244239951
          ],
          [
            51.80070022707355,
            42.980974211534296
          ],
          [
            51.8008117146095,
            42.980874353246364
          ],
          [
            51.80092033454803,
            42.980772541508635
          ],
          [
            51.80102567058939,
            42.980668492731546
          ],
          [
            51.80112736873075,
            42.98056196576311
          ],
          [
            51.80122513726611,
            42.98045276188892
          ],
          [
            51.8013187467864,
            42.98034072483209
          ],
          [
            51.8014080301794,
            42.98022574075332
          ],
          [
            51.801492882629816,
            42.98010773825087
          ],
          [
            51.801573261619204,
            42.97998668836054
          ],
          [
            51.80164918692602,
            42.97986260455572
          ],
          [
            51.801720740625576,
            42.97973554274733
          ],
          [
            51.801788067090136,
            42.97960560128387
          ],
          [
            51.801851372988786,
            42.97947292095141
          ],
          [
            51.80191092728751,
            42.979337684973544
          ],
          [
            51.80196706124919,
            42.97920011901146
          ],
          [
            51.802020168433586,
            42.97906049116387
          ],
          [
            51.80207070469736,
            42.978919111967116
          ],
          [
            51.80211918819403,
            42.97877633439501
          ],
          [
            51.80216619937401,
            42.978632553858986
          ],
          [
            51.8022123809846,
            42.97848820820802
          ],
          [
            51.802259079007186,
            42.97834395485217
          ],
          [
            51.80230710751759,
            42.978200329430734
          ],
          [
            51.802356984591114,
            42.97805781100475
          ],
          [
            51.80240931317569,
            42.97791692731168
          ],
          [
            51.80246192409321,
            42.9777763085355
          ],
          [
            51.80251411188681,
            42.97763557282868
          ],
          [
            51.80256565529704,
            42.97749465904597
          ],
          [
            51.80261635564034,
            42.977353512281
          ],
          [
            51.80266603680888,
            42.97721208386622
          ],
          [
            51.802714545270675,
            42.977070331372964
          ],
          [
            51.80276175006956,
            42.97692821861136
          ],
          [
            51.802807542825185,
            42.97678571563042
          ],
          [
            51.802851837733,
            42.97664279871797
          ],
          [
            51.802894571564295,
            42.97649945040071
          ],
          [
            51.802935703666165,
            42.97635565944419
          ],
          [
            51.802975215961496,
            42.97621142085277
          ],
          [
            51.803013112949024,
            42.97606673586967
          ],
          [
            51.8030494217033,
            42.975921611976986
          ],
          [
            51.80308419187465,
            42.97577606289562
          ],
          [
            51.80311749568927,
            42.97563010858533
          ],
          [
            51.80314942794913,
            42.97548377524475
          ],
          [
            51.80318010603203,
            42.97533709531129
          ],
          [
            51.80320966989159,
            42.97519010746128
          ],
          [
            51.803238282057215,
            42.975042856609846
          ],
          [
            51.803266127634195,
            42.974895393911005
          ],
          [
            51.80329341430354,
            42.97474777675757
          ],
          [
            51.803320372322176,
            42.97460006878123
          ],
          [
            51.80334725452275,
            42.97445233985251
          ],
          [
            51.80337433631379,
            42.974304666080776
          ],
          [
            51.80340236566122,
            42.974157185219966
          ],
          [
            51.80343190532045,
            42.97401001567838
          ],
          [
            51.80346211927914,
            42.973862971396755
          ],
          [
            51.80349245938502,
            42.97371594264747
          ],
          [
            51.80352267413376,
            42.973568898463135
          ],
          [
            51.803552533028025,
            42.973421810462824
          ],
          [
            51.8035818265775,
            42.97327465285227
          ],
          [
            51.803610366298905,
            42.97312740242374
          ],
          [
            51.80363798471592,
            42.97298003855606
          ],
          [
            51.80366453535926,
            42.97283254321464
          ],
          [
            51.80368989276667,
            42.97268490095147
          ],
          [
            51.803713952482866,
            42.972537098905065
          ],
          [
            51.80373663105959,
            42.97238912680056
          ],
          [
            51.80375786605562,
            42.97224097694963
          ],
          [
            51.80377761603671,
            42.97209264425052
          ],
          [
            51.80379586057563,
            42.97194412618806
          ],
          [
            51.803812600252165,
            42.97179542283362
          ],
          [
            51.803827856653115,
            42.971646536845185
          ],
          [
            51.803841672372286,
            42.97149747346727
          ],
          [
            51.8038541110105,
            42.97134824053096
          ],
          [
            51.80386525717557,
            42.97119884845393
          ],
          [
            51.80387521648234,
            42.971049310240396
          ],
          [
            51.80388411555266,
            42.97089964148117
          ],
          [
            51.80389210201538,
            42.97074986035364
          ],
          [
            51.80389934450637,
            42.970599987621725
          ],
          [
            51.8039060326685,
            42.97045004663593
          ],
          [
            51.80391237715166,
            42.97030006333335
          ],
          [
            51.80391860961276,
            42.970150066237615
          ],
          [
            51.803924982715685,
            42.97000008645896
          ],
          [
            51.80393177013136,
            42.96985015769414
          ],
          [
            51.80393926653771,
            42.96970031622652
          ],
          [
            51.80394716584708,
            42.96955052436789
          ],
          [
            51.80395506515644,
            42.969400732509264
          ],
          [
            51.80396296446581,
            42.96925094065064
          ],
          [
            51.80396957326085,
            42.96910076786131
          ],
          [
            51.803973899998745,
            42.96894992146018
          ],
          [
            51.80397689252022,
            42.9687986812285
          ],
          [
            51.8039794311056,
            42.968647307005114
          ],
          [
            51.8039823284747,
            42.96849603868659
          ],
          [
            51.80398632978688,
            42.96834509622715
          ],
          [
            51.803992112641005,
            42.968194679638685
          ],
          [
            51.80400028707551,
            42.968044968990796
          ],
          [
            51.804011395568324,
            42.96789612441071
          ],
          [
            51.80402591303691,
            42.967748286083335
          ],
          [
            51.80404424683827,
            42.96760157425129
          ],
          [
            51.804066736768924,
            42.967456089214835
          ],
          [
            51.80409365506493,
            42.967311911331905
          ],
          [
            51.80412520640187,
            42.9671691010181
          ],
          [
            51.80416152789488,
            42.96702769874675
          ],
          [
            51.804202689098545,
            42.96688772504876
          ],
          [
            51.804248692007086,
            42.9667491805128
          ],
          [
            51.80429947105417,
            42.96661204578517
          ],
          [
            51.80435489311305,
            42.96647628156985
          ],
          [
            51.804414757496446,
            42.96634182862849
          ],
          [
            51.80447879595668,
            42.966208607780416
          ],
          [
            51.804546672685525,
            42.96607651990263
          ],
          [
            51.80461798431436,
            42.965945445929805
          ],
          [
            51.80469225991402,
            42.9658152468543
          ],
          [
            51.80476896099493,
            42.96568576372612
          ],
          [
            51.80484748150701,
            42.96555681765296
          ],
          [
            51.8049271478397,
            42.96542820980021
          ],
          [
            51.805007218821984,
            42.96529972139088
          ],
          [
            51.80508688572239,
            42.96517111370569
          ],
          [
            51.80516527224897,
            42.96504212808305
          ],
          [
            51.80524143454927,
            42.964912485918994
          ],
          [
            51.80531614440876,
            42.96478241502718
          ],
          [
            51.80539085426823,
            42.96465234413537
          ],
          [
            51.80546556412771,
            42.96452227324356
          ],
          [
            51.805540273987184,
            42.96439220235174
          ],
          [
            51.80561498384667,
            42.96426213145993
          ],
          [
            51.80568969370615,
            42.96413206056812
          ],
          [
            51.805764403565625,
            42.964001989676305
          ],
          [
            51.8058391134251,
            42.9638719187845
          ],
          [
            51.805913823284584,
            42.96374184789268
          ],
          [
            51.80598853314406,
            42.963611777000864
          ],
          [
            51.806063243003535,
            42.96348170610905
          ],
          [
            51.80613795286302,
            42.96335163521724
          ],
          [
            51.806212662722494,
            42.96322156432544
          ],
          [
            51.80628737258197,
            42.96309149343362
          ],
          [
            51.80636208244145,
            42.96296142254182
          ],
          [
            51.80643679230093,
            42.96283135165
          ],
          [
            51.80651150216041,
            42.96270128075819
          ],
          [
            51.806586212019894,
            42.962571209866375
          ],
          [
            51.80666092187936,
            42.96244113897457
          ],
          [
            51.806735631738846,
            42.962311068082755
          ],
          [
            51.80681034159832,
            42.96218099719095
          ],
          [
            51.8068850514578,
            42.962050926299135
          ],
          [
            51.80695976131728,
            42.96192085540732
          ],
          [
            51.80703447117676,
            42.96179078451551
          ],
          [
            51.807109181036225,
            42.961660713623694
          ],
          [
            51.80718389089571,
            42.96153064273188
          ],
          [
            51.80725860075519,
            42.961400571840066
          ],
          [
            51.80733331061467,
            42.96127050094825
          ],
          [
            51.80740802047415,
            42.961140430056446
          ],
          [
            51.807482730333625,
            42.96101035916463
          ],
          [
            51.80755744019311,
            42.96088028827282
          ],
          [
            51.80763215005258,
            42.96075021738101
          ],
          [
            51.80770685991206,
            42.96062014648919
          ],
          [
            51.80778156977154,
            42.96049007559738
          ],
          [
            51.807856279631025,
            42.96036000470558
          ],
          [
            51.8079309894905,
            42.960229933813764
          ],
          [
            51.80800569934998,
            42.96009986292196
          ],
          [
            51.808080409209445,
            42.959969792030144
          ],
          [
            51.808155119068935,
            42.95983972113832
          ],
          [
            51.80822982892841,
            42.95970965024651
          ],
          [
            51.808304538787894,
            42.959579579354696
          ],
          [
            51.80837924864736,
            42.959449508462896
          ],
          [
            51.80845395850684,
            42.95931943757108
          ],
          [
            51.80852866836632,
            42.95918936667927
          ],
          [
            51.8086033782258,
            42.959059295787455
          ],
          [
            51.80867808808528,
            42.95892922489564
          ],
          [
            51.808752797944756,
            42.95879915400383
          ],
          [
            51.80882750780424,
            42.958669083112014
          ],
          [
            51.80890221766371,
            42.95853901222021
          ],
          [
            51.8089769275232,
            42.9584089413284
          ],
          [
            51.809051637382666,
            42.95827887043659
          ],
          [
            51.809126347242156,
            42.95814879954478
          ],
          [
            51.80920105710163,
            42.958018728652966
          ],
          [
            51.8092757669611,
            42.95788865776115
          ],
          [
            51.80935047682058,
            42.95775858686934
          ],
          [
            51.80942518668006,
            42.957628515977525
          ],
          [
            51.80949989653955,
            42.95749844508571
          ],
          [
            51.809574606399025,
            42.9573683741939
          ],
          [
            51.8096493162585,
            42.95723830330209
          ],
          [
            51.80972402611797,
            42.95710823241028
          ],
          [
            51.80979873597745,
            42.956978161518464
          ],
          [
            51.809873445836935,
            42.95684809062665
          ],
          [
            51.80994815569641,
            42.95671801973484
          ],
          [
            51.81002286555589,
            42.95658794884303
          ],
          [
            51.81009757541536,
            42.956457877951216
          ],
          [
            51.81017228527485,
            42.95632780705941
          ],
          [
            51.81024699513432,
            42.956197736167596
          ],
          [
            51.8103217049938,
            42.956067665275796
          ],
          [
            51.81039641485328,
            42.95593759438397
          ],
          [
            51.81047112471276,
            42.95580752349217
          ],
          [
            51.81054583457224,
            42.95567745260034
          ],
          [
            51.810620544431714,
            42.95554738170853
          ],
          [
            51.81069485321973,
            42.955417055679334
          ],
          [
            51.81076883564984,
            42.95528652204099
          ],
          [
            51.81084264955689,
            42.95515588119848
          ],
          [
            51.810916441209315,
            42.95502522619893
          ],
          [
            51.81099034530909,
            42.95489464273156
          ],
          [
            51.811064484991725,
            42.95476420912775
          ],
          [
            51.81113897182631,
            42.954633996361
          ],
          [
            51.81121390581547,
            42.95450406804692
          ],
          [
            51.81128937539538,
            42.95437448044327
          ],
          [
            51.811365457435805,
            42.95424528244991
          ],
          [
            51.811442217240014,
            42.95411651560885
          ],
          [
            51.81151970854488,
            42.95398821410423
          ],
          [
            51.811597973520776,
            42.95386040476229
          ],
          [
            51.81167704277168,
            42.95373310705142
          ],
          [
            51.811756935335076,
            42.95360633308213
          ],
          [
            51.811837658682045,
            42.953480087607055
          ],
          [
            51.8119192087172,
            42.95335436802097
          ],
          [
            51.8120015697787,
            42.953229164360735
          ],
          [
            51.812084714638274,
            42.95310445930542
          ],
          [
            51.81216860450121,
            42.95298022817612
          ],
          [
            51.81225318900632,
            42.95285643893614
          ],
          [
            51.812338406226004,
            42.952733052190865
          ],
          [
            51.81242418266619,
            42.95261002118783
          ],
          [
            51.81251043326637,
            42.95248729181668
          ],
          [
            51.81259706139959,
            42.952364802609196
          ],
          [
            51.81268395887246,
            42.95224248473929
          ],
          [
            51.81277100592513,
            42.952120262022994
          ],
          [
            51.81285807123129,
            42.95199805091847
          ],
          [
            51.81294501189821,
            42.95187576052601
          ],
          [
            51.8130316734667,
            42.95175329258802
          ],
          [
            51.813117889911155,
            42.95163054148906
          ],
          [
            51.81320403782934,
            42.95150774679785
          ],
          [
            51.813290185747526,
            42.95138495210663
          ],
          [
            51.813376333665715,
            42.9512621574154
          ],
          [
            51.813462481583905,
            42.95113936272418
          ],
          [
            51.81354862950211,
            42.95101656803297
          ],
          [
            51.81363477742028,
            42.95089377334175
          ],
          [
            51.81372092533847,
            42.950770978650525
          ],
          [
            51.81380707325666,
            42.95064818395931
          ],
          [
            51.81389322117485,
            42.95052538926809
          ],
          [
            51.81397936909305,
            42.95040259457687
          ],
          [
            51.81406551701123,
            42.95027979988566
          ],
          [
            51.81415166492942,
            42.95015700519443
          ],
          [
            51.8142378128476,
            42.950034210503205
          ],
          [
            51.814323960765805,
            42.94991141581199
          ],
          [
            51.81441010868398,
            42.949788621120774
          ],
          [
            51.814496256602176,
            42.94966582642955
          ],
          [
            51.81458240452036,
            42.94954303173834
          ],
          [
            51.814668552438555,
            42.949420237047114
          ],
          [
            51.814754700356744,
            42.94929744235589
          ],
          [
            51.81484084827493,
            42.94917464766468
          ],
          [
            51.81492699619312,
            42.949051852973454
          ],
          [
            51.815013144111305,
            42.94892905828223
          ],
          [
            51.8150992920295,
            42.94880626359102
          ],
          [
            51.81518543994769,
            42.9486834688998
          ],
          [
            51.81527158786588,
            42.94856067420858
          ],
          [
            51.81535773578407,
            42.948437879517364
          ],
          [
            51.81544388370226,
            42.948315084826135
          ],
          [
            51.81553003162044,
            42.94819229013491
          ],
          [
            51.81561617953864,
            42.9480694954437
          ],
          [
            51.81570232745682,
            42.94794670075248
          ],
          [
            51.815788475375015,
            42.94782390606126
          ],
          [
            51.8158746232932,
            42.947701111370044
          ],
          [
            51.815960771211394,
            42.94757831667882
          ],
          [
            51.81604691912958,
            42.94745552198761
          ],
          [
            51.816133067047765,
            42.94733272729639
          ],
          [
            51.816219214965955,
            42.94720993260516
          ],
          [
            51.81630536288415,
            42.94708713791394
          ],
          [
            51.81639151080233,
            42.946964343222724
          ],
          [
            51.81647765872053,
            42.94684154853151
          ],
          [
            51.81656380663872,
            42.946718753840294
          ],
          [
            51.8166499545569,
            42.946595959149064
          ],
          [
            51.81673610247509,
            42.94647316445784
          ],
          [
            51.81682225039329,
            42.94635036976662
          ],
          [
            51.81690839831147,
            42.94622757507542
          ],
          [
            51.816994546229665,
            42.94610478038419
          ],
          [
            51.81708069414785,
            42.94598198569297
          ],
          [
            51.817166842066044,
            42.94585919100175
          ],
          [
            51.81725298998423,
            42.94573639631054
          ],
          [
            51.817339137902415,
            42.945613601619314
          ],
          [
            51.817425285820605,
            42.945490806928106
          ],
          [
            51.8175114337388,
            42.94536801223688
          ],
          [
            51.817597581657,
            42.94524521754565
          ],
          [
            51.81768372957518,
            42.94512242285444
          ],
          [
            51.81776987749336,
            42.944999628163224
          ],
          [
            51.81785602541155,
            42.944876833472
          ],
          [
            51.81794217332974,
            42.94475403878078
          ],
          [
            51.81802832124794,
            42.94463124408956
          ],
          [
            51.81811446916612,
            42.944508449398334
          ],
          [
            51.818200617084315,
            42.944385654707126
          ],
          [
            51.818286765002505,
            42.944262860015904
          ],
          [
            51.818372912920694,
            42.944140065324675
          ],
          [
            51.81845906083888,
            42.94401727063346
          ],
          [
            51.818545208757065,
            42.94389447594224
          ],
          [
            51.818631356675255,
            42.94377168125102
          ],
          [
            51.81871750459345,
            42.9436488865598
          ],
          [
            51.81880365251163,
            42.94352609186858
          ],
          [
            51.81888980042983,
            42.94340329717737
          ],
          [
            51.81897594834802,
            42.94328050248615
          ],
          [
            51.8190620962662,
            42.94315770779493
          ],
          [
            51.81914824418439,
            42.9430349131037
          ],
          [
            51.81923439210259,
            42.94291211841248
          ],
          [
            51.81932054002077,
            42.942789323721264
          ],
          [
            51.819406687938965,
            42.94266652903005
          ],
          [
            51.81949283585715,
            42.942543734338834
          ],
          [
            51.819578983775344,
            42.94242093964761
          ],
          [
            51.81966513169353,
            42.942298144956396
          ],
          [
            51.819751279611715,
            42.942175350265174
          ],
          [
            51.819837427529905,
            42.94205255557395
          ],
          [
            51.8199235754481,
            42.941929760882736
          ],
          [
            51.82000972336629,
            42.941806966191514
          ],
          [
            51.82009587128448,
            42.94168417150029
          ],
          [
            51.82018201920267,
            42.94156137680908
          ],
          [
            51.820268167120844,
            42.941438582117854
          ],
          [
            51.82035431503904,
            42.94131578742664
          ],
          [
            51.82044046295723,
            42.94119299273542
          ],
          [
            51.82052661087542,
            42.941070198044194
          ],
          [
            51.82061275879361,
            42.94094740335298
          ],
          [
            51.8206989067118,
            42.94082460866176
          ],
          [
            51.820785054629994,
            42.94070181397054
          ],
          [
            51.820871202548176,
            42.94057901927931
          ],
          [
            51.82095735046637,
            42.940456224588104
          ],
          [
            51.821043498384554,
            42.94033342989688
          ],
          [
            51.82112964630275,
            42.940210635205666
          ],
          [
            51.82121579422094,
            42.94008784051444
          ],
          [
            51.82130194213912,
            42.93996504582322
          ],
          [
            51.82138809005731,
            42.939842251132
          ],
          [
            51.8214742379755,
            42.939719456440784
          ],
          [
            51.82156038589369,
            42.93959666174956
          ],
          [
            51.82164653381188,
            42.93947386705835
          ],
          [
            51.82173268173007,
            42.939351072367124
          ],
          [
            51.821818829648265,
            42.93922827767591
          ],
          [
            51.82190497756645,
            42.939105482984694
          ],
          [
            51.821991125484644,
            42.938982688293464
          ],
          [
            51.82207727340283,
            42.93885989360225
          ],
          [
            51.82216342132102,
            42.93873709891103
          ],
          [
            51.822249569239204,
            42.93861430421981
          ],
          [
            51.8223357171574,
            42.93849150952859
          ],
          [
            51.82242186507559,
            42.938368714837374
          ],
          [
            51.82250801299377,
            42.93824592014615
          ],
          [
            51.82259416091197,
            42.93812312545492
          ],
          [
            51.82268030883016,
            42.938000330763714
          ],
          [
            51.82276645674834,
            42.93787753607249
          ],
          [
            51.82285260466654,
            42.937754741381276
          ],
          [
            51.822938752584726,
            42.937631946690054
          ],
          [
            51.82302490050291,
            42.93750915199883
          ],
          [
            51.82311104842109,
            42.937386357307616
          ],
          [
            51.8231971963393,
            42.9372635626164
          ],
          [
            51.823283344257476,
            42.93714076792518
          ],
          [
            51.823369492175665,
            42.93701797323395
          ],
          [
            51.82345564009384,
            42.936895178542734
          ],
          [
            51.823541788012044,
            42.93677238385152
          ],
          [
            51.82362793593023,
            42.936649589160304
          ],
          [
            51.82371408384843,
            42.93652679446908
          ],
          [
            51.82380023176661,
            42.93640399977786
          ],
          [
            51.8238863796848,
            42.936281205086644
          ],
          [
            51.82397252760298,
            42.93615841039542
          ],
          [
            51.82405867552118,
            42.936035615704206
          ],
          [
            51.82414482343937,
            42.93591282101298
          ],
          [
            51.82423097135756,
            42.93579002632176
          ],
          [
            51.82431711927574,
            42.935667231630546
          ],
          [
            51.82440326719393,
            42.935544436939324
          ],
          [
            51.82448941511212,
            42.9354216422481
          ],
          [
            51.82457556303031,
            42.935298847556886
          ],
          [
            51.8246617109485,
            42.935176052865664
          ],
          [
            51.82474785886669,
            42.93505325817445
          ],
          [
            51.82483400678488,
            42.934930463483234
          ],
          [
            51.82492015470307,
            42.934807668792004
          ],
          [
            51.825006302621254,
            42.93468487410079
          ],
          [
            51.825092450539444,
            42.93456207940957
          ],
          [
            51.82517859845763,
            42.93443928471835
          ],
          [
            51.82526474637582,
            42.934316490027136
          ],
          [
            51.82535089429402,
            42.934193695335914
          ],
          [
            51.82543704221221,
            42.93407090064469
          ],
          [
            51.82552319013039,
            42.93394810595347
          ],
          [
            51.82560933804858,
            42.933825311262254
          ],
          [
            51.825695485966776,
            42.93370251657103
          ],
          [
            51.82578163388496,
            42.93357972187981
          ],
          [
            51.82586778180315,
            42.93345692718859
          ],
          [
            51.82595392972134,
            42.93333413249738
          ],
          [
            51.82604007763952,
            42.93321133780616
          ],
          [
            51.826126225557715,
            42.93308854311494
          ],
          [
            51.82621237347591,
            42.93296574842371
          ],
          [
            51.82629852139409,
            42.93284295373249
          ],
          [
            51.82638466931228,
            42.93272015904128
          ],
          [
            51.82647081723047,
            42.93259736435006
          ],
          [
            51.82655696514867,
            42.93247456965884
          ],
          [
            51.82664311306685,
            42.932351774967614
          ],
          [
            51.82672926098504,
            42.9322289802764
          ],
          [
            51.82681540890323,
            42.932106185585184
          ],
          [
            51.82690155682142,
            42.93198339089397
          ],
          [
            51.82698770473961,
            42.93186059620274
          ],
          [
            51.8270738526578,
            42.93173780151152
          ],
          [
            51.82716000057599,
            42.9316150068203
          ],
          [
            51.82724614849418,
            42.93149221212908
          ],
          [
            51.82733229641237,
            42.93136941743787
          ],
          [
            51.827418444330554,
            42.93124662274665
          ],
          [
            51.827504592248744,
            42.931123828055426
          ],
          [
            51.82759074016693,
            42.93100103336421
          ],
          [
            51.82767688808512,
            42.930878238672996
          ],
          [
            51.82776303600332,
            42.93075544398177
          ],
          [
            51.8278491839215,
            42.930632649290544
          ],
          [
            51.82793533183969,
            42.93050985459932
          ],
          [
            51.82802147975788,
            42.93038705990811
          ],
          [
            51.828107627676076,
            42.9302642652169
          ],
          [
            51.82819377559426,
            42.930141470525676
          ],
          [
            51.82827992351244,
            42.93001867583446
          ],
          [
            51.82836607143064,
            42.929895881143224
          ],
          [
            51.82845221934883,
            42.92977308645201
          ],
          [
            51.82853836726703,
            42.929650291760794
          ],
          [
            51.828624515185204,
            42.92952749706957
          ],
          [
            51.828710663103394,
            42.929404702378356
          ],
          [
            51.82879681102158,
            42.929281907687134
          ],
          [
            51.828882958939786,
            42.92915911299592
          ],
          [
            51.82896910685797,
            42.929036318304696
          ],
          [
            51.82905525477616,
            42.92891352361348
          ],
          [
            51.82914140269434,
            42.928790728922266
          ],
          [
            51.82922755061253,
            42.928667934231036
          ],
          [
            51.82931369853072,
            42.928545139539814
          ],
          [
            51.82939984644891,
            42.9284223448486
          ],
          [
            51.829485994367104,
            42.92829955015738
          ],
          [
            51.829572142285286,
            42.928176755466154
          ],
          [
            51.82965829020348,
            42.92805396077494
          ],
          [
            51.82974443812167,
            42.927931166083724
          ],
          [
            51.829830586039854,
            42.92780837139251
          ],
          [
            51.82991673395804,
            42.92768557670128
          ],
          [
            51.830002881876226,
            42.92756278201006
          ],
          [
            51.83008902979442,
            42.92743998731884
          ],
          [
            51.83017517771262,
            42.927317192627626
          ],
          [
            51.8302613256308,
            42.92719439793641
          ],
          [
            51.83034747354899,
            42.92707160324519
          ],
          [
            51.83043362146718,
            42.926948808553966
          ],
          [
            51.83051976938537,
            42.92682601386274
          ],
          [
            51.83060591730356,
            42.92670321917153
          ],
          [
            51.830692065221754,
            42.926580424480306
          ],
          [
            51.830778213139936,
            42.926457629789084
          ],
          [
            51.83086436105813,
            42.92633483509787
          ],
          [
            51.83095050897632,
            42.926212040406654
          ],
          [
            51.83103665689451,
            42.92608924571543
          ],
          [
            51.83112280481269,
            42.925966451024216
          ],
          [
            51.831208952730876,
            42.925843656332994
          ],
          [
            51.83129510064908,
            42.925720861641764
          ],
          [
            51.83138124856727,
            42.92559806695055
          ],
          [
            51.83146739648545,
            42.925475272259334
          ],
          [
            51.83155354440364,
            42.92535247756812
          ],
          [
            51.83163969232183,
            42.925229682876896
          ],
          [
            51.83172584024002,
            42.92510688818568
          ],
          [
            51.83181198815821,
            42.92498409349446
          ],
          [
            51.8318981360764,
            42.92486129880324
          ],
          [
            51.831984283994586,
            42.924738504112014
          ],
          [
            51.83207043191278,
            42.92461570942079
          ],
          [
            51.832156579830965,
            42.924492914729576
          ],
          [
            51.832242727749154,
            42.92437012003836
          ],
          [
            51.832328875667336,
            42.924247325347146
          ],
          [
            51.832415023585526,
            42.924124530655924
          ],
          [
            51.83250117150372,
            42.9240017359647
          ],
          [
            51.83258731942192,
            42.923878941273486
          ],
          [
            51.8326734673401,
            42.923756146582264
          ],
          [
            51.83275961525829,
            42.923633351891056
          ],
          [
            51.83284576317647,
            42.92351055719982
          ],
          [
            51.83293191109467,
            42.923387762508604
          ],
          [
            51.83301805901285,
            42.92326496781739
          ],
          [
            51.83310420693104,
            42.923142173126166
          ],
          [
            51.833190354849236,
            42.92301937843495
          ],
          [
            51.83327650276742,
            42.922896583743736
          ],
          [
            51.833362650685615,
            42.92277378905251
          ],
          [
            51.8334487986038,
            42.92265099436129
          ],
          [
            51.833534946521986,
            42.92252819967007
          ],
          [
            51.833621094440176,
            42.922405404978846
          ],
          [
            51.83370724235837,
            42.92228261028763
          ],
          [
            51.83379339027656,
            42.922159815596416
          ],
          [
            51.83387953819474,
            42.922037020905194
          ],
          [
            51.83396568611294,
            42.92191422621398
          ],
          [
            51.83405183403112,
            42.92179143152275
          ],
          [
            51.834137981949304,
            42.92166863683153
          ],
          [
            51.8342241298675,
            42.92154584214031
          ],
          [
            51.8343102777857,
            42.921423047449096
          ],
          [
            51.83439642570388,
            42.92130025275788
          ],
          [
            51.83448257362207,
            42.92117745806666
          ],
          [
            51.834568721540265,
            42.921054663375436
          ],
          [
            51.834654869458454,
            42.92093186868422
          ],
          [
            51.834741017376636,
            42.920809073993006
          ],
          [
            51.834827165294826,
            42.92068627930178
          ],
          [
            51.83491331321302,
            42.920563484610554
          ],
          [
            51.83499946113121,
            42.92044068991933
          ],
          [
            51.8350856090494,
            42.920317895228116
          ],
          [
            51.83517175696759,
            42.9201951005369
          ],
          [
            51.83525790488577,
            42.920072305845686
          ],
          [
            51.83534405280397,
            42.91994951115446
          ],
          [
            51.83542939192276,
            42.91982596819764
          ],
          [
            51.83551380514457,
            42.9197015686417
          ],
          [
            51.83559770638892,
            42.91957669542675
          ],
          [
            51.835681479655264,
            42.91945170381217
          ],
          [
            51.835765479023046,
            42.91932692137668
          ],
          [
            51.835850028651606,
            42.91920264801826
          ],
          [
            51.83593542278029,
            42.91907915595417
          ],
          [
            51.836021925728375,
            42.91895668972099
          ],
          [
            51.836109771895096,
            42.91883546617454
          ],
          [
            51.8361991657596,
            42.91871567448999
          ],
          [
            51.83629028188108,
            42.918597476161736
          ],
          [
            51.836383264898586,
            42.91848100500354
          ],
          [
            51.83647822953118,
            42.91836636714837
          ],
          [
            51.83657526057785,
            42.918253641048565
          ],
          [
            51.836674412917574,
            42.91814287747568
          ],
          [
            51.83677571150921,
            42.91803409952061
          ],
          [
            51.83687915139164,
            42.91792730259351
          ],
          [
            51.83698469768367,
            42.91782245442386
          ],
          [
            51.83709228558406,
            42.917719495060396
          ],
          [
            51.83720182037154,
            42.91761833687115
          ],
          [
            51.837313177404745,
            42.91751886454345
          ],
          [
            51.837426202122316,
            42.91742093508392
          ],
          [
            51.83754071004284,
            42.91732437781844
          ],
          [
            51.83765648676482,
            42.91722899439225
          ],
          [
            51.83777328796675,
            42.9171345587698
          ],
          [
            51.83789083940706,
            42.917040817234884
          ],
          [
            51.838008836924146,
            42.91694748839055
          ],
          [
            51.83812694643635,
            42.916854263159166
          ],
          [
            51.83824480394193,
            42.91676080478237
          ],
          [
            51.83836201551918,
            42.9166667488211
          ],
          [
            51.83847815732627,
            42.91657170315557
          ],
          [
            51.83859389317887,
            42.916476281918804
          ],
          [
            51.83870962903145,
            42.916380860682025
          ],
          [
            51.83882536488403,
            42.91628543944526
          ],
          [
            51.83894110073661,
            42.91619001820848
          ],
          [
            51.8390568365892,
            42.91609459697172
          ],
          [
            51.83917241920234,
            42.915998873802806
          ],
          [
            51.83928684097711,
            42.91590086340022
          ],
          [
            51.839400532270105,
            42.915801413708124
          ],
          [
            51.83951389349791,
            42.91570131367892
          ],
          [
            51.83962729513696,
            42.915601293273184
          ],
          [
            51.83974107772366,
            42.915502023459716
          ],
          [
            51.83985555185437,
            42.91540411621556
          ],
          [
            51.83997099818534,
            42.915308124525936
          ],
          [
            51.840087667432805,
            42.915214542384284
          ],
          [
            51.84020578037286,
            42.915123804792266
          ],
          [
            51.840325527841614,
            42.91503628775974
          ],
          [
            51.840447070735046,
            42.91495230830479
          ],
          [
            51.84057054000908,
            42.914872124453716
          ],
          [
            51.8406960366796,
            42.914795935241
          ],
          [
            51.84082363182241,
            42.91472388070939
          ],
          [
            51.84095336657323,
            42.914656041909794
          ],
          [
            51.84108525212772,
            42.914592440901366
          ],
          [
            51.841219269741465,
            42.91453304075145
          ],
          [
            51.84135537073001,
            42.91447774553561
          ],
          [
            51.84149347646882,
            42.91442640033764
          ],
          [
            51.84163347839327,
            42.91437879124951
          ],
          [
            51.84177523799869,
            42.91433464537145
          ],
          [
            51.841918586840364,
            42.91429363081184
          ],
          [
            51.84206332653345,
            42.91425535668733
          ],
          [
            51.84220922875308,
            42.91421937312276
          ],
          [
            51.84235603523432,
            42.91418517125118
          ],
          [
            51.84250345777214,
            42.91415218321384
          ],
          [
            51.84265117822147,
            42.91411978216022
          ],
          [
            51.84279884849717,
            42.91408728224803
          ],
          [
            51.842946090574,
            42.91405393864316
          ],
          [
            51.8430924964867,
            42.91401894751971
          ],
          [
            51.84323784007209,
            42.913981863261824
          ],
          [
            51.843383183657494,
            42.91394477900395
          ],
          [
            51.843528527242896,
            42.91390769474608
          ],
          [
            51.8436738708283,
            42.913870610488196
          ],
          [
            51.843819214413706,
            42.913833526230306
          ],
          [
            51.84396455799911,
            42.91379644197244
          ],
          [
            51.84410990158452,
            42.913759357714554
          ],
          [
            51.84425524516992,
            42.91372227345667
          ],
          [
            51.84440058875532,
            42.9136851891988
          ],
          [
            51.84454593234072,
            42.913648104940926
          ],
          [
            51.84469127592612,
            42.913611020683035
          ],
          [
            51.84483661951152,
            42.91357393642515
          ],
          [
            51.84498196309692,
            42.91353685216728
          ],
          [
            51.84512730668233,
            42.9134997679094
          ],
          [
            51.845272650267724,
            42.91346268365152
          ],
          [
            51.845417993853125,
            42.91342559939365
          ],
          [
            51.845563337438534,
            42.913388515135765
          ],
          [
            51.845708681023936,
            42.91335143087789
          ],
          [
            51.84585402460933,
            42.91331434662001
          ],
          [
            51.845999368194725,
            42.91327726236213
          ],
          [
            51.846144711780134,
            42.91324017810425
          ],
          [
            51.846290055365536,
            42.91320309384636
          ],
          [
            51.846435398950945,
            42.91316600958849
          ],
          [
            51.84658074253635,
            42.91312892533061
          ],
          [
            51.84672608612175,
            42.91309184107273
          ],
          [
            51.84687142970715,
            42.913054756814844
          ],
          [
            51.84701677329255,
            42.913017672556975
          ],
          [
            51.84716211687795,
            42.91298058829909
          ],
          [
            51.847307460463355,
            42.912943504041216
          ],
          [
            51.84745280404876,
            42.91290641978334
          ],
          [
            51.84759814763415,
            42.91286933552546
          ],
          [
            51.84774349121956,
            42.91283225126758
          ],
          [
            51.84788883480496,
            42.91279516700969
          ],
          [
            51.848034178390364,
            42.91275808275182
          ],
          [
            51.84817952197577,
            42.91272099849394
          ],
          [
            51.848324865561175,
            42.912683914236055
          ],
          [
            51.848470209146576,
            42.91264682997817
          ],
          [
            51.84861555273198,
            42.912609745720296
          ],
          [
            51.84876089631737,
            42.91257266146242
          ],
          [
            51.848906239902774,
            42.91253557720454
          ],
          [
            51.849051583488176,
            42.91249849294667
          ],
          [
            51.849196927073585,
            42.912461408688785
          ],
          [
            51.84934227065899,
            42.9124243244309
          ],
          [
            51.84948761424439,
            42.91238724017302
          ],
          [
            51.8496329578298,
            42.91235015591514
          ],
          [
            51.8497783014152,
            42.91231307165726
          ],
          [
            51.8499236450006,
            42.91227598739938
          ],
          [
            51.850068988585996,
            42.91223890314151
          ],
          [
            51.8502143321714,
            42.91220181888363
          ],
          [
            51.8503596757568,
            42.91216473462575
          ],
          [
            51.850505019342194,
            42.912127650367864
          ],
          [
            51.8506503629276,
            42.91209056610999
          ],
          [
            51.850795706513004,
            42.912053481852105
          ],
          [
            51.85094105009841,
            42.912016397594236
          ],
          [
            51.851086393683815,
            42.91197931333636
          ],
          [
            51.85123173726921,
            42.91194222907847
          ],
          [
            51.85137708085461,
            42.911905144820594
          ],
          [
            51.85152242444001,
            42.91186806056271
          ],
          [
            51.851667768025415,
            42.911830976304834
          ],
          [
            51.85181311161082,
            42.91179389204696
          ],
          [
            51.851958455196225,
            42.911756807789075
          ],
          [
            51.85210379878162,
            42.91171972353119
          ],
          [
            51.85224914236702,
            42.91168263927332
          ],
          [
            51.85239448595243,
            42.91164555501544
          ],
          [
            51.85253982953783,
            42.91160847075756
          ],
          [
            51.852685173123234,
            42.91157138649968
          ],
          [
            51.85283051670863,
            42.9115343022418
          ],
          [
            51.85297586029404,
            42.911497217983914
          ],
          [
            51.85312120387943,
            42.91146013372605
          ],
          [
            51.85326654746484,
            42.91142304946816
          ],
          [
            51.85341189105024,
            42.91138596521028
          ],
          [
            51.85355723463565,
            42.9113488809524
          ],
          [
            51.85370257822105,
            42.91131179669453
          ],
          [
            51.85384792180645,
            42.911274712436644
          ],
          [
            51.85399326539184,
            42.91123762817877
          ],
          [
            51.85413860897725,
            42.911200543920884
          ],
          [
            51.85428395256265,
            42.91116345966301
          ],
          [
            51.854429296148055,
            42.911126375405125
          ],
          [
            51.85457463973346,
            42.91108929114725
          ],
          [
            51.854719983318866,
            42.91105220688938
          ],
          [
            51.85486532690427,
            42.91101512263149
          ],
          [
            51.85501067048967,
            42.910978038373614
          ],
          [
            51.85515601407508,
            42.91094095411573
          ],
          [
            51.85530135766048,
            42.910903869857854
          ],
          [
            51.85544670124587,
            42.91086678559997
          ],
          [
            51.855592044831276,
            42.91082970134209
          ],
          [
            51.85573738841668,
            42.91079261708421
          ],
          [
            51.85588273200208,
            42.910755532826336
          ],
          [
            51.85602807558749,
            42.91071844856845
          ],
          [
            51.85617341917288,
            42.91068136431057
          ],
          [
            51.856318762758285,
            42.9106442800527
          ],
          [
            51.856464106343694,
            42.91060719579482
          ],
          [
            51.856609449929095,
            42.910570111536934
          ],
          [
            51.85675479351449,
            42.91053302727906
          ],
          [
            51.85690013709989,
            42.91049594302118
          ],
          [
            51.857045480685294,
            42.9104588587633
          ],
          [
            51.857190824270695,
            42.910421774505416
          ],
          [
            51.857336167856104,
            42.91038469024755
          ],
          [
            51.857481511441506,
            42.910347605989664
          ],
          [
            51.8576268550269,
            42.91031052173178
          ],
          [
            51.85777219861231,
            42.910273437473904
          ],
          [
            51.85791754219771,
            42.91023635321602
          ],
          [
            51.85806288578311,
            42.910199268958145
          ],
          [
            51.8582082293685,
            42.91016218470026
          ],
          [
            51.85835357295392,
            42.91012510044239
          ],
          [
            51.85849891653932,
            42.91008801618451
          ],
          [
            51.85864426012472,
            42.91005093192662
          ],
          [
            51.85878960371013,
            42.91001384766875
          ],
          [
            51.85893494729552,
            42.909976763410874
          ],
          [
            51.85908029088092,
            42.90993967915299
          ],
          [
            51.85922563446633,
            42.9099025948951
          ],
          [
            51.859370978051736,
            42.90986551063723
          ],
          [
            51.85951632163714,
            42.909828426379356
          ],
          [
            51.85966166522254,
            42.909791342121466
          ],
          [
            51.859807008807934,
            42.90975425786359
          ],
          [
            51.859952352393336,
            42.90971717360572
          ],
          [
            51.860097695978745,
            42.90968008934784
          ],
          [
            51.860243039564146,
            42.909643005089954
          ],
          [
            51.86038838314955,
            42.90960592083207
          ],
          [
            51.86053372673496,
            42.9095688365742
          ],
          [
            51.86067907032036,
            42.90953175231632
          ],
          [
            51.86082441390575,
            42.909494668058436
          ],
          [
            51.860969757491155,
            42.90945758380057
          ],
          [
            51.86111510107656,
            42.909420499542684
          ],
          [
            51.86126044466196,
            42.9093834152848
          ],
          [
            51.86140578824737,
            42.90934633102692
          ],
          [
            51.86155113183276,
            42.90930924676904
          ],
          [
            51.861696475418164,
            42.909272162511165
          ],
          [
            51.86184181900357,
            42.909235078253275
          ],
          [
            51.861987162588974,
            42.909197993995406
          ],
          [
            51.86213250617437,
            42.90916090973753
          ],
          [
            51.86227784975978,
            42.90912382547965
          ],
          [
            51.86242319334517,
            42.90908674122176
          ],
          [
            51.862568536930574,
            42.90904965696389
          ],
          [
            51.86271388051597,
            42.90901257270601
          ],
          [
            51.862859224101385,
            42.90897548844813
          ],
          [
            51.86300456768678,
            42.90893840419024
          ],
          [
            51.86314991127218,
            42.90890131993237
          ],
          [
            51.86329525485759,
            42.90886423567449
          ],
          [
            51.86344059844299,
            42.90882715141661
          ],
          [
            51.86358594202838,
            42.90879006715873
          ],
          [
            51.863731285613795,
            42.90875298290086
          ],
          [
            51.8638766291992,
            42.908715898642974
          ],
          [
            51.8640219727846,
            42.908678814385084
          ],
          [
            51.86416731637,
            42.90864173012722
          ],
          [
            51.8643126599554,
            42.90860464586934
          ],
          [
            51.864458003540804,
            42.90856756161145
          ],
          [
            51.864603347126206,
            42.908530477353565
          ],
          [
            51.864748690711615,
            42.9084933930957
          ],
          [
            51.864894034297016,
            42.90845630883781
          ],
          [
            51.86503937788241,
            42.90841922457994
          ],
          [
            51.86518472146781,
            42.908382140322054
          ],
          [
            51.865330065053215,
            42.90834505606418
          ],
          [
            51.865475408638616,
            42.9083079718063
          ],
          [
            51.865620752224025,
            42.90827088754841
          ],
          [
            51.86576609580943,
            42.90823380329055
          ],
          [
            51.86591143939483,
            42.90819671903267
          ],
          [
            51.86605678298023,
            42.908159634774776
          ],
          [
            51.866202126565625,
            42.9081225505169
          ],
          [
            51.86634747015103,
            42.908085466259024
          ],
          [
            51.866492813736436,
            42.90804838200115
          ],
          [
            51.86663815732183,
            42.908011297743265
          ],
          [
            51.86678350090724,
            42.90797421348539
          ],
          [
            51.86692884449264,
            42.907937129227506
          ],
          [
            51.86707418807804,
            42.90790004496963
          ],
          [
            51.867219531663444,
            42.90786296071174
          ],
          [
            51.86736487524885,
            42.90782587645387
          ],
          [
            51.86751021883425,
            42.907788792195994
          ],
          [
            51.86765556241965,
            42.907751707938104
          ],
          [
            51.86780090600505,
            42.907714623680235
          ],
          [
            51.86794624959046,
            42.90767753942235
          ],
          [
            51.86809159317586,
            42.907640455164476
          ],
          [
            51.868236936761264,
            42.90760337090658
          ],
          [
            51.86838228034666,
            42.9075662866487
          ],
          [
            51.86852762393206,
            42.90752920239084
          ],
          [
            51.86867296751747,
            42.90749211813296
          ],
          [
            51.86881831110287,
            42.907455033875074
          ],
          [
            51.86896365468827,
            42.9074179496172
          ],
          [
            51.86910899827367,
            42.90738086535932
          ],
          [
            51.86925434185907,
            42.90734378110144
          ],
          [
            51.86939968544447,
            42.90730669684356
          ],
          [
            51.86954502902988,
            42.90726961258568
          ],
          [
            51.869690372615274,
            42.9072325283278
          ],
          [
            51.86983571620068,
            42.90719544406991
          ],
          [
            51.869981059786085,
            42.907158359812044
          ],
          [
            51.87012640337149,
            42.90712127555416
          ],
          [
            51.87027174695689,
            42.907084191296285
          ],
          [
            51.8704170905423,
            42.90704710703841
          ],
          [
            51.87056243412769,
            42.907010022780526
          ],
          [
            51.87070777771309,
            42.90697293852265
          ],
          [
            51.870853121298495,
            42.906935854264766
          ],
          [
            51.870998464883904,
            42.90689877000689
          ],
          [
            51.871143808469306,
            42.90686168574901
          ],
          [
            51.87128915205471,
            42.906824601491124
          ],
          [
            51.87143449564011,
            42.90678751723324
          ],
          [
            51.87157983922551,
            42.90675043297537
          ],
          [
            51.871725182810906,
            42.90671334871749
          ],
          [
            51.87187052639631,
            42.906676264459605
          ],
          [
            51.87201586998171,
            42.906639180201736
          ],
          [
            51.87216121356712,
            42.90660209594385
          ],
          [
            51.87230655715252,
            42.90656501168598
          ],
          [
            51.87245190073792,
            42.906527927428094
          ],
          [
            51.87259724432332,
            42.90649084317021
          ],
          [
            51.87274258790873,
            42.906453758912335
          ],
          [
            51.872887931494134,
            42.90641667465446
          ],
          [
            51.873033275079536,
            42.90637959039657
          ],
          [
            51.87317861866494,
            42.9063425061387
          ],
          [
            51.87332396225033,
            42.906305421880816
          ],
          [
            51.873469305835734,
            42.90626833762293
          ],
          [
            51.873614649421135,
            42.90623125336506
          ],
          [
            51.87375999300654,
            42.90619416910718
          ],
          [
            51.87390533659194,
            42.9061570848493
          ],
          [
            51.87405068017734,
            42.906120000591415
          ],
          [
            51.87419602376275,
            42.90608291633354
          ],
          [
            51.87434136734815,
            42.90604583207566
          ],
          [
            51.874486710933546,
            42.90600874781778
          ],
          [
            51.87463205451895,
            42.9059716635599
          ],
          [
            51.87477739810435,
            42.90593457930202
          ],
          [
            51.87492274168975,
            42.905897495044144
          ],
          [
            51.87506808527516,
            42.90586041078626
          ],
          [
            51.87521342886056,
            42.905823326528385
          ],
          [
            51.875358772445956,
            42.90578624227051
          ],
          [
            51.875504116031365,
            42.905749158012625
          ],
          [
            51.875649459616774,
            42.90571207375474
          ],
          [
            51.87579480320216,
            42.905674989496866
          ],
          [
            51.875940146787556,
            42.90563790523898
          ],
          [
            51.87608549037297,
            42.90560082098111
          ],
          [
            51.876230833958374,
            42.90556373672323
          ],
          [
            51.876376177543776,
            42.90552665246535
          ],
          [
            51.876521521129185,
            42.90548956820747
          ],
          [
            51.87666686471458,
            42.90545248394959
          ],
          [
            51.87681220829998,
            42.90541539969171
          ],
          [
            51.87695755188539,
            42.90537831543383
          ],
          [
            51.877102895470784,
            42.90534123117596
          ],
          [
            51.877248239056186,
            42.90530414691808
          ],
          [
            51.877393582641595,
            42.905267062660194
          ],
          [
            51.877538926227,
            42.90522997840232
          ],
          [
            51.87768426981239,
            42.90519289414445
          ],
          [
            51.87782961339781,
            42.90515580988656
          ],
          [
            51.8779749569832,
            42.90511872562868
          ],
          [
            51.878120300568604,
            42.9050816413708
          ],
          [
            51.87826564415401,
            42.90504455711292
          ],
          [
            51.878410987739414,
            42.90500747285504
          ],
          [
            51.87855633132481,
            42.904970388597164
          ],
          [
            51.87870167491021,
            42.90493330433928
          ],
          [
            51.87884701849561,
            42.904896220081405
          ],
          [
            51.878992362081014,
            42.90485913582353
          ],
          [
            51.87913770566642,
            42.90482205156564
          ],
          [
            51.879283049251825,
            42.90478496730776
          ],
          [
            51.87942839283722,
            42.904747883049886
          ],
          [
            51.87957373642263,
            42.904710798792
          ],
          [
            51.87971908000803,
            42.90467371453413
          ],
          [
            51.87986442359343,
            42.90463663027625
          ],
          [
            51.880009767178834,
            42.90459954601837
          ],
          [
            51.88015511076423,
            42.90456246176049
          ],
          [
            51.88030045434963,
            42.90452537750262
          ],
          [
            51.88044579793503,
            42.90448829324473
          ],
          [
            51.88059114152044,
            42.90445120898685
          ],
          [
            51.880736485105835,
            42.904414124728966
          ],
          [
            51.880881828691244,
            42.9043770404711
          ],
          [
            51.881027172276646,
            42.904339956213214
          ],
          [
            51.88117251586205,
            42.90430287195533
          ],
          [
            51.88131785944744,
            42.904265787697454
          ],
          [
            51.88146320303285,
            42.90422870343958
          ],
          [
            51.881608546618246,
            42.904191619181695
          ],
          [
            51.88175389020365,
            42.90415453492382
          ],
          [
            51.88189923378906,
            42.90411745066594
          ],
          [
            51.88204457737446,
            42.90408036640805
          ],
          [
            51.88218992095986,
            42.90404328215018
          ],
          [
            51.88233526454527,
            42.9040061978923
          ],
          [
            51.88248060813067,
            42.903969113634425
          ],
          [
            51.882625951716065,
            42.90393202937654
          ],
          [
            51.88277129530147,
            42.90389494511866
          ],
          [
            51.88291663888687,
            42.90385786086078
          ],
          [
            51.88306198247227,
            42.903820776602906
          ],
          [
            51.88320732605767,
            42.90378369234502
          ],
          [
            51.88335266964308,
            42.903746608087154
          ],
          [
            51.88349801322849,
            42.90370952382927
          ],
          [
            51.88364335681389,
            42.90367243957139
          ],
          [
            51.883788700399286,
            42.903635355313504
          ],
          [
            51.883934043984695,
            42.90359827105563
          ],
          [
            51.8840793875701,
            42.90356118679775
          ],
          [
            51.88422473115549,
            42.90352410253987
          ],
          [
            51.88437007474089,
            42.90348701828198
          ],
          [
            51.884515418326295,
            42.90344993402412
          ],
          [
            51.884660761911704,
            42.903412849766234
          ],
          [
            51.8848061054971,
            42.90337576550834
          ],
          [
            51.88495144908249,
            42.90333868125047
          ],
          [
            51.88509679266791,
            42.9033015969926
          ],
          [
            51.88524213625331,
            42.903264512734715
          ],
          [
            51.8853874798387,
            42.90322742847683
          ],
          [
            51.885532823424114,
            42.90319034421896
          ],
          [
            51.88567816700951,
            42.90315325996108
          ],
          [
            51.8858235105949,
            42.9031161757032
          ],
          [
            51.885968854180305,
            42.903079091445306
          ],
          [
            51.886114197765714,
            42.90304200718744
          ],
          [
            51.88625954135112,
            42.90300492292957
          ],
          [
            51.886404884936525,
            42.90296783867168
          ],
          [
            51.88655022852192,
            42.902930754413795
          ],
          [
            51.88669557210732,
            42.902893670155926
          ],
          [
            51.88684091569273,
            42.90285658589804
          ],
          [
            51.88698625927813,
            42.90281950164015
          ],
          [
            51.88713160286353,
            42.90278241738229
          ],
          [
            51.887276946448935,
            42.90274533312441
          ],
          [
            51.88742229003434,
            42.902708248866524
          ],
          [
            51.88756763361974,
            42.90267116460864
          ],
          [
            51.88771297720514,
            42.90263408035077
          ],
          [
            51.88785832079055,
            42.90259699609289
          ],
          [
            51.888003664375944,
            42.902559911835006
          ],
          [
            51.88814900796134,
            42.90252282757712
          ],
          [
            51.88829435154675,
            42.902485743319254
          ],
          [
            51.88843969513215,
            42.90244865906137
          ],
          [
            51.88858503871755,
            42.90241157480349
          ],
          [
            51.88873038230296,
            42.90237449054561
          ],
          [
            51.88887572588837,
            42.902337406287735
          ],
          [
            51.88902106947376,
            42.902300322029845
          ],
          [
            51.889166413059165,
            42.90226323777197
          ],
          [
            51.889311756644574,
            42.9022261535141
          ],
          [
            51.88945710022997,
            42.90218906925622
          ],
          [
            51.88960244381537,
            42.90215198499833
          ],
          [
            51.88974778740077,
            42.90211490074045
          ],
          [
            51.889893130986174,
            42.90207781648258
          ],
          [
            51.890038474571575,
            42.9020407322247
          ],
          [
            51.890183818156984,
            42.902003647966815
          ],
          [
            51.89032916174237,
            42.90196656370894
          ],
          [
            51.89047450532779,
            42.90192947945106
          ],
          [
            51.89061984891319,
            42.90189239519318
          ],
          [
            51.89076519249858,
            42.9018553109353
          ],
          [
            51.89091053608398,
            42.90181822667742
          ],
          [
            51.89105587966939,
            42.901781142419544
          ],
          [
            51.89120122325479,
            42.901744058161654
          ],
          [
            51.89134656684019,
            42.901706973903785
          ],
          [
            51.8914919104256,
            42.90166988964591
          ],
          [
            51.891637254011,
            42.901632805388026
          ],
          [
            51.891782597596396,
            42.901595721130136
          ],
          [
            51.891927941181805,
            42.90155863687227
          ],
          [
            51.8920732847672,
            42.90152155261439
          ],
          [
            51.892218628352595,
            42.9014844683565
          ],
          [
            51.89236397193801,
            42.901447384098624
          ],
          [
            51.89250931552341,
            42.901410299840755
          ],
          [
            51.89265465910881,
            42.90137321558287
          ],
          [
            51.892800002694216,
            42.90133613132498
          ],
          [
            51.89294534627962,
            42.90129904706711
          ],
          [
            51.89309068986502,
            42.90126196280923
          ],
          [
            51.89323603345043,
            42.901224878551346
          ],
          [
            51.89338137703583,
            42.90118779429346
          ],
          [
            51.893526720621225,
            42.901150710035594
          ],
          [
            51.893672064206626,
            42.90111362577772
          ],
          [
            51.89381740779203,
            42.901076541519835
          ],
          [
            51.89396275137743,
            42.90103945726196
          ],
          [
            51.894108094962846,
            42.90100237300408
          ],
          [
            51.89425343854824,
            42.90096528874619
          ],
          [
            51.89439878213364,
            42.90092820448831
          ],
          [
            51.89454412571904,
            42.90089112023044
          ],
          [
            51.89468946930445,
            42.900854035972564
          ],
          [
            51.894834812889854,
            42.900816951714674
          ],
          [
            51.894980156475256,
            42.900779867456805
          ],
          [
            51.895125500060644,
            42.90074278319892
          ],
          [
            51.89527084364605,
            42.90070569894104
          ],
          [
            51.89541618723146,
            42.90066861468316
          ],
          [
            51.89556153081686,
            42.90063153042529
          ],
          [
            51.89570687440226,
            42.9005944461674
          ],
          [
            51.89585221798765,
            42.90055736190953
          ],
          [
            51.89599756157306,
            42.90052027765164
          ],
          [
            51.89614290515847,
            42.90048319339377
          ],
          [
            51.89628824874386,
            42.900446109135885
          ],
          [
            51.89643359232927,
            42.90040902487801
          ],
          [
            51.89657893591467,
            42.90037194062013
          ],
          [
            51.89672427950007,
            42.90033485636225
          ],
          [
            51.89686962308548,
            42.90029777210437
          ],
          [
            51.89701496667087,
            42.90026068784648
          ],
          [
            51.897160310256275,
            42.900223603588614
          ],
          [
            51.89730565384167,
            42.90018651933073
          ],
          [
            51.89745099742708,
            42.90014943507285
          ],
          [
            51.89759634101247,
            42.900112350814965
          ],
          [
            51.89774168459789,
            42.900075266557096
          ],
          [
            51.89788702818329,
            42.90003818229921
          ],
          [
            51.898032371768686,
            42.90000109804133
          ],
          [
            51.898177715354095,
            42.89996401378345
          ],
          [
            51.898323058939496,
            42.89992692952558
          ],
          [
            51.8984684025249,
            42.8998898452677
          ],
          [
            51.8986137461103,
            42.89985276100981
          ],
          [
            51.89875908969571,
            42.89981567675194
          ],
          [
            51.8989044332811,
            42.899778592494066
          ],
          [
            51.8990497768665,
            42.89974150823618
          ],
          [
            51.89919512045191,
            42.89970442397829
          ],
          [
            51.89934046403731,
            42.89966733972042
          ],
          [
            51.89948580762272,
            42.89963025546254
          ],
          [
            51.89963115120812,
            42.89959317120466
          ],
          [
            51.89977649479352,
            42.89955608694678
          ],
          [
            51.899921838378916,
            42.8995190026889
          ],
          [
            51.900067181964324,
            42.89948191843102
          ],
          [
            51.900212525549726,
            42.89944483417314
          ],
          [
            51.90035786913513,
            42.89940774991526
          ],
          [
            51.90050321272053,
            42.899370665657386
          ],
          [
            51.90064855630593,
            42.8993335813995
          ],
          [
            51.900793899891326,
            42.89929649714163
          ],
          [
            51.900939243476735,
            42.89925941288375
          ],
          [
            51.90108458706214,
            42.89922232862587
          ],
          [
            51.90122993064754,
            42.899185244367985
          ],
          [
            51.90137527423293,
            42.89914816011011
          ],
          [
            51.90152061781835,
            42.899111075852225
          ],
          [
            51.90166596140374,
            42.89907399159435
          ],
          [
            51.90181130498914,
            42.89903690733647
          ],
          [
            51.90195664857455,
            42.89899982307859
          ],
          [
            51.90210199215994,
            42.898962738820714
          ],
          [
            51.90224733574534,
            42.89892565456283
          ],
          [
            51.90239267933075,
            42.898888570304955
          ],
          [
            51.902538022916154,
            42.89885148604707
          ],
          [
            51.902683366501556,
            42.898814401789195
          ],
          [
            51.902828710086965,
            42.89877731753131
          ],
          [
            51.90297405367236,
            42.898740233273436
          ],
          [
            51.90311939725776,
            42.89870314901556
          ],
          [
            51.90326474084317,
            42.89866606475768
          ],
          [
            51.90341008442857,
            42.8986289804998
          ],
          [
            51.90355542801396,
            42.89859189624192
          ],
          [
            51.90370077159937,
            42.89855481198404
          ],
          [
            51.90384611518478,
            42.89851772772616
          ],
          [
            51.90399145877017,
            42.89848064346828
          ],
          [
            51.90413680235559,
            42.8984435592104
          ],
          [
            51.90428214594098,
            42.89840647495252
          ],
          [
            51.904427489526384,
            42.89836939069465
          ],
          [
            51.904572833111786,
            42.898332306436764
          ],
          [
            51.90471817669719,
            42.89829522217889
          ],
          [
            51.90486352028259,
            42.898258137921005
          ],
          [
            51.90500886386799,
            42.89822105366313
          ],
          [
            51.90515420745339,
            42.898183969405245
          ],
          [
            51.905299551038794,
            42.89814688514737
          ],
          [
            51.905444894624196,
            42.89810980088949
          ],
          [
            51.905590238209605,
            42.89807271663161
          ],
          [
            51.90573558179501,
            42.89803563237373
          ],
          [
            51.9058809253804,
            42.89799854811585
          ],
          [
            51.90602626896581,
            42.897961463857975
          ],
          [
            51.90617161255121,
            42.89792437960009
          ],
          [
            51.90631695613661,
            42.897887295342215
          ],
          [
            51.906462299722016,
            42.89785021108434
          ],
          [
            51.90660764330742,
            42.897813126826456
          ],
          [
            51.90675298689282,
            42.89777604256857
          ],
          [
            51.90689833047823,
            42.8977389583107
          ],
          [
            51.90704367406363,
            42.89770187405282
          ],
          [
            51.90718901764903,
            42.89766478979494
          ],
          [
            51.90733436123443,
            42.897627705537055
          ],
          [
            51.90747970481983,
            42.89759062127918
          ],
          [
            51.90762504840522,
            42.89755353702131
          ],
          [
            51.90777039199063,
            42.89751645276342
          ],
          [
            51.90791573557603,
            42.89747936850554
          ],
          [
            51.908061079161435,
            42.89744228424767
          ],
          [
            51.908206422746844,
            42.897405199989784
          ],
          [
            51.90835176633224,
            42.8973681157319
          ],
          [
            51.90849710991764,
            42.897331031474025
          ],
          [
            51.90864245350305,
            42.89729394721615
          ],
          [
            51.90878779708844,
            42.897256862958265
          ],
          [
            51.908933140673845,
            42.89721977870039
          ],
          [
            51.90907848425925,
            42.89718269444251
          ],
          [
            51.909223827844656,
            42.89714561018463
          ],
          [
            51.90936917143005,
            42.89710852592675
          ],
          [
            51.90951451501546,
            42.897071441668864
          ],
          [
            51.90965985860087,
            42.897034357411
          ],
          [
            51.90980520218626,
            42.896997273153104
          ],
          [
            51.90995054577166,
            42.89696018889522
          ],
          [
            51.910095889357066,
            42.89692310463736
          ],
          [
            51.91024123294246,
            42.896886020379476
          ],
          [
            51.91038657652786,
            42.89684893612159
          ],
          [
            51.91053192011327,
            42.89681185186371
          ],
          [
            51.91067726369867,
            42.89677476760584
          ],
          [
            51.91082260728408,
            42.89673768334796
          ],
          [
            51.910967950869484,
            42.896700599090074
          ],
          [
            51.911113294454886,
            42.8966635148322
          ],
          [
            51.91125863804028,
            42.89662643057432
          ],
          [
            51.91140398162568,
            42.89658934631644
          ],
          [
            51.911549325211084,
            42.896552262058556
          ],
          [
            51.91169466879649,
            42.89651517780069
          ],
          [
            51.911840012381894,
            42.896478093542804
          ],
          [
            51.911985355967296,
            42.89644100928492
          ],
          [
            51.9121306995527,
            42.89640392502704
          ],
          [
            51.91227604313811,
            42.89636684076917
          ],
          [
            51.91242138672351,
            42.896329756511285
          ],
          [
            51.91256673030891,
            42.8962926722534
          ],
          [
            51.9127120738943,
            42.896255587995526
          ],
          [
            51.91285741747971,
            42.89621850373765
          ],
          [
            51.91300276106511,
            42.89618141947977
          ],
          [
            51.91314810465052,
            42.89614433522188
          ],
          [
            51.91329344823591,
            42.89610725096401
          ],
          [
            51.913438791821314,
            42.89607016670613
          ],
          [
            51.913584135406715,
            42.89603308244825
          ],
          [
            51.913729478992124,
            42.895995998190365
          ],
          [
            51.91387482257752,
            42.895958913932496
          ],
          [
            51.91402016616291,
            42.89592182967461
          ],
          [
            51.91416550974832,
            42.89588474541673
          ],
          [
            51.914310853333724,
            42.895847661158854
          ],
          [
            51.914456196919126,
            42.89581057690098
          ],
          [
            51.91460154050453,
            42.895773492643094
          ],
          [
            51.91474688408993,
            42.89573640838521
          ],
          [
            51.91489222767533,
            42.895699324127335
          ],
          [
            51.91503757126074,
            42.89566223986946
          ],
          [
            51.91518291484614,
            42.895625155611576
          ],
          [
            51.91532825843154,
            42.89558807135369
          ],
          [
            51.915473602016945,
            42.895550987095824
          ],
          [
            51.91561894560234,
            42.89551390283794
          ],
          [
            51.91576428918774,
            42.89547681858005
          ],
          [
            51.91590963277315,
            42.89543973432218
          ],
          [
            51.91605497635855,
            42.895402650064305
          ],
          [
            51.916200319943954,
            42.895365565806415
          ],
          [
            51.916345663529356,
            42.89532848154854
          ],
          [
            51.916491007114764,
            42.89529139729066
          ],
          [
            51.916636350700166,
            42.89525431303279
          ],
          [
            51.91678169428556,
            42.895217228774904
          ],
          [
            51.91692703787096,
            42.89518014451701
          ],
          [
            51.91707238145637,
            42.895143060259144
          ],
          [
            51.917217725041766,
            42.89510597600126
          ],
          [
            51.917363068627175,
            42.89506889174338
          ],
          [
            51.91750841221258,
            42.89503180748551
          ],
          [
            51.91765375579798,
            42.89499472322763
          ],
          [
            51.91779909938339,
            42.89495763896975
          ],
          [
            51.91794444296879,
            42.89492055471187
          ],
          [
            51.91808978655418,
            42.89488347045399
          ],
          [
            51.918235130139585,
            42.89484638619611
          ],
          [
            51.91838047372499,
            42.894809301938224
          ],
          [
            51.91852581731038,
            42.894772217680355
          ],
          [
            51.9186711608958,
            42.89473513342247
          ],
          [
            51.91881650448119,
            42.894698049164596
          ],
          [
            51.918961848066594,
            42.89466096490671
          ],
          [
            51.919107191652,
            42.89462388064884
          ],
          [
            51.9192525352374,
            42.89458679639095
          ],
          [
            51.91939787882279,
            42.89454971213308
          ],
          [
            51.919543222408194,
            42.89451262787519
          ],
          [
            51.9196885659936,
            42.89447554361732
          ],
          [
            51.919833909579005,
            42.89443845935944
          ],
          [
            51.919979253164406,
            42.89440137510156
          ],
          [
            51.920124596749815,
            42.89436429084368
          ],
          [
            51.92026994033521,
            42.8943272065858
          ],
          [
            51.92041528392061,
            42.89429012232792
          ],
          [
            51.92056062750602,
            42.89425303807003
          ],
          [
            51.92070597109142,
            42.894215953812164
          ],
          [
            51.920851314676824,
            42.89417886955429
          ],
          [
            51.92099665826222,
            42.8941417852964
          ],
          [
            51.92114200184763,
            42.89410470103853
          ],
          [
            51.92128734543302,
            42.894067616780646
          ],
          [
            51.92143268901844,
            42.89403053252277
          ],
          [
            51.92157803260383,
            42.89399344826488
          ],
          [
            51.92172337618923,
            42.893956364007
          ],
          [
            51.92186871977464,
            42.89391927974913
          ],
          [
            51.92201406336003,
            42.89388219549125
          ],
          [
            51.92215940694544,
            42.89384511123336
          ],
          [
            51.92230475053084,
            42.89380802697549
          ],
          [
            51.92245009411624,
            42.893770942717616
          ],
          [
            51.922595437701645,
            42.89373385845973
          ],
          [
            51.92274078128705,
            42.89369677420186
          ],
          [
            51.922886124872456,
            42.89365968994397
          ],
          [
            51.92303146845786,
            42.89362260568609
          ],
          [
            51.923176812043266,
            42.89358552142821
          ],
          [
            51.92332215562866,
            42.89354843717033
          ],
          [
            51.923467499214055,
            42.893511352912455
          ],
          [
            51.92361284279946,
            42.89347426865457
          ],
          [
            51.923758186384866,
            42.89343718439669
          ],
          [
            51.92390352997026,
            42.89340010013882
          ],
          [
            51.92404887355566,
            42.893363015880944
          ],
          [
            51.92419421714108,
            42.89332593162305
          ],
          [
            51.92433956072647,
            42.89328884736518
          ],
          [
            51.924484904311875,
            42.8932517631073
          ],
          [
            51.924630247897284,
            42.893214678849425
          ],
          [
            51.92477559148268,
            42.893177594591535
          ],
          [
            51.92492093506807,
            42.893140510333666
          ],
          [
            51.92506627865348,
            42.89310342607579
          ],
          [
            51.92521162223888,
            42.8930663418179
          ],
          [
            51.925356965824285,
            42.89302925756003
          ],
          [
            51.925502309409694,
            42.89299217330215
          ],
          [
            51.92564765299509,
            42.892955089044264
          ],
          [
            51.92579299658049,
            42.89291800478638
          ],
          [
            51.9259383401659,
            42.89288092052851
          ],
          [
            51.92608368375129,
            42.89284383627063
          ],
          [
            51.92622902733669,
            42.892806752012746
          ],
          [
            51.9263743709221,
            42.89276966775488
          ],
          [
            51.926519714507506,
            42.89273258349699
          ],
          [
            51.9266650580929,
            42.89269549923911
          ],
          [
            51.92681040167831,
            42.89265841498123
          ],
          [
            51.92695574526371,
            42.89262133072335
          ],
          [
            51.927101088849106,
            42.89258424646547
          ],
          [
            51.927246432434515,
            42.8925471622076
          ],
          [
            51.927391776019924,
            42.89251007794971
          ],
          [
            51.927537119605326,
            42.89247299369183
          ],
          [
            51.92768246319072,
            42.892435909433964
          ],
          [
            51.92782780677612,
            42.89239882517607
          ],
          [
            51.927973150361524,
            42.892361740918204
          ],
          [
            51.928118493946926,
            42.89232465666032
          ],
          [
            51.928263837532334,
            42.89228757240244
          ],
          [
            51.928409181117736,
            42.89225048814457
          ],
          [
            51.92855452470314,
            42.89221340388668
          ],
          [
            51.92869986828854,
            42.8921763196288
          ],
          [
            51.92884521187395,
            42.89213923537092
          ],
          [
            51.928990555459336,
            42.89210215111304
          ],
          [
            51.92913589904475,
            42.89206506685516
          ],
          [
            51.92928124263015,
            42.892027982597284
          ],
          [
            51.92942658621555,
            42.8919908983394
          ],
          [
            51.92957192980095,
            42.891953814081525
          ],
          [
            51.92971727338635,
            42.89191672982365
          ],
          [
            51.929862616971754,
            42.891879645565766
          ],
          [
            51.93000796055716,
            42.89184256130789
          ],
          [
            51.93015330414256,
            42.891805477050006
          ],
          [
            51.93029864772795,
            42.89176839279212
          ],
          [
            51.93044399131335,
            42.89173130853425
          ],
          [
            51.93058933489876,
            42.89169422427637
          ],
          [
            51.93073467848416,
            42.89165714001849
          ],
          [
            51.93088002206956,
            42.89162005576061
          ],
          [
            51.93102536565497,
            42.89158297150273
          ],
          [
            51.93117070924037,
            42.89154588724485
          ],
          [
            51.93131605282577,
            42.89150880298697
          ],
          [
            51.931461396411166,
            42.89147171872909
          ],
          [
            51.93160673999657,
            42.891434634471224
          ],
          [
            51.931752083581976,
            42.891397550213334
          ],
          [
            51.931897427167385,
            42.89136046595546
          ],
          [
            51.93204277075278,
            42.891323381697575
          ],
          [
            51.93218811433818,
            42.8912862974397
          ],
          [
            51.93233345792358,
            42.891249213181815
          ],
          [
            51.93247880150899,
            42.89121212892393
          ],
          [
            51.932624145094394,
            42.89117504466606
          ],
          [
            51.9327694886798,
            42.89113796040818
          ],
          [
            51.932914832265205,
            42.891100876150304
          ],
          [
            51.93306017585059,
            42.89106379189242
          ],
          [
            51.933205519436,
            42.891026707634545
          ],
          [
            51.9333508630214,
            42.89098962337666
          ],
          [
            51.933496206606804,
            42.89095253911878
          ],
          [
            51.933641550192206,
            42.89091545486091
          ],
          [
            51.933786893777615,
            42.890878370603026
          ],
          [
            51.93393223736302,
            42.890841286345136
          ],
          [
            51.93407758094841,
            42.89080420208727
          ],
          [
            51.93422292453383,
            42.89076711782939
          ],
          [
            51.934368268119215,
            42.89073003357151
          ],
          [
            51.93451361170462,
            42.890692949313625
          ],
          [
            51.934658955290026,
            42.890655865055756
          ],
          [
            51.93480429887543,
            42.89061878079787
          ],
          [
            51.93494964246082,
            42.89058169653999
          ],
          [
            51.93509498604623,
            42.89054461228211
          ],
          [
            51.93524032963163,
            42.89050752802424
          ],
          [
            51.93538567321703,
            42.890470443766354
          ],
          [
            51.93553101680244,
            42.89043335950847
          ],
          [
            51.93567636038784,
            42.890396275250595
          ],
          [
            51.93582170397323,
            42.89035919099272
          ],
          [
            51.93596704755865,
            42.890322106734835
          ],
          [
            51.93611239114404,
            42.89028502247696
          ],
          [
            51.93625773472944,
            42.89024793821908
          ],
          [
            51.93640307831485,
            42.8902108539612
          ],
          [
            51.93654842190025,
            42.89017376970332
          ],
          [
            51.93669376548565,
            42.890136685445434
          ],
          [
            51.93683910907106,
            42.890099601187565
          ],
          [
            51.93698445265646,
            42.89006251692968
          ],
          [
            51.93712979624185,
            42.8900254326718
          ],
          [
            51.937275139827264,
            42.88998834841393
          ],
          [
            51.93742048341266,
            42.88995126415605
          ],
          [
            51.93756582699806,
            42.88991417989816
          ],
          [
            51.93771117058346,
            42.88987709564028
          ],
          [
            51.937856514168864,
            42.88984001138241
          ],
          [
            51.938001857754266,
            42.88980292712453
          ],
          [
            51.938147201339675,
            42.889765842866645
          ],
          [
            51.93829254492508,
            42.88972875860876
          ],
          [
            51.93843788851047,
            42.88969167435089
          ],
          [
            51.93858323209588,
            42.88965459009301
          ],
          [
            51.93872857568128,
            42.889617505835126
          ],
          [
            51.93887391926668,
            42.88958042157725
          ],
          [
            51.939019262852085,
            42.889543337319374
          ],
          [
            51.939164606437494,
            42.88950625306149
          ],
          [
            51.93930995002289,
            42.88946916880361
          ],
          [
            51.93945529360829,
            42.88943208454574
          ],
          [
            51.93960063719369,
            42.88939500028785
          ],
          [
            51.939745980779094,
            42.889357916029965
          ],
          [
            51.939891324364496,
            42.88932083177209
          ],
          [
            51.940036667949904,
            42.88928374751422
          ],
          [
            51.940182011535306,
            42.88924666325634
          ],
          [
            51.9403273551207,
            42.88920957899845
          ],
          [
            51.94047269870611,
            42.889172494740585
          ],
          [
            51.94061804229151,
            42.8891354104827
          ],
          [
            51.94076338587691,
            42.88909832622482
          ],
          [
            51.94090872946232,
            42.889061241966935
          ],
          [
            51.94105407304772,
            42.88902415770906
          ],
          [
            51.94119941663312,
            42.88898707345118
          ],
          [
            51.94134476021851,
            42.88894998919329
          ],
          [
            51.94149010380392,
            42.88891290493542
          ],
          [
            51.94163544738932,
            42.88887582067755
          ],
          [
            51.94178079097472,
            42.888838736419665
          ],
          [
            51.94192613456013,
            42.88880165216178
          ],
          [
            51.94207147814553,
            42.888764567903905
          ],
          [
            51.94221682173092,
            42.88872748364603
          ],
          [
            51.94236216531634,
            42.88869039938814
          ],
          [
            51.942507508901734,
            42.88865331513026
          ],
          [
            51.942652852487136,
            42.88861623087239
          ],
          [
            51.94279819607254,
            42.88857914661451
          ],
          [
            51.94294353965794,
            42.88854206235662
          ],
          [
            51.94308888324334,
            42.88850497809875
          ],
          [
            51.94323422682875,
            42.888467893840875
          ],
          [
            51.943379570414145,
            42.88843080958299
          ],
          [
            51.943524913999546,
            42.8883937253251
          ],
          [
            51.943670257584955,
            42.88835664106723
          ],
          [
            51.94381560117035,
            42.88831955680936
          ],
          [
            51.94396094475575,
            42.888282472551474
          ],
          [
            51.94410628834116,
            42.8882453882936
          ],
          [
            51.94425163192656,
            42.88820830403572
          ],
          [
            51.944396975511964,
            42.88817121977784
          ],
          [
            51.944542319097366,
            42.88813413551995
          ],
          [
            51.94468766268277,
            42.88809705126208
          ],
          [
            51.94483300626817,
            42.8880599670042
          ],
          [
            51.94497834985357,
            42.88802288274631
          ],
          [
            51.94512369343897,
            42.88798579848843
          ],
          [
            51.945269037024374,
            42.88794871423056
          ],
          [
            51.945414380609776,
            42.887911629972685
          ],
          [
            51.94555972419518,
            42.887874545714794
          ],
          [
            51.94570506778058,
            42.88783746145691
          ],
          [
            51.94585041136598,
            42.88780037719905
          ],
          [
            51.94599575495139,
            42.887763292941166
          ],
          [
            51.94614109853679,
            42.88772620868328
          ],
          [
            51.9462864421222,
            42.88768912442541
          ],
          [
            51.946431785707595,
            42.88765204016753
          ],
          [
            51.946577129293,
            42.88761495590965
          ],
          [
            51.94672247287839,
            42.88757787165177
          ],
          [
            51.9468678164638,
            42.88754078739389
          ],
          [
            51.9470131600492,
            42.88750370313601
          ],
          [
            51.9471585036346,
            42.88746661887812
          ],
          [
            51.94730384722001,
            42.88742953462025
          ],
          [
            51.947449190805415,
            42.88739245036237
          ],
          [
            51.9475945343908,
            42.887355366104494
          ],
          [
            51.94773987797622,
            42.88731828184662
          ],
          [
            51.947885221561606,
            42.887281197588734
          ],
          [
            51.948030565147015,
            42.88724411333085
          ],
          [
            51.94817590873242,
            42.88720702907297
          ],
          [
            51.94832125231782,
            42.887169944815085
          ],
          [
            51.94846659590321,
            42.887132860557216
          ],
          [
            51.94861193948863,
            42.88709577629934
          ],
          [
            51.94875728307403,
            42.88705869204145
          ],
          [
            51.94890262665943,
            42.88702160778358
          ],
          [
            51.949047970244834,
            42.886984523525705
          ],
          [
            51.949193313830236,
            42.88694743926782
          ],
          [
            51.94933865741563,
            42.886910355009945
          ],
          [
            51.94948400100104,
            42.88687327075206
          ],
          [
            51.94962934458644,
            42.886836186494186
          ],
          [
            51.949774688171836,
            42.8867991022363
          ],
          [
            51.94992003175724,
            42.88676201797842
          ],
          [
            51.950065375342646,
            42.88672493372054
          ],
          [
            51.95021071892805,
            42.88668784946267
          ],
          [
            51.95035606251345,
            42.88665076520478
          ],
          [
            51.95050140609885,
            42.8866136809469
          ],
          [
            51.95064674968425,
            42.886576596689025
          ],
          [
            51.95079209326965,
            42.88653951243114
          ],
          [
            51.950937436855064,
            42.886502428173266
          ],
          [
            51.951082780440466,
            42.88646534391539
          ],
          [
            51.95122812402587,
            42.88642825965751
          ],
          [
            51.95137346761127,
            42.88639117539964
          ],
          [
            51.95151881119667,
            42.886354091141754
          ],
          [
            51.95166415478207,
            42.88631700688387
          ],
          [
            51.95180949836748,
            42.88627992262599
          ],
          [
            51.951954841952876,
            42.886242838368105
          ],
          [
            51.95210018553827,
            42.88620575411023
          ],
          [
            51.95224552912367,
            42.88616866985235
          ],
          [
            51.95239087270908,
            42.88613158559448
          ],
          [
            51.95253621629448,
            42.8860945013366
          ],
          [
            51.95268155987988,
            42.88605741707872
          ],
          [
            51.952826903465294,
            42.886020332820834
          ],
          [
            51.95297224705068,
            42.88598324856295
          ],
          [
            51.95311759063609,
            42.885946164305075
          ],
          [
            51.9532629342215,
            42.8859090800472
          ],
          [
            51.953408277806886,
            42.88587199578932
          ],
          [
            51.95355362139229,
            42.88583491153145
          ],
          [
            51.9536989649777,
            42.885797827273564
          ],
          [
            51.9538443085631,
            42.88576074301568
          ],
          [
            51.9539896521485,
            42.8857236587578
          ],
          [
            51.95413499573391,
            42.88568657449992
          ],
          [
            51.954280339319304,
            42.885649490242045
          ],
          [
            51.954425682904706,
            42.88561240598416
          ],
          [
            51.95457102649011,
            42.88557532172629
          ],
          [
            51.95471637007551,
            42.8855382374684
          ],
          [
            51.95486171366091,
            42.88550115321053
          ],
          [
            51.95500705724632,
            42.88546406895266
          ],
          [
            51.95515240083172,
            42.88542698469477
          ],
          [
            51.95529774441712,
            42.885389900436884
          ],
          [
            51.955443088002525,
            42.88535281617901
          ],
          [
            51.955588431587934,
            42.885315731921125
          ],
          [
            51.95573377517333,
            42.88527864766325
          ],
          [
            51.95587911875873,
            42.88524156340537
          ],
          [
            51.95602446234413,
            42.88520447914749
          ],
          [
            51.95616980592953,
            42.88516739488961
          ],
          [
            51.956315149514936,
            42.88513031063173
          ],
          [
            51.95646049310034,
            42.885093226373854
          ],
          [
            51.956605836685746,
            42.88505614211597
          ],
          [
            51.95675118027114,
            42.885019057858095
          ],
          [
            51.95689652385655,
            42.88498197360021
          ],
          [
            51.95704186744195,
            42.88494488934233
          ],
          [
            51.95718721102736,
            42.88490780508446
          ],
          [
            51.95733255461276,
            42.88487072082658
          ],
          [
            51.95747789819816,
            42.88483363656869
          ],
          [
            51.95762324178355,
            42.88479655231083
          ],
          [
            51.95776858536895,
            42.88475946805294
          ],
          [
            51.95791392895436,
            42.88472238379506
          ],
          [
            51.95805927253976,
            42.884685299537175
          ],
          [
            51.95820461612517,
            42.884648215279306
          ],
          [
            51.95834995971057,
            42.88461113102142
          ],
          [
            51.95849530329597,
            42.88457404676354
          ],
          [
            51.95864064688137,
            42.88453696250566
          ],
          [
            51.95878599046678,
            42.88449987824779
          ],
          [
            51.95893133405217,
            42.884462793989904
          ],
          [
            51.95907667763757,
            42.88442570973203
          ],
          [
            51.95922202122297,
            42.884388625474145
          ],
          [
            51.95936736480838,
            42.88435154121627
          ],
          [
            51.95951270839379,
            42.884314456958386
          ],
          [
            51.95965805197918,
            42.8842773727005
          ],
          [
            51.959803395564585,
            42.884240288442626
          ],
          [
            51.95994873914998,
            42.88420320418475
          ],
          [
            51.96009408273539,
            42.88416611992687
          ],
          [
            51.96023942632079,
            42.88412903566899
          ],
          [
            51.9603847699062,
            42.884091951411115
          ],
          [
            51.9605301134916,
            42.88405486715323
          ],
          [
            51.960675457077,
            42.884017782895356
          ],
          [
            51.960820800662404,
            42.88398069863748
          ],
          [
            51.9609661442478,
            42.88394361437959
          ],
          [
            51.961111487833215,
            42.88390653012171
          ],
          [
            51.96125683141861,
            42.88386944586384
          ],
          [
            51.96140217500401,
            42.88383236160596
          ],
          [
            51.96154751858941,
            42.88379527734808
          ],
          [
            51.961692862174814,
            42.883758193090195
          ],
          [
            51.96183820576022,
            42.88372110883232
          ],
          [
            51.961983549345625,
            42.88368402457444
          ],
          [
            51.96212889293102,
            42.88364694031656
          ],
          [
            51.96227423651643,
            42.883609856058676
          ],
          [
            51.96241958010183,
            42.88357277180081
          ],
          [
            51.96256492368723,
            42.883535687542924
          ],
          [
            51.962710267272634,
            42.88349860328504
          ],
          [
            51.962855610858036,
            42.883461519027165
          ],
          [
            51.96300095444344,
            42.88342443476929
          ],
          [
            51.96314629802884,
            42.883387350511406
          ],
          [
            51.96329164161424,
            42.88335026625352
          ],
          [
            51.963436985199635,
            42.883313181995646
          ],
          [
            51.96358232878505,
            42.88327609773777
          ],
          [
            51.963727672370446,
            42.88323901347989
          ],
          [
            51.96387301595585,
            42.883201929222004
          ],
          [
            51.96401835954124,
            42.883164844964135
          ],
          [
            51.96416370312666,
            42.88312776070625
          ],
          [
            51.964309046712046,
            42.88309067644836
          ],
          [
            51.964454390297455,
            42.88305359219049
          ],
          [
            51.96459973388286,
            42.883016507932616
          ],
          [
            51.96474507746825,
            42.88297942367473
          ],
          [
            51.96489042105365,
            42.88294233941685
          ],
          [
            51.96503576463907,
            42.882905255158974
          ],
          [
            51.96518110822446,
            42.88286817090109
          ],
          [
            51.965326451809865,
            42.882831086643215
          ],
          [
            51.96547179539527,
            42.88279400238533
          ],
          [
            51.96561713898067,
            42.88275691812746
          ],
          [
            51.96576248256607,
            42.88271983386958
          ],
          [
            51.96590782615148,
            42.882682749611696
          ],
          [
            51.966053169736874,
            42.88264566535382
          ],
          [
            51.96619851332228,
            42.88260858109595
          ],
          [
            51.966343856907685,
            42.882571496838054
          ],
          [
            51.966489200493086,
            42.88253441258017
          ],
          [
            51.96663454407849,
            42.88249732832231
          ],
          [
            51.96677988766389,
            42.882460244064426
          ],
          [
            51.96692523124929,
            42.882423159806535
          ],
          [
            51.96707057483469,
            42.88238607554866
          ],
          [
            51.967215918420095,
            42.88234899129079
          ],
          [
            51.9673612620055,
            42.88231190703291
          ],
          [
            51.9675066055909,
            42.882274822775024
          ],
          [
            51.9676519491763,
            42.88223773851715
          ],
          [
            51.9677972927617,
            42.88220065425927
          ],
          [
            51.96794263634711,
            42.88216357000139
          ],
          [
            51.96808797993251,
            42.882126485743505
          ],
          [
            51.968233323517914,
            42.88208940148563
          ],
          [
            51.968378667103316,
            42.882052317227746
          ],
          [
            51.96852401068871,
            42.88201523296986
          ],
          [
            51.96866935427412,
            42.88197814871199
          ],
          [
            51.96881469785952,
            42.88194106445412
          ],
          [
            51.968960041444916,
            42.881903980196235
          ],
          [
            51.969105385030325,
            42.881866895938344
          ],
          [
            51.96925072861573,
            42.881829811680475
          ],
          [
            51.96939607220113,
            42.8817927274226
          ],
          [
            51.96954141578654,
            42.88175564316471
          ],
          [
            51.969686759371925,
            42.881718558906826
          ],
          [
            51.969832102957334,
            42.88168147464896
          ],
          [
            51.96997744654274,
            42.88164439039108
          ],
          [
            51.97012279012814,
            42.8816073061332
          ],
          [
            51.97026813371353,
            42.88157022187532
          ],
          [
            51.97041347729893,
            42.881533137617446
          ],
          [
            51.97055882088434,
            42.88149605335956
          ],
          [
            51.970704164469744,
            42.88145896910168
          ],
          [
            51.97084950805514,
            42.8814218848438
          ],
          [
            51.97099485164055,
            42.88138480058593
          ],
          [
            51.971140195225935,
            42.881347716328044
          ],
          [
            51.97128553881135,
            42.88131063207017
          ],
          [
            51.97143088239675,
            42.881273547812285
          ],
          [
            51.971576225982155,
            42.88123646355441
          ],
          [
            51.97172156956755,
            42.88119937929652
          ],
          [
            51.97186691315296,
            42.88116229503865
          ],
          [
            51.97201225673836,
            42.88112521078077
          ],
          [
            51.97215760032377,
            42.88108812652288
          ],
          [
            51.97230294390917,
            42.881051042265
          ],
          [
            51.97244828749457,
            42.88101395800713
          ],
          [
            51.97259363107997,
            42.880976873749255
          ],
          [
            51.972738974665376,
            42.88093978949137
          ],
          [
            51.97288431825078,
            42.880902705233495
          ],
          [
            51.97302966183617,
            42.88086562097562
          ],
          [
            51.97317500542159,
            42.880828536717736
          ],
          [
            51.97332034900699,
            42.88079145245985
          ],
          [
            51.97346569259239,
            42.88075436820198
          ],
          [
            51.973611036177786,
            42.880717283944094
          ],
          [
            51.97375637976319,
            42.88068019968621
          ],
          [
            51.9739017233486,
            42.88064311542833
          ],
          [
            51.97404706693399,
            42.88060603117046
          ],
          [
            51.97419241051941,
            42.880568946912575
          ],
          [
            51.9743377541048,
            42.8805318626547
          ],
          [
            51.9744830976902,
            42.880494778396816
          ],
          [
            51.974628441275605,
            42.88045769413894
          ],
          [
            51.97477378486101,
            42.88042060988106
          ],
          [
            51.974919128446416,
            42.880383525623174
          ],
          [
            51.97506447203182,
            42.880346441365305
          ],
          [
            51.97520981561721,
            42.88030935710742
          ],
          [
            51.9753551592026,
            42.880272272849545
          ],
          [
            51.975500502788016,
            42.880235188591655
          ],
          [
            51.97564584637342,
            42.880198104333786
          ],
          [
            51.97579118995881,
            42.88016102007591
          ],
          [
            51.97593653354423,
            42.880123935818034
          ],
          [
            51.97608187712962,
            42.880086851560144
          ],
          [
            51.97622722071503,
            42.88004976730227
          ],
          [
            51.976372564300426,
            42.88001268304439
          ],
          [
            51.97651790788583,
            42.879975598786515
          ],
          [
            51.97666325147122,
            42.87993851452863
          ],
          [
            51.976808595056625,
            42.87990143027075
          ],
          [
            51.97695393864203,
            42.879864346012866
          ],
          [
            51.977099282227435,
            42.879827261755
          ],
          [
            51.977244625812844,
            42.879790177497114
          ],
          [
            51.977389969398246,
            42.87975309323923
          ],
          [
            51.97753531298365,
            42.87971600898136
          ],
          [
            51.97768065656905,
            42.87967892472348
          ],
          [
            51.97782600015445,
            42.879641840465595
          ],
          [
            51.977971343739846,
            42.87960475620771
          ],
          [
            51.97811668732524,
            42.879567671949836
          ],
          [
            51.978262030910656,
            42.87953058769195
          ],
          [
            51.97840737449606,
            42.87949350343408
          ],
          [
            51.97855271808146,
            42.87945641917619
          ],
          [
            51.97869806166687,
            42.87941933491831
          ],
          [
            51.97884340525227,
            42.87938225066044
          ],
          [
            51.978988748837665,
            42.879345166402565
          ],
          [
            51.97913409242306,
            42.87930808214468
          ],
          [
            51.97927943600847,
            42.879270997886806
          ],
          [
            51.97942477959387,
            42.87923391362892
          ],
          [
            51.97957012317927,
            42.879196829371054
          ],
          [
            51.979715466764674,
            42.87915974511317
          ],
          [
            51.97986081035008,
            42.87912266085529
          ],
          [
            51.980006153935484,
            42.879085576597404
          ],
          [
            51.980151497520886,
            42.87904849233952
          ],
          [
            51.98029684110629,
            42.879011408081645
          ],
          [
            51.9804421846917,
            42.87897432382377
          ],
          [
            51.9805875282771,
            42.878937239565886
          ],
          [
            51.980732871862486,
            42.87890015530801
          ],
          [
            51.980878215447895,
            42.87886307105013
          ],
          [
            51.9810235590333,
            42.87882598679224
          ],
          [
            51.98116890261869,
            42.87878890253437
          ],
          [
            51.98131424620411,
            42.87875181827649
          ],
          [
            51.9814595897895,
            42.87871473401861
          ],
          [
            51.9816049333749,
            42.87867764976073
          ],
          [
            51.9817502769603,
            42.878640565502856
          ],
          [
            51.98189562054571,
            42.87860348124497
          ],
          [
            51.9820409641311,
            42.8785663969871
          ],
          [
            51.9821863077165,
            42.87852931272921
          ],
          [
            51.98233165130191,
            42.87849222847134
          ],
          [
            51.982476994887314,
            42.878455144213454
          ],
          [
            51.982622338472716,
            42.87841805995557
          ],
          [
            51.982767682058125,
            42.8783809756977
          ],
          [
            51.98291302564352,
            42.87834389143982
          ],
          [
            51.98305836922892,
            42.878306807181936
          ],
          [
            51.98320371281433,
            42.87826972292406
          ],
          [
            51.98334905639973,
            42.878232638666184
          ],
          [
            51.98349439998512,
            42.8781955544083
          ],
          [
            51.983639743570535,
            42.87815847015042
          ],
          [
            51.98378508715594,
            42.87812138589254
          ],
          [
            51.98393043074133,
            42.878084301634665
          ],
          [
            51.98407577432674,
            42.878047217376775
          ],
          [
            51.98422111791214,
            42.8780101331189
          ],
          [
            51.984366461497544,
            42.87797304886103
          ],
          [
            51.984511805082946,
            42.87793596460315
          ],
          [
            51.98465714866835,
            42.87789888034526
          ],
          [
            51.98480249225375,
            42.87786179608739
          ],
          [
            51.98494783583915,
            42.87782471182952
          ],
          [
            51.98509317942455,
            42.87778762757163
          ],
          [
            51.985238523009954,
            42.87775054331375
          ],
          [
            51.98538386659536,
            42.877713459055876
          ],
          [
            51.98552921018077,
            42.87767637479799
          ],
          [
            51.98567455376617,
            42.87763929054011
          ],
          [
            51.985819897351575,
            42.87760220628223
          ],
          [
            51.98596524093696,
            42.87756512202436
          ],
          [
            51.98611058452237,
            42.877528037766474
          ],
          [
            51.98625592810777,
            42.87749095350859
          ],
          [
            51.986401271693175,
            42.87745386925072
          ],
          [
            51.98654661527857,
            42.87741678499284
          ],
          [
            51.98669195886398,
            42.877379700734956
          ],
          [
            51.98683730244938,
            42.87734261647707
          ],
          [
            51.98698264603478,
            42.8773055322192
          ],
          [
            51.987127989620184,
            42.87726844796131
          ],
          [
            51.987273333205586,
            42.87723136370343
          ],
          [
            51.98741867679098,
            42.87719427944556
          ],
          [
            51.98756402037639,
            42.877157195187685
          ],
          [
            51.98770936396179,
            42.8771201109298
          ],
          [
            51.98785470754719,
            42.877083026671926
          ],
          [
            51.98800005113259,
            42.87704594241405
          ],
          [
            51.988145394718,
            42.87700885815617
          ],
          [
            51.9882907383034,
            42.87697177389828
          ],
          [
            51.9884360818888,
            42.8769346896404
          ],
          [
            51.98858142547421,
            42.87689760538253
          ],
          [
            51.988726769059596,
            42.87686052112465
          ],
          [
            51.988872112645005,
            42.876823436866765
          ],
          [
            51.989017456230414,
            42.876786352608896
          ],
          [
            51.989162799815816,
            42.87674926835101
          ],
          [
            51.98930814340122,
            42.87671218409312
          ],
          [
            51.98945348698662,
            42.876675099835246
          ],
          [
            51.98959883057202,
            42.87663801557737
          ],
          [
            51.989744174157416,
            42.87660093131949
          ],
          [
            51.989889517742824,
            42.87656384706161
          ],
          [
            51.99003486132823,
            42.87652676280373
          ],
          [
            51.99018020491363,
            42.87648967854586
          ],
          [
            51.99032554849902,
            42.876452594287976
          ],
          [
            51.99047089208444,
            42.87641551003009
          ],
          [
            51.99061623566983,
            42.87637842577222
          ],
          [
            51.990761579255235,
            42.87634134151434
          ],
          [
            51.990906922840644,
            42.87630425725645
          ],
          [
            51.991052266426045,
            42.876267172998574
          ],
          [
            51.99119761001145,
            42.876230088740705
          ],
          [
            51.99134295359685,
            42.87619300448282
          ],
          [
            51.99148829718226,
            42.87615592022493
          ],
          [
            51.991633640767645,
            42.87611883596706
          ],
          [
            51.991778984353054,
            42.87608175170919
          ],
          [
            51.991924327938456,
            42.8760446674513
          ],
          [
            51.99206967152385,
            42.87600758319342
          ],
          [
            51.99221501510925,
            42.875970498935544
          ],
          [
            51.99236035869466,
            42.87593341467767
          ],
          [
            51.99250570228006,
            42.87589633041978
          ],
          [
            51.99265104586547,
            42.875859246161895
          ],
          [
            51.99279638945087,
            42.87582216190403
          ],
          [
            51.99294173303626,
            42.87578507764615
          ],
          [
            51.99308707662166,
            42.875747993388266
          ],
          [
            51.99323242020707,
            42.87571090913038
          ],
          [
            51.99337776379247,
            42.875673824872514
          ],
          [
            51.99352310737787,
            42.875636740614624
          ],
          [
            51.99366845096328,
            42.87559965635675
          ],
          [
            51.99381379454868,
            42.87556257209888
          ],
          [
            51.99395913813408,
            42.875525487840996
          ],
          [
            51.994104481719475,
            42.87548840358311
          ],
          [
            51.99424982530488,
            42.87545131932522
          ],
          [
            51.994395168890286,
            42.87541423506736
          ],
          [
            51.994540512475695,
            42.87537715080948
          ],
          [
            51.99468585606109,
            42.875340066551594
          ],
          [
            51.9948311996465,
            42.87530298229372
          ],
          [
            51.9949765432319,
            42.87526589803584
          ],
          [
            51.9951218868173,
            42.87522881377796
          ],
          [
            51.9952672304027,
            42.875191729520076
          ],
          [
            51.99541257398811,
            42.8751546452622
          ],
          [
            51.99555791757351,
            42.87511756100432
          ],
          [
            51.9957032611589,
            42.87508047674644
          ],
          [
            51.99584860474431,
            42.87504339248855
          ],
          [
            51.99599394832971,
            42.87500630823069
          ],
          [
            51.996139291915114,
            42.874969223972805
          ],
          [
            51.996284635500515,
            42.87493213971492
          ],
          [
            51.996429979085924,
            42.874895055457046
          ],
          [
            51.996575322671326,
            42.87485797119917
          ],
          [
            51.99672066625672,
            42.874820886941286
          ],
          [
            51.99686600984212,
            42.8747838026834
          ],
          [
            51.997011353427524,
            42.87474671842553
          ],
          [
            51.997156697012926,
            42.874709634167644
          ],
          [
            51.997302040598335,
            42.87467254990977
          ],
          [
            51.99744738418373,
            42.87463546565189
          ],
          [
            51.99759272776913,
            42.87459838139401
          ],
          [
            51.99773807135455,
            42.87456129713613
          ],
          [
            51.99788341493994,
            42.87452421287825
          ],
          [
            51.99802875852534,
            42.87448712862037
          ],
          [
            51.998174102110745,
            42.87445004436249
          ],
          [
            51.99831944569614,
            42.87441296010461
          ],
          [
            51.99846478928154,
            42.874375875846724
          ],
          [
            51.99861013286695,
            42.874338791588855
          ],
          [
            51.99875547645235,
            42.87430170733097
          ],
          [
            51.99890082003775,
            42.87426462307309
          ],
          [
            51.99904616362316,
            42.87422753881522
          ],
          [
            51.99919150720856,
            42.874190454557336
          ],
          [
            51.99933685079396,
            42.87415337029946
          ],
          [
            51.999482194379354,
            42.87411628604157
          ],
          [
            51.99962753796476,
            42.8740792017837
          ],
          [
            51.99977288155016,
            42.87404211752582
          ],
          [
            51.99991822513557,
            42.874005033267935
          ],
          [
            52.000063568720975,
            42.87396794901005
          ],
          [
            52.00020891230637,
            42.87393086475218
          ],
          [
            52.00035425589178,
            42.873893780494306
          ],
          [
            52.00049959947718,
            42.87385669623642
          ],
          [
            52.000644943062575,
            42.87381961197855
          ],
          [
            52.000790286647984,
            42.873782527720664
          ],
          [
            52.00093563023338,
            42.87374544346278
          ],
          [
            52.00108097381878,
            42.8737083592049
          ],
          [
            52.00122631740418,
            42.873671274947036
          ],
          [
            52.00137166098959,
            42.87363419068915
          ],
          [
            52.00151700457499,
            42.87359710643127
          ],
          [
            52.001662348160394,
            42.87356002217339
          ],
          [
            52.0018076917458,
            42.87352293791551
          ],
          [
            52.001953035331205,
            42.873485853657634
          ],
          [
            52.00209837891661,
            42.873448769399744
          ],
          [
            52.002243722502,
            42.87341168514187
          ],
          [
            52.0023890660874,
            42.87337460088399
          ],
          [
            52.002534409672805,
            42.87333751662611
          ],
          [
            52.002679753258214,
            42.87330043236824
          ],
          [
            52.002825096843615,
            42.873263348110356
          ],
          [
            52.00297044042901,
            42.87322626385247
          ],
          [
            52.00311578401442,
            42.87318917959459
          ],
          [
            52.00326112759982,
            42.873152095336714
          ],
          [
            52.003406471185215,
            42.87311501107884
          ],
          [
            52.00355181477062,
            42.873077926820955
          ],
          [
            52.003697158356026,
            42.873040842563086
          ],
          [
            52.00384250194142,
            42.8730037583052
          ],
          [
            52.00398784552682,
            42.87296667404732
          ],
          [
            52.00413318911223,
            42.872929589789436
          ],
          [
            52.004278532697626,
            42.87289250553156
          ],
          [
            52.00442387628303,
            42.87285542127368
          ],
          [
            52.004569219868436,
            42.87281833701581
          ],
          [
            52.00471456345384,
            42.87278125275792
          ],
          [
            52.00485990703924,
            42.87274416850004
          ],
          [
            52.00500525062464,
            42.872707084242165
          ],
          [
            52.005150594210036,
            42.87266999998428
          ],
          [
            52.005295937795445,
            42.87263291572641
          ],
          [
            52.005441281380854,
            42.87259583146852
          ],
          [
            52.00558662496624,
            42.87255874721065
          ],
          [
            52.00573196855165,
            42.87252166295278
          ],
          [
            52.00587731213706,
            42.87248457869489
          ],
          [
            52.00602265572246,
            42.872447494437004
          ],
          [
            52.00616799930786,
            42.87241041017913
          ],
          [
            52.00631334289326,
            42.87237332592125
          ],
          [
            52.00645868647866,
            42.87233624166337
          ],
          [
            52.00660403006406,
            42.87229915740549
          ],
          [
            52.00674937364947,
            42.87226207314761
          ],
          [
            52.00689471723487,
            42.872224988889734
          ],
          [
            52.00704006082027,
            42.87218790463186
          ],
          [
            52.007185404405675,
            42.87215082037397
          ],
          [
            52.007330747991084,
            42.87211373611609
          ],
          [
            52.00747609157648,
            42.87207665185821
          ],
          [
            52.00762143516187,
            42.87203956760033
          ],
          [
            52.00776677874728,
            42.87200248334247
          ],
          [
            52.007912122332684,
            42.87196539908458
          ],
          [
            52.008057465918085,
            42.8719283148267
          ],
          [
            52.00820280950349,
            42.87189123056883
          ],
          [
            52.00834815308889,
            42.87185414631094
          ],
          [
            52.00849349667429,
            42.87181706205306
          ],
          [
            52.0086388402597,
            42.87177997779518
          ],
          [
            52.0087841838451,
            42.8717428935373
          ],
          [
            52.0089295274305,
            42.87170580927943
          ],
          [
            52.009074871015905,
            42.87166872502154
          ],
          [
            52.00922021460131,
            42.87163164076367
          ],
          [
            52.0093655581867,
            42.871594556505784
          ],
          [
            52.0095109017721,
            42.87155747224791
          ],
          [
            52.009656245357505,
            42.871520387990024
          ],
          [
            52.009801588942906,
            42.87148330373214
          ],
          [
            52.00994693252832,
            42.87144621947428
          ],
          [
            52.01009227611372,
            42.87140913521639
          ],
          [
            52.01023761969912,
            42.871372050958506
          ],
          [
            52.01038296328453,
            42.87133496670063
          ],
          [
            52.01052830686992,
            42.871297882442754
          ],
          [
            52.01067365045532,
            42.87126079818487
          ],
          [
            52.01081899404072,
            42.87122371392699
          ],
          [
            52.01096433762613,
            42.87118662966912
          ],
          [
            52.01110968121153,
            42.871149545411235
          ],
          [
            52.01125502479694,
            42.871112461153345
          ],
          [
            52.01140036838234,
            42.87107537689547
          ],
          [
            52.01154571196774,
            42.8710382926376
          ],
          [
            52.01169105555314,
            42.87100120837972
          ],
          [
            52.01183639913854,
            42.87096412412183
          ],
          [
            52.01198174272394,
            42.87092703986396
          ],
          [
            52.01212708630934,
            42.87088995560608
          ],
          [
            52.01227242989475,
            42.8708528713482
          ],
          [
            52.01241777348015,
            42.87081578709032
          ],
          [
            52.01256311706555,
            42.870778702832446
          ],
          [
            52.012708460650956,
            42.87074161857457
          ],
          [
            52.01285380423636,
            42.87070453431668
          ],
          [
            52.01299914782176,
            42.8706674500588
          ],
          [
            52.01314449140716,
            42.87063036580093
          ],
          [
            52.01328983499256,
            42.870593281543044
          ],
          [
            52.013435178577964,
            42.87055619728516
          ],
          [
            52.013580522163366,
            42.87051911302729
          ],
          [
            52.01372586574877,
            42.87048202876941
          ],
          [
            52.01387120933417,
            42.870444944511526
          ],
          [
            52.01401655291958,
            42.87040786025365
          ],
          [
            52.01416189650498,
            42.870370775995774
          ],
          [
            52.01430724009038,
            42.87033369173789
          ],
          [
            52.01445258367579,
            42.87029660748001
          ],
          [
            52.014597927261185,
            42.870259523222124
          ],
          [
            52.01474327084659,
            42.870222438964255
          ],
          [
            52.01488861443198,
            42.87018535470637
          ],
          [
            52.01503395801738,
            42.87014827044849
          ],
          [
            52.01517930160279,
            42.87011118619061
          ],
          [
            52.01532464518819,
            42.87007410193274
          ],
          [
            52.0154699887736,
            42.87003701767485
          ],
          [
            52.015615332359,
            42.86999993341697
          ],
          [
            52.0157606759444,
            42.8699628491591
          ],
          [
            52.01590601952981,
            42.86992576490121
          ],
          [
            52.016051363115196,
            42.869888680643335
          ],
          [
            52.016196706700605,
            42.86985159638546
          ],
          [
            52.016342050286006,
            42.86981451212758
          ],
          [
            52.01648739387141,
            42.8697774278697
          ],
          [
            52.01663273745681,
            42.86974034361182
          ],
          [
            52.01677808104222,
            42.86970325935394
          ],
          [
            52.01692342462761,
            42.869666175096064
          ],
          [
            52.017068768213015,
            42.86962909083818
          ],
          [
            52.01721411179842,
            42.8695920065803
          ],
          [
            52.01735945538382,
            42.86955492232243
          ],
          [
            52.01750479896922,
            42.86951783806454
          ],
          [
            52.01765014255463,
            42.86948075380666
          ],
          [
            52.01779548614003,
            42.86944366954879
          ],
          [
            52.017940829725426,
            42.86940658529091
          ],
          [
            52.018086173310834,
            42.86936950103302
          ],
          [
            52.018231516896236,
            42.869332416775144
          ],
          [
            52.01837686048164,
            42.86929533251727
          ],
          [
            52.01852220406703,
            42.86925824825939
          ],
          [
            52.01866754765245,
            42.86922116400151
          ],
          [
            52.018812891237836,
            42.869184079743626
          ],
          [
            52.018958234823245,
            42.86914699548576
          ],
          [
            52.019103578408654,
            42.86910991122787
          ],
          [
            52.019248921994055,
            42.86907282696999
          ],
          [
            52.019394265579464,
            42.869035742712114
          ],
          [
            52.01953960916486,
            42.86899865845424
          ],
          [
            52.01968495275026,
            42.86896157419635
          ],
          [
            52.01983029633566,
            42.86892448993847
          ],
          [
            52.019975639921064,
            42.8688874056806
          ],
          [
            52.020120983506466,
            42.86885032142272
          ],
          [
            52.02026632709186,
            42.86881323716484
          ],
          [
            52.02041167067727,
            42.86877615290696
          ],
          [
            52.02055701426267,
            42.868739068649084
          ],
          [
            52.020702357848066,
            42.8687019843912
          ],
          [
            52.02084770143348,
            42.86866490013331
          ],
          [
            52.020993045018876,
            42.86862781587544
          ],
          [
            52.02113838860428,
            42.868590731617566
          ],
          [
            52.02128373218969,
            42.86855364735968
          ],
          [
            52.02142907577508,
            42.8685165631018
          ],
          [
            52.021574419360476,
            42.86847947884392
          ],
          [
            52.02171976294589,
            42.86844239458605
          ],
          [
            52.02186510653129,
            42.868405310328164
          ],
          [
            52.02201045011669,
            42.86836822607029
          ],
          [
            52.02215579370209,
            42.86833114181241
          ],
          [
            52.0223011372875,
            42.86829405755452
          ],
          [
            52.022446480872894,
            42.86825697329664
          ],
          [
            52.0225918244583,
            42.86821988903877
          ],
          [
            52.0227371680437,
            42.86818280478089
          ],
          [
            52.0228825116291,
            42.868145720523
          ],
          [
            52.0230278552145,
            42.868108636265134
          ],
          [
            52.02317319879991,
            42.86807155200726
          ],
          [
            52.02331854238531,
            42.868034467749375
          ],
          [
            52.023463885970706,
            42.867997383491485
          ],
          [
            52.02360922955612,
            42.867960299233616
          ],
          [
            52.023754573141524,
            42.86792321497573
          ],
          [
            52.02389991672692,
            42.86788613071786
          ],
          [
            52.02404526031232,
            42.867849046459966
          ],
          [
            52.02419060389772,
            42.8678119622021
          ],
          [
            52.02433594748312,
            42.86777487794422
          ],
          [
            52.024481291068525,
            42.86773779368634
          ],
          [
            52.02462663465393,
            42.86770070942845
          ],
          [
            52.024771978239336,
            42.86766362517058
          ],
          [
            52.02491732182473,
            42.867626540912696
          ],
          [
            52.02506266541014,
            42.86758945665481
          ],
          [
            52.02520800899554,
            42.86755237239694
          ],
          [
            52.025353352580936,
            42.86751528813907
          ],
          [
            52.025498696166345,
            42.86747820388118
          ],
          [
            52.02564403975175,
            42.867441119623294
          ],
          [
            52.02578938333714,
            42.867404035365425
          ],
          [
            52.02593472692255,
            42.86736695110755
          ],
          [
            52.02608007050795,
            42.86732986684966
          ],
          [
            52.02622541409335,
            42.86729278259178
          ],
          [
            52.026370757678755,
            42.867255698333906
          ],
          [
            52.02651610126416,
            42.86721861407603
          ],
          [
            52.026661444849545,
            42.867181529818154
          ],
          [
            52.02680678843497,
            42.867144445560264
          ],
          [
            52.026952132020355,
            42.86710736130239
          ],
          [
            52.02709747560576,
            42.86707027704451
          ],
          [
            52.027242819191166,
            42.86703319278663
          ],
          [
            52.02738816277657,
            42.86699610852875
          ],
          [
            52.02753350636197,
            42.86695902427088
          ],
          [
            52.02767884994738,
            42.866921940013
          ],
          [
            52.02782419353277,
            42.86688485575512
          ],
          [
            52.02796953711817,
            42.866847771497234
          ],
          [
            52.028114880703576,
            42.86681068723935
          ],
          [
            52.02826022428898,
            42.86677360298147
          ],
          [
            52.02840556787438,
            42.86673651872359
          ],
          [
            52.02855091145979,
            42.866699434465716
          ],
          [
            52.02869625504519,
            42.86666235020784
          ],
          [
            52.02884159863059,
            42.86662526594996
          ],
          [
            52.028986942215994,
            42.86658818169208
          ],
          [
            52.029132285801396,
            42.866551097434204
          ],
          [
            52.0292776293868,
            42.866514013176314
          ],
          [
            52.0294229729722,
            42.86647692891844
          ],
          [
            52.0295683165576,
            42.86643984466056
          ],
          [
            52.029713660143,
            42.866402760402686
          ],
          [
            52.029859003728404,
            42.8663656761448
          ],
          [
            52.03000434731381,
            42.866328591886926
          ],
          [
            52.03014969089921,
            42.86629150762904
          ],
          [
            52.03029503448461,
            42.866254423371174
          ],
          [
            52.03044037807002,
            42.86621733911329
          ],
          [
            52.03058572165542,
            42.86618025485541
          ],
          [
            52.030731065240815,
            42.866143170597525
          ],
          [
            52.030876408826224,
            42.86610608633965
          ],
          [
            52.031021752411625,
            42.866069002081765
          ],
          [
            52.03116709599702,
            42.86603191782388
          ],
          [
            52.03131243958243,
            42.865994833566006
          ],
          [
            52.03145778316782,
            42.86595774930813
          ],
          [
            52.031603126753225,
            42.865920665050254
          ],
          [
            52.031748470338634,
            42.86588358079237
          ],
          [
            52.031893813924036,
            42.8658464965345
          ],
          [
            52.03203915750944,
            42.86580941227661
          ],
          [
            52.03218450109485,
            42.865772328018735
          ],
          [
            52.032329844680234,
            42.86573524376085
          ],
          [
            52.032475188265636,
            42.865698159502976
          ],
          [
            52.03262053185104,
            42.86566107524509
          ],
          [
            52.032765875436446,
            42.86562399098722
          ],
          [
            52.03291121902184,
            42.86558690672935
          ],
          [
            52.03305656260724,
            42.86554982247146
          ],
          [
            52.03320190619266,
            42.865512738213575
          ],
          [
            52.033347249778046,
            42.8654756539557
          ],
          [
            52.03349259336345,
            42.86543856969782
          ],
          [
            52.03363793694886,
            42.86540148543994
          ],
          [
            52.03378328053426,
            42.86536440118206
          ],
          [
            52.03392862411966,
            42.865327316924194
          ],
          [
            52.03407396770506,
            42.865290232666304
          ],
          [
            52.034219311290464,
            42.86525314840842
          ],
          [
            52.034364654875866,
            42.865216064150545
          ],
          [
            52.034509998461274,
            42.865178979892676
          ],
          [
            52.034655342046676,
            42.865141895634785
          ],
          [
            52.03480068563208,
            42.8651048113769
          ],
          [
            52.03494602921748,
            42.865067727119026
          ],
          [
            52.03509137280288,
            42.86503064286115
          ],
          [
            52.03523671638828,
            42.864993558603274
          ],
          [
            52.035382059973685,
            42.86495647434539
          ],
          [
            52.03552740355909,
            42.86491939008751
          ],
          [
            52.03567274714449,
            42.86488230582964
          ],
          [
            52.03581809072989,
            42.86484522157175
          ],
          [
            52.0359634343153,
            42.86480813731387
          ],
          [
            52.0361087779007,
            42.864771053056
          ],
          [
            52.03625412148611,
            42.86473396879811
          ],
          [
            52.036399465071504,
            42.86469688454024
          ],
          [
            52.0365448086569,
            42.864659800282354
          ],
          [
            52.0366901522423,
            42.86462271602448
          ],
          [
            52.03683549582771,
            42.864585631766595
          ],
          [
            52.03698556703312,
            42.86454857461635
          ],
          [
            52.037145866321765,
            42.86451157611278
          ],
          [
            52.03731225423784,
            42.8644746125207
          ],
          [
            52.0374808848359,
            42.8644376617879
          ],
          [
            52.0376482056808,
            42.864400703545144
          ],
          [
            52.037810957847725,
            42.864363719106095
          ],
          [
            52.03796617592216,
            42.86432669146741
          ],
          [
            52.038111187999924,
            42.8642896053087
          ],
          [
            52.03824361568715,
            42.86425244699254
          ],
          [
            52.03836137410029,
            42.86421520456441
          ],
          [
            52.038462671866114,
            42.8641778677528
          ],
          [
            52.03854601112172,
            42.864140427969126
          ],
          [
            52.0386101875145,
            42.86410287830779
          ],
          [
            52.038654290202196,
            42.86406521354609
          ],
          [
            52.03867770185284,
            42.864027430144354
          ],
          [
            52.03868009864482,
            42.86398952624578
          ],
          [
            52.038661450266794,
            42.86395150167661
          ],
          [
            52.03862201991777,
            42.86391335794596
          ],
          [
            52.03856236430708,
            42.86387509824597
          ],
          [
            52.038483333654355,
            42.863836727451684
          ],
          [
            52.03838607168956,
            42.86379825212113
          ],
          [
            52.038272015652964,
            42.863759680495264
          ],
          [
            52.03814289629516,
            42.86372102249803
          ],
          [
            52.038000737877084,
            42.8636822897363
          ],
          [
            52.03784785816993,
            42.86364349549992
          ],
          [
            52.03768686845529,
            42.86360465476169
          ],
          [
            52.037520673525016,
            42.863565784177325
          ],
          [
            52.0373524716813,
            42.86352690208557
          ],
          [
            52.03718575473665,
            42.86348802850803
          ],
          [
            52.037024308013876,
            42.863449185149356
          ],
          [
            52.03687221034617,
            42.863410395397096
          ],
          [
            52.036727301577365,
            42.86337164686518
          ],
          [
            52.036582392808576,
            42.863332898333255
          ],
          [
            52.036437484039766,
            42.863294149801334
          ],
          [
            52.03629257527098,
            42.8632554012694
          ],
          [
            52.03614766650218,
            42.86321665273748
          ],
          [
            52.03600275773339,
            42.863177904205564
          ],
          [
            52.035857848964596,
            42.86313915567364
          ],
          [
            52.03571294019579,
            42.863100407141715
          ],
          [
            52.035568031427005,
            42.86306165860978
          ],
          [
            52.03542312265821,
            42.863022910077866
          ],
          [
            52.03527821388941,
            42.86298416154594
          ],
          [
            52.03513330512061,
            42.86294541301402
          ],
          [
            52.03498839635182,
            42.8629066644821
          ],
          [
            52.034843487583025,
            42.862867915950176
          ],
          [
            52.03469857881423,
            42.86282916741825
          ],
          [
            52.03455367004543,
            42.862790418886334
          ],
          [
            52.03440876127664,
            42.862751670354406
          ],
          [
            52.03426385250785,
            42.862712921822485
          ],
          [
            52.034118943739045,
            42.86267417329056
          ],
          [
            52.03397403497026,
            42.86263542475862
          ],
          [
            52.03382912620146,
            42.86259667622671
          ],
          [
            52.033684217432665,
            42.86255792769478
          ],
          [
            52.03353930866387,
            42.86251917916286
          ],
          [
            52.03339439989507,
            42.86248043063093
          ],
          [
            52.033249514126084,
            42.862441589937085
          ],
          [
            52.03310467001373,
            42.86240258232211
          ],
          [
            52.03295985031346,
            42.86236347688605
          ],
          [
            52.03281503900914,
            42.86232433780686
          ],
          [
            52.03267022131291,
            42.86228522434045
          ],
          [
            52.032525383665316,
            42.86224619082062
          ],
          [
            52.032380513735234,
            42.86220728665915
          ],
          [
            52.03223560041985,
            42.86216855634571
          ],
          [
            52.03209063384476,
            42.8621300394479
          ],
          [
            52.03194560536383,
            42.86209177061126
          ],
          [
            52.03180050755934,
            42.862053779559254
          ],
          [
            52.03165533424186,
            42.862016091093295
          ],
          [
            52.03151008045036,
            42.86197872509268
          ],
          [
            52.03136474245211,
            42.86194169651469
          ],
          [
            52.03121931774275,
            42.8619050153945
          ],
          [
            52.03107380504626,
            42.86186868684519
          ],
          [
            52.03092820431496,
            42.861832711057815
          ],
          [
            52.03078251672952,
            42.861797083301354
          ],
          [
            52.030636744698974,
            42.86176179392268
          ],
          [
            52.03049089186065,
            42.86172682834663
          ],
          [
            52.03034496308028,
            42.86169216707595
          ],
          [
            52.030198964451905,
            42.861657785691335
          ],
          [
            52.03005290329795,
            42.86162365485138
          ],
          [
            52.02990678816913,
            42.861589740292615
          ],
          [
            52.029760628844556,
            42.861556002829516
          ],
          [
            52.02961443633165,
            42.861522398354495
          ],
          [
            52.0294682228662,
            42.86148887783784
          ],
          [
            52.029322001912334,
            42.86145538732782
          ],
          [
            52.02917578816252,
            42.86142186795062
          ],
          [
            52.02902959753758,
            42.861388255910356
          ],
          [
            52.028883447186686,
            42.86135448248905
          ],
          [
            52.02873732370683,
            42.86132060139355
          ],
          [
            52.028591200226955,
            42.86128672029806
          ],
          [
            52.02844507674708,
            42.86125283920258
          ],
          [
            52.02829895326722,
            42.861218958107095
          ],
          [
            52.028152829787345,
            42.861185077011605
          ],
          [
            52.02800670630749,
            42.86115119591611
          ],
          [
            52.027860582827614,
            42.86111731482064
          ],
          [
            52.02771445934775,
            42.86108343372515
          ],
          [
            52.027568335867876,
            42.86104955262965
          ],
          [
            52.027422212388004,
            42.861015671534176
          ],
          [
            52.027276088908145,
            42.860981790438686
          ],
          [
            52.02712996542828,
            42.860947909343196
          ],
          [
            52.02698384194842,
            42.86091402824771
          ],
          [
            52.02683771846854,
            42.860880147152216
          ],
          [
            52.02669159498868,
            42.86084626605674
          ],
          [
            52.0265454715088,
            42.86081238496126
          ],
          [
            52.02639934802894,
            42.86077850386576
          ],
          [
            52.02625322454907,
            42.86074462277027
          ],
          [
            52.02610710106921,
            42.860710741674794
          ],
          [
            52.02596097758934,
            42.860676860579304
          ],
          [
            52.02581485410947,
            42.86064297948381
          ],
          [
            52.025668730629604,
            42.86060909838834
          ],
          [
            52.02552260714973,
            42.86057521729285
          ],
          [
            52.025376483669866,
            42.86054133619736
          ],
          [
            52.025230360189994,
            42.86050745510187
          ],
          [
            52.025084236710136,
            42.860473574006384
          ],
          [
            52.02493811323026,
            42.860439692910894
          ],
          [
            52.02479198975039,
            42.860405811815404
          ],
          [
            52.02464586627053,
            42.86037193071992
          ],
          [
            52.02449974279065,
            42.860338049624445
          ],
          [
            52.024353619310794,
            42.860304168528955
          ],
          [
            52.02420749583092,
            42.860270287433465
          ],
          [
            52.024061372351056,
            42.860236406337975
          ],
          [
            52.023915248871184,
            42.86020252524249
          ],
          [
            52.02376912539132,
            42.860168644147
          ],
          [
            52.023623001911446,
            42.86013476305151
          ],
          [
            52.02347687843158,
            42.860100881956036
          ],
          [
            52.023330754951715,
            42.860067000860546
          ],
          [
            52.02318463147186,
            42.860033119765056
          ],
          [
            52.023038507991984,
            42.859999238669566
          ],
          [
            52.02289238451212,
            42.85996535757409
          ],
          [
            52.022746253571036,
            42.859931508235924
          ],
          [
            52.02260011707066,
            42.85989768255987
          ],
          [
            52.022453977764386,
            42.85986386882669
          ],
          [
            52.02230783820301,
            42.859830056179334
          ],
          [
            52.02216170073477,
            42.85979623462288
          ],
          [
            52.02201556750535,
            42.85976239502461
          ],
          [
            52.02186944045787,
            42.859728529113966
          ],
          [
            52.02172332133292,
            42.859694629482576
          ],
          [
            52.021577211668486,
            42.85966068958417
          ],
          [
            52.02143111280001,
            42.85962670373472
          ],
          [
            52.021285025860344,
            42.859592667112324
          ],
          [
            52.02113895177983,
            42.85955857575727
          ],
          [
            52.02099289128621,
            42.859524426571994
          ],
          [
            52.02084684490469,
            42.85949021732111
          ],
          [
            52.02070081295789,
            42.859455946631414
          ],
          [
            52.02055479556588,
            42.85942161399183
          ],
          [
            52.020408792646165,
            42.859387219753486
          ],
          [
            52.020262803913695,
            42.859352765129664
          ],
          [
            52.020116828880845,
            42.85931825219583
          ],
          [
            52.019970866857456,
            42.85928368388958
          ],
          [
            52.01982491695077,
            42.859249064010726
          ],
          [
            52.019678978065485,
            42.859214397221194
          ],
          [
            52.019533048903746,
            42.859179689045135
          ],
          [
            52.01938712796514,
            42.85914494586881
          ],
          [
            52.01924121354666,
            42.8591101749407
          ],
          [
            52.01909530374276,
            42.85907538437142
          ],
          [
            52.018949396445336,
            42.85904058313378
          ],
          [
            52.01880348934374,
            42.85900578106273
          ],
          [
            52.0186575799247,
            42.85897098885539
          ],
          [
            52.01851166547243,
            42.85893621807107
          ],
          [
            52.01836574306859,
            42.85890148113124
          ],
          [
            52.01821981990196,
            42.85886674743808
          ],
          [
            52.01807389673533,
            42.85883201374492
          ],
          [
            52.0179279735687,
            42.85879728005176
          ],
          [
            52.01778205040206,
            42.858762546358605
          ],
          [
            52.017636127235434,
            42.85872781266544
          ],
          [
            52.01749020406881,
            42.85869307897228
          ],
          [
            52.01734428090217,
            42.85865834527913
          ],
          [
            52.01719835773554,
            42.858623611585976
          ],
          [
            52.01705243456892,
            42.85858887789282
          ],
          [
            52.01690651140228,
            42.85855414419966
          ],
          [
            52.01676058823565,
            42.85851941050651
          ],
          [
            52.01661466506902,
            42.858484676813354
          ],
          [
            52.016468741902386,
            42.85844994312019
          ],
          [
            52.01632281873576,
            42.85841520942703
          ],
          [
            52.016176895569124,
            42.85838047573387
          ],
          [
            52.0160309724025,
            42.85834574204071
          ],
          [
            52.01588504923586,
            42.85831100834756
          ],
          [
            52.015739126069235,
            42.85827627465441
          ],
          [
            52.01559320290259,
            42.85824154096125
          ],
          [
            52.01544727973597,
            42.85820680726809
          ],
          [
            52.015301356569346,
            42.858172073574934
          ],
          [
            52.015155433402704,
            42.85813733988177
          ],
          [
            52.01500951023607,
            42.858102606188616
          ],
          [
            52.01486358706945,
            42.85806787249546
          ],
          [
            52.014717663902815,
            42.8580331388023
          ],
          [
            52.01457174073617,
            42.85799840510914
          ],
          [
            52.01442581756955,
            42.857963671416
          ],
          [
            52.01427989440292,
            42.85792893772284
          ],
          [
            52.01413397123628,
            42.857894204029684
          ],
          [
            52.013988048069656,
            42.857859470336514
          ],
          [
            52.01384212490302,
            42.85782473664336
          ],
          [
            52.013696201736394,
            42.857790002950196
          ],
          [
            52.01355027856977,
            42.85775526925705
          ],
          [
            52.013404355403125,
            42.857720535563885
          ],
          [
            52.013258432236505,
            42.85768580187073
          ],
          [
            52.01311250906987,
            42.857651068177574
          ],
          [
            52.01296658590324,
            42.857616334484426
          ],
          [
            52.012820662736615,
            42.857581600791264
          ],
          [
            52.01267473956998,
            42.8575468670981
          ],
          [
            52.01252881640334,
            42.85751213340494
          ],
          [
            52.01238289323671,
            42.85747739971179
          ],
          [
            52.01223697007132,
            42.857442666019665
          ],
          [
            52.01209104690469,
            42.85740793232651
          ],
          [
            52.011945123738066,
            42.857373198633354
          ],
          [
            52.01179920057144,
            42.8573384649402
          ],
          [
            52.011653277404804,
            42.85730373124704
          ],
          [
            52.01150735423818,
            42.85726899755389
          ],
          [
            52.01136143107155,
            42.85723426386073
          ],
          [
            52.011215507904915,
            42.85719953016758
          ],
          [
            52.01106958473829,
            42.857164796474414
          ],
          [
            52.01092366157165,
            42.85713006278126
          ],
          [
            52.01077773840502,
            42.8570953290881
          ],
          [
            52.01063181523838,
            42.85706059539494
          ],
          [
            52.01048589207175,
            42.85702586170178
          ],
          [
            52.010339968905114,
            42.856991128008616
          ],
          [
            52.01019404573848,
            42.85695639431545
          ]
        ]
      },
      "properties": {
        "id": "main_shoreline"
      }
    }
  ]
}