{"type": "FeatureCollection", "features": [{"type": "Feature", "geometry": {"type": "LineString", "coordinates": [[51.32476533913298, 43.473798757083465], [51.365186227993476, 43.466932044352674]]}, "properties": {"id": 0, "angle": -9.64, "positions": {"2000": 855.76, "2001": 2161.22, "2002": 2016.59, "2008": 2092.47, "2010": 3118.98, "2011": 1902.12, "2014": 4311.8, "2015": 2203.0, "2016": 183.51, "2018": 136.87, "2019": 825.39, "2020": 2267.86, "2021": 630.37, "2022": 687.23, "2023": 464.02, "2024": 1268.13, "2025": 607.92, "2026": 111.0}, "speed_m_per_year": -58.06, "total_change_m": -744.76, "r_squared": 0.29, "std_error": 23.47, "ci_95_low": -108.09, "ci_95_high": -8.04, "confidence": "low", "risk_class": "high", "total_retreat_m": 744.8, "outliers_removed": 1, "valid_years": 18, "positions_clean": {"2000": 855.76, "2001": 2161.22, "2002": 2016.59, "2008": 2092.47, "2010": 3118.98, "2011": 1902.12, "2014": null, "2015": 2203.0, "2016": 183.51, "2018": 136.87, "2019": 825.39, "2020": 2267.86, "2021": 630.37, "2022": 687.23, "2023": 464.02, "2024": 1268.13, "2025": 607.92, "2026": 111.0}}}, {"type": "Feature", "geometry": {"type": "LineString", "coordinates": [[51.32417546807327, 43.471846779654605], [51.364016826598935, 43.46216865221025]]}, "properties": {"id": 1, "angle": -13.65, "positions": {"2000": 1292.65, "2001": 2219.93, "2002": 2436.95, "2007": 336.44, "2008": 2180.73, "2010": 2621.6, "2011": 1729.03, "2015": 1925.03, "2016": 546.56, "2018": 496.76, "2019": 614.65, "2020": 2463.32, "2021": 363.65, "2022": 408.15, "2023": 232.67, "2024": 965.73, "2025": 345.76, "2026": 111.0}, "speed_m_per_year": -64.76, "total_change_m": -1181.65, "r_squared": 0.368, "std_error": 21.22, "ci_95_low": -109.75, "ci_95_high": -19.78, "confidence": "low", "risk_class": "high", "total_retreat_m": 1181.7, "outliers_removed": 0, "valid_years": 18, "positions_clean": {"2000": 1292.65, "2001": 2219.93, "2002": 2436.95, "2007": 336.44, "2008": 2180.73, "2010": 2621.6, "2011": 1729.03, "2015": 1925.03, "2016": 546.56, "2018": 496.76, "2019": 614.65, "2020": 2463.32, "2021": 363.65, "2022": 408.15, "2023": 232.67, "2024": 965.73, "2025": 345.76, "2026": 111.0}}}, {"type": "Feature", "geometry": {"type": "LineString", "coordinates": [[51.32358649181019, 43.469880993365535], [51.362814219303104, 43.457956841582636]]}, "properties": {"id": 2, "angle": -16.91, "positions": {"2000": 1799.31, "2001": 2301.51, "2002": 3029.9, "2007": 744.1, "2008": 2267.45, "2010": 2236.54, "2011": 1494.19, "2015": 1697.0, "2016": 975.87, "2018": 923.41, "2019": 430.98, "2020": 2482.17, "2021": 134.23, "2022": 169.68, "2023": 29.58, "2024": 713.45, "2025": 119.68, "2026": 111.0}, "speed_m_per_year": -92.89, "total_change_m": -1688.31, "r_squared": 0.727, "std_error": 14.71, "ci_95_low": -124.24, "ci_95_high": -61.54, "confidence": "medium", "risk_class": "high", "total_retreat_m": 1688.3, "outliers_removed": 1, "valid_years": 18, "positions_clean": {"2000": 1799.31, "2001": 2301.51, "2002": 3029.9, "2007": 744.1, "2008": 2267.45, "2010": 2236.54, "2011": 1494.19, "2015": 1697.0, "2016": 975.87, "2018": 923.41, "2019": 430.98, "2020": null, "2021": 134.23, "2022": 169.68, "2023": 29.58, "2024": 713.45, "2025": 119.68, "2026": 111.0}}}, {"type": "Feature", "geometry": {"type": "LineString", "coordinates": [[51.322995416224614, 43.46790203094921], [51.36166660264726, 43.45428074831265]]}, "properties": {"id": 3, "angle": -19.4, "positions": {"2000": 2362.53, "2001": 2451.37, "2002": 3667.36, "2007": 1211.47, "2008": 2357.53, "2010": 1921.56, "2011": 1291.83, "2015": 1501.48, "2016": 1464.25, "2018": 1410.03, "2019": 572.47, "2020": 2553.18, "2024": 491.24, "2026": 111.0}, "speed_m_per_year": -97.49, "total_change_m": -2251.53, "r_squared": 0.739, "std_error": 17.46, "ci_95_low": -135.92, "ci_95_high": -59.07, "confidence": "low", "risk_class": "high", "total_retreat_m": 2251.5, "outliers_removed": 1, "valid_years": 14, "positions_clean": {"2000": 2362.53, "2001": 2451.37, "2002": 3667.36, "2007": 1211.47, "2008": 2357.53, "2010": 1921.56, "2011": 1291.83, "2015": 1501.48, "2016": 1464.25, "2018": 1410.03, "2019": 572.47, "2020": null, "2024": 491.24, "2026": 111.0}}}, {"type": "Feature", "geometry": {"type": "LineString", "coordinates": [[51.32239929008621, 43.46591072553621], [51.36063954552248, 43.451122795857955]]}, "properties": {"id": 4, "angle": -21.14, "positions": {"2000": 2952.63, "2001": 3011.21, "2002": 4310.21, "2007": 1719.3, "2008": 2856.16, "2010": 1651.9, "2011": 1110.77, "2015": 1326.2, "2016": 1990.18, "2018": 1935.47, "2019": 1311.89, "2020": 2687.49, "2024": 286.83, "2026": 111.0}, "speed_m_per_year": -102.68, "total_change_m": -2841.63, "r_squared": 0.575, "std_error": 25.49, "ci_95_low": -158.22, "ci_95_high": -47.14, "confidence": "low", "risk_class": "high", "total_retreat_m": 2841.6, "outliers_removed": 0, "valid_years": 14, "positions_clean": {"2000": 2952.63, "2001": 3011.21, "2002": 4310.21, "2007": 1719.3, "2008": 2856.16, "2010": 1651.9, "2011": 1110.77, "2015": 1326.2, "2016": 1990.18, "2018": 1935.47, "2019": 1311.89, "2020": 2687.49, "2024": 286.83, "2026": 111.0}}}, {"type": "Feature", "geometry": {"type": "LineString", "coordinates": [[51.32179836411469, 43.4639070436509], [51.35978009928812, 43.448467231695595]]}, "properties": {"id": 5, "angle": -22.12, "positions": {"2000": 3524.33, "2001": 3549.55, "2007": 2233.81, "2008": 3334.02, "2010": 1411.74, "2011": 943.47, "2015": 1131.57, "2016": 2517.4, "2018": 2463.6, "2019": 910.25, "2020": 2809.46, "2024": 91.67, "2026": 111.0}, "speed_m_per_year": -108.43, "total_change_m": -3413.33, "r_squared": 0.514, "std_error": 31.79, "ci_95_low": -178.41, "ci_95_high": -38.45, "confidence": "low", "risk_class": "high", "total_retreat_m": 3413.3, "outliers_removed": 0, "valid_years": 13, "positions_clean": {"2000": 3524.33, "2001": 3549.55, "2007": 2233.81, "2008": 3334.02, "2010": 1411.74, "2011": 943.47, "2015": 1131.57, "2016": 2517.4, "2018": 2463.6, "2019": 910.25, "2020": 2809.46, "2024": 91.67, "2026": 111.0}}}, {"type": "Feature", "geometry": {"type": "LineString", "coordinates": [[51.32119813494142, 43.46188939583194], [51.35911977531539, 43.44630256833731]]}, "properties": {"id": 6, "angle": -22.34, "positions": {"2000": 4025.18, "2001": 4019.22, "2007": 2711.9, "2008": 3752.89, "2010": 1189.86, "2011": 784.13, "2015": 948.44, "2016": 3000.74, "2018": 2949.16, "2019": 525.51, "2020": 2913.85, "2026": 111.0}, "speed_m_per_year": -116.52, "total_change_m": -3914.18, "r_squared": 0.404, "std_error": 44.78, "ci_95_low": -216.29, "ci_95_high": -16.75, "confidence": "low", "risk_class": "high", "total_retreat_m": 3914.2, "outliers_removed": 0, "valid_years": 12, "positions_clean": {"2000": 4025.18, "2001": 4019.22, "2007": 2711.9, "2008": 3752.89, "2010": 1189.86, "2011": 784.13, "2015": 948.44, "2016": 3000.74, "2018": 2949.16, "2019": 525.51, "2020": 2913.85, "2026": 111.0}}}, {"type": "Feature", "geometry": {"type": "LineString", "coordinates": [[51.32060465444171, 43.45985603262321], [51.35867047730226, 43.444624711933635]]}, "properties": {"id": 7, "angle": -21.81, "positions": {"2000": 4410.7, "2001": 4380.76, "2007": 3112.96, "2008": 4080.87, "2010": 977.75, "2011": 628.18, "2015": 770.92, "2016": 3398.72, "2018": 3350.3, "2019": 144.87, "2020": 2997.28, "2026": 111.0}, "speed_m_per_year": -132.33, "total_change_m": -4299.7, "r_squared": 0.374, "std_error": 54.12, "ci_95_low": -252.93, "ci_95_high": -11.74, "confidence": "low", "risk_class": "high", "total_retreat_m": 4299.7, "outliers_removed": 0, "valid_years": 12, "positions_clean": {"2000": 4410.7, "2001": 4380.76, "2007": 3112.96, "2008": 4080.87, "2010": 977.75, "2011": 628.18, "2015": 770.92, "2016": 3398.72, "2018": 3350.3, "2019": 144.87, "2020": 2997.28, "2026": 111.0}}}, {"type": "Feature", "geometry": {"type": "LineString", "coordinates": [[51.32000714420612, 43.457810098817596], [51.358407266405145, 43.44344240536666]]}, "properties": {"id": 8, "angle": -20.51, "positions": {"2007": 3412.83, "2008": 4303.1, "2010": 769.86, "2011": 473.4, "2015": 595.63, "2016": 3687.84, "2018": 3643.09, "2020": 3083.73, "2026": 111.0}, "speed_m_per_year": -74.58, "total_change_m": -3301.83, "r_squared": 0.075, "std_error": 99.16, "ci_95_low": -309.04, "ci_95_high": 159.89, "confidence": "low", "risk_class": "high", "total_retreat_m": 3301.8, "outliers_removed": 0, "valid_years": 9, "positions_clean": {"2007": 3412.83, "2008": 4303.1, "2010": 769.86, "2011": 473.4, "2015": 595.63, "2016": 3687.84, "2018": 3643.09, "2020": 3083.73, "2026": 111.0}}}, {"type": "Feature", "geometry": {"type": "LineString", "coordinates": [[51.319399970313114, 43.45575321051732], [51.35828997812242, 43.44276986377651]]}, "properties": {"id": 9, "angle": -18.46, "positions": {"2007": 3606.29, "2008": 4421.53, "2010": 560.01, "2011": 316.87, "2015": 418.55, "2016": 3864.76, "2018": 3823.78, "2020": 3341.94, "2026": 111.0}, "speed_m_per_year": -69.78, "total_change_m": -3495.29, "r_squared": 0.055, "std_error": 109.46, "ci_95_low": -328.6, "ci_95_high": 189.05, "confidence": "low", "risk_class": "high", "total_retreat_m": 3495.3, "outliers_removed": 0, "valid_years": 9, "positions_clean": {"2007": 3606.29, "2008": 4421.53, "2010": 560.01, "2011": 316.87, "2015": 418.55, "2016": 3864.76, "2018": 3823.78, "2020": 3341.94, "2026": 111.0}}}, {"type": "Feature", "geometry": {"type": "LineString", "coordinates": [[51.31874237636903, 43.453697955387106], [51.35822217665961, 43.442636971298164]]}, "properties": {"id": 10, "angle": -15.65, "positions": {"2007": 3709.39, "2008": 4456.37, "2010": 344.71, "2011": 159.0, "2015": 238.77, "2016": 3947.96, "2018": 3910.58, "2020": 3487.48, "2026": 111.0}, "speed_m_per_year": -64.37, "total_change_m": -3598.39, "r_squared": 0.041, "std_error": 116.96, "ci_95_low": -340.93, "ci_95_high": 212.2, "confidence": "low", "risk_class": "high", "total_retreat_m": 3598.4, "outliers_removed": 0, "valid_years": 9, "positions_clean": {"2007": 3709.39, "2008": 4456.37, "2010": 344.71, "2011": 159.0, "2015": 238.77, "2016": 3947.96, "2018": 3910.58, "2020": 3487.48, "2026": 111.0}}}, {"type": "Feature", "geometry": {"type": "LineString", "coordinates": [[51.31807046898792, 43.45162198726422], [51.35825461964076, 43.44348355766695]]}, "properties": {"id": 11, "angle": -11.45, "positions": {"2007": 3684.79, "2008": 4369.07, "2010": 107.88, "2015": 43.36, "2016": 3898.83, "2018": 3865.0, "2020": 3482.01, "2026": 111.0}, "speed_m_per_year": -90.06, "total_change_m": -3573.79, "r_squared": 0.088, "std_error": 118.42, "ci_95_low": -379.82, "ci_95_high": 199.71, "confidence": "low", "risk_class": "high", "total_retreat_m": 3573.8, "outliers_removed": 0, "valid_years": 8, "positions_clean": {"2007": 3684.79, "2008": 4369.07, "2010": 107.88, "2015": 43.36, "2016": 3898.83, "2018": 3865.0, "2020": 3482.01, "2026": 111.0}}}, {"type": "Feature", "geometry": {"type": "LineString", "coordinates": [[51.31740545354431, 43.44952968718917], [51.358147732663966, 43.44493984055384]]}, "properties": {"id": 12, "angle": -6.43, "positions": {"2000": 4487.57, "2001": 4466.9, "2007": 3623.93, "2008": 4255.94, "2016": 3815.51, "2018": 3784.71, "2020": 3430.1, "2026": 111.0}, "speed_m_per_year": -115.15, "total_change_m": -4376.57, "r_squared": 0.578, "std_error": 40.13, "ci_95_low": -213.36, "ci_95_high": -16.95, "confidence": "low", "risk_class": "high", "total_retreat_m": 4376.6, "outliers_removed": 0, "valid_years": 8, "positions_clean": {"2000": 4487.57, "2001": 4466.9, "2007": 3623.93, "2008": 4255.94, "2016": 3815.51, "2018": 3784.71, "2020": 3430.1, "2026": 111.0}}}, {"type": "Feature", "geometry": {"type": "LineString", "coordinates": [[51.3168011796458, 43.44740914256294], [51.357797368622165, 43.44685013503667]]}, "properties": {"id": 13, "angle": -0.78, "positions": {"2000": 4336.28, "2001": 4326.7, "2007": 3558.97, "2008": 4149.16, "2016": 3731.59, "2018": 3703.24, "2020": 3369.06, "2026": 111.0}, "speed_m_per_year": -110.63, "total_change_m": -4225.28, "r_squared": 0.567, "std_error": 39.47, "ci_95_low": -207.22, "ci_95_high": -14.04, "confidence": "low", "risk_class": "high", "total_retreat_m": 4225.3, "outliers_removed": 0, "valid_years": 8, "positions_clean": {"2000": 4336.28, "2001": 4326.7, "2007": 3558.97, "2008": 4149.16, "2016": 3731.59, "2018": 3703.24, "2020": 3369.06, "2026": 111.0}}}, {"type": "Feature", "geometry": {"type": "LineString", "coordinates": [[51.316228576916444, 43.44527476836159], [51.35705374156494, 43.449057086622076]]}, "properties": {"id": 14, "angle": 5.29, "positions": {"2000": 4223.27, "2001": 4223.05, "2007": 3514.92, "2008": 4073.46, "2016": 3672.38, "2018": 3645.92, "2020": 3325.91, "2026": 111.0}, "speed_m_per_year": -107.24, "total_change_m": -4112.27, "r_squared": 0.557, "std_error": 39.04, "ci_95_low": -202.77, "ci_95_high": -11.72, "confidence": "low", "risk_class": "high", "total_retreat_m": 4112.3, "outliers_removed": 0, "valid_years": 8, "positions_clean": {"2000": 4223.27, "2001": 4223.05, "2007": 3514.92, "2008": 4073.46, "2016": 3672.38, "2018": 3645.92, "2020": 3325.91, "2026": 111.0}}}, {"type": "Feature", "geometry": {"type": "LineString", "coordinates": [[51.31570685888942, 43.443136536881354], [51.35586939448271, 43.45138097347324]]}, "properties": {"id": 15, "angle": 11.6, "positions": {"2000": 4156.59, "2001": 4164.26, "2007": 3501.19, "2008": 4037.57, "2016": 3646.99, "2018": 3621.91, "2020": 3401.42, "2026": 111.0}, "speed_m_per_year": -103.98, "total_change_m": -4045.59, "r_squared": 0.536, "std_error": 39.48, "ci_95_low": -200.59, "ci_95_high": -7.36, "confidence": "low", "risk_class": "high", "total_retreat_m": 4045.6, "outliers_removed": 0, "valid_years": 8, "positions_clean": {"2000": 4156.59, "2001": 4164.26, "2007": 3501.19, "2008": 4037.57, "2016": 3646.99, "2018": 3621.91, "2020": 3401.42, "2026": 111.0}}}, {"type": "Feature", "geometry": {"type": "LineString", "coordinates": [[51.316710809589416, 43.44123305340602], [51.35571415604664, 43.453871841525846]]}, "properties": {"id": 16, "angle": 17.95, "positions": {"2000": 3987.5, "2001": 4001.26, "2007": 3370.97, "2008": 3892.02, "2016": 3508.22, "2018": 3484.14, "2020": 3371.1, "2026": 111.0}, "speed_m_per_year": -98.42, "total_change_m": -3876.5, "r_squared": 0.52, "std_error": 38.61, "ci_95_low": -192.91, "ci_95_high": -3.94, "confidence": "low", "risk_class": "high", "total_retreat_m": 3876.5, "outliers_removed": 0, "valid_years": 8, "positions_clean": {"2000": 3987.5, "2001": 4001.26, "2007": 3370.97, "2008": 3892.02, "2016": 3508.22, "2018": 3484.14, "2020": 3371.1, "2026": 111.0}}}, {"type": "Feature", "geometry": {"type": "LineString", "coordinates": [[51.318207669125826, 43.43960888731676], [51.35561041506538, 43.456402772995226]]}, "properties": {"id": 17, "angle": 24.18, "positions": {"2000": 3820.02, "2001": 3838.57, "2002": 4465.04, "2007": 3230.64, "2008": 3742.46, "2016": 3361.93, "2018": 3338.51, "2020": 3318.76, "2026": 111.0}, "speed_m_per_year": -98.72, "total_change_m": -3709.02, "r_squared": 0.561, "std_error": 32.98, "ci_95_low": -176.69, "ci_95_high": -20.74, "confidence": "low", "risk_class": "high", "total_retreat_m": 3709.0, "outliers_removed": 0, "valid_years": 9, "positions_clean": {"2000": 3820.02, "2001": 3838.57, "2002": 4465.04, "2007": 3230.64, "2008": 3742.46, "2016": 3361.93, "2018": 3338.51, "2020": 3318.76, "2026": 111.0}}}, {"type": "Feature", "geometry": {"type": "LineString", "coordinates": [[51.31968367611868, 43.437966277340294], [51.35515990361827, 43.458519556455734]]}, "properties": {"id": 18, "angle": 30.09, "positions": {"2000": 3715.63, "2001": 3737.58, "2002": 4346.23, "2007": 3143.64, "2008": 3650.4, "2016": 3271.13, "2018": 3248.13, "2020": 3297.51, "2026": 111.0}, "speed_m_per_year": -95.19, "total_change_m": -3604.63, "r_squared": 0.551, "std_error": 32.48, "ci_95_low": -171.99, "ci_95_high": -18.38, "confidence": "low", "risk_class": "high", "total_retreat_m": 3604.6, "outliers_removed": 0, "valid_years": 9, "positions_clean": {"2000": 3715.63, "2001": 3737.58, "2002": 4346.23, "2007": 3143.64, "2008": 3650.4, "2016": 3271.13, "2018": 3248.13, "2020": 3297.51, "2026": 111.0}}}, {"type": "Feature", "geometry": {"type": "LineString", "coordinates": [[51.3211634799157, 43.436336480074935], [51.354557520005066, 43.46012383147246]]}, "properties": {"id": 19, "angle": 35.46, "positions": {"2000": 3657.4, "2001": 3681.64, "2002": 4280.56, "2007": 3095.04, "2008": 3599.98, "2016": 3220.46, "2018": 3197.68, "2020": 3292.6, "2026": 111.0}, "speed_m_per_year": -93.14, "total_change_m": -3546.4, "r_squared": 0.544, "std_error": 32.26, "ci_95_low": -169.42, "ci_95_high": -16.87, "confidence": "low", "risk_class": "high", "total_retreat_m": 3546.4, "outliers_removed": 0, "valid_years": 9, "positions_clean": {"2000": 3657.4, "2001": 3681.64, "2002": 4280.56, "2007": 3095.04, "2008": 3599.98, "2016": 3220.46, "2018": 3197.68, "2020": 3292.6, "2026": 111.0}}}, {"type": "Feature", "geometry": {"type": "LineString", "coordinates": [[51.32264154848464, 43.434722233407186], [51.35402454551462, 43.4611060825846]]}, "properties": {"id": 20, "angle": 40.05, "positions": {"2000": 3633.24, "2001": 3658.57, "2002": 4253.84, "2007": 3074.67, "2008": 3579.28, "2016": 3199.31, "2018": 3176.64, "2020": 3286.15, "2026": 111.0}, "speed_m_per_year": -92.36, "total_change_m": -3522.24, "r_squared": 0.541, "std_error": 32.14, "ci_95_low": -168.36, "ci_95_high": -16.36, "confidence": "low", "risk_class": "high", "total_retreat_m": 3522.2, "outliers_removed": 0, "valid_years": 9, "positions_clean": {"2000": 3633.24, "2001": 3658.57, "2002": 4253.84, "2007": 3074.67, "2008": 3579.28, "2016": 3199.31, "2018": 3176.64, "2020": 3286.15, "2026": 111.0}}}, {"type": "Feature", "geometry": {"type": "LineString", "coordinates": [[51.32411217105086, 43.433124851489964], [51.35378941113299, 43.4614137436759]]}, "properties": {"id": 21, "angle": 43.63, "positions": {"2000": 3630.08, "2001": 3655.08, "2002": 4250.6, "2007": 3071.45, "2008": 3574.94, "2016": 3196.17, "2018": 3173.6, "2020": 3255.47, "2026": 111.0}, "speed_m_per_year": -92.64, "total_change_m": -3519.08, "r_squared": 0.546, "std_error": 31.93, "ci_95_low": -168.15, "ci_95_high": -17.13, "confidence": "low", "risk_class": "high", "total_retreat_m": 3519.1, "outliers_removed": 0, "valid_years": 9, "positions_clean": {"2000": 3630.08, "2001": 3655.08, "2002": 4250.6, "2007": 3071.45, "2008": 3574.94, "2016": 3196.17, "2018": 3173.6, "2020": 3255.47, "2026": 111.0}}}, {"type": "Feature", "geometry": {"type": "LineString", "coordinates": [[51.325569946510925, 43.43154497307314], [51.35406816099749, 43.46102126475098]]}, "properties": {"id": 22, "angle": 45.97, "positions": {"2000": 3635.22, "2001": 3658.09, "2002": 4255.73, "2007": 3074.64, "2008": 3573.69, "2016": 3199.85, "2018": 3177.46, "2020": 3176.1, "2026": 111.0}, "speed_m_per_year": -93.79, "total_change_m": -3524.22, "r_squared": 0.56, "std_error": 31.45, "ci_95_low": -168.17, "ci_95_high": -19.42, "confidence": "low", "risk_class": "high", "total_retreat_m": 3524.2, "outliers_removed": 0, "valid_years": 9, "positions_clean": {"2000": 3635.22, "2001": 3658.09, "2002": 4255.73, "2007": 3074.64, "2008": 3573.69, "2016": 3199.85, "2018": 3177.46, "2020": 3176.1, "2026": 111.0}}}, {"type": "Feature", "geometry": {"type": "LineString", "coordinates": [[51.32701151057257, 43.42998213486018], [51.354995366799095, 43.459947177671644]]}, "properties": {"id": 23, "angle": 46.96, "positions": {"2000": 3638.84, "2001": 3657.54, "2002": 4257.51, "2007": 3075.89, "2008": 3565.36, "2016": 3201.69, "2018": 3179.63, "2020": 3033.21, "2026": 111.0}, "speed_m_per_year": -95.64, "total_change_m": -3527.84, "r_squared": 0.582, "std_error": 30.63, "ci_95_low": -168.08, "ci_95_high": -23.21, "confidence": "low", "risk_class": "high", "total_retreat_m": 3527.8, "outliers_removed": 0, "valid_years": 9, "positions_clean": {"2000": 3638.84, "2001": 3657.54, "2002": 4257.51, "2007": 3075.89, "2008": 3565.36, "2016": 3201.69, "2018": 3179.63, "2020": 3033.21, "2026": 111.0}}}, {"type": "Feature", "geometry": {"type": "LineString", "coordinates": [[51.32843549179693, 43.42843595457044], [51.356625886091955, 43.45820677366382]]}, "properties": {"id": 24, "angle": 46.56, "positions": {"2000": 3636.44, "2001": 3648.84, "2002": 4250.62, "2007": 3071.41, "2008": 3545.4, "2016": 3197.73, "2018": 3176.2, "2020": 2924.85, "2026": 111.0}, "speed_m_per_year": -96.75, "total_change_m": -3525.44, "r_squared": 0.597, "std_error": 30.03, "ci_95_low": -167.76, "ci_95_high": -25.74, "confidence": "low", "risk_class": "high", "total_retreat_m": 3525.4, "outliers_removed": 0, "valid_years": 9, "positions_clean": {"2000": 3636.44, "2001": 3648.84, "2002": 4250.62, "2007": 3071.41, "2008": 3545.4, "2016": 3197.73, "2018": 3176.2, "2020": 2924.85, "2026": 111.0}}}, {"type": "Feature", "geometry": {"type": "LineString", "coordinates": [[51.3298404474944, 43.426908603894596], [51.35901742646074, 43.45571318509963]]}, "properties": {"id": 25, "angle": 44.63, "positions": {"2000": 3629.45, "2001": 3633.27, "2002": 4236.6, "2007": 3062.36, "2008": 3514.82, "2016": 3189.18, "2018": 3168.39, "2020": 2940.01, "2026": 111.0}, "speed_m_per_year": -96.02, "total_change_m": -3518.45, "r_squared": 0.593, "std_error": 30.04, "ci_95_low": -167.06, "ci_95_high": -24.98, "confidence": "low", "risk_class": "high", "total_retreat_m": 3518.4, "outliers_removed": 0, "valid_years": 9, "positions_clean": {"2000": 3629.45, "2001": 3633.27, "2002": 4236.6, "2007": 3062.36, "2008": 3514.82, "2016": 3189.18, "2018": 3168.39, "2020": 2940.01, "2026": 111.0}}}, {"type": "Feature", "geometry": {"type": "LineString", "coordinates": [[51.33124849120294, 43.42537958711071], [51.36128544638628, 43.45328624085698]]}, "properties": {"id": 26, "angle": 42.89, "positions": {"2000": 3626.53, "2001": 3622.1, "2002": 4227.6, "2007": 3056.83, "2008": 3489.14, "2016": 3184.28, "2018": 3164.16, "2020": 2957.85, "2026": 111.0}, "speed_m_per_year": -95.42, "total_change_m": -3515.53, "r_squared": 0.59, "std_error": 30.09, "ci_95_low": -166.57, "ci_95_high": -24.27, "confidence": "low", "risk_class": "high", "total_retreat_m": 3515.5, "outliers_removed": 0, "valid_years": 9, "positions_clean": {"2000": 3626.53, "2001": 3622.1, "2002": 4227.6, "2007": 3056.83, "2008": 3489.14, "2016": 3184.28, "2018": 3164.16, "2020": 2957.85, "2026": 111.0}}}, {"type": "Feature", "geometry": {"type": "LineString", "coordinates": [[51.332674957577005, 43.42383142723183], [51.36281655969078, 43.45162502041471]]}, "properties": {"id": 27, "angle": 42.68, "positions": {"2000": 3625.88, "2001": 3615.46, "2002": 4222.98, "2007": 3053.91, "2008": 3471.78, "2016": 3181.92, "2018": 3162.31, "2020": 2972.75, "2026": 111.0}, "speed_m_per_year": -95.02, "total_change_m": -3514.88, "r_squared": 0.587, "std_error": 30.15, "ci_95_low": -166.3, "ci_95_high": -23.73, "confidence": "low", "risk_class": "high", "total_retreat_m": 3514.9, "outliers_removed": 0, "valid_years": 9, "positions_clean": {"2000": 3625.88, "2001": 3615.46, "2002": 4222.98, "2007": 3053.91, "2008": 3471.78, "2016": 3181.92, "2018": 3162.31, "2020": 2972.75, "2026": 111.0}}}, {"type": "Feature", "geometry": {"type": "LineString", "coordinates": [[51.33410685086737, 43.42227740558528], [51.364130596343585, 43.45019827067895]]}, "properties": {"id": 28, "angle": 42.92, "positions": {"2000": 3625.36, "2001": 3609.63, "2002": 4219.05, "2007": 3051.34, "2008": 3456.37, "2016": 3179.86, "2018": 3160.69, "2020": 2986.31, "2026": 111.0}, "speed_m_per_year": -94.66, "total_change_m": -3514.36, "r_squared": 0.584, "std_error": 30.2, "ci_95_low": -166.07, "ci_95_high": -23.24, "confidence": "low", "risk_class": "high", "total_retreat_m": 3514.4, "outliers_removed": 0, "valid_years": 9, "positions_clean": {"2000": 3625.36, "2001": 3609.63, "2002": 4219.05, "2007": 3051.34, "2008": 3456.37, "2016": 3179.86, "2018": 3160.69, "2020": 2986.31, "2026": 111.0}}}, {"type": "Feature", "geometry": {"type": "LineString", "coordinates": [[51.33553889380263, 43.42072325057591], [51.36543864720041, 43.448776855455705]]}, "properties": {"id": 29, "angle": 43.18, "positions": {"2000": 3624.92, "2001": 3603.9, "2002": 4215.21, "2007": 3048.82, "2008": 3441.06, "2016": 3177.86, "2018": 3159.14, "2020": 2999.89, "2026": 111.0}, "speed_m_per_year": -94.3, "total_change_m": -3513.92, "r_squared": 0.581, "std_error": 30.26, "ci_95_low": -165.85, "ci_95_high": -22.75, "confidence": "low", "risk_class": "high", "total_retreat_m": 3513.9, "outliers_removed": 0, "valid_years": 9, "positions_clean": {"2000": 3624.92, "2001": 3603.9, "2002": 4215.21, "2007": 3048.82, "2008": 3441.06, "2016": 3177.86, "2018": 3159.14, "2020": 2999.89, "2026": 111.0}}}, {"type": "Feature", "geometry": {"type": "LineString", "coordinates": [[51.336971336267716, 43.41916870228631], [51.366730716864616, 43.4473711714422]]}, "properties": {"id": 30, "angle": 43.46, "positions": {"2000": 3624.57, "2001": 3598.3, "2002": 4211.53, "2007": 3046.41, "2008": 3425.96, "2016": 3175.96, "2018": 3157.68, "2020": 3013.44, "2026": 111.0}, "speed_m_per_year": -93.95, "total_change_m": -3513.57, "r_squared": 0.578, "std_error": 30.32, "ci_95_low": -165.63, "ci_95_high": -22.26, "confidence": "low", "risk_class": "high", "total_retreat_m": 3513.6, "outliers_removed": 0, "valid_years": 9, "positions_clean": {"2000": 3624.57, "2001": 3598.3, "2002": 4211.53, "2007": 3046.41, "2008": 3425.96, "2016": 3175.96, "2018": 3157.68, "2020": 3013.44, "2026": 111.0}}}, {"type": "Feature", "geometry": {"type": "LineString", "coordinates": [[51.33840406489717, 43.417613891162155], [51.36801133995375, 43.44597600081084]]}, "properties": {"id": 31, "angle": 43.77, "positions": {"2000": 3624.34, "2001": 3592.86, "2002": 4208.0, "2007": 3044.1, "2008": 3411.05, "2016": 3174.17, "2018": 3156.33, "2020": 3027.0, "2026": 111.0}, "speed_m_per_year": -93.6, "total_change_m": -3513.34, "r_squared": 0.576, "std_error": 30.38, "ci_95_low": -165.44, "ci_95_high": -21.77, "confidence": "low", "risk_class": "high", "total_retreat_m": 3513.3, "outliers_removed": 0, "valid_years": 9, "positions_clean": {"2000": 3624.34, "2001": 3592.86, "2002": 4208.0, "2007": 3044.1, "2008": 3411.05, "2016": 3174.17, "2018": 3156.33, "2020": 3027.0, "2026": 111.0}}}, {"type": "Feature", "geometry": {"type": "LineString", "coordinates": [[51.339838438793976, 43.4160603473098], [51.3692866174543, 43.44458761099894]]}, "properties": {"id": 32, "angle": 44.09, "positions": {"2000": 3624.01, "2001": 3587.32, "2002": 4204.41, "2007": 3041.67, "2008": 3396.06, "2016": 3172.27, "2018": 3154.86, "2020": 3040.4, "2026": 111.0}, "speed_m_per_year": -93.26, "total_change_m": -3513.01, "r_squared": 0.573, "std_error": 30.44, "ci_95_low": -165.24, "ci_95_high": -21.27, "confidence": "low", "risk_class": "high", "total_retreat_m": 3513.0, "outliers_removed": 0, "valid_years": 9, "positions_clean": {"2000": 3624.01, "2001": 3587.32, "2002": 4204.41, "2007": 3041.67, "2008": 3396.06, "2016": 3172.27, "2018": 3154.86, "2020": 3040.4, "2026": 111.0}}}, {"type": "Feature", "geometry": {"type": "LineString", "coordinates": [[51.34132821320306, 43.414559971660786], [51.3706151546908, 43.44325274180056]]}, "properties": {"id": 33, "angle": 44.41, "positions": {"2000": 3615.27, "2001": 3573.38, "2002": 4192.43, "2007": 3030.82, "2008": 3372.65, "2016": 3161.94, "2018": 3144.97, "2020": 3045.37, "2026": 111.0}, "speed_m_per_year": -92.73, "total_change_m": -3504.27, "r_squared": 0.57, "std_error": 30.42, "ci_95_low": -164.67, "ci_95_high": -20.79, "confidence": "low", "risk_class": "high", "total_retreat_m": 3504.3, "outliers_removed": 0, "valid_years": 9, "positions_clean": {"2000": 3615.27, "2001": 3573.38, "2002": 4192.43, "2007": 3030.82, "2008": 3372.65, "2016": 3161.94, "2018": 3144.97, "2020": 3045.37, "2026": 111.0}}}, {"type": "Feature", "geometry": {"type": "LineString", "coordinates": [[51.342843074834384, 43.41308488970385], [51.37197160178347, 43.44193846691321]]}, "properties": {"id": 34, "angle": 44.73, "positions": {"2000": 3602.68, "2001": 3555.56, "2002": 4176.59, "2007": 3016.09, "2008": 3345.31, "2016": 3147.74, "2018": 3131.21, "2020": 3046.48, "2026": 111.0}, "speed_m_per_year": -92.12, "total_change_m": -3491.68, "r_squared": 0.568, "std_error": 30.36, "ci_95_low": -163.92, "ci_95_high": -20.32, "confidence": "low", "risk_class": "high", "total_retreat_m": 3491.7, "outliers_removed": 0, "valid_years": 9, "positions_clean": {"2000": 3602.68, "2001": 3555.56, "2002": 4176.59, "2007": 3016.09, "2008": 3345.31, "2016": 3147.74, "2018": 3131.21, "2020": 3046.48, "2026": 111.0}}}, {"type": "Feature", "geometry": {"type": "LineString", "coordinates": [[51.34435560299215, 43.41160784260239], [51.373333611058584, 43.44061258443027]]}, "properties": {"id": 35, "angle": 45.03, "positions": {"2000": 3590.47, "2001": 3538.1, "2002": 4161.13, "2007": 3001.73, "2008": 3318.28, "2016": 3133.92, "2018": 3117.83, "2020": 3048.04, "2026": 111.0}, "speed_m_per_year": -91.52, "total_change_m": -3479.47, "r_squared": 0.566, "std_error": 30.31, "ci_95_low": -163.2, "ci_95_high": -19.84, "confidence": "low", "risk_class": "high", "total_retreat_m": 3479.5, "outliers_removed": 0, "valid_years": 9, "positions_clean": {"2000": 3590.47, "2001": 3538.1, "2002": 4161.13, "2007": 3001.73, "2008": 3318.28, "2016": 3133.92, "2018": 3117.83, "2020": 3048.04, "2026": 111.0}}}, {"type": "Feature", "geometry": {"type": "LineString", "coordinates": [[51.345867812465976, 43.41013114882279], [51.37470836769236, 43.4392725690736]]}, "properties": {"id": 36, "angle": 45.3, "positions": {"2000": 3578.28, "2001": 3520.6, "2002": 4145.65, "2007": 2987.36, "2008": 3291.12, "2016": 3120.09, "2018": 3104.44, "2020": 3049.7, "2026": 111.0}, "speed_m_per_year": -90.92, "total_change_m": -3467.28, "r_squared": 0.563, "std_error": 30.27, "ci_95_low": -162.49, "ci_95_high": -19.34, "confidence": "low", "risk_class": "high", "total_retreat_m": 3467.3, "outliers_removed": 0, "valid_years": 9, "positions_clean": {"2000": 3578.28, "2001": 3520.6, "2002": 4145.65, "2007": 2987.36, "2008": 3291.12, "2016": 3120.09, "2018": 3104.44, "2020": 3049.7, "2026": 111.0}}}, {"type": "Feature", "geometry": {"type": "LineString", "coordinates": [[51.34737957527348, 43.40865492453279], [51.37610099097841, 43.4379137741326]]}, "properties": {"id": 37, "angle": 45.53, "positions": {"2000": 3566.04, "2001": 3502.99, "2002": 4130.07, "2007": 2972.93, "2008": 3263.76, "2016": 3106.2, "2018": 3091.0, "2020": 3051.44, "2026": 111.0}, "speed_m_per_year": -90.31, "total_change_m": -3455.04, "r_squared": 0.561, "std_error": 30.22, "ci_95_low": -161.77, "ci_95_high": -18.84, "confidence": "low", "risk_class": "high", "total_retreat_m": 3455.0, "outliers_removed": 0, "valid_years": 9, "positions_clean": {"2000": 3566.04, "2001": 3502.99, "2002": 4130.07, "2007": 2972.93, "2008": 3263.76, "2016": 3106.2, "2018": 3091.0, "2020": 3051.44, "2026": 111.0}}}, {"type": "Feature", "geometry": {"type": "LineString", "coordinates": [[51.34889076085994, 43.40717928596137], [51.37751670310607, 43.43653155044848]]}, "properties": {"id": 38, "angle": 45.72, "positions": {"2000": 3553.69, "2001": 3485.21, "2002": 4114.31, "2007": 2958.39, "2008": 3236.1, "2016": 3092.21, "2018": 3077.46, "2020": 3053.26, "2026": 111.0}, "speed_m_per_year": -89.69, "total_change_m": -3442.69, "r_squared": 0.558, "std_error": 30.18, "ci_95_low": -161.06, "ci_95_high": -18.33, "confidence": "low", "risk_class": "high", "total_retreat_m": 3442.7, "outliers_removed": 0, "valid_years": 9, "positions_clean": {"2000": 3553.69, "2001": 3485.21, "2002": 4114.31, "2007": 2958.39, "2008": 3236.1, "2016": 3092.21, "2018": 3077.46, "2020": 3053.26, "2026": 111.0}}}, {"type": "Feature", "geometry": {"type": "LineString", "coordinates": [[51.35040146710377, 43.405704126932406], [51.37895158893874, 43.43513014506617]]}, "properties": {"id": 39, "angle": 45.87, "positions": {"2000": 3541.23, "2001": 3467.27, "2002": 4098.38, "2007": 2943.74, "2008": 3208.19, "2016": 3078.1, "2018": 3063.81, "2020": 3055.11, "2026": 111.0}, "speed_m_per_year": -89.07, "total_change_m": -3430.23, "r_squared": 0.555, "std_error": 30.14, "ci_95_low": -160.34, "ci_95_high": -17.8, "confidence": "low", "risk_class": "high", "total_retreat_m": 3430.2, "outliers_removed": 0, "valid_years": 9, "positions_clean": {"2000": 3541.23, "2001": 3467.27, "2002": 4098.38, "2007": 2943.74, "2008": 3208.19, "2016": 3078.1, "2018": 3063.81, "2020": 3055.11, "2026": 111.0}}}, {"type": "Feature", "geometry": {"type": "LineString", "coordinates": [[51.35191158352465, 43.404229546948216], [51.38041006769027, 43.43370557789306]]}, "properties": {"id": 40, "angle": 45.97, "positions": {"2000": 3528.62, "2001": 3449.1, "2002": 4082.22, "2007": 2928.95, "2008": 3179.95, "2016": 3063.85, "2018": 3050.03, "2020": 3056.98, "2026": 111.0}, "speed_m_per_year": -88.44, "total_change_m": -3417.62, "r_squared": 0.552, "std_error": 30.1, "ci_95_low": -159.62, "ci_95_high": -17.26, "confidence": "low", "risk_class": "high", "total_retreat_m": 3417.6, "outliers_removed": 0, "valid_years": 9, "positions_clean": {"2000": 3528.62, "2001": 3449.1, "2002": 4082.22, "2007": 2928.95, "2008": 3179.95, "2016": 3063.85, "2018": 3050.03, "2020": 3056.98, "2026": 111.0}}}, {"type": "Feature", "geometry": {"type": "LineString", "coordinates": [[51.35342055332878, 43.40275607770938], [51.38191441111086, 43.43223658090547]]}, "properties": {"id": 41, "angle": 45.98, "positions": {"2000": 3515.69, "2001": 3430.49, "2002": 4065.58, "2007": 2913.84, "2008": 3151.08, "2016": 3049.28, "2018": 3035.93, "2020": 3058.88, "2026": 111.0}, "speed_m_per_year": -87.79, "total_change_m": -3404.69, "r_squared": 0.549, "std_error": 30.07, "ci_95_low": -158.88, "ci_95_high": -16.7, "confidence": "low", "risk_class": "high", "total_retreat_m": 3404.7, "outliers_removed": 0, "valid_years": 9, "positions_clean": {"2000": 3515.69, "2001": 3430.49, "2002": 4065.58, "2007": 2913.84, "2008": 3151.08, "2016": 3049.28, "2018": 3035.93, "2020": 3058.88, "2026": 111.0}}}, {"type": "Feature", "geometry": {"type": "LineString", "coordinates": [[51.3549281045862, 43.40128398185594], [51.383475496400756, 43.43071264850236]]}, "properties": {"id": 42, "angle": 45.87, "positions": {"2000": 3502.36, "2001": 3411.32, "2002": 4048.36, "2007": 2898.35, "2008": 3121.44, "2016": 3034.33, "2018": 3021.47, "2020": 3060.8, "2026": 111.0}, "speed_m_per_year": -87.12, "total_change_m": -3391.36, "r_squared": 0.546, "std_error": 30.03, "ci_95_low": -158.13, "ci_95_high": -16.11, "confidence": "low", "risk_class": "high", "total_retreat_m": 3391.4, "outliers_removed": 0, "valid_years": 9, "positions_clean": {"2000": 3502.36, "2001": 3411.32, "2002": 4048.36, "2007": 2898.35, "2008": 3121.44, "2016": 3034.33, "2018": 3021.47, "2020": 3060.8, "2026": 111.0}}}, {"type": "Feature", "geometry": {"type": "LineString", "coordinates": [[51.356435368449795, 43.39981217053009], [51.3850480774431, 43.429177334995224]]}, "properties": {"id": 43, "angle": 45.74, "positions": {"2000": 3488.96, "2001": 3392.07, "2002": 4031.03, "2007": 2882.8, "2008": 3091.69, "2016": 3019.31, "2018": 3006.94, "2020": 3062.74, "2026": 111.0}, "speed_m_per_year": -86.45, "total_change_m": -3377.96, "r_squared": 0.543, "std_error": 30.0, "ci_95_low": -157.38, "ci_95_high": -15.52, "confidence": "low", "risk_class": "high", "total_retreat_m": 3378.0, "outliers_removed": 0, "valid_years": 9, "positions_clean": {"2000": 3488.96, "2001": 3392.07, "2002": 4031.03, "2007": 2882.8, "2008": 3091.69, "2016": 3019.31, "2018": 3006.94, "2020": 3062.74, "2026": 111.0}}}, {"type": "Feature", "geometry": {"type": "LineString", "coordinates": [[51.35794328128591, 43.398339731522135], [51.3865946995846, 43.42766712877238]]}, "properties": {"id": 44, "angle": 45.67, "positions": {"2000": 3475.76, "2001": 3373.07, "2002": 4013.99, "2007": 2867.43, "2008": 3062.29, "2016": 3004.48, "2018": 2992.59, "2020": 3064.66, "2026": 111.0}, "speed_m_per_year": -85.79, "total_change_m": -3364.76, "r_squared": 0.539, "std_error": 29.97, "ci_95_low": -156.65, "ci_95_high": -14.93, "confidence": "low", "risk_class": "high", "total_retreat_m": 3364.8, "outliers_removed": 0, "valid_years": 9, "positions_clean": {"2000": 3475.76, "2001": 3373.07, "2002": 4013.99, "2007": 2867.43, "2008": 3062.29, "2016": 3004.48, "2018": 2992.59, "2020": 3064.66, "2026": 111.0}}}, {"type": "Feature", "geometry": {"type": "LineString", "coordinates": [[51.359451298557794, 43.396867192666164], [51.38813714429539, 43.426160916470394]]}, "properties": {"id": 45, "angle": 45.6, "positions": {"2000": 3462.58, "2001": 3354.12, "2002": 3996.98, "2007": 2852.09, "2008": 3032.95, "2016": 2989.67, "2018": 2978.27, "2020": 3066.59, "2026": 111.0}, "speed_m_per_year": -85.13, "total_change_m": -3351.58, "r_squared": 0.536, "std_error": 29.94, "ci_95_low": -155.93, "ci_95_high": -14.33, "confidence": "low", "risk_class": "high", "total_retreat_m": 3351.6, "outliers_removed": 0, "valid_years": 9, "positions_clean": {"2000": 3462.58, "2001": 3354.12, "2002": 3996.98, "2007": 2852.09, "2008": 3032.95, "2016": 2989.67, "2018": 2978.27, "2020": 3066.59, "2026": 111.0}}}, {"type": "Feature", "geometry": {"type": "LineString", "coordinates": [[51.360959108473054, 43.39539485933448], [51.38968788327148, 43.42464648319678]]}, "properties": {"id": 46, "angle": 45.52, "positions": {"2000": 3449.36, "2001": 3335.11, "2002": 3979.92, "2007": 2836.71, "2008": 3003.53, "2016": 2974.83, "2018": 2963.91, "2020": 3068.54, "2026": 111.0}, "speed_m_per_year": -84.47, "total_change_m": -3338.36, "r_squared": 0.532, "std_error": 29.92, "ci_95_low": -155.21, "ci_95_high": -13.72, "confidence": "low", "risk_class": "high", "total_retreat_m": 3338.4, "outliers_removed": 0, "valid_years": 9, "positions_clean": {"2000": 3449.36, "2001": 3335.11, "2002": 3979.92, "2007": 2836.71, "2008": 3003.53, "2016": 2974.83, "2018": 2963.91, "2020": 3068.54, "2026": 111.0}}}, {"type": "Feature", "geometry": {"type": "LineString", "coordinates": [[51.36246678215548, 43.3939226632387], [51.391244071560465, 43.42312656048721]]}, "properties": {"id": 47, "angle": 45.42, "positions": {"2000": 3436.12, "2001": 3316.06, "2002": 3962.81, "2007": 2821.3, "2008": 2974.05, "2016": 2959.96, "2018": 2949.53, "2020": 3070.49, "2026": 111.0}, "speed_m_per_year": -83.8, "total_change_m": -3325.12, "r_squared": 0.529, "std_error": 29.9, "ci_95_low": -154.5, "ci_95_high": -13.11, "confidence": "low", "risk_class": "high", "total_retreat_m": 3325.1, "outliers_removed": 0, "valid_years": 9, "positions_clean": {"2000": 3436.12, "2001": 3316.06, "2002": 3962.81, "2007": 2821.3, "2008": 2974.05, "2016": 2959.96, "2018": 2949.53, "2020": 3070.49, "2026": 111.0}}}, {"type": "Feature", "geometry": {"type": "LineString", "coordinates": [[51.36397436145308, 43.3924505643456], [51.392804035242456, 43.42160274967017]]}, "properties": {"id": 48, "angle": 45.32, "positions": {"2000": 3422.86, "2001": 3296.99, "2002": 3945.68, "2007": 2805.89, "2008": 2944.56, "2016": 2945.08, "2018": 2935.14, "2020": 3072.46, "2026": 111.0}, "speed_m_per_year": -83.14, "total_change_m": -3311.86, "r_squared": 0.525, "std_error": 29.88, "ci_95_low": -153.79, "ci_95_high": -12.48, "confidence": "low", "risk_class": "high", "total_retreat_m": 3311.9, "outliers_removed": 0, "valid_years": 9, "positions_clean": {"2000": 3422.86, "2001": 3296.99, "2002": 3945.68, "2007": 2805.89, "2008": 2944.56, "2016": 2945.08, "2018": 2935.14, "2020": 3072.46, "2026": 111.0}}}, {"type": "Feature", "geometry": {"type": "LineString", "coordinates": [[51.365481989135624, 43.39097862856624], [51.394366211085945, 43.420076768065606]]}, "properties": {"id": 49, "angle": 45.21, "positions": {"2000": 3409.59, "2001": 3277.9, "2002": 3928.54, "2007": 2790.46, "2008": 2915.04, "2016": 2930.18, "2018": 2920.73, "2020": 3074.43, "2026": 111.0}, "speed_m_per_year": -82.47, "total_change_m": -3298.59, "r_squared": 0.521, "std_error": 29.87, "ci_95_low": -153.09, "ci_95_high": -11.85, "confidence": "low", "risk_class": "high", "total_retreat_m": 3298.6, "outliers_removed": 0, "valid_years": 9, "positions_clean": {"2000": 3409.59, "2001": 3277.9, "2002": 3928.54, "2007": 2790.46, "2008": 2915.04, "2016": 2930.18, "2018": 2920.73, "2020": 3074.43, "2026": 111.0}}}, {"type": "Feature", "geometry": {"type": "LineString", "coordinates": [[51.3669728541789, 43.38948977069474], [51.395912093652015, 43.41853319368029]]}, "properties": {"id": 50, "angle": 45.1, "positions": {"2000": 3398.98, "2001": 3261.47, "2002": 3914.05, "2007": 2777.68, "2008": 2888.18, "2016": 2917.94, "2018": 2908.97, "2020": 3079.05, "2026": 111.0}, "speed_m_per_year": -81.87, "total_change_m": -3287.98, "r_squared": 0.517, "std_error": 29.88, "ci_95_low": -152.52, "ci_95_high": -11.21, "confidence": "low", "risk_class": "high", "total_retreat_m": 3288.0, "outliers_removed": 0, "valid_years": 9, "positions_clean": {"2000": 3398.98, "2001": 3261.47, "2002": 3914.05, "2007": 2777.68, "2008": 2888.18, "2016": 2917.94, "2018": 2908.97, "2020": 3079.05, "2026": 111.0}}}, {"type": "Feature", "geometry": {"type": "LineString", "coordinates": [[51.368453249331296, 43.38799042054216], [51.39744629372793, 43.416980132107035]]}, "properties": {"id": 51, "angle": 45.0, "positions": {"2000": 3390.03, "2001": 3246.71, "2002": 3901.23, "2007": 2766.56, "2008": 2863.0, "2016": 2907.36, "2018": 2898.88, "2020": 3085.33, "2026": 111.0}, "speed_m_per_year": -81.29, "total_change_m": -3279.03, "r_squared": 0.513, "std_error": 29.91, "ci_95_low": -152.02, "ci_95_high": -10.56, "confidence": "low", "risk_class": "high", "total_retreat_m": 3279.0, "outliers_removed": 0, "valid_years": 9, "positions_clean": {"2000": 3390.03, "2001": 3246.71, "2002": 3901.23, "2007": 2766.56, "2008": 2863.0, "2016": 2907.36, "2018": 2898.88, "2020": 3085.33, "2026": 111.0}}}, {"type": "Feature", "geometry": {"type": "LineString", "coordinates": [[51.36993453209095, 43.38649181163307], [51.39897849920622, 43.415430505007286]]}, "properties": {"id": 52, "angle": 44.9, "positions": {"2000": 3380.97, "2001": 3231.85, "2002": 3888.32, "2007": 2755.35, "2008": 2837.74, "2016": 2896.68, "2018": 2888.68, "2020": 3091.49, "2026": 111.0}, "speed_m_per_year": -80.72, "total_change_m": -3269.97, "r_squared": 0.509, "std_error": 29.95, "ci_95_low": -151.53, "ci_95_high": -9.91, "confidence": "low", "risk_class": "high", "total_retreat_m": 3270.0, "outliers_removed": 0, "valid_years": 9, "positions_clean": {"2000": 3380.97, "2001": 3231.85, "2002": 3888.32, "2007": 2755.35, "2008": 2837.74, "2016": 2896.68, "2018": 2888.68, "2020": 3091.49, "2026": 111.0}}}, {"type": "Feature", "geometry": {"type": "LineString", "coordinates": [[51.37141592559523, 43.384993095588825], [51.40050627489873, 43.41388516331339]]}, "properties": {"id": 53, "angle": 44.8, "positions": {"2000": 3371.95, "2001": 3217.04, "2002": 3875.46, "2007": 2744.16, "2008": 2812.55, "2016": 2886.02, "2018": 2878.52, "2020": 3097.64, "2026": 111.0}, "speed_m_per_year": -80.15, "total_change_m": -3260.95, "r_squared": 0.505, "std_error": 29.98, "ci_95_low": -151.05, "ci_95_high": -9.25, "confidence": "low", "risk_class": "high", "total_retreat_m": 3260.9, "outliers_removed": 0, "valid_years": 9, "positions_clean": {"2000": 3371.95, "2001": 3217.04, "2002": 3875.46, "2007": 2744.16, "2008": 2812.55, "2016": 2886.02, "2018": 2878.52, "2020": 3097.64, "2026": 111.0}}}, {"type": "Feature", "geometry": {"type": "LineString", "coordinates": [[51.372897463966304, 43.38349423690152], [51.402028255920534, 43.412345527342666]]}, "properties": {"id": 54, "angle": 44.72, "positions": {"2000": 3362.97, "2001": 3202.28, "2002": 3862.65, "2007": 2733.0, "2008": 2787.42, "2016": 2875.41, "2018": 2868.38, "2020": 3103.79, "2026": 111.0}, "speed_m_per_year": -79.58, "total_change_m": -3251.97, "r_squared": 0.501, "std_error": 30.02, "ci_95_low": -150.57, "ci_95_high": -8.58, "confidence": "low", "risk_class": "high", "total_retreat_m": 3252.0, "outliers_removed": 0, "valid_years": 9, "positions_clean": {"2000": 3362.97, "2001": 3202.28, "2002": 3862.65, "2007": 2733.0, "2008": 2787.42, "2016": 2875.41, "2018": 2868.38, "2020": 3103.79, "2026": 111.0}}}, {"type": "Feature", "geometry": {"type": "LineString", "coordinates": [[51.37437926661718, 43.381995113517355], [51.40353966574955, 43.4108164792456]]}, "properties": {"id": 55, "angle": 44.66, "positions": {"2000": 3354.04, "2001": 3187.6, "2002": 3849.93, "2007": 2721.9, "2008": 2762.42, "2016": 2864.84, "2018": 2858.3, "2020": 3109.91, "2026": 111.0}, "speed_m_per_year": -79.01, "total_change_m": -3243.04, "r_squared": 0.497, "std_error": 30.06, "ci_95_low": -150.1, "ci_95_high": -7.92, "confidence": "low", "risk_class": "high", "total_retreat_m": 3243.0, "outliers_removed": 0, "valid_years": 9, "positions_clean": {"2000": 3354.04, "2001": 3187.6, "2002": 3849.93, "2007": 2721.9, "2008": 2762.42, "2016": 2864.84, "2018": 2858.3, "2020": 3109.91, "2026": 111.0}}}, {"type": "Feature", "geometry": {"type": "LineString", "coordinates": [[51.375861700992246, 43.38049535173944], [51.40502580661101, 43.40931296689854]]}, "properties": {"id": 56, "angle": 44.66, "positions": {"2000": 3345.21, "2001": 3173.09, "2002": 3837.38, "2007": 2710.91, "2008": 2737.67, "2016": 2854.39, "2018": 2848.32, "2020": 3115.97, "2026": 111.0}, "speed_m_per_year": -78.45, "total_change_m": -3234.21, "r_squared": 0.492, "std_error": 30.11, "ci_95_low": -149.65, "ci_95_high": -7.25, "confidence": "low", "risk_class": "high", "total_retreat_m": 3234.2, "outliers_removed": 0, "valid_years": 9, "positions_clean": {"2000": 3345.21, "2001": 3173.09, "2002": 3837.38, "2007": 2710.91, "2008": 2737.67, "2016": 2854.39, "2018": 2848.32, "2020": 3115.97, "2026": 111.0}}}, {"type": "Feature", "geometry": {"type": "LineString", "coordinates": [[51.37734454526235, 43.378995175296794], [51.40649555167127, 43.407826041141355]]}, "properties": {"id": 57, "angle": 44.68, "positions": {"2000": 3336.46, "2001": 3158.69, "2002": 3824.96, "2007": 2699.99, "2008": 2713.08, "2016": 2844.01, "2018": 2838.42, "2020": 3121.98, "2026": 111.0}, "speed_m_per_year": -77.89, "total_change_m": -3225.46, "r_squared": 0.488, "std_error": 30.16, "ci_95_low": -149.2, "ci_95_high": -6.59, "confidence": "low", "risk_class": "high", "total_retreat_m": 3225.5, "outliers_removed": 0, "valid_years": 9, "positions_clean": {"2000": 3336.46, "2001": 3158.69, "2002": 3824.96, "2007": 2699.99, "2008": 2713.08, "2016": 2844.01, "2018": 2838.42, "2020": 3121.98, "2026": 111.0}}}, {"type": "Feature", "geometry": {"type": "LineString", "coordinates": [[51.37882727559834, 43.37749511426097], [51.407969854096024, 43.40633449911062]]}, "properties": {"id": 58, "angle": 44.7, "positions": {"2000": 3327.69, "2001": 3144.26, "2002": 3812.5, "2007": 2689.05, "2008": 2688.45, "2016": 2833.61, "2018": 2828.49, "2020": 3128.0, "2026": 111.0}, "speed_m_per_year": -77.34, "total_change_m": -3216.69, "r_squared": 0.484, "std_error": 30.2, "ci_95_low": -148.76, "ci_95_high": -5.91, "confidence": "low", "risk_class": "high", "total_retreat_m": 3216.7, "outliers_removed": 0, "valid_years": 9, "positions_clean": {"2000": 3327.69, "2001": 3144.26, "2002": 3812.5, "2007": 2689.05, "2008": 2688.45, "2016": 2833.61, "2018": 2828.49, "2020": 3128.0, "2026": 111.0}}}, {"type": "Feature", "geometry": {"type": "LineString", "coordinates": [[51.3803099082473, 43.375995152016635], [51.40944806400203, 43.40483900542101]]}, "properties": {"id": 59, "angle": 44.71, "positions": {"2000": 3318.91, "2001": 3129.81, "2002": 3800.01, "2007": 2678.1, "2008": 2663.77, "2016": 2823.19, "2018": 2818.54, "2020": 3134.03, "2026": 111.0}, "speed_m_per_year": -76.78, "total_change_m": -3207.91, "r_squared": 0.479, "std_error": 30.26, "ci_95_low": -148.32, "ci_95_high": -5.23, "confidence": "low", "risk_class": "high", "total_retreat_m": 3207.9, "outliers_removed": 0, "valid_years": 9, "positions_clean": {"2000": 3318.91, "2001": 3129.81, "2002": 3800.01, "2007": 2678.1, "2008": 2663.77, "2016": 2823.19, "2018": 2818.54, "2020": 3134.03, "2026": 111.0}}}, {"type": "Feature", "geometry": {"type": "LineString", "coordinates": [[51.38179218799814, 43.37449554637409], [51.41094038983297, 43.403329247659144]]}, "properties": {"id": 60, "angle": 44.69, "positions": {"2000": 3310.06, "2001": 3115.26, "2002": 3787.43, "2007": 2667.08, "2008": 2638.97, "2016": 2812.71, "2018": 2808.54, "2020": 3140.11, "2026": 111.0}, "speed_m_per_year": -76.22, "total_change_m": -3199.06, "r_squared": 0.475, "std_error": 30.31, "ci_95_low": -147.89, "ci_95_high": -4.54, "confidence": "low", "risk_class": "high", "total_retreat_m": 3199.1, "outliers_removed": 0, "valid_years": 9, "positions_clean": {"2000": 3310.06, "2001": 3115.26, "2002": 3787.43, "2007": 2667.08, "2008": 2638.97, "2016": 2812.71, "2018": 2808.54, "2020": 3140.11, "2026": 111.0}}}, {"type": "Feature", "geometry": {"type": "LineString", "coordinates": [[51.38327383880421, 43.37299657772216], [51.41245787345453, 43.40179401027315]]}, "properties": {"id": 61, "angle": 44.62, "positions": {"2000": 3301.1, "2001": 3100.54, "2002": 3774.67, "2007": 2655.96, "2008": 2613.92, "2016": 2802.12, "2018": 2798.44, "2020": 3146.25, "2026": 111.0}, "speed_m_per_year": -75.65, "total_change_m": -3190.1, "r_squared": 0.47, "std_error": 30.37, "ci_95_low": -147.45, "ci_95_high": -3.84, "confidence": "low", "risk_class": "high", "total_retreat_m": 3190.1, "outliers_removed": 0, "valid_years": 9, "positions_clean": {"2000": 3301.1, "2001": 3100.54, "2002": 3774.67, "2007": 2655.96, "2008": 2613.92, "2016": 2802.12, "2018": 2798.44, "2020": 3146.25, "2026": 111.0}}}, {"type": "Feature", "geometry": {"type": "LineString", "coordinates": [[51.384755079783965, 43.37149802788185], [51.413991750128446, 43.40024202042234]]}, "properties": {"id": 62, "angle": 44.51, "positions": {"2000": 3292.09, "2001": 3085.73, "2002": 3761.8, "2007": 2644.78, "2008": 2588.74, "2016": 2791.48, "2018": 2788.28, "2020": 3152.45, "2026": 111.0}, "speed_m_per_year": -75.07, "total_change_m": -3181.09, "r_squared": 0.465, "std_error": 30.43, "ci_95_low": -147.02, "ci_95_high": -3.12, "confidence": "low", "risk_class": "high", "total_retreat_m": 3181.1, "outliers_removed": 0, "valid_years": 9, "positions_clean": {"2000": 3292.09, "2001": 3085.73, "2002": 3761.8, "2007": 2644.78, "2008": 2588.74, "2016": 2791.48, "2018": 2788.28, "2020": 3152.45, "2026": 111.0}}}, {"type": "Feature", "geometry": {"type": "LineString", "coordinates": [[51.38623611243482, 43.36999969556597], [51.415533959958246, 43.398681329593586]]}, "properties": {"id": 63, "angle": 44.39, "positions": {"2000": 3283.06, "2001": 3070.88, "2002": 3748.9, "2007": 2633.57, "2008": 2563.5, "2016": 2780.81, "2018": 2778.1, "2020": 3158.69, "2026": 111.0}, "speed_m_per_year": -74.5, "total_change_m": -3172.06, "r_squared": 0.46, "std_error": 30.49, "ci_95_low": -146.6, "ci_95_high": -2.4, "confidence": "low", "risk_class": "high", "total_retreat_m": 3172.1, "outliers_removed": 0, "valid_years": 9, "positions_clean": {"2000": 3283.06, "2001": 3070.88, "2002": 3748.9, "2007": 2633.57, "2008": 2563.5, "2016": 2780.81, "2018": 2778.1, "2020": 3158.69, "2026": 111.0}}}, {"type": "Feature", "geometry": {"type": "LineString", "coordinates": [[51.38771698323176, 43.36850153583129], [51.41708264394499, 43.39711373551737]]}, "properties": {"id": 64, "angle": 44.26, "positions": {"2000": 3274.02, "2001": 3056.02, "2002": 3735.98, "2007": 2622.36, "2008": 2538.23, "2016": 2770.13, "2018": 2767.91, "2020": 3164.96, "2026": 111.0}, "speed_m_per_year": -73.92, "total_change_m": -3163.02, "r_squared": 0.455, "std_error": 30.56, "ci_95_low": -146.18, "ci_95_high": -1.67, "confidence": "low", "risk_class": "high", "total_retreat_m": 3163.0, "outliers_removed": 0, "valid_years": 9, "positions_clean": {"2000": 3274.02, "2001": 3056.02, "2002": 3735.98, "2007": 2622.36, "2008": 2538.23, "2016": 2770.13, "2018": 2767.91, "2020": 3164.96, "2026": 111.0}}}, {"type": "Feature", "geometry": {"type": "LineString", "coordinates": [[51.389198213781, 43.36700395266315], [51.418635995606785, 43.39554194490468]]}, "properties": {"id": 65, "angle": 44.11, "positions": {"2000": 3264.91, "2001": 3041.07, "2002": 3722.99, "2007": 2611.07, "2008": 2512.88, "2016": 2759.38, "2018": 2757.65, "2020": 3171.2, "2026": 111.0}, "speed_m_per_year": -73.35, "total_change_m": -3153.91, "r_squared": 0.45, "std_error": 30.62, "ci_95_low": -145.76, "ci_95_high": -0.93, "confidence": "low", "risk_class": "high", "total_retreat_m": 3153.9, "outliers_removed": 0, "valid_years": 9, "positions_clean": {"2000": 3264.91, "2001": 3041.07, "2002": 3722.99, "2007": 2611.07, "2008": 2512.88, "2016": 2759.38, "2018": 2757.65, "2020": 3171.2, "2026": 111.0}}}, {"type": "Feature", "geometry": {"type": "LineString", "coordinates": [[51.39067357341155, 43.3655007248901], [51.42018547661624, 43.393962059525656]]}, "properties": {"id": 66, "angle": 43.96, "positions": {"2000": 3256.72, "2001": 3027.04, "2002": 3710.91, "2007": 2600.7, "2008": 2488.43, "2016": 2749.55, "2018": 2748.31, "2020": 3178.38, "2026": 111.0}, "speed_m_per_year": -72.79, "total_change_m": -3145.72, "r_squared": 0.445, "std_error": 30.7, "ci_95_low": -145.39, "ci_95_high": -0.19, "confidence": "low", "risk_class": "high", "total_retreat_m": 3145.7, "outliers_removed": 0, "valid_years": 9, "positions_clean": {"2000": 3256.72, "2001": 3027.04, "2002": 3710.91, "2007": 2600.7, "2008": 2488.43, "2016": 2749.55, "2018": 2748.31, "2020": 3178.38, "2026": 111.0}}}, {"type": "Feature", "geometry": {"type": "LineString", "coordinates": [[51.39212105971242, 43.363970628169746], [51.42170680020453, 43.39235520073185]]}, "properties": {"id": 67, "angle": 43.81, "positions": {"2000": 3252.85, "2001": 3017.33, "2002": 3703.16, "2007": 2594.65, "2008": 2468.32, "2016": 2744.04, "2018": 2743.28, "2020": 3189.87, "2026": 111.0}, "speed_m_per_year": -72.32, "total_change_m": -3141.85, "r_squared": 0.44, "std_error": 30.83, "ci_95_low": -145.21, "ci_95_high": 0.57, "confidence": "low", "risk_class": "high", "total_retreat_m": 3141.8, "outliers_removed": 0, "valid_years": 9, "positions_clean": {"2000": 3252.85, "2001": 3017.33, "2002": 3703.16, "2007": 2594.65, "2008": 2468.32, "2016": 2744.04, "2018": 2743.28, "2020": 3189.87, "2026": 111.0}}}, {"type": "Feature", "geometry": {"type": "LineString", "coordinates": [[51.393564510028206, 43.362436584856894], [51.4232215436727, 43.390746660014145]]}, "properties": {"id": 68, "angle": 43.67, "positions": {"2000": 3249.64, "2001": 3008.28, "2002": 3696.07, "2007": 2589.25, "2008": 2448.87, "2016": 2739.18, "2018": 2738.91, "2020": 3202.0, "2026": 111.0}, "speed_m_per_year": -71.87, "total_change_m": -3138.64, "r_squared": 0.435, "std_error": 30.96, "ci_95_low": -145.07, "ci_95_high": 1.33, "confidence": "low", "risk_class": "high", "total_retreat_m": 3138.6, "outliers_removed": 0, "valid_years": 9, "positions_clean": {"2000": 3249.64, "2001": 3008.28, "2002": 3696.07, "2007": 2589.25, "2008": 2448.87, "2016": 2739.18, "2018": 2738.91, "2020": 3202.0, "2026": 111.0}}}, {"type": "Feature", "geometry": {"type": "LineString", "coordinates": [[51.39500834225414, 43.36090267739894], [51.42473188831926, 43.389142911273936]]}, "properties": {"id": 69, "angle": 43.53, "positions": {"2000": 3246.41, "2001": 2999.24, "2002": 3688.99, "2007": 2583.83, "2008": 2429.44, "2016": 2734.3, "2018": 2734.52, "2020": 3214.1, "2026": 111.0}, "speed_m_per_year": -71.42, "total_change_m": -3135.41, "r_squared": 0.43, "std_error": 31.09, "ci_95_low": -144.93, "ci_95_high": 2.09, "confidence": "low", "risk_class": "high", "total_retreat_m": 3135.4, "outliers_removed": 0, "valid_years": 9, "positions_clean": {"2000": 3246.41, "2001": 2999.24, "2002": 3688.99, "2007": 2583.83, "2008": 2429.44, "2016": 2734.3, "2018": 2734.52, "2020": 3214.1, "2026": 111.0}}}, {"type": "Feature", "geometry": {"type": "LineString", "coordinates": [[51.39645234612154, 43.35936859652778], [51.426235367307086, 43.387546099061915]]}, "properties": {"id": 70, "angle": 43.41, "positions": {"2000": 3243.22, "2001": 2990.23, "2002": 3681.95, "2007": 2578.44, "2008": 2410.08, "2016": 2729.46, "2018": 2730.16, "2020": 3226.17, "2026": 111.0}, "speed_m_per_year": -70.97, "total_change_m": -3132.22, "r_squared": 0.425, "std_error": 31.22, "ci_95_low": -144.8, "ci_95_high": 2.86, "confidence": "low", "risk_class": "high", "total_retreat_m": 3132.2, "outliers_removed": 0, "valid_years": 9, "positions_clean": {"2000": 3243.22, "2001": 2990.23, "2002": 3681.95, "2007": 2578.44, "2008": 2410.08, "2016": 2729.46, "2018": 2730.16, "2020": 3226.17, "2026": 111.0}}}, {"type": "Feature", "geometry": {"type": "LineString", "coordinates": [[51.39789654757443, 43.35783431247015], [51.427730942875364, 43.38595741430881]]}, "properties": {"id": 71, "angle": 43.31, "positions": {"2000": 3240.05, "2001": 2981.28, "2002": 3674.96, "2007": 2573.09, "2008": 2390.78, "2016": 2724.64, "2018": 2725.83, "2020": 3238.22, "2026": 111.0}, "speed_m_per_year": -70.52, "total_change_m": -3129.05, "r_squared": 0.419, "std_error": 31.36, "ci_95_low": -144.67, "ci_95_high": 3.63, "confidence": "low", "risk_class": "high", "total_retreat_m": 3129.1, "outliers_removed": 0, "valid_years": 9, "positions_clean": {"2000": 3240.05, "2001": 2981.28, "2002": 3674.96, "2007": 2573.09, "2008": 2390.78, "2016": 2724.64, "2018": 2725.83, "2020": 3238.22, "2026": 111.0}}}, {"type": "Feature", "geometry": {"type": "LineString", "coordinates": [[51.399340715768965, 43.35630006869091], [51.42922784877814, 43.38436711841994]]}, "properties": {"id": 72, "angle": 43.2, "positions": {"2000": 3236.89, "2001": 2972.32, "2002": 3667.98, "2007": 2567.73, "2008": 2371.49, "2016": 2719.83, "2018": 2721.5, "2020": 3250.29, "2026": 111.0}, "speed_m_per_year": -70.07, "total_change_m": -3125.89, "r_squared": 0.414, "std_error": 31.5, "ci_95_low": -144.55, "ci_95_high": 4.4, "confidence": "low", "risk_class": "high", "total_retreat_m": 3125.9, "outliers_removed": 0, "valid_years": 9, "positions_clean": {"2000": 3236.89, "2001": 2972.32, "2002": 3667.98, "2007": 2567.73, "2008": 2371.49, "2016": 2719.83, "2018": 2721.5, "2020": 3250.29, "2026": 111.0}}}, {"type": "Feature", "geometry": {"type": "LineString", "coordinates": [[51.40078502516941, 43.35476567916974], [51.43071910644394, 43.38278265220842]]}, "properties": {"id": 73, "angle": 43.11, "positions": {"2000": 3233.75, "2001": 2963.4, "2002": 3661.03, "2007": 2562.4, "2008": 2352.25, "2016": 2715.04, "2018": 2717.19, "2020": 3262.34, "2026": 111.0}, "speed_m_per_year": -69.63, "total_change_m": -3122.75, "r_squared": 0.409, "std_error": 31.64, "ci_95_low": -144.44, "ci_95_high": 5.18, "confidence": "low", "risk_class": "high", "total_retreat_m": 3122.8, "outliers_removed": 0, "valid_years": 9, "positions_clean": {"2000": 3233.75, "2001": 2963.4, "2002": 3661.03, "2007": 2562.4, "2008": 2352.25, "2016": 2715.04, "2018": 2717.19, "2020": 3262.34, "2026": 111.0}}}, {"type": "Feature", "geometry": {"type": "LineString", "coordinates": [[51.40223002654924, 43.353230552692224], [51.43218268493519, 43.381227664250645]]}, "properties": {"id": 74, "angle": 43.07, "positions": {"2000": 3230.64, "2001": 2954.59, "2002": 3654.18, "2007": 2557.12, "2008": 2335.22, "2016": 2710.3, "2018": 2712.93, "2020": 3274.22, "2026": 111.0}, "speed_m_per_year": -69.2, "total_change_m": -3119.64, "r_squared": 0.404, "std_error": 31.77, "ci_95_low": -144.32, "ci_95_high": 5.93, "confidence": "low", "risk_class": "high", "total_retreat_m": 3119.6, "outliers_removed": 0, "valid_years": 9, "positions_clean": {"2000": 3230.64, "2001": 2954.59, "2002": 3654.18, "2007": 2557.12, "2008": 2335.22, "2016": 2710.3, "2018": 2712.93, "2020": 3274.22, "2026": 111.0}}}, {"type": "Feature", "geometry": {"type": "LineString", "coordinates": [[51.40367586941496, 43.35169452651144], [51.43361260399007, 43.379708664423916]]}, "properties": {"id": 75, "angle": 43.1, "positions": {"2000": 3227.57, "2001": 2945.89, "2002": 3647.45, "2007": 2551.9, "2008": 2320.33, "2016": 2705.61, "2018": 2708.71, "2020": 3285.9, "2026": 111.0}, "speed_m_per_year": -68.78, "total_change_m": -3116.57, "r_squared": 0.399, "std_error": 31.9, "ci_95_low": -144.2, "ci_95_high": 6.65, "confidence": "low", "risk_class": "high", "total_retreat_m": 3116.6, "outliers_removed": 0, "valid_years": 9, "positions_clean": {"2000": 3227.57, "2001": 2945.89, "2002": 3647.45, "2007": 2551.9, "2008": 2320.33, "2016": 2705.61, "2018": 2708.71, "2020": 3285.9, "2026": 111.0}}}, {"type": "Feature", "geometry": {"type": "LineString", "coordinates": [[51.40512243523888, 43.35015772992531], [51.43501360471706, 43.37822048081019]]}, "properties": {"id": 76, "angle": 43.19, "positions": {"2000": 3224.55, "2001": 2937.3, "2002": 3640.81, "2007": 2546.73, "2008": 2305.58, "2016": 2700.97, "2018": 2704.54, "2020": 3297.4, "2026": 111.0}, "speed_m_per_year": -68.37, "total_change_m": -3113.55, "r_squared": 0.394, "std_error": 32.02, "ci_95_low": -144.09, "ci_95_high": 7.36, "confidence": "low", "risk_class": "high", "total_retreat_m": 3113.6, "outliers_removed": 0, "valid_years": 9, "positions_clean": {"2000": 3224.55, "2001": 2937.3, "2002": 3640.81, "2007": 2546.73, "2008": 2305.58, "2016": 2700.97, "2018": 2704.54, "2020": 3297.4, "2026": 111.0}}}, {"type": "Feature", "geometry": {"type": "LineString", "coordinates": [[51.40656911193411, 43.34862081949821], [51.43641017059177, 43.376736850836046]]}, "properties": {"id": 77, "angle": 43.3, "positions": {"2000": 3221.53, "2001": 2928.74, "2002": 3634.2, "2007": 2541.57, "2008": 2290.86, "2016": 2696.35, "2018": 2700.38, "2020": 3308.88, "2026": 111.0}, "speed_m_per_year": -67.96, "total_change_m": -3110.53, "r_squared": 0.39, "std_error": 32.15, "ci_95_low": -143.98, "ci_95_high": 8.07, "confidence": "low", "risk_class": "high", "total_retreat_m": 3110.5, "outliers_removed": 0, "valid_years": 9, "positions_clean": {"2000": 3221.53, "2001": 2928.74, "2002": 3634.2, "2007": 2541.57, "2008": 2290.86, "2016": 2696.35, "2018": 2700.38, "2020": 3308.88, "2026": 111.0}}}, {"type": "Feature", "geometry": {"type": "LineString", "coordinates": [[51.408015653752045, 43.347084056374165], [51.437812131558594, 43.3752473287395]]}, "properties": {"id": 78, "angle": 43.39, "positions": {"2000": 3218.52, "2001": 2920.16, "2002": 3627.58, "2007": 2536.41, "2008": 2276.11, "2016": 2691.72, "2018": 2696.23, "2020": 3320.41, "2026": 111.0}, "speed_m_per_year": -67.55, "total_change_m": -3107.52, "r_squared": 0.385, "std_error": 32.28, "ci_95_low": -143.88, "ci_95_high": 8.79, "confidence": "low", "risk_class": "high", "total_retreat_m": 3107.5, "outliers_removed": 0, "valid_years": 9, "positions_clean": {"2000": 3218.52, "2001": 2920.16, "2002": 3627.58, "2007": 2536.41, "2008": 2276.11, "2016": 2691.72, "2018": 2696.23, "2020": 3320.41, "2026": 111.0}}}, {"type": "Feature", "geometry": {"type": "LineString", "coordinates": [[51.40946234212211, 43.34554714237053], [51.43920823043999, 43.37376384182635]]}, "properties": {"id": 79, "angle": 43.49, "positions": {"2000": 3215.53, "2001": 2911.61, "2002": 3620.99, "2007": 2531.27, "2008": 2261.39, "2016": 2687.11, "2018": 2692.08, "2020": 3331.9, "2026": 111.0}, "speed_m_per_year": -67.14, "total_change_m": -3104.53, "r_squared": 0.38, "std_error": 32.41, "ci_95_low": -143.78, "ci_95_high": 9.51, "confidence": "low", "risk_class": "high", "total_retreat_m": 3104.5, "outliers_removed": 0, "valid_years": 9, "positions_clean": {"2000": 3215.53, "2001": 2911.61, "2002": 3620.99, "2007": 2531.27, "2008": 2261.39, "2016": 2687.11, "2018": 2692.08, "2020": 3331.9, "2026": 111.0}}}, {"type": "Feature", "geometry": {"type": "LineString", "coordinates": [[51.410909183914114, 43.34401007191611], [51.44059819244367, 43.37228661294452]]}, "properties": {"id": 80, "angle": 43.6, "positions": {"2000": 3212.55, "2001": 2903.09, "2002": 3614.44, "2007": 2526.16, "2008": 2246.72, "2016": 2682.53, "2018": 2687.96, "2020": 3343.38, "2026": 111.0}, "speed_m_per_year": -66.73, "total_change_m": -3101.55, "r_squared": 0.375, "std_error": 32.54, "ci_95_low": -143.68, "ci_95_high": 10.23, "confidence": "low", "risk_class": "high", "total_retreat_m": 3101.6, "outliers_removed": 0, "valid_years": 9, "positions_clean": {"2000": 3212.55, "2001": 2903.09, "2002": 3614.44, "2007": 2526.16, "2008": 2246.72, "2016": 2682.53, "2018": 2687.96, "2020": 3343.38, "2026": 111.0}}}, {"type": "Feature", "geometry": {"type": "LineString", "coordinates": [[51.412356049921705, 43.342472824582245], [51.44198393609551, 43.37081340257339]]}, "properties": {"id": 81, "angle": 43.73, "positions": {"2000": 3209.62, "2001": 2894.61, "2002": 3607.93, "2007": 2521.07, "2008": 2232.08, "2016": 2677.98, "2018": 2683.88, "2020": 3354.85, "2026": 111.0}, "speed_m_per_year": -66.32, "total_change_m": -3098.62, "r_squared": 0.37, "std_error": 32.68, "ci_95_low": -143.59, "ci_95_high": 10.95, "confidence": "low", "risk_class": "high", "total_retreat_m": 3098.6, "outliers_removed": 0, "valid_years": 9, "positions_clean": {"2000": 3209.62, "2001": 2894.61, "2002": 3607.93, "2007": 2521.07, "2008": 2232.08, "2016": 2677.98, "2018": 2683.88, "2020": 3354.85, "2026": 111.0}}}, {"type": "Feature", "geometry": {"type": "LineString", "coordinates": [[51.413805139525266, 43.34093758147551], [51.4433695877152, 43.3693443307303]]}, "properties": {"id": 82, "angle": 43.86, "positions": {"2000": 3206.37, "2001": 2885.83, "2002": 3601.12, "2007": 2515.67, "2008": 2217.12, "2016": 2673.11, "2018": 2679.47, "2020": 3366.0, "2026": 111.0}, "speed_m_per_year": -65.91, "total_change_m": -3095.37, "r_squared": 0.366, "std_error": 32.81, "ci_95_low": -143.48, "ci_95_high": 11.67, "confidence": "low", "risk_class": "high", "total_retreat_m": 3095.4, "outliers_removed": 0, "valid_years": 9, "positions_clean": {"2000": 3206.37, "2001": 2885.83, "2002": 3601.12, "2007": 2515.67, "2008": 2217.12, "2016": 2673.11, "2018": 2679.47, "2020": 3366.0, "2026": 111.0}}}, {"type": "Feature", "geometry": {"type": "LineString", "coordinates": [[51.41527793327462, 43.339425067350795], [51.444778572108994, 43.36789807752471]]}, "properties": {"id": 83, "angle": 43.98, "positions": {"2000": 3199.49, "2001": 2873.41, "2002": 3590.68, "2007": 2506.64, "2008": 2198.53, "2011": 11.9, "2016": 2664.61, "2018": 2671.44, "2020": 3373.52, "2026": 111.0}, "speed_m_per_year": -65.78, "total_change_m": -3088.49, "r_squared": 0.214, "std_error": 44.59, "ci_95_low": -168.6, "ci_95_high": 37.05, "confidence": "low", "risk_class": "high", "total_retreat_m": 3088.5, "outliers_removed": 0, "valid_years": 10, "positions_clean": {"2000": 3199.49, "2001": 2873.41, "2002": 3590.68, "2007": 2506.64, "2008": 2198.53, "2011": 11.9, "2016": 2664.61, "2018": 2671.44, "2020": 3373.52, "2026": 111.0}}}, {"type": "Feature", "geometry": {"type": "LineString", "coordinates": [[51.416757500145636, 43.337919235287664], [51.446195920594924, 43.36645656875544]]}, "properties": {"id": 84, "angle": 44.11, "positions": {"2000": 3191.56, "2001": 2859.94, "2002": 3579.19, "2007": 2496.55, "2008": 2178.88, "2011": 47.13, "2016": 2655.07, "2018": 2662.36, "2020": 3380.0, "2026": 111.0}, "speed_m_per_year": -65.26, "total_change_m": -3080.56, "r_squared": 0.214, "std_error": 44.26, "ci_95_low": -167.31, "ci_95_high": 36.8, "confidence": "low", "risk_class": "high", "total_retreat_m": 3080.6, "outliers_removed": 0, "valid_years": 10, "positions_clean": {"2000": 3191.56, "2001": 2859.94, "2002": 3579.19, "2007": 2496.55, "2008": 2178.88, "2011": 47.13, "2016": 2655.07, "2018": 2662.36, "2020": 3380.0, "2026": 111.0}}}, {"type": "Feature", "geometry": {"type": "LineString", "coordinates": [[51.41823638322547, 43.33641291283614], [51.447616156054806, 43.365010621634156]]}, "properties": {"id": 85, "angle": 44.23, "positions": {"2000": 3183.73, "2001": 2846.55, "2002": 3567.79, "2007": 2486.56, "2008": 2159.3, "2011": 82.42, "2016": 2645.61, "2018": 2653.36, "2020": 3386.61, "2026": 111.0}, "speed_m_per_year": -64.74, "total_change_m": -3072.73, "r_squared": 0.214, "std_error": 43.93, "ci_95_low": -166.03, "ci_95_high": 36.56, "confidence": "low", "risk_class": "high", "total_retreat_m": 3072.7, "outliers_removed": 0, "valid_years": 10, "positions_clean": {"2000": 3183.73, "2001": 2846.55, "2002": 3567.79, "2007": 2486.56, "2008": 2159.3, "2011": 82.42, "2016": 2645.61, "2018": 2653.36, "2020": 3386.61, "2026": 111.0}}}, {"type": "Feature", "geometry": {"type": "LineString", "coordinates": [[51.41971513054927, 43.33490673533937], [51.44904182175586, 43.36355887632173]]}, "properties": {"id": 86, "angle": 44.33, "positions": {"2000": 3175.89, "2001": 2833.14, "2002": 3556.36, "2007": 2476.55, "2008": 2139.69, "2011": 117.68, "2016": 2636.14, "2018": 2644.36, "2020": 3393.25, "2026": 111.0}, "speed_m_per_year": -64.22, "total_change_m": -3064.89, "r_squared": 0.213, "std_error": 43.6, "ci_95_low": -164.77, "ci_95_high": 36.33, "confidence": "low", "risk_class": "high", "total_retreat_m": 3064.9, "outliers_removed": 0, "valid_years": 10, "positions_clean": {"2000": 3175.89, "2001": 2833.14, "2002": 3556.36, "2007": 2476.55, "2008": 2139.69, "2011": 117.68, "2016": 2636.14, "2018": 2644.36, "2020": 3393.25, "2026": 111.0}}}, {"type": "Feature", "geometry": {"type": "LineString", "coordinates": [[51.42119369315872, 43.33340075116801], [51.4504748760307, 43.36209939799357]]}, "properties": {"id": 87, "angle": 44.42, "positions": {"2000": 3168.04, "2001": 2819.7, "2002": 3544.9, "2007": 2466.53, "2008": 2120.03, "2011": 152.93, "2016": 2626.66, "2018": 2635.35, "2020": 3399.93, "2026": 111.0}, "speed_m_per_year": -63.7, "total_change_m": -3057.04, "r_squared": 0.213, "std_error": 43.29, "ci_95_low": -163.51, "ci_95_high": 36.12, "confidence": "low", "risk_class": "high", "total_retreat_m": 3057.0, "outliers_removed": 0, "valid_years": 10, "positions_clean": {"2000": 3168.04, "2001": 2819.7, "2002": 3544.9, "2007": 2466.53, "2008": 2120.03, "2011": 152.93, "2016": 2626.66, "2018": 2635.35, "2020": 3399.93, "2026": 111.0}}}, {"type": "Feature", "geometry": {"type": "LineString", "coordinates": [[51.42267199318733, 43.33189503775215], [51.45191843353983, 43.36062908944536]]}, "properties": {"id": 88, "angle": 44.49, "positions": {"2000": 3160.15, "2001": 2806.2, "2002": 3533.39, "2007": 2456.47, "2008": 2100.31, "2011": 188.17, "2016": 2617.14, "2018": 2626.29, "2020": 3406.64, "2026": 111.0}, "speed_m_per_year": -63.17, "total_change_m": -3049.15, "r_squared": 0.213, "std_error": 42.97, "ci_95_low": -162.27, "ci_95_high": 35.93, "confidence": "low", "risk_class": "high", "total_retreat_m": 3049.2, "outliers_removed": 0, "valid_years": 10, "positions_clean": {"2000": 3160.15, "2001": 2806.2, "2002": 3533.39, "2007": 2456.47, "2008": 2100.31, "2011": 188.17, "2016": 2617.14, "2018": 2626.29, "2020": 3406.64, "2026": 111.0}}}, {"type": "Feature", "geometry": {"type": "LineString", "coordinates": [[51.424148639033305, 43.33039101000738], [51.45342815835398, 43.359091354053234]]}, "properties": {"id": 89, "angle": 44.43, "positions": {"2000": 3152.02, "2001": 2792.33, "2002": 3521.46, "2007": 2446.17, "2008": 2080.2, "2011": 223.44, "2016": 2607.37, "2018": 2617.01, "2020": 3413.59, "2026": 111.0}, "speed_m_per_year": -62.63, "total_change_m": -3041.02, "r_squared": 0.212, "std_error": 42.67, "ci_95_low": -161.02, "ci_95_high": 35.76, "confidence": "low", "risk_class": "high", "total_retreat_m": 3041.0, "outliers_removed": 0, "valid_years": 10, "positions_clean": {"2000": 3152.02, "2001": 2792.33, "2002": 3521.46, "2007": 2446.17, "2008": 2080.2, "2011": 223.44, "2016": 2607.37, "2018": 2617.01, "2020": 3413.59, "2026": 111.0}}}, {"type": "Feature", "geometry": {"type": "LineString", "coordinates": [[51.425623727053654, 43.32888858065179], [51.45500019619294, 43.357489683093974]]}, "properties": {"id": 90, "angle": 44.23, "positions": {"2000": 3143.68, "2001": 2778.13, "2002": 3509.19, "2007": 2435.66, "2008": 2059.73, "2011": 258.76, "2016": 2597.4, "2018": 2607.53, "2020": 3420.79, "2026": 111.0}, "speed_m_per_year": -62.08, "total_change_m": -3032.68, "r_squared": 0.212, "std_error": 42.37, "ci_95_low": -159.78, "ci_95_high": 35.62, "confidence": "low", "risk_class": "high", "total_retreat_m": 3032.7, "outliers_removed": 0, "valid_years": 10, "positions_clean": {"2000": 3143.68, "2001": 2778.13, "2002": 3509.19, "2007": 2435.66, "2008": 2059.73, "2011": 258.76, "2016": 2597.4, "2018": 2607.53, "2020": 3420.79, "2026": 111.0}}}, {"type": "Feature", "geometry": {"type": "LineString", "coordinates": [[51.427099655986225, 43.32738529922164], [51.45653859754308, 43.35592209511768]]}, "properties": {"id": 91, "angle": 44.11, "positions": {"2000": 3135.47, "2001": 2764.13, "2002": 3497.14, "2007": 2425.29, "2008": 2039.47, "2011": 294.1, "2016": 2587.57, "2018": 2598.18, "2020": 3427.87, "2026": 111.0}, "speed_m_per_year": -61.53, "total_change_m": -3024.47, "r_squared": 0.211, "std_error": 42.07, "ci_95_low": -158.56, "ci_95_high": 35.49, "confidence": "low", "risk_class": "high", "total_retreat_m": 3024.5, "outliers_removed": 0, "valid_years": 10, "positions_clean": {"2000": 3135.47, "2001": 2764.13, "2002": 3497.14, "2007": 2425.29, "2008": 2039.47, "2011": 294.1, "2016": 2587.57, "2018": 2598.18, "2020": 3427.87, "2026": 111.0}}}, {"type": "Feature", "geometry": {"type": "LineString", "coordinates": [[51.42857720210509, 43.32588035292843], [51.458012311441756, 43.354421101663156]]}, "properties": {"id": 92, "angle": 44.12, "positions": {"2000": 3127.47, "2001": 2750.47, "2002": 3485.44, "2007": 2415.12, "2008": 2019.58, "2011": 329.37, "2016": 2577.93, "2018": 2589.02, "2020": 3434.7, "2026": 111.0}, "speed_m_per_year": -61.0, "total_change_m": -3016.47, "r_squared": 0.21, "std_error": 41.79, "ci_95_low": -157.36, "ci_95_high": 35.36, "confidence": "low", "risk_class": "high", "total_retreat_m": 3016.5, "outliers_removed": 0, "valid_years": 10, "positions_clean": {"2000": 3127.47, "2001": 2750.47, "2002": 3485.44, "2007": 2415.12, "2008": 2019.58, "2011": 329.37, "2016": 2577.93, "2018": 2589.02, "2020": 3434.7, "2026": 111.0}}}, {"type": "Feature", "geometry": {"type": "LineString", "coordinates": [[51.430056505860065, 43.32437359899955], [51.45941571989613, 43.35299241363581]]}, "properties": {"id": 93, "angle": 44.27, "positions": {"2000": 3119.69, "2001": 2737.16, "2002": 3474.12, "2007": 2405.18, "2008": 2000.07, "2011": 364.55, "2016": 2568.53, "2018": 2580.08, "2020": 3441.23, "2022": 29.77, "2023": 6.16, "2024": 5.97, "2026": 111.0}, "speed_m_per_year": -117.14, "total_change_m": -3008.69, "r_squared": 0.652, "std_error": 27.04, "ci_95_low": -177.38, "ci_95_high": -56.89, "confidence": "low", "risk_class": "high", "total_retreat_m": 3008.7, "outliers_removed": 1, "valid_years": 13, "positions_clean": {"2000": 3119.69, "2001": 2737.16, "2002": 3474.12, "2007": 2405.18, "2008": 2000.07, "2011": 364.55, "2016": 2568.53, "2018": 2580.08, "2020": null, "2022": 29.77, "2023": 6.16, "2024": 5.97, "2026": 111.0}}}, {"type": "Feature", "geometry": {"type": "LineString", "coordinates": [[51.43153762381416, 43.32286500863302], [51.46074656038563, 43.35163718311399]]}, "properties": {"id": 94, "angle": 44.57, "positions": {"2000": 3112.2, "2001": 2724.25, "2002": 3463.26, "2007": 2395.51, "2008": 1980.97, "2011": 399.58, "2016": 2559.4, "2018": 2571.4, "2020": 3447.54, "2022": 60.49, "2023": 36.65, "2024": 36.44, "2026": 111.0}, "speed_m_per_year": -115.85, "total_change_m": -3001.2, "r_squared": 0.655, "std_error": 26.61, "ci_95_low": -175.14, "ci_95_high": -56.56, "confidence": "low", "risk_class": "high", "total_retreat_m": 3001.2, "outliers_removed": 1, "valid_years": 13, "positions_clean": {"2000": 3112.2, "2001": 2724.25, "2002": 3463.26, "2007": 2395.51, "2008": 1980.97, "2011": 399.58, "2016": 2559.4, "2018": 2571.4, "2020": null, "2022": 60.49, "2023": 36.65, "2024": 36.44, "2026": 111.0}}}, {"type": "Feature", "geometry": {"type": "LineString", "coordinates": [[51.43302008009025, 43.32135511513206], [51.46202386799514, 43.35033407797009]]}, "properties": {"id": 95, "angle": 44.98, "positions": {"2000": 3105.03, "2001": 2711.74, "2002": 3452.85, "2007": 2386.11, "2008": 1962.23, "2011": 434.49, "2016": 2550.56, "2018": 2563.01, "2020": 3453.81, "2022": 91.17, "2023": 67.1, "2024": 66.89, "2026": 111.0}, "speed_m_per_year": -114.58, "total_change_m": -2994.03, "r_squared": 0.657, "std_error": 26.19, "ci_95_low": -172.93, "ci_95_high": -56.23, "confidence": "low", "risk_class": "high", "total_retreat_m": 2994.0, "outliers_removed": 1, "valid_years": 13, "positions_clean": {"2000": 3105.03, "2001": 2711.74, "2002": 3452.85, "2007": 2386.11, "2008": 1962.23, "2011": 434.49, "2016": 2550.56, "2018": 2563.01, "2020": null, "2022": 91.17, "2023": 67.1, "2024": 66.89, "2026": 111.0}}}, {"type": "Feature", "geometry": {"type": "LineString", "coordinates": [[51.43450357169561, 43.319844272326165], [51.4632597624337, 43.34906894502295]]}, "properties": {"id": 96, "angle": 45.46, "positions": {"2000": 3098.21, "2001": 2699.62, "2002": 3442.91, "2007": 2377.01, "2008": 1943.82, "2011": 469.27, "2016": 2542.03, "2018": 2554.92, "2020": 3460.18, "2022": 121.8, "2023": 97.5, "2024": 97.28, "2026": 111.0}, "speed_m_per_year": -113.32, "total_change_m": -2987.21, "r_squared": 0.659, "std_error": 25.78, "ci_95_low": -170.75, "ci_95_high": -55.89, "confidence": "low", "risk_class": "high", "total_retreat_m": 2987.2, "outliers_removed": 1, "valid_years": 13, "positions_clean": {"2000": 3098.21, "2001": 2699.62, "2002": 3442.91, "2007": 2377.01, "2008": 1943.82, "2011": 469.27, "2016": 2542.03, "2018": 2554.92, "2020": null, "2022": 121.8, "2023": 97.5, "2024": 97.28, "2026": 111.0}}}, {"type": "Feature", "geometry": {"type": "LineString", "coordinates": [[51.43598789245563, 43.318332728948135], [51.46446249068632, 43.34783183496172]]}, "properties": {"id": 97, "angle": 46.01, "positions": {"2000": 3091.8, "2001": 2687.9, "2002": 3433.47, "2007": 2368.24, "2008": 1925.73, "2011": 503.95, "2016": 2533.85, "2018": 2547.17, "2020": 3466.79, "2022": 152.36, "2023": 127.84, "2024": 127.61, "2026": 111.0}, "speed_m_per_year": -112.09, "total_change_m": -2980.8, "r_squared": 0.661, "std_error": 25.37, "ci_95_low": -168.62, "ci_95_high": -55.55, "confidence": "low", "risk_class": "high", "total_retreat_m": 2980.8, "outliers_removed": 1, "valid_years": 13, "positions_clean": {"2000": 3091.8, "2001": 2687.9, "2002": 3433.47, "2007": 2368.24, "2008": 1925.73, "2011": 503.95, "2016": 2533.85, "2018": 2547.17, "2020": null, "2022": 152.36, "2023": 127.84, "2024": 127.61, "2026": 111.0}}}, {"type": "Feature", "geometry": {"type": "LineString", "coordinates": [[51.43747282215821, 43.31682073600144], [51.465640861236025, 43.34661270764668]]}, "properties": {"id": 98, "angle": 46.6, "positions": {"2000": 3085.82, "2001": 2676.59, "2002": 3424.55, "2007": 2359.8, "2008": 1907.94, "2011": 538.55, "2016": 2526.02, "2018": 2539.78, "2020": 3473.72, "2022": 182.86, "2023": 158.12, "2024": 157.87, "2026": 111.0}, "speed_m_per_year": -110.87, "total_change_m": -2974.82, "r_squared": 0.663, "std_error": 24.98, "ci_95_low": -166.53, "ci_95_high": -55.2, "confidence": "low", "risk_class": "high", "total_retreat_m": 2974.8, "outliers_removed": 1, "valid_years": 13, "positions_clean": {"2000": 3085.82, "2001": 2676.59, "2002": 3424.55, "2007": 2359.8, "2008": 1907.94, "2011": 538.55, "2016": 2526.02, "2018": 2539.78, "2020": null, "2022": 182.86, "2023": 158.12, "2024": 157.87, "2026": 111.0}}}, {"type": "Feature", "geometry": {"type": "LineString", "coordinates": [[51.438960265431604, 43.31531077862555], [51.46680614594889, 43.34540408250228]]}, "properties": {"id": 99, "angle": 47.22, "positions": {"2000": 3079.9, "2001": 2665.3, "2002": 3415.75, "2007": 2351.33, "2008": 1890.04, "2011": 572.74, "2016": 2518.18, "2018": 2532.38, "2020": 3480.69, "2022": 212.97, "2023": 188.0, "2024": 187.74, "2026": 111.0}, "speed_m_per_year": -109.66, "total_change_m": -2968.9, "r_squared": 0.665, "std_error": 24.6, "ci_95_low": -164.48, "ci_95_high": -54.85, "confidence": "low", "risk_class": "high", "total_retreat_m": 2968.9, "outliers_removed": 1, "valid_years": 13, "positions_clean": {"2000": 3079.9, "2001": 2665.3, "2002": 3415.75, "2007": 2351.33, "2008": 1890.04, "2011": 572.74, "2016": 2518.18, "2018": 2532.38, "2020": null, "2022": 212.97, "2023": 188.0, "2024": 187.74, "2026": 111.0}}}, {"type": "Feature", "geometry": {"type": "LineString", "coordinates": [[51.44054805756026, 43.31390734715835], [51.46806593243743, 43.34430087545377]]}, "properties": {"id": 100, "angle": 47.84, "positions": {"2000": 3058.08, "2001": 2638.04, "2002": 3391.08, "2007": 2326.86, "2008": 1856.05, "2011": 590.72, "2016": 2494.37, "2018": 2509.01, "2020": 3471.83, "2022": 226.82, "2023": 201.63, "2024": 201.36, "2026": 111.0}, "speed_m_per_year": -108.26, "total_change_m": -2947.08, "r_squared": 0.666, "std_error": 24.22, "ci_95_low": -162.23, "ci_95_high": -54.3, "confidence": "low", "risk_class": "high", "total_retreat_m": 2947.1, "outliers_removed": 1, "valid_years": 13, "positions_clean": {"2000": 3058.08, "2001": 2638.04, "2002": 3391.08, "2007": 2326.86, "2008": 1856.05, "2011": 590.72, "2016": 2494.37, "2018": 2509.01, "2020": null, "2022": 226.82, "2023": 201.63, "2024": 201.36, "2026": 111.0}}}, {"type": "Feature", "geometry": {"type": "LineString", "coordinates": [[51.44218221666992, 43.312557645055406], [51.469376389055085, 43.343241142057636]]}, "properties": {"id": 101, "angle": 48.45, "positions": {"2000": 3028.64, "2001": 2603.08, "2002": 3358.8, "2007": 2294.68, "2008": 1814.24, "2011": 600.85, "2016": 2462.87, "2018": 2477.95, "2020": 3455.47, "2022": 232.8, "2023": 207.38, "2024": 207.1, "2026": 111.0}, "speed_m_per_year": -106.77, "total_change_m": -2917.64, "r_squared": 0.667, "std_error": 23.84, "ci_95_low": -159.89, "ci_95_high": -53.65, "confidence": "low", "risk_class": "high", "total_retreat_m": 2917.6, "outliers_removed": 1, "valid_years": 13, "positions_clean": {"2000": 3028.64, "2001": 2603.08, "2002": 3358.8, "2007": 2294.68, "2008": 1814.24, "2011": 600.85, "2016": 2462.87, "2018": 2477.95, "2020": null, "2022": 232.8, "2023": 207.38, "2024": 207.1, "2026": 111.0}}}, {"type": "Feature", "geometry": {"type": "LineString", "coordinates": [[51.44381217116467, 43.3112037458241], [51.47069747369055, 43.342158236743714]]}, "properties": {"id": 102, "angle": 49.02, "positions": {"2000": 2999.93, "2001": 2568.77, "2002": 3327.22, "2007": 2263.19, "2008": 1772.99, "2011": 611.71, "2016": 2432.06, "2018": 2447.59, "2020": 3440.04, "2022": 239.46, "2023": 213.81, "2024": 213.52, "2026": 111.0}, "speed_m_per_year": -105.29, "total_change_m": -2888.93, "r_squared": 0.668, "std_error": 23.46, "ci_95_low": -157.56, "ci_95_high": -53.01, "confidence": "low", "risk_class": "high", "total_retreat_m": 2888.9, "outliers_removed": 1, "valid_years": 13, "positions_clean": {"2000": 2999.93, "2001": 2568.77, "2002": 3327.22, "2007": 2263.19, "2008": 1772.99, "2011": 611.71, "2016": 2432.06, "2018": 2447.59, "2020": null, "2022": 239.46, "2023": 213.81, "2024": 213.52, "2026": 111.0}}}, {"type": "Feature", "geometry": {"type": "LineString", "coordinates": [[51.4454414989829, 43.3098505123942], [51.47204362538665, 43.34104869937356]]}, "properties": {"id": 103, "angle": 49.55, "positions": {"2000": 2971.13, "2001": 2534.28, "2002": 3295.48, "2007": 2231.57, "2008": 1731.52, "2011": 622.64, "2016": 2401.14, "2018": 2417.13, "2020": 3424.75, "2022": 246.13, "2023": 220.25, "2024": 219.95, "2026": 111.0}, "speed_m_per_year": -103.8, "total_change_m": -2860.13, "r_squared": 0.669, "std_error": 23.09, "ci_95_low": -155.24, "ci_95_high": -52.35, "confidence": "low", "risk_class": "high", "total_retreat_m": 2860.1, "outliers_removed": 1, "valid_years": 13, "positions_clean": {"2000": 2971.13, "2001": 2534.28, "2002": 3295.48, "2007": 2231.57, "2008": 1731.52, "2011": 622.64, "2016": 2401.14, "2018": 2417.13, "2020": null, "2022": 246.13, "2023": 220.25, "2024": 219.95, "2026": 111.0}}}, {"type": "Feature", "geometry": {"type": "LineString", "coordinates": [[51.44706992894407, 43.30849813981216], [51.47342569136541, 43.33990472808898]]}, "properties": {"id": 104, "angle": 50.0, "positions": {"2000": 2942.04, "2001": 2499.44, "2002": 3263.34, "2007": 2199.69, "2008": 1689.68, "2011": 633.63, "2016": 2369.94, "2018": 2386.39, "2020": 3409.43, "2022": 252.82, "2023": 226.7, "2024": 226.38, "2026": 111.0}, "speed_m_per_year": -102.29, "total_change_m": -2831.04, "r_squared": 0.67, "std_error": 22.72, "ci_95_low": -152.91, "ci_95_high": -51.68, "confidence": "low", "risk_class": "high", "total_retreat_m": 2831.0, "outliers_removed": 1, "valid_years": 13, "positions_clean": {"2000": 2942.04, "2001": 2499.44, "2002": 3263.34, "2007": 2199.69, "2008": 1689.68, "2011": 633.63, "2016": 2369.94, "2018": 2386.39, "2020": null, "2022": 252.82, "2023": 226.7, "2024": 226.38, "2026": 111.0}}}, {"type": "Feature", "geometry": {"type": "LineString", "coordinates": [[51.448697186011294, 43.307146817809276], [51.47485467310162, 43.33871873363837]]}, "properties": {"id": 105, "angle": 50.36, "positions": {"2000": 2912.45, "2001": 2464.06, "2002": 3230.56, "2007": 2167.38, "2008": 1647.36, "2011": 644.68, "2016": 2338.31, "2018": 2355.23, "2020": 3393.92, "2022": 259.51, "2023": 233.15, "2024": 232.83, "2026": 111.0}, "speed_m_per_year": -100.76, "total_change_m": -2801.45, "r_squared": 0.67, "std_error": 22.34, "ci_95_low": -150.55, "ci_95_high": -50.98, "confidence": "low", "risk_class": "high", "total_retreat_m": 2801.4, "outliers_removed": 1, "valid_years": 13, "positions_clean": {"2000": 2912.45, "2001": 2464.06, "2002": 3230.56, "2007": 2167.38, "2008": 1647.36, "2011": 644.68, "2016": 2338.31, "2018": 2355.23, "2020": null, "2022": 259.51, "2023": 233.15, "2024": 232.83, "2026": 111.0}}}, {"type": "Feature", "geometry": {"type": "LineString", "coordinates": [[51.45032299429373, 43.305796734392494], [51.476341606229305, 43.33748319574345]]}, "properties": {"id": 106, "angle": 50.61, "positions": {"2000": 2882.16, "2001": 2427.95, "2002": 3196.9, "2007": 2134.51, "2008": 1604.44, "2011": 655.79, "2016": 2306.08, "2018": 2323.47, "2020": 3378.04, "2022": 266.22, "2023": 239.62, "2024": 239.28, "2026": 111.0}, "speed_m_per_year": -99.21, "total_change_m": -2771.16, "r_squared": 0.671, "std_error": 21.97, "ci_95_low": -148.16, "ci_95_high": -50.26, "confidence": "low", "risk_class": "high", "total_retreat_m": 2771.2, "outliers_removed": 1, "valid_years": 13, "positions_clean": {"2000": 2882.16, "2001": 2427.95, "2002": 3196.9, "2007": 2134.51, "2008": 1604.44, "2011": 655.79, "2016": 2306.08, "2018": 2323.47, "2020": null, "2022": 266.22, "2023": 239.62, "2024": 239.28, "2026": 111.0}}}, {"type": "Feature", "geometry": {"type": "LineString", "coordinates": [[51.45194707662589, 43.30444808365672], [51.47789757736827, 43.33619035060822]]}, "properties": {"id": 107, "angle": 50.73, "positions": {"2000": 2851.0, "2001": 2390.97, "2002": 3162.15, "2007": 2100.95, "2008": 1560.84, "2011": 666.95, "2016": 2273.11, "2018": 2290.98, "2020": 3361.61, "2022": 272.94, "2023": 246.09, "2024": 245.74, "2026": 111.0}, "speed_m_per_year": -97.62, "total_change_m": -2740.0, "r_squared": 0.672, "std_error": 21.59, "ci_95_low": -145.72, "ci_95_high": -49.51, "confidence": "low", "risk_class": "high", "total_retreat_m": 2740.0, "outliers_removed": 1, "valid_years": 13, "positions_clean": {"2000": 2851.0, "2001": 2390.97, "2002": 3162.15, "2007": 2100.95, "2008": 1560.84, "2011": 666.95, "2016": 2273.11, "2018": 2290.98, "2020": null, "2022": 272.94, "2023": 246.09, "2024": 245.74, "2026": 111.0}}}, {"type": "Feature", "geometry": {"type": "LineString", "coordinates": [[51.453569048099936, 43.3031011618238], [51.47953798283187, 43.33482834935891]]}, "properties": {"id": 108, "angle": 50.7, "positions": {"2000": 2818.75, "2001": 2352.93, "2002": 3126.06, "2007": 2066.54, "2008": 1527.18, "2011": 678.18, "2016": 2239.24, "2018": 2257.6, "2020": 3344.48, "2022": 279.66, "2023": 252.56, "2024": 252.2, "2026": 111.0}, "speed_m_per_year": -96.03, "total_change_m": -2707.75, "r_squared": 0.673, "std_error": 21.18, "ci_95_low": -143.23, "ci_95_high": -48.83, "confidence": "low", "risk_class": "high", "total_retreat_m": 2707.8, "outliers_removed": 1, "valid_years": 13, "positions_clean": {"2000": 2818.75, "2001": 2352.93, "2002": 3126.06, "2007": 2066.54, "2008": 1527.18, "2011": 678.18, "2016": 2239.24, "2018": 2257.6, "2020": null, "2022": 279.66, "2023": 252.56, "2024": 252.2, "2026": 111.0}}}, {"type": "Feature", "geometry": {"type": "LineString", "coordinates": [[51.45518872687164, 43.301756124940646], [51.48127009638932, 43.33339095011927]]}, "properties": {"id": 109, "angle": 50.5, "positions": {"2000": 2785.39, "2001": 2313.8, "2002": 3088.59, "2007": 2031.28, "2008": 1498.84, "2011": 689.48, "2016": 2204.45, "2018": 2223.3, "2019": 0.1, "2020": 3326.62, "2022": 286.4, "2023": 259.05, "2024": 258.68, "2026": 111.0}, "speed_m_per_year": -99.27, "total_change_m": -2674.39, "r_squared": 0.667, "std_error": 21.15, "ci_95_low": -145.82, "ci_95_high": -52.71, "confidence": "low", "risk_class": "high", "total_retreat_m": 2674.4, "outliers_removed": 1, "valid_years": 14, "positions_clean": {"2000": 2785.39, "2001": 2313.8, "2002": 3088.59, "2007": 2031.28, "2008": 1498.84, "2011": 689.48, "2016": 2204.45, "2018": 2223.3, "2019": 0.1, "2020": null, "2022": 286.4, "2023": 259.05, "2024": 258.68, "2026": 111.0}}}, {"type": "Feature", "geometry": {"type": "LineString", "coordinates": [[51.45680851646111, 43.30041101241435], [51.48299777723566, 43.331956576604625]]}, "properties": {"id": 110, "angle": 50.3, "positions": {"2000": 2752.14, "2001": 2274.8, "2002": 3051.25, "2007": 1996.12, "2008": 1470.56, "2011": 700.79, "2016": 2169.76, "2018": 2189.1, "2019": 3.35, "2020": 3308.83, "2022": 293.14, "2023": 265.54, "2024": 265.16, "2026": 111.0}, "speed_m_per_year": -97.61, "total_change_m": -2641.14, "r_squared": 0.668, "std_error": 20.75, "ci_95_low": -143.28, "ci_95_high": -51.95, "confidence": "low", "risk_class": "high", "total_retreat_m": 2641.1, "outliers_removed": 1, "valid_years": 14, "positions_clean": {"2000": 2752.14, "2001": 2274.8, "2002": 3051.25, "2007": 1996.12, "2008": 1470.56, "2011": 700.79, "2016": 2169.76, "2018": 2189.1, "2019": 3.35, "2020": null, "2022": 293.14, "2023": 265.54, "2024": 265.16, "2026": 111.0}}}, {"type": "Feature", "geometry": {"type": "LineString", "coordinates": [[51.45843036110593, 43.29906420171764], [51.48464325586806, 43.33059012990683]]}, "properties": {"id": 111, "angle": 50.26, "positions": {"2000": 2719.89, "2001": 2236.77, "2002": 3015.15, "2007": 1961.72, "2008": 1442.73, "2011": 712.03, "2016": 2135.9, "2018": 2155.72, "2019": 6.62, "2020": 3291.68, "2022": 299.86, "2023": 272.02, "2024": 271.63, "2026": 111.0}, "speed_m_per_year": -96.0, "total_change_m": -2608.89, "r_squared": 0.669, "std_error": 20.35, "ci_95_low": -140.8, "ci_95_high": -51.21, "confidence": "low", "risk_class": "high", "total_retreat_m": 2608.9, "outliers_removed": 1, "valid_years": 14, "positions_clean": {"2000": 2719.89, "2001": 2236.77, "2002": 3015.15, "2007": 1961.72, "2008": 1442.73, "2011": 712.03, "2016": 2135.9, "2018": 2155.72, "2019": 6.62, "2020": null, "2022": 299.86, "2023": 272.02, "2024": 271.63, "2026": 111.0}}}, {"type": "Feature", "geometry": {"type": "LineString", "coordinates": [[51.460053046116954, 43.297716692722624], [51.486255119852515, 43.32925161514136]]}, "properties": {"id": 112, "angle": 50.28, "positions": {"2000": 2688.03, "2001": 2199.11, "2002": 2979.54, "2007": 1927.62, "2008": 1415.07, "2011": 723.23, "2016": 2102.36, "2018": 2122.66, "2019": 9.88, "2020": 3274.79, "2022": 306.58, "2023": 278.5, "2024": 278.09, "2026": 111.0}, "speed_m_per_year": -94.41, "total_change_m": -2577.03, "r_squared": 0.67, "std_error": 19.97, "ci_95_low": -138.35, "ci_95_high": -50.46, "confidence": "low", "risk_class": "high", "total_retreat_m": 2577.0, "outliers_removed": 1, "valid_years": 14, "positions_clean": {"2000": 2688.03, "2001": 2199.11, "2002": 2979.54, "2007": 1927.62, "2008": 1415.07, "2011": 723.23, "2016": 2102.36, "2018": 2122.66, "2019": 9.88, "2020": null, "2022": 306.58, "2023": 278.5, "2024": 278.09, "2026": 111.0}}}, {"type": "Feature", "geometry": {"type": "LineString", "coordinates": [[51.46167579503148, 43.2963691308254], [51.48786442769677, 43.32791521646407]]}, "properties": {"id": 113, "angle": 50.3, "positions": {"2000": 2656.19, "2001": 2161.48, "2002": 2943.96, "2007": 1893.54, "2008": 1387.43, "2011": 734.44, "2016": 2068.83, "2018": 2089.63, "2019": 13.14, "2020": 3257.92, "2022": 313.31, "2023": 284.97, "2024": 284.56, "2026": 111.0}, "speed_m_per_year": -92.81, "total_change_m": -2545.19, "r_squared": 0.671, "std_error": 19.58, "ci_95_low": -135.92, "ci_95_high": -49.71, "confidence": "low", "risk_class": "high", "total_retreat_m": 2545.2, "outliers_removed": 1, "valid_years": 14, "positions_clean": {"2000": 2656.19, "2001": 2161.48, "2002": 2943.96, "2007": 1893.54, "2008": 1387.43, "2011": 734.44, "2016": 2068.83, "2018": 2089.63, "2019": 13.14, "2020": null, "2022": 313.31, "2023": 284.97, "2024": 284.56, "2026": 111.0}}}, {"type": "Feature", "geometry": {"type": "LineString", "coordinates": [[51.46329864939187, 43.29502148171412], [51.48946951770674, 43.326582306349195]]}, "properties": {"id": 114, "angle": 50.33, "positions": {"2000": 2624.4, "2001": 2123.89, "2002": 2908.44, "2007": 1859.5, "2008": 1359.8, "2011": 745.64, "2016": 2035.34, "2018": 2056.62, "2019": 16.4, "2020": 3241.08, "2022": 320.03, "2023": 291.45, "2024": 291.02, "2026": 111.0}, "speed_m_per_year": -91.22, "total_change_m": -2513.4, "r_squared": 0.672, "std_error": 19.2, "ci_95_low": -133.49, "ci_95_high": -48.95, "confidence": "low", "risk_class": "high", "total_retreat_m": 2513.4, "outliers_removed": 1, "valid_years": 14, "positions_clean": {"2000": 2624.4, "2001": 2123.89, "2002": 2908.44, "2007": 1859.5, "2008": 1359.8, "2011": 745.64, "2016": 2035.34, "2018": 2056.62, "2019": 16.4, "2020": null, "2022": 320.03, "2023": 291.45, "2024": 291.02, "2026": 111.0}}}, {"type": "Feature", "geometry": {"type": "LineString", "coordinates": [[51.46492158918748, 43.293673762258884], [51.49107119030746, 43.32525220999252]]}, "properties": {"id": 115, "angle": 50.37, "positions": {"2000": 2592.65, "2001": 2086.33, "2002": 2872.95, "2007": 1825.47, "2008": 1332.18, "2011": 756.83, "2016": 2001.88, "2018": 2023.64, "2019": 19.67, "2020": 3224.26, "2022": 326.75, "2023": 297.92, "2024": 297.48, "2026": 111.0}, "speed_m_per_year": -89.63, "total_change_m": -2481.65, "r_squared": 0.673, "std_error": 18.83, "ci_95_low": -131.07, "ci_95_high": -48.19, "confidence": "low", "risk_class": "high", "total_retreat_m": 2481.7, "outliers_removed": 1, "valid_years": 14, "positions_clean": {"2000": 2592.65, "2001": 2086.33, "2002": 2872.95, "2007": 1825.47, "2008": 1332.18, "2011": 756.83, "2016": 2001.88, "2018": 2023.64, "2019": 19.67, "2020": null, "2022": 326.75, "2023": 297.92, "2024": 297.48, "2026": 111.0}}}, {"type": "Feature", "geometry": {"type": "LineString", "coordinates": [[51.466544594390086, 43.29232598930893], [51.49267024662863, 43.323924253424394]]}, "properties": {"id": 116, "angle": 50.42, "positions": {"2000": 2560.91, "2001": 2048.79, "2002": 2837.5, "2007": 1791.46, "2008": 1304.58, "2011": 768.03, "2016": 1968.43, "2018": 1990.68, "2019": 22.93, "2020": 3207.46, "2022": 333.46, "2023": 304.39, "2024": 303.94, "2026": 111.0}, "speed_m_per_year": -88.04, "total_change_m": -2449.91, "r_squared": 0.674, "std_error": 18.46, "ci_95_low": -128.66, "ci_95_high": -47.42, "confidence": "low", "risk_class": "high", "total_retreat_m": 2449.9, "outliers_removed": 1, "valid_years": 14, "positions_clean": {"2000": 2560.91, "2001": 2048.79, "2002": 2837.5, "2007": 1791.46, "2008": 1304.58, "2011": 768.03, "2016": 1968.43, "2018": 1990.68, "2019": 22.93, "2020": null, "2022": 333.46, "2023": 304.39, "2024": 303.94, "2026": 111.0}}}, {"type": "Feature", "geometry": {"type": "LineString", "coordinates": [[51.468167644937544, 43.29097817967297], [51.49426748915574, 43.32259776429684]]}, "properties": {"id": 117, "angle": 50.46, "positions": {"2000": 2529.2, "2001": 2011.25, "2002": 2802.07, "2007": 1757.46, "2008": 1276.97, "2011": 779.22, "2016": 1935.0, "2018": 1957.72, "2019": 26.19, "2020": 3190.68, "2022": 340.18, "2023": 310.87, "2024": 310.41, "2026": 111.0}, "speed_m_per_year": -86.45, "total_change_m": -2418.2, "r_squared": 0.675, "std_error": 18.09, "ci_95_low": -126.26, "ci_95_high": -46.64, "confidence": "low", "risk_class": "high", "total_retreat_m": 2418.2, "outliers_removed": 1, "valid_years": 14, "positions_clean": {"2000": 2529.2, "2001": 2011.25, "2002": 2802.07, "2007": 1757.46, "2008": 1276.97, "2011": 779.22, "2016": 1935.0, "2018": 1957.72, "2019": 26.19, "2020": null, "2022": 340.18, "2023": 310.87, "2024": 310.41, "2026": 111.0}}}, {"type": "Feature", "geometry": {"type": "LineString", "coordinates": [[51.46979096992261, 43.28963065147591], [51.49586397140462, 43.32127237383294]]}, "properties": {"id": 118, "angle": 50.51, "positions": {"2000": 2497.44, "2001": 1973.68, "2002": 2766.59, "2007": 1723.41, "2008": 1249.33, "2011": 790.36, "2016": 1901.52, "2018": 1924.73, "2019": 29.41, "2020": 3173.86, "2022": 346.86, "2023": 317.29, "2024": 316.82, "2026": 111.0}, "speed_m_per_year": -84.86, "total_change_m": -2386.44, "r_squared": 0.676, "std_error": 17.73, "ci_95_low": -123.88, "ci_95_high": -45.85, "confidence": "low", "risk_class": "high", "total_retreat_m": 2386.4, "outliers_removed": 1, "valid_years": 14, "positions_clean": {"2000": 2497.44, "2001": 1973.68, "2002": 2766.59, "2007": 1723.41, "2008": 1249.33, "2011": 790.36, "2016": 1901.52, "2018": 1924.73, "2019": 29.41, "2020": null, "2022": 346.86, "2023": 317.29, "2024": 316.82, "2026": 111.0}}}, {"type": "Feature", "geometry": {"type": "LineString", "coordinates": [[51.47142180447319, 43.28829221651519], [51.497467755106264, 43.31995620956123]]}, "properties": {"id": 119, "angle": 50.56, "positions": {"2000": 2464.37, "2001": 1934.79, "2002": 2729.81, "2007": 1688.05, "2008": 1220.37, "2011": 800.2, "2016": 1866.72, "2018": 1890.42, "2019": 31.32, "2020": 3155.73, "2022": 352.22, "2023": 322.41, "2024": 321.93, "2026": 111.0}, "speed_m_per_year": -83.26, "total_change_m": -2353.37, "r_squared": 0.676, "std_error": 17.37, "ci_95_low": -121.48, "ci_95_high": -45.03, "confidence": "low", "risk_class": "high", "total_retreat_m": 2353.4, "outliers_removed": 1, "valid_years": 14, "positions_clean": {"2000": 2464.37, "2001": 1934.79, "2002": 2729.81, "2007": 1688.05, "2008": 1220.37, "2011": 800.2, "2016": 1866.72, "2018": 1890.42, "2019": 31.32, "2020": null, "2022": 352.22, "2023": 322.41, "2024": 321.93, "2026": 111.0}}}, {"type": "Feature", "geometry": {"type": "LineString", "coordinates": [[51.473055890210354, 43.286957779156815], [51.49907541078955, 43.318643494374065]]}, "properties": {"id": 120, "angle": 50.61, "positions": {"2000": 2430.71, "2001": 1895.31, "2002": 2692.43, "2007": 1652.1, "2008": 1190.83, "2011": 809.46, "2016": 1831.35, "2018": 1855.53, "2019": 32.66, "2020": 3137.02, "2022": 357.02, "2023": 326.96, "2024": 326.47, "2026": 111.0}, "speed_m_per_year": -81.64, "total_change_m": -2319.71, "r_squared": 0.677, "std_error": 17.01, "ci_95_low": -119.09, "ci_95_high": -44.2, "confidence": "low", "risk_class": "high", "total_retreat_m": 2319.7, "outliers_removed": 1, "valid_years": 14, "positions_clean": {"2000": 2430.71, "2001": 1895.31, "2002": 2692.43, "2007": 1652.1, "2008": 1190.83, "2011": 809.46, "2016": 1831.35, "2018": 1855.53, "2019": 32.66, "2020": null, "2022": 357.02, "2023": 326.96, "2024": 326.47, "2026": 111.0}}}, {"type": "Feature", "geometry": {"type": "LineString", "coordinates": [[51.474689654827166, 43.2856230218249], [51.50068419730577, 43.31732923196309]]}, "properties": {"id": 121, "angle": 50.65, "positions": {"2000": 2397.09, "2001": 1855.86, "2002": 2655.08, "2007": 1616.19, "2008": 1161.33, "2011": 818.78, "2016": 1796.0, "2018": 1820.67, "2019": 34.05, "2020": 3118.36, "2022": 361.86, "2023": 331.56, "2024": 331.06, "2026": 111.0}, "speed_m_per_year": -80.03, "total_change_m": -2286.09, "r_squared": 0.677, "std_error": 16.66, "ci_95_low": -116.7, "ci_95_high": -43.35, "confidence": "low", "risk_class": "high", "total_retreat_m": 2286.1, "outliers_removed": 1, "valid_years": 14, "positions_clean": {"2000": 2397.09, "2001": 1855.86, "2002": 2655.08, "2007": 1616.19, "2008": 1161.33, "2011": 818.78, "2016": 1796.0, "2018": 1820.67, "2019": 34.05, "2020": null, "2022": 361.86, "2023": 331.56, "2024": 331.06, "2026": 111.0}}}, {"type": "Feature", "geometry": {"type": "LineString", "coordinates": [[51.476323363709106, 43.284288310920125], [51.50229521321721, 43.31601311246605]]}, "properties": {"id": 122, "angle": 50.69, "positions": {"2000": 2363.43, "2001": 1816.37, "2002": 2617.69, "2007": 1580.25, "2008": 1131.81, "2011": 828.1, "2016": 1760.63, "2018": 1785.78, "2019": 35.43, "2020": 3099.67, "2022": 366.7, "2023": 336.16, "2024": 335.64, "2026": 111.0}, "speed_m_per_year": -78.41, "total_change_m": -2252.43, "r_squared": 0.677, "std_error": 16.32, "ci_95_low": -114.33, "ci_95_high": -42.5, "confidence": "low", "risk_class": "high", "total_retreat_m": 2252.4, "outliers_removed": 1, "valid_years": 14, "positions_clean": {"2000": 2363.43, "2001": 1816.37, "2002": 2617.69, "2007": 1580.25, "2008": 1131.81, "2011": 828.1, "2016": 1760.63, "2018": 1785.78, "2019": 35.43, "2020": null, "2022": 366.7, "2023": 336.16, "2024": 335.64, "2026": 111.0}}}, {"type": "Feature", "geometry": {"type": "LineString", "coordinates": [[51.47795699649549, 43.282953662888445], [51.50390927295021, 43.31469447804525]]}, "properties": {"id": 123, "angle": 50.73, "positions": {"2000": 2329.74, "2001": 1776.85, "2002": 2580.26, "2007": 1544.29, "2008": 1102.28, "2011": 837.42, "2016": 1725.22, "2018": 1750.86, "2019": 36.82, "2020": 3080.96, "2022": 371.55, "2023": 340.76, "2024": 340.23, "2026": 111.0}, "speed_m_per_year": -76.8, "total_change_m": -2218.74, "r_squared": 0.677, "std_error": 15.98, "ci_95_low": -111.97, "ci_95_high": -41.63, "confidence": "low", "risk_class": "high", "total_retreat_m": 2218.7, "outliers_removed": 1, "valid_years": 14, "positions_clean": {"2000": 2329.74, "2001": 1776.85, "2002": 2580.26, "2007": 1544.29, "2008": 1102.28, "2011": 837.42, "2016": 1725.22, "2018": 1750.86, "2019": 36.82, "2020": null, "2022": 371.55, "2023": 340.76, "2024": 340.23, "2026": 111.0}}}, {"type": "Feature", "geometry": {"type": "LineString", "coordinates": [[51.479590532800664, 43.28161909414483], [51.50552719193248, 43.31337267210197]]}, "properties": {"id": 124, "angle": 50.76, "positions": {"2000": 2296.0, "2001": 1737.29, "2002": 2542.77, "2007": 1508.29, "2008": 1072.73, "2011": 846.74, "2016": 1689.78, "2018": 1715.91, "2019": 38.21, "2020": 3062.23, "2022": 376.39, "2023": 345.36, "2024": 344.82, "2026": 111.0}, "speed_m_per_year": -75.18, "total_change_m": -2185.0, "r_squared": 0.677, "std_error": 15.65, "ci_95_low": -109.62, "ci_95_high": -40.74, "confidence": "low", "risk_class": "high", "total_retreat_m": 2185.0, "outliers_removed": 1, "valid_years": 14, "positions_clean": {"2000": 2296.0, "2001": 1737.29, "2002": 2542.77, "2007": 1508.29, "2008": 1072.73, "2011": 846.74, "2016": 1689.78, "2018": 1715.91, "2019": 38.21, "2020": null, "2022": 376.39, "2023": 345.36, "2024": 344.82, "2026": 111.0}}}, {"type": "Feature", "geometry": {"type": "LineString", "coordinates": [[51.48122395223239, 43.28028462109592], [51.50714978585239, 43.312047038370245]]}, "properties": {"id": 125, "angle": 50.78, "positions": {"2000": 2262.21, "2001": 1697.69, "2002": 2505.21, "2007": 1472.25, "2008": 1043.15, "2011": 856.07, "2016": 1654.3, "2018": 1680.91, "2019": 39.6, "2020": 3043.45, "2022": 381.24, "2023": 349.96, "2024": 349.41, "2026": 111.0}, "speed_m_per_year": -73.56, "total_change_m": -2151.21, "r_squared": 0.677, "std_error": 15.32, "ci_95_low": -107.28, "ci_95_high": -39.84, "confidence": "low", "risk_class": "high", "total_retreat_m": 2151.2, "outliers_removed": 1, "valid_years": 14, "positions_clean": {"2000": 2262.21, "2001": 1697.69, "2002": 2505.21, "2007": 1472.25, "2008": 1043.15, "2011": 856.07, "2016": 1654.3, "2018": 1680.91, "2019": 39.6, "2020": null, "2022": 381.24, "2023": 349.96, "2024": 349.41, "2026": 111.0}}}, {"type": "Feature", "geometry": {"type": "LineString", "coordinates": [[51.4828572288052, 43.278950264745326], [51.50877809412901, 43.310716736706574]]}, "properties": {"id": 126, "angle": 50.79, "positions": {"2000": 2228.36, "2001": 1658.02, "2002": 2467.58, "2007": 1436.17, "2008": 1013.56, "2011": 865.41, "2016": 1618.78, "2018": 1645.87, "2019": 40.98, "2020": 3024.63, "2022": 386.09, "2023": 354.56, "2024": 354.0, "2026": 111.0}, "speed_m_per_year": -71.94, "total_change_m": -2117.36, "r_squared": 0.677, "std_error": 15.0, "ci_95_low": -104.95, "ci_95_high": -38.93, "confidence": "low", "risk_class": "high", "total_retreat_m": 2117.4, "outliers_removed": 1, "valid_years": 14, "positions_clean": {"2000": 2228.36, "2001": 1658.02, "2002": 2467.58, "2007": 1436.17, "2008": 1013.56, "2011": 865.41, "2016": 1618.78, "2018": 1645.87, "2019": 40.98, "2020": null, "2022": 386.09, "2023": 354.56, "2024": 354.0, "2026": 111.0}}}, {"type": "Feature", "geometry": {"type": "LineString", "coordinates": [[51.48449012962329, 43.27761621508923], [51.51042143259432, 43.30937416726226]]}, "properties": {"id": 127, "angle": 50.77, "positions": {"2000": 2194.37, "2001": 1618.24, "2002": 2429.77, "2007": 1399.99, "2008": 983.91, "2011": 874.76, "2016": 1673.53, "2018": 1610.72, "2019": 42.37, "2020": 3005.7, "2022": 390.94, "2023": 359.16, "2024": 358.59, "2026": 111.0}, "speed_m_per_year": -70.1, "total_change_m": -2083.37, "r_squared": 0.663, "std_error": 15.07, "ci_95_low": -103.27, "ci_95_high": -36.94, "confidence": "low", "risk_class": "high", "total_retreat_m": 2083.4, "outliers_removed": 1, "valid_years": 14, "positions_clean": {"2000": 2194.37, "2001": 1618.24, "2002": 2429.77, "2007": 1399.99, "2008": 983.91, "2011": 874.76, "2016": 1673.53, "2018": 1610.72, "2019": 42.37, "2020": null, "2022": 390.94, "2023": 359.16, "2024": 358.59, "2026": 111.0}}}, {"type": "Feature", "geometry": {"type": "LineString", "coordinates": [[51.4861226690129, 43.276282461028366], [51.51207922819876, 43.308019774009004]]}, "properties": {"id": 128, "angle": 50.72, "positions": {"2000": 2160.23, "2001": 1578.34, "2002": 2391.79, "2007": 1363.73, "2008": 954.21, "2011": 884.12, "2016": 1799.4, "2018": 1575.47, "2019": 43.76, "2020": 2986.66, "2022": 395.79, "2023": 363.77, "2024": 363.19, "2026": 111.0}, "speed_m_per_year": -68.1, "total_change_m": -2049.23, "r_squared": 0.636, "std_error": 15.52, "ci_95_low": -102.25, "ci_95_high": -33.94, "confidence": "low", "risk_class": "high", "total_retreat_m": 2049.2, "outliers_removed": 1, "valid_years": 14, "positions_clean": {"2000": 2160.23, "2001": 1578.34, "2002": 2391.79, "2007": 1363.73, "2008": 954.21, "2011": 884.12, "2016": 1799.4, "2018": 1575.47, "2019": 43.76, "2020": null, "2022": 395.79, "2023": 363.77, "2024": 363.19, "2026": 111.0}}}, {"type": "Feature", "geometry": {"type": "LineString", "coordinates": [[51.48775541135907, 43.274948541570986], [51.5137289055406, 43.306671996616146]]}, "properties": {"id": 129, "angle": 50.69, "positions": {"2000": 2126.19, "2001": 1538.51, "2002": 2353.92, "2007": 1327.52, "2008": 924.54, "2011": 893.48, "2016": 1925.11, "2018": 1540.29, "2019": 45.15, "2020": 2967.68, "2022": 400.64, "2023": 368.37, "2024": 367.78, "2026": 111.0}, "speed_m_per_year": -66.09, "total_change_m": -2015.19, "r_squared": 0.606, "std_error": 16.06, "ci_95_low": -101.44, "ci_95_high": -30.75, "confidence": "low", "risk_class": "high", "total_retreat_m": 2015.2, "outliers_removed": 1, "valid_years": 14, "positions_clean": {"2000": 2126.19, "2001": 1538.51, "2002": 2353.92, "2007": 1327.52, "2008": 924.54, "2011": 893.48, "2016": 1925.11, "2018": 1540.29, "2019": 45.15, "2020": null, "2022": 400.64, "2023": 368.37, "2024": 367.78, "2026": 111.0}}}, {"type": "Feature", "geometry": {"type": "LineString", "coordinates": [[51.4893886186307, 43.273614241644125], [51.515359985864585, 43.305339438002896]]}, "properties": {"id": 130, "angle": 50.7, "positions": {"2000": 2092.32, "2001": 1498.84, "2002": 2316.26, "2007": 1291.43, "2008": 894.94, "2011": 902.81, "2016": 2050.28, "2018": 1505.23, "2019": 46.53, "2020": 2948.84, "2022": 405.49, "2023": 372.98, "2024": 372.37, "2026": 111.0}, "speed_m_per_year": -66.96, "total_change_m": -1981.32, "r_squared": 0.724, "std_error": 13.08, "ci_95_low": -96.09, "ci_95_high": -37.82, "confidence": "low", "risk_class": "high", "total_retreat_m": 1981.3, "outliers_removed": 2, "valid_years": 14, "positions_clean": {"2000": 2092.32, "2001": 1498.84, "2002": 2316.26, "2007": 1291.43, "2008": 894.94, "2011": 902.81, "2016": null, "2018": 1505.23, "2019": 46.53, "2020": null, "2022": 405.49, "2023": 372.98, "2024": 372.37, "2026": 111.0}}}, {"type": "Feature", "geometry": {"type": "LineString", "coordinates": [[51.4910221417674, 43.272279683287714], [51.51697843158503, 43.304017216570934]]}, "properties": {"id": 131, "angle": 50.72, "positions": {"2000": 2058.56, "2001": 1459.25, "2002": 2278.75, "2007": 1255.41, "2008": 865.37, "2011": 912.14, "2016": 2174.99, "2018": 1470.26, "2019": 47.92, "2020": 2930.09, "2022": 410.34, "2023": 377.58, "2024": 376.96, "2026": 111.0}, "speed_m_per_year": -65.28, "total_change_m": -1947.56, "r_squared": 0.72, "std_error": 12.86, "ci_95_low": -93.94, "ci_95_high": -36.62, "confidence": "low", "risk_class": "high", "total_retreat_m": 1947.6, "outliers_removed": 2, "valid_years": 14, "positions_clean": {"2000": 2058.56, "2001": 1459.25, "2002": 2278.75, "2007": 1255.41, "2008": 865.37, "2011": 912.14, "2016": null, "2018": 1470.26, "2019": 47.92, "2020": null, "2022": 410.34, "2023": 377.58, "2024": 376.96, "2026": 111.0}}}, {"type": "Feature", "geometry": {"type": "LineString", "coordinates": [[51.49265588906338, 43.27094494212769], [51.518587910934684, 43.30270230728393]]}, "properties": {"id": 132, "angle": 50.77, "positions": {"2000": 2024.88, "2001": 1419.73, "2002": 2241.33, "2007": 1219.44, "2008": 835.83, "2011": 921.45, "2016": 2299.29, "2018": 1435.34, "2019": 49.31, "2020": 2911.41, "2022": 415.18, "2023": 382.17, "2024": 381.55, "2026": 111.0}, "speed_m_per_year": -63.61, "total_change_m": -1913.88, "r_squared": 0.716, "std_error": 12.66, "ci_95_low": -91.82, "ci_95_high": -35.4, "confidence": "low", "risk_class": "high", "total_retreat_m": 1913.9, "outliers_removed": 2, "valid_years": 14, "positions_clean": {"2000": 2024.88, "2001": 1419.73, "2002": 2241.33, "2007": 1219.44, "2008": 835.83, "2011": 921.45, "2016": null, "2018": 1435.34, "2019": 49.31, "2020": null, "2022": 415.18, "2023": 382.17, "2024": 381.55, "2026": 111.0}}}, {"type": "Feature", "geometry": {"type": "LineString", "coordinates": [[51.494289828944325, 43.26961004474793], [51.52018968688633, 43.30139364678709]]}, "properties": {"id": 133, "angle": 50.82, "positions": {"2000": 1991.26, "2001": 1380.24, "2002": 2203.99, "2007": 1183.5, "2008": 806.31, "2011": 930.76, "2016": 2423.19, "2018": 1400.46, "2019": 50.7, "2020": 2892.78, "2022": 420.02, "2023": 386.77, "2024": 386.13, "2026": 111.0}, "speed_m_per_year": -61.94, "total_change_m": -1880.26, "r_squared": 0.712, "std_error": 12.47, "ci_95_low": -89.72, "ci_95_high": -34.16, "confidence": "low", "risk_class": "high", "total_retreat_m": 1880.3, "outliers_removed": 2, "valid_years": 14, "positions_clean": {"2000": 1991.26, "2001": 1380.24, "2002": 2203.99, "2007": 1183.5, "2008": 806.31, "2011": 930.76, "2016": null, "2018": 1400.46, "2019": 50.7, "2020": null, "2022": 420.02, "2023": 386.77, "2024": 386.13, "2026": 111.0}}}, {"type": "Feature", "geometry": {"type": "LineString", "coordinates": [[51.495923925214164, 43.268275021540006], [51.5217852072811, 43.300090019416075]]}, "properties": {"id": 134, "angle": 50.89, "positions": {"2000": 1957.69, "2001": 1340.79, "2002": 2166.7, "2007": 1147.58, "2008": 776.79, "2011": 940.06, "2016": 2546.7, "2018": 1365.61, "2019": 52.09, "2020": 2874.2, "2022": 424.86, "2023": 391.37, "2024": 390.72, "2026": 111.0}, "speed_m_per_year": -60.27, "total_change_m": -1846.69, "r_squared": 0.706, "std_error": 12.29, "ci_95_low": -87.66, "ci_95_high": -32.89, "confidence": "low", "risk_class": "high", "total_retreat_m": 1846.7, "outliers_removed": 2, "valid_years": 14, "positions_clean": {"2000": 1957.69, "2001": 1340.79, "2002": 2166.7, "2007": 1147.58, "2008": 776.79, "2011": 940.06, "2016": null, "2018": 1365.61, "2019": 52.09, "2020": null, "2022": 424.86, "2023": 391.37, "2024": 390.72, "2026": 111.0}}}, {"type": "Feature", "geometry": {"type": "LineString", "coordinates": [[51.497558141620694, 43.2669399028288], [51.52337592220892, 43.29879021217578]]}, "properties": {"id": 135, "angle": 50.97, "positions": {"2000": 1924.15, "2001": 1301.36, "2002": 2129.45, "2007": 1111.67, "2008": 747.29, "2011": 949.35, "2016": 2669.85, "2018": 1330.78, "2019": 53.47, "2020": 2855.65, "2022": 429.7, "2023": 395.96, "2024": 395.3, "2026": 111.0}, "speed_m_per_year": -58.6, "total_change_m": -1813.15, "r_squared": 0.7, "std_error": 12.12, "ci_95_low": -85.62, "ci_95_high": -31.59, "confidence": "low", "risk_class": "high", "total_retreat_m": 1813.2, "outliers_removed": 2, "valid_years": 14, "positions_clean": {"2000": 1924.15, "2001": 1301.36, "2002": 2129.45, "2007": 1111.67, "2008": 747.29, "2011": 949.35, "2016": null, "2018": 1330.78, "2019": 53.47, "2020": null, "2022": 429.7, "2023": 395.96, "2024": 395.3, "2026": 111.0}}}, {"type": "Feature", "geometry": {"type": "LineString", "coordinates": [[51.499192441802684, 43.26560471880751], [51.524963286117966, 43.2974930173397]]}, "properties": {"id": 136, "angle": 51.06, "positions": {"2000": 1890.62, "2001": 1261.93, "2002": 2092.23, "2007": 1075.77, "2008": 717.77, "2011": 958.65, "2016": 2792.67, "2018": 1295.95, "2019": 54.86, "2020": 2837.13, "2022": 434.54, "2023": 400.56, "2024": 399.88, "2026": 111.0}, "speed_m_per_year": -56.94, "total_change_m": -1779.62, "r_squared": 0.693, "std_error": 11.97, "ci_95_low": -83.61, "ci_95_high": -30.27, "confidence": "low", "risk_class": "high", "total_retreat_m": 1779.6, "outliers_removed": 2, "valid_years": 14, "positions_clean": {"2000": 1890.62, "2001": 1261.93, "2002": 2092.23, "2007": 1075.77, "2008": 717.77, "2011": 958.65, "2016": null, "2018": 1295.95, "2019": 54.86, "2020": null, "2022": 434.54, "2023": 400.56, "2024": 399.88, "2026": 111.0}}}, {"type": "Feature", "geometry": {"type": "LineString", "coordinates": [[51.50082713304398, 43.26426992402], [51.52654910313787, 43.29619765889877]]}, "properties": {"id": 137, "angle": 51.14, "positions": {"2000": 1857.05, "2001": 1222.43, "2002": 2054.95, "2007": 1039.8, "2008": 688.2, "2011": 967.88, "2016": 2915.16, "2018": 1261.06, "2019": 56.19, "2020": 2818.57, "2022": 439.32, "2023": 405.09, "2024": 404.41, "2026": 111.0}, "speed_m_per_year": -55.27, "total_change_m": -1746.05, "r_squared": 0.686, "std_error": 11.83, "ci_95_low": -81.63, "ci_95_high": -28.91, "confidence": "low", "risk_class": "high", "total_retreat_m": 1746.0, "outliers_removed": 2, "valid_years": 14, "positions_clean": {"2000": 1857.05, "2001": 1222.43, "2002": 2054.95, "2007": 1039.8, "2008": 688.2, "2011": 967.88, "2016": null, "2018": 1261.06, "2019": 56.19, "2020": null, "2022": 439.32, "2023": 405.09, "2024": 404.41, "2026": 111.0}}}, {"type": "Feature", "geometry": {"type": "LineString", "coordinates": [[51.502475032306364, 43.26295146724687], [51.5281476940927, 43.29491886371272]]}, "properties": {"id": 138, "angle": 51.23, "positions": {"2000": 1821.13, "2001": 1180.58, "2002": 2015.32, "2007": 1001.48, "2008": 656.28, "2011": 974.78, "2016": 2193.79, "2018": 1223.83, "2019": 55.18, "2020": 2797.68, "2022": 441.77, "2023": 407.3, "2024": 406.6, "2026": 111.0}, "speed_m_per_year": -50.18, "total_change_m": -1710.13, "r_squared": 0.434, "std_error": 17.29, "ci_95_low": -88.23, "ci_95_high": -12.13, "confidence": "low", "risk_class": "high", "total_retreat_m": 1710.1, "outliers_removed": 1, "valid_years": 14, "positions_clean": {"2000": 1821.13, "2001": 1180.58, "2002": 2015.32, "2007": 1001.48, "2008": 656.28, "2011": 974.78, "2016": 2193.79, "2018": 1223.83, "2019": 55.18, "2020": null, "2022": 441.77, "2023": 407.3, "2024": 406.6, "2026": 111.0}}}, {"type": "Feature", "geometry": {"type": "LineString", "coordinates": [[51.504129005327016, 43.26164067601265], [51.52975343599504, 43.29364674657652]]}, "properties": {"id": 139, "angle": 51.32, "positions": {"2000": 1784.1, "2001": 1137.63, "2002": 1974.58, "2007": 962.05, "2008": 623.26, "2011": 980.6, "2016": 2856.48, "2018": 1185.49, "2019": 53.09, "2020": 2775.69, "2022": 443.14, "2023": 408.41, "2024": 407.71, "2026": 111.0}, "speed_m_per_year": -51.87, "total_change_m": -1673.1, "r_squared": 0.667, "std_error": 11.59, "ci_95_low": -77.69, "ci_95_high": -26.05, "confidence": "low", "risk_class": "high", "total_retreat_m": 1673.1, "outliers_removed": 2, "valid_years": 14, "positions_clean": {"2000": 1784.1, "2001": 1137.63, "2002": 1974.58, "2007": 962.05, "2008": 623.26, "2011": 980.6, "2016": null, "2018": 1185.49, "2019": 53.09, "2020": null, "2022": 443.14, "2023": 408.41, "2024": 407.71, "2026": 111.0}}}, {"type": "Feature", "geometry": {"type": "LineString", "coordinates": [[51.50578239050283, 43.2603292762258], [51.53136118575107, 43.292371829707825]]}, "properties": {"id": 140, "angle": 51.4, "positions": {"2000": 1747.13, "2001": 1094.72, "2002": 1933.9, "2007": 922.69, "2008": 590.32, "2011": 986.51, "2016": 2567.55, "2018": 1147.21, "2019": 51.1, "2020": 2753.78, "2022": 444.59, "2023": 409.63, "2024": 408.91, "2026": 111.0}, "speed_m_per_year": -50.15, "total_change_m": -1636.13, "r_squared": 0.656, "std_error": 11.49, "ci_95_low": -75.75, "ci_95_high": -24.56, "confidence": "low", "risk_class": "high", "total_retreat_m": 1636.1, "outliers_removed": 2, "valid_years": 14, "positions_clean": {"2000": 1747.13, "2001": 1094.72, "2002": 1933.9, "2007": 922.69, "2008": 590.32, "2011": 986.51, "2016": null, "2018": 1147.21, "2019": 51.1, "2020": null, "2022": 444.59, "2023": 409.63, "2024": 408.91, "2026": 111.0}}}, {"type": "Feature", "geometry": {"type": "LineString", "coordinates": [[51.507435675173916, 43.25901795904144], [51.532972955696025, 43.291093608739224]]}, "properties": {"id": 141, "angle": 51.47, "positions": {"2000": 1710.12, "2001": 1051.78, "2002": 1893.16, "2007": 883.3, "2008": 557.35, "2011": 992.43, "2016": 2939.44, "2018": 1108.9, "2019": 49.1, "2020": 2731.83, "2022": 446.05, "2023": 410.84, "2024": 410.11, "2026": 111.0}, "speed_m_per_year": -48.44, "total_change_m": -1599.12, "r_squared": 0.643, "std_error": 11.4, "ci_95_low": -73.85, "ci_95_high": -23.04, "confidence": "low", "risk_class": "high", "total_retreat_m": 1599.1, "outliers_removed": 2, "valid_years": 14, "positions_clean": {"2000": 1710.12, "2001": 1051.78, "2002": 1893.16, "2007": 883.3, "2008": 557.35, "2011": 992.43, "2016": null, "2018": 1108.9, "2019": 49.1, "2020": null, "2022": 446.05, "2023": 410.84, "2024": 410.11, "2026": 111.0}}}, {"type": "Feature", "geometry": {"type": "LineString", "coordinates": [[51.50908882201904, 43.25770675345831], [51.5345902386797, 43.28981092372168]]}, "properties": {"id": 142, "angle": 51.54, "positions": {"2000": 1673.05, "2001": 1008.79, "2002": 1852.34, "2007": 843.87, "2008": 524.37, "2011": 998.36, "2016": 3002.49, "2018": 1070.55, "2019": 47.1, "2020": 2709.84, "2022": 447.51, "2023": 412.06, "2024": 411.32, "2026": 111.0}, "speed_m_per_year": -46.73, "total_change_m": -1562.05, "r_squared": 0.63, "std_error": 11.33, "ci_95_low": -71.98, "ci_95_high": -21.48, "confidence": "low", "risk_class": "high", "total_retreat_m": 1562.0, "outliers_removed": 2, "valid_years": 14, "positions_clean": {"2000": 1673.05, "2001": 1008.79, "2002": 1852.34, "2007": 843.87, "2008": 524.37, "2011": 998.36, "2016": null, "2018": 1070.55, "2019": 47.1, "2020": null, "2022": 447.51, "2023": 412.06, "2024": 411.32, "2026": 111.0}}}, {"type": "Feature", "geometry": {"type": "LineString", "coordinates": [[51.510741793636235, 43.25639568837137], [51.53621453078033, 43.288522618856376]]}, "properties": {"id": 143, "angle": 51.59, "positions": {"2000": 1635.91, "2001": 965.75, "2002": 1811.45, "2007": 804.4, "2008": 491.36, "2011": 1004.29, "2016": 262.32, "2018": 1032.14, "2019": 45.1, "2020": 2687.79, "2022": 448.98, "2023": 413.27, "2024": 412.52, "2026": 111.0}, "speed_m_per_year": -45.9, "total_change_m": -1524.91, "r_squared": 0.601, "std_error": 11.27, "ci_95_low": -70.69, "ci_95_high": -21.1, "confidence": "low", "risk_class": "high", "total_retreat_m": 1524.9, "outliers_removed": 1, "valid_years": 14, "positions_clean": {"2000": 1635.91, "2001": 965.75, "2002": 1811.45, "2007": 804.4, "2008": 491.36, "2011": 1004.29, "2016": 262.32, "2018": 1032.14, "2019": 45.1, "2020": null, "2022": 448.98, "2023": 413.27, "2024": 412.52, "2026": 111.0}}}, {"type": "Feature", "geometry": {"type": "LineString", "coordinates": [[51.51239455260189, 43.25508479264623], [51.537847328942654, 43.287227539519314]]}, "properties": {"id": 144, "angle": 51.63, "positions": {"2000": 1598.7, "2001": 922.65, "2002": 1770.47, "2007": 764.88, "2008": 458.33, "2011": 1010.23, "2016": 308.56, "2018": 993.69, "2019": 43.11, "2020": 2665.68, "2022": 450.44, "2023": 414.49, "2024": 413.73, "2026": 111.0}, "speed_m_per_year": -44.04, "total_change_m": -1487.7, "r_squared": 0.59, "std_error": 11.07, "ci_95_low": -68.41, "ci_95_high": -19.67, "confidence": "low", "risk_class": "high", "total_retreat_m": 1487.7, "outliers_removed": 1, "valid_years": 14, "positions_clean": {"2000": 1598.7, "2001": 922.65, "2002": 1770.47, "2007": 764.88, "2008": 458.33, "2011": 1010.23, "2016": 308.56, "2018": 993.69, "2019": 43.11, "2020": null, "2022": 450.44, "2023": 414.49, "2024": 413.73, "2026": 111.0}}}, {"type": "Feature", "geometry": {"type": "LineString", "coordinates": [[51.51404706721155, 43.25377409072559], [51.539489901345064, 43.28592470800201]]}, "properties": {"id": 145, "angle": 51.64, "positions": {"2000": 1561.41, "2001": 879.5, "2002": 1729.38, "2007": 725.33, "2008": 425.29, "2011": 1016.17, "2016": 354.8, "2018": 955.19, "2019": 41.11, "2020": 2643.49, "2022": 451.9, "2023": 415.71, "2024": 414.93, "2026": 111.0}, "speed_m_per_year": -42.18, "total_change_m": -1450.41, "r_squared": 0.576, "std_error": 10.92, "ci_95_low": -66.21, "ci_95_high": -18.14, "confidence": "low", "risk_class": "high", "total_retreat_m": 1450.4, "outliers_removed": 1, "valid_years": 14, "positions_clean": {"2000": 1561.41, "2001": 879.5, "2002": 1729.38, "2007": 725.33, "2008": 425.29, "2011": 1016.17, "2016": 354.8, "2018": 955.19, "2019": 41.11, "2020": null, "2022": 451.9, "2023": 415.71, "2024": 414.93, "2026": 111.0}}}, {"type": "Feature", "geometry": {"type": "LineString", "coordinates": [[51.51569909923969, 43.25246377082326], [51.54115177700796, 43.28460659575239]]}, "properties": {"id": 146, "angle": 51.63, "positions": {"2000": 1523.98, "2001": 836.26, "2002": 1688.12, "2007": 685.71, "2008": 392.21, "2011": 1022.13, "2016": 401.06, "2018": 916.6, "2019": 39.11, "2020": 2621.15, "2022": 453.37, "2023": 416.93, "2024": 416.14, "2026": 111.0}, "speed_m_per_year": -40.31, "total_change_m": -1412.98, "r_squared": 0.559, "std_error": 10.8, "ci_95_low": -64.09, "ci_95_high": -16.53, "confidence": "low", "risk_class": "high", "total_retreat_m": 1413.0, "outliers_removed": 1, "valid_years": 14, "positions_clean": {"2000": 1523.98, "2001": 836.26, "2002": 1688.12, "2007": 685.71, "2008": 392.21, "2011": 1022.13, "2016": 401.06, "2018": 916.6, "2019": 39.11, "2020": null, "2022": 453.37, "2023": 416.93, "2024": 416.14, "2026": 111.0}}}, {"type": "Feature", "geometry": {"type": "LineString", "coordinates": [[51.51735056743435, 43.25115389813017], [51.54283620601008, 43.283270595133246]]}, "properties": {"id": 147, "angle": 51.57, "positions": {"2000": 1486.39, "2001": 792.93, "2002": 1646.68, "2007": 646.03, "2008": 359.11, "2011": 1028.11, "2016": 447.39, "2018": 877.92, "2019": 37.12, "2020": 2598.63, "2022": 454.83, "2023": 418.14, "2024": 417.35, "2026": 111.0}, "speed_m_per_year": -38.44, "total_change_m": -1375.39, "r_squared": 0.538, "std_error": 10.73, "ci_95_low": -62.06, "ci_95_high": -14.82, "confidence": "low", "risk_class": "high", "total_retreat_m": 1375.4, "outliers_removed": 1, "valid_years": 14, "positions_clean": {"2000": 1486.39, "2001": 792.93, "2002": 1646.68, "2007": 646.03, "2008": 359.11, "2011": 1028.11, "2016": 447.39, "2018": 877.92, "2019": 37.12, "2020": null, "2022": 454.83, "2023": 418.14, "2024": 417.35, "2026": 111.0}}}, {"type": "Feature", "geometry": {"type": "LineString", "coordinates": [[51.519002184123345, 43.249843908720926], [51.544514695238874, 43.28193926316016]]}, "properties": {"id": 148, "angle": 51.52, "positions": {"2000": 1448.85, "2001": 749.65, "2002": 1605.29, "2007": 606.38, "2008": 326.03, "2011": 1034.08, "2016": 493.71, "2018": 839.28, "2019": 35.12, "2020": 2576.17, "2022": 456.3, "2023": 419.36, "2024": 418.56, "2026": 111.0}, "speed_m_per_year": -36.56, "total_change_m": -1337.85, "r_squared": 0.515, "std_error": 10.7, "ci_95_low": -60.12, "ci_95_high": -13.01, "confidence": "low", "risk_class": "high", "total_retreat_m": 1337.8, "outliers_removed": 1, "valid_years": 14, "positions_clean": {"2000": 1448.85, "2001": 749.65, "2002": 1605.29, "2007": 606.38, "2008": 326.03, "2011": 1034.08, "2016": 493.71, "2018": 839.28, "2019": 35.12, "2020": null, "2022": 456.3, "2023": 419.36, "2024": 418.56, "2026": 111.0}}}, {"type": "Feature", "geometry": {"type": "LineString", "coordinates": [[51.520654421108034, 43.24853342668906], [51.54616837263998, 43.2806276360924]]}, "properties": {"id": 149, "angle": 51.52, "positions": {"2000": 1411.49, "2001": 706.46, "2002": 1564.12, "2007": 566.81, "2008": 292.98, "2011": 1040.03, "2016": 539.99, "2018": 800.74, "2019": 87.37, "2020": 2553.9, "2022": 457.76, "2023": 420.58, "2024": 419.76, "2026": 111.0}, "speed_m_per_year": -34.42, "total_change_m": -1300.49, "r_squared": 0.493, "std_error": 10.53, "ci_95_low": -57.6, "ci_95_high": -11.23, "confidence": "low", "risk_class": "high", "total_retreat_m": 1300.5, "outliers_removed": 1, "valid_years": 14, "positions_clean": {"2000": 1411.49, "2001": 706.46, "2002": 1564.12, "2007": 566.81, "2008": 292.98, "2011": 1040.03, "2016": 539.99, "2018": 800.74, "2019": 87.37, "2020": null, "2022": 457.76, "2023": 420.58, "2024": 419.76, "2026": 111.0}}}, {"type": "Feature", "geometry": {"type": "LineString", "coordinates": [[51.522307047759156, 43.247222635016115], [51.54780646338405, 43.279328394667445]]}, "properties": {"id": 150, "angle": 51.54, "positions": {"2000": 1374.23, "2001": 663.33, "2002": 1523.08, "2007": 527.27, "2008": 259.94, "2011": 1045.97, "2016": 586.22, "2018": 762.25, "2019": 197.92, "2020": 2531.74, "2022": 459.22, "2023": 421.8, "2024": 420.97, "2026": 111.0}, "speed_m_per_year": -31.97, "total_change_m": -1263.23, "r_squared": 0.468, "std_error": 10.29, "ci_95_low": -54.61, "ci_95_high": -9.33, "confidence": "low", "risk_class": "high", "total_retreat_m": 1263.2, "outliers_removed": 1, "valid_years": 14, "positions_clean": {"2000": 1374.23, "2001": 663.33, "2002": 1523.08, "2007": 527.27, "2008": 259.94, "2011": 1045.97, "2016": 586.22, "2018": 762.25, "2019": 197.92, "2020": null, "2022": 459.22, "2023": 421.8, "2024": 420.97, "2026": 111.0}}}, {"type": "Feature", "geometry": {"type": "LineString", "coordinates": [[51.52395991865986, 43.24591164985642], [51.549434784143976, 43.278036892712564]]}, "properties": {"id": 151, "angle": 51.59, "positions": {"2000": 1337.03, "2001": 620.22, "2002": 1482.1, "2007": 487.74, "2008": 226.89, "2011": 1051.9, "2016": 632.41, "2018": 723.79, "2019": 308.38, "2020": 2509.65, "2022": 460.69, "2023": 423.01, "2024": 422.17, "2026": 111.0}, "speed_m_per_year": -29.53, "total_change_m": -1226.03, "r_squared": 0.433, "std_error": 10.18, "ci_95_low": -51.93, "ci_95_high": -7.12, "confidence": "low", "risk_class": "high", "total_retreat_m": 1226.0, "outliers_removed": 1, "valid_years": 14, "positions_clean": {"2000": 1337.03, "2001": 620.22, "2002": 1482.1, "2007": 487.74, "2008": 226.89, "2011": 1051.9, "2016": 632.41, "2018": 723.79, "2019": 308.38, "2020": null, "2022": 460.69, "2023": 423.01, "2024": 422.17, "2026": 111.0}}}, {"type": "Feature", "geometry": {"type": "LineString", "coordinates": [[51.525613003583636, 43.24460049603847], [51.55105454398176, 43.27675213708789]]}, "properties": {"id": 152, "angle": 51.65, "positions": {"2000": 1299.87, "2001": 577.12, "2002": 1441.18, "2007": 448.22, "2008": 193.85, "2011": 1057.83, "2016": 511.17, "2018": 685.35, "2019": 418.73, "2020": 2487.62, "2022": 462.15, "2023": 424.23, "2024": 423.38, "2026": 111.0}, "speed_m_per_year": -27.47, "total_change_m": -1188.87, "r_squared": 0.399, "std_error": 10.17, "ci_95_low": -49.85, "ci_95_high": -5.08, "confidence": "low", "risk_class": "high", "total_retreat_m": 1188.9, "outliers_removed": 1, "valid_years": 14, "positions_clean": {"2000": 1299.87, "2001": 577.12, "2002": 1441.18, "2007": 448.22, "2008": 193.85, "2011": 1057.83, "2016": 511.17, "2018": 685.35, "2019": 418.73, "2020": null, "2022": 462.15, "2023": 424.23, "2024": 423.38, "2026": 111.0}}}, {"type": "Feature", "geometry": {"type": "LineString", "coordinates": [[51.527266263567626, 43.24328920539203], [51.55266730141073, 43.275472854602356]]}, "properties": {"id": 153, "angle": 51.72, "positions": {"2000": 1262.74, "2001": 534.02, "2002": 1400.29, "2007": 408.69, "2008": 160.79, "2011": 1063.75, "2018": 646.91, "2019": 528.93, "2020": 2465.64, "2022": 463.61, "2023": 425.45, "2024": 424.58, "2026": 111.0}, "speed_m_per_year": -25.03, "total_change_m": -1151.74, "r_squared": 0.348, "std_error": 10.82, "ci_95_low": -49.15, "ci_95_high": -0.92, "confidence": "low", "risk_class": "high", "total_retreat_m": 1151.7, "outliers_removed": 1, "valid_years": 13, "positions_clean": {"2000": 1262.74, "2001": 534.02, "2002": 1400.29, "2007": 408.69, "2008": 160.79, "2011": 1063.75, "2018": 646.91, "2019": 528.93, "2020": null, "2022": 463.61, "2023": 425.45, "2024": 424.58, "2026": 111.0}}}, {"type": "Feature", "geometry": {"type": "LineString", "coordinates": [[51.52891965959781, 43.24197780968492], [51.554274616992004, 43.274197774544284]]}, "properties": {"id": 154, "angle": 51.8, "positions": {"2000": 1225.63, "2001": 490.91, "2002": 1359.43, "2007": 369.16, "2008": 127.73, "2011": 1069.67, "2018": 608.47, "2019": 638.96, "2020": 2443.69, "2022": 465.07, "2023": 426.66, "2024": 425.79, "2026": 111.0}, "speed_m_per_year": -22.71, "total_change_m": -1114.63, "r_squared": 0.296, "std_error": 11.09, "ci_95_low": -47.41, "ci_95_high": 1.99, "confidence": "low", "risk_class": "high", "total_retreat_m": 1114.6, "outliers_removed": 1, "valid_years": 13, "positions_clean": {"2000": 1225.63, "2001": 490.91, "2002": 1359.43, "2007": 369.16, "2008": 127.73, "2011": 1069.67, "2018": 608.47, "2019": 638.96, "2020": null, "2022": 465.07, "2023": 426.66, "2024": 425.79, "2026": 111.0}}}, {"type": "Feature", "geometry": {"type": "LineString", "coordinates": [[51.53057315254756, 43.24066634054512], [51.555878055790856, 43.27292563179349]]}, "properties": {"id": 155, "angle": 51.89, "positions": {"2000": 1188.52, "2001": 447.79, "2002": 1318.58, "2007": 329.61, "2008": 94.65, "2011": 1075.59, "2018": 570.03, "2019": 748.8, "2020": 2421.78, "2022": 466.53, "2023": 427.88, "2024": 426.99, "2026": 111.0}, "speed_m_per_year": -20.38, "total_change_m": -1077.52, "r_squared": 0.24, "std_error": 11.47, "ci_95_low": -45.93, "ci_95_high": 5.16, "confidence": "low", "risk_class": "high", "total_retreat_m": 1077.5, "outliers_removed": 1, "valid_years": 13, "positions_clean": {"2000": 1188.52, "2001": 447.79, "2002": 1318.58, "2007": 329.61, "2008": 94.65, "2011": 1075.59, "2018": 570.03, "2019": 748.8, "2020": null, "2022": 466.53, "2023": 427.88, "2024": 426.99, "2026": 111.0}}}, {"type": "Feature", "geometry": {"type": "LineString", "coordinates": [[51.53222636357034, 43.23935440260721], [51.557478849625284, 43.271654742358436]]}, "properties": {"id": 156, "angle": 51.98, "positions": {"2000": 1151.47, "2001": 404.71, "2002": 1277.78, "2007": 290.1, "2008": 61.61, "2011": 1081.57, "2018": 531.63, "2019": 858.52, "2020": 2399.94, "2022": 468.06, "2023": 429.16, "2024": 428.26, "2026": 111.0}, "speed_m_per_year": -18.06, "total_change_m": -1040.47, "r_squared": 0.186, "std_error": 11.95, "ci_95_low": -44.69, "ci_95_high": 8.57, "confidence": "low", "risk_class": "medium", "total_retreat_m": 1040.5, "outliers_removed": 1, "valid_years": 13, "positions_clean": {"2000": 1151.47, "2001": 404.71, "2002": 1277.78, "2007": 290.1, "2008": 61.61, "2011": 1081.57, "2018": 531.63, "2019": 858.52, "2020": null, "2022": 468.06, "2023": 429.16, "2024": 428.26, "2026": 111.0}}}, {"type": "Feature", "geometry": {"type": "LineString", "coordinates": [[51.53389134837019, 43.238057429815065], [51.55909067253457, 43.2703992612669]]}, "properties": {"id": 157, "angle": 52.08, "positions": {"2000": 1112.29, "2001": 359.49, "2002": 1234.85, "2007": 248.46, "2008": 26.45, "2011": 1085.44, "2018": 491.1, "2019": 965.96, "2020": 2375.99, "2022": 467.47, "2023": 428.32, "2024": 427.41, "2026": 111.0}, "speed_m_per_year": -15.71, "total_change_m": -1001.29, "r_squared": 0.136, "std_error": 12.53, "ci_95_low": -43.62, "ci_95_high": 12.2, "confidence": "low", "risk_class": "medium", "total_retreat_m": 1001.3, "outliers_removed": 1, "valid_years": 13, "positions_clean": {"2000": 1112.29, "2001": 359.49, "2002": 1234.85, "2007": 248.46, "2008": 26.45, "2011": 1085.44, "2018": 491.1, "2019": 965.96, "2020": null, "2022": 467.47, "2023": 428.32, "2024": 427.41, "2026": 111.0}}}, {"type": "Feature", "geometry": {"type": "LineString", "coordinates": [[51.535565460846485, 43.23677228316216], [51.560712504971065, 43.26915478108614]]}, "properties": {"id": 158, "angle": 52.17, "positions": {"2000": 1071.44, "2001": 312.58, "2002": 1190.23, "2007": 205.14, "2011": 1087.66, "2018": 448.88, "2019": 1071.6, "2020": 2350.37, "2022": 465.22, "2023": 425.83, "2024": 424.91, "2026": 111.0}, "speed_m_per_year": -17.19, "total_change_m": -960.44, "r_squared": 0.183, "std_error": 12.09, "ci_95_low": -44.54, "ci_95_high": 10.16, "confidence": "low", "risk_class": "medium", "total_retreat_m": 960.4, "outliers_removed": 1, "valid_years": 12, "positions_clean": {"2000": 1071.44, "2001": 312.58, "2002": 1190.23, "2007": 205.14, "2011": 1087.66, "2018": 448.88, "2019": 1071.6, "2020": null, "2022": 465.22, "2023": 425.83, "2024": 424.91, "2026": 111.0}}}, {"type": "Feature", "geometry": {"type": "LineString", "coordinates": [[51.53723891663253, 43.23548641173678], [51.56233619724363, 43.267907492932935]]}, "properties": {"id": 159, "angle": 52.26, "positions": {"2000": 1030.65, "2001": 265.75, "2002": 1145.68, "2007": 161.9, "2011": 1089.98, "2018": 406.75, "2019": 1177.22, "2020": 2324.84, "2022": 463.09, "2023": 423.45, "2024": 422.52, "2026": 111.0}, "speed_m_per_year": -14.89, "total_change_m": -919.65, "r_squared": 0.129, "std_error": 12.91, "ci_95_low": -44.1, "ci_95_high": 14.33, "confidence": "low", "risk_class": "medium", "total_retreat_m": 919.7, "outliers_removed": 1, "valid_years": 12, "positions_clean": {"2000": 1030.65, "2001": 265.75, "2002": 1145.68, "2007": 161.9, "2011": 1089.98, "2018": 406.75, "2019": 1177.22, "2020": null, "2022": 463.09, "2023": 423.45, "2024": 422.52, "2026": 111.0}}}, {"type": "Feature", "geometry": {"type": "LineString", "coordinates": [[51.53891227098942, 43.23420062156929], [51.56396394668289, 43.26665695446365]]}, "properties": {"id": 160, "angle": 52.34, "positions": {"2000": 989.83, "2001": 218.88, "2002": 1101.09, "2007": 118.63, "2011": 1092.31, "2018": 364.59, "2019": 1282.77, "2020": 2299.27, "2022": 460.95, "2023": 421.07, "2024": 420.13, "2026": 111.0}, "speed_m_per_year": -12.58, "total_change_m": -878.83, "r_squared": 0.085, "std_error": 13.8, "ci_95_low": -43.8, "ci_95_high": 18.64, "confidence": "low", "risk_class": "medium", "total_retreat_m": 878.8, "outliers_removed": 1, "valid_years": 12, "positions_clean": {"2000": 989.83, "2001": 218.88, "2002": 1101.09, "2007": 118.63, "2011": 1092.31, "2018": 364.59, "2019": 1282.77, "2020": null, "2022": 460.95, "2023": 421.07, "2024": 420.13, "2026": 111.0}}}, {"type": "Feature", "geometry": {"type": "LineString", "coordinates": [[51.54058548371933, 43.2329149429149], [51.56559736120123, 43.26540195547116]]}, "properties": {"id": 161, "angle": 52.41, "positions": {"2000": 948.96, "2001": 172.0, "2002": 1056.44, "2007": 75.34, "2011": 1094.65, "2018": 322.4, "2019": 1322.48, "2020": 2273.66, "2022": 458.82, "2023": 418.69, "2024": 417.73, "2026": 111.0}, "speed_m_per_year": -1.1, "total_change_m": -837.96, "r_squared": 0.0, "std_error": 21.07, "ci_95_low": -48.04, "ci_95_high": 45.85, "confidence": "low", "risk_class": "low", "total_retreat_m": 838.0, "outliers_removed": 0, "valid_years": 12, "positions_clean": {"2000": 948.96, "2001": 172.0, "2002": 1056.44, "2007": 75.34, "2011": 1094.65, "2018": 322.4, "2019": 1322.48, "2020": 2273.66, "2022": 458.82, "2023": 418.69, "2024": 417.73, "2026": 111.0}}}, {"type": "Feature", "geometry": {"type": "LineString", "coordinates": [[51.54225851452521, 43.23162940589723], [51.56723805268103, 43.26414129100901]]}, "properties": {"id": 162, "angle": 52.46, "positions": {"2000": 908.05, "2001": 125.08, "2002": 1011.73, "2007": 32.04, "2011": 1096.99, "2017": 4532.78, "2018": 280.19, "2019": 1319.65, "2020": 2247.99, "2022": 456.68, "2023": 416.31, "2024": 415.34, "2026": 111.0}, "speed_m_per_year": 0.57, "total_change_m": -797.05, "r_squared": 0.0, "std_error": 21.12, "ci_95_low": -46.49, "ci_95_high": 47.63, "confidence": "low", "risk_class": "low", "total_retreat_m": 797.0, "outliers_removed": 1, "valid_years": 13, "positions_clean": {"2000": 908.05, "2001": 125.08, "2002": 1011.73, "2007": 32.04, "2011": 1096.99, "2017": null, "2018": 280.19, "2019": 1319.65, "2020": 2247.99, "2022": 456.68, "2023": 416.31, "2024": 415.34, "2026": 111.0}}}, {"type": "Feature", "geometry": {"type": "LineString", "coordinates": [[51.54393132307381, 43.23034404059031], [51.5688876344518, 43.26287375811759]]}, "properties": {"id": 163, "angle": 52.51, "positions": {"2000": 867.08, "2001": 78.15, "2002": 966.96, "2011": 1099.33, "2014": 4538.64, "2017": 4485.05, "2018": 237.95, "2019": 1316.81, "2020": 2222.25, "2022": 454.54, "2023": 413.92, "2024": 412.95, "2026": 111.0}, "speed_m_per_year": -3.39, "total_change_m": -756.08, "r_squared": 0.003, "std_error": 21.65, "ci_95_low": -52.36, "ci_95_high": 45.59, "confidence": "low", "risk_class": "low", "total_retreat_m": 756.1, "outliers_removed": 2, "valid_years": 13, "positions_clean": {"2000": 867.08, "2001": 78.15, "2002": 966.96, "2011": 1099.33, "2014": null, "2017": null, "2018": 237.95, "2019": 1316.81, "2020": 2222.25, "2022": 454.54, "2023": 413.92, "2024": 412.95, "2026": 111.0}}}, {"type": "Feature", "geometry": {"type": "LineString", "coordinates": [[51.545603868943154, 43.2290588772208], [51.57054772339252, 43.261598147729046]]}, "properties": {"id": 164, "angle": 52.53, "positions": {"2000": 826.06, "2001": 31.21, "2002": 922.12, "2011": 1101.67, "2014": 4508.92, "2017": 4437.02, "2018": 195.7, "2019": 1313.96, "2020": 2196.43, "2022": 452.41, "2023": 411.54, "2024": 410.55, "2026": 111.0}, "speed_m_per_year": -1.8, "total_change_m": -715.06, "r_squared": 0.001, "std_error": 21.69, "ci_95_low": -50.86, "ci_95_high": 47.26, "confidence": "low", "risk_class": "low", "total_retreat_m": 715.1, "outliers_removed": 2, "valid_years": 13, "positions_clean": {"2000": 826.06, "2001": 31.21, "2002": 922.12, "2011": 1101.67, "2014": null, "2017": null, "2018": 195.7, "2019": 1313.96, "2020": 2196.43, "2022": 452.41, "2023": 411.54, "2024": 410.55, "2026": 111.0}}}, {"type": "Feature", "geometry": {"type": "LineString", "coordinates": [[51.54727609756029, 43.22777395714208], [51.57222050242179, 43.26031280570968]]}, "properties": {"id": 165, "angle": 52.53, "positions": {"2000": 784.99, "2002": 877.22, "2011": 1104.02, "2014": 4478.97, "2017": 4388.62, "2018": 153.44, "2019": 1311.11, "2020": 2170.52, "2022": 450.27, "2023": 409.15, "2024": 408.16, "2026": 111.0}, "speed_m_per_year": -15.13, "total_change_m": -673.99, "r_squared": 0.048, "std_error": 23.7, "ci_95_low": -69.79, "ci_95_high": 39.53, "confidence": "low", "risk_class": "medium", "total_retreat_m": 674.0, "outliers_removed": 2, "valid_years": 12, "positions_clean": {"2000": 784.99, "2002": 877.22, "2011": 1104.02, "2014": null, "2017": null, "2018": 153.44, "2019": 1311.11, "2020": 2170.52, "2022": 450.27, "2023": 409.15, "2024": 408.16, "2026": 111.0}}}, {"type": "Feature", "geometry": {"type": "LineString", "coordinates": [[51.54894796020189, 43.226489317765804], [51.57390792047231, 43.25901623559242]]}, "properties": {"id": 166, "angle": 52.5, "positions": {"2000": 743.87, "2002": 832.25, "2011": 1106.37, "2014": 4448.76, "2017": 4339.82, "2018": 111.18, "2019": 1308.25, "2020": 2144.5, "2022": 448.13, "2023": 406.77, "2024": 405.76, "2026": 111.0}, "speed_m_per_year": -13.66, "total_change_m": -632.87, "r_squared": 0.04, "std_error": 23.74, "ci_95_low": -68.4, "ci_95_high": 41.08, "confidence": "low", "risk_class": "medium", "total_retreat_m": 632.9, "outliers_removed": 2, "valid_years": 12, "positions_clean": {"2000": 743.87, "2002": 832.25, "2011": 1106.37, "2014": null, "2017": null, "2018": 111.18, "2019": 1308.25, "2020": 2144.5, "2022": 448.13, "2023": 406.77, "2024": 405.76, "2026": 111.0}}}, {"type": "Feature", "geometry": {"type": "LineString", "coordinates": [[51.550619763088925, 43.22520472458027], [51.57559772870592, 43.25771781784493]]}, "properties": {"id": 167, "angle": 52.47, "positions": {"2000": 702.75, "2002": 787.29, "2011": 1108.73, "2014": 4418.52, "2017": 4290.96, "2018": 68.93, "2019": 1305.39, "2020": 2118.47, "2022": 445.99, "2023": 404.38, "2024": 403.36, "2026": 111.0}, "speed_m_per_year": -12.18, "total_change_m": -591.75, "r_squared": 0.032, "std_error": 23.79, "ci_95_low": -67.03, "ci_95_high": 42.67, "confidence": "low", "risk_class": "medium", "total_retreat_m": 591.8, "outliers_removed": 2, "valid_years": 12, "positions_clean": {"2000": 702.75, "2002": 787.29, "2011": 1108.73, "2014": null, "2017": null, "2018": 68.93, "2019": 1305.39, "2020": 2118.47, "2022": 445.99, "2023": 404.38, "2024": 403.36, "2026": 111.0}}}, {"type": "Feature", "geometry": {"type": "LineString", "coordinates": [[51.55229186892611, 43.223919898867216], [51.57727541893319, 43.256428701198956]]}, "properties": {"id": 168, "angle": 52.46, "positions": {"2000": 661.67, "2002": 742.38, "2011": 1111.08, "2014": 4388.49, "2017": 4242.45, "2018": 26.68, "2019": 1302.54, "2020": 2092.53, "2022": 443.85, "2023": 402.0, "2024": 400.96, "2026": 111.0}, "speed_m_per_year": -10.71, "total_change_m": -550.67, "r_squared": 0.025, "std_error": 23.85, "ci_95_low": -65.7, "ci_95_high": 44.29, "confidence": "low", "risk_class": "medium", "total_retreat_m": 550.7, "outliers_removed": 2, "valid_years": 12, "positions_clean": {"2000": 661.67, "2002": 742.38, "2011": 1111.08, "2014": null, "2017": null, "2018": 26.68, "2019": 1302.54, "2020": 2092.53, "2022": 443.85, "2023": 402.0, "2024": 400.96, "2026": 111.0}}}, {"type": "Feature", "geometry": {"type": "LineString", "coordinates": [[51.55396414573594, 43.222634941778665], [51.578946270254676, 43.25514483957196]]}, "properties": {"id": 169, "angle": 52.46, "positions": {"2000": 620.61, "2002": 697.49, "2011": 1113.42, "2014": 4358.58, "2017": 4194.11, "2019": 1299.69, "2020": 2066.63, "2022": 441.71, "2023": 399.61, "2024": 398.57, "2026": 111.0}, "speed_m_per_year": -7.64, "total_change_m": -509.61, "r_squared": 0.015, "std_error": 23.4, "ci_95_low": -62.98, "ci_95_high": 47.7, "confidence": "low", "risk_class": "low", "total_retreat_m": 509.6, "outliers_removed": 2, "valid_years": 11, "positions_clean": {"2000": 620.61, "2002": 697.49, "2011": 1113.42, "2014": null, "2017": null, "2019": 1299.69, "2020": 2066.63, "2022": 441.71, "2023": 399.61, "2024": 398.57, "2026": 111.0}}}, {"type": "Feature", "geometry": {"type": "LineString", "coordinates": [[51.55563642829629, 43.22134998027404], [51.580616891555636, 43.25386115458916]]}, "properties": {"id": 170, "angle": 52.46, "positions": {"2000": 579.56, "2002": 652.61, "2011": 1115.77, "2014": 4328.68, "2017": 4145.78, "2019": 1296.84, "2020": 2040.73, "2022": 439.57, "2023": 397.23, "2024": 396.17, "2026": 111.0}, "speed_m_per_year": -6.11, "total_change_m": -468.56, "r_squared": 0.01, "std_error": 23.32, "ci_95_low": -61.25, "ci_95_high": 49.03, "confidence": "low", "risk_class": "low", "total_retreat_m": 468.6, "outliers_removed": 2, "valid_years": 11, "positions_clean": {"2000": 579.56, "2002": 652.61, "2011": 1115.77, "2014": null, "2017": null, "2019": 1296.84, "2020": 2040.73, "2022": 439.57, "2023": 397.23, "2024": 396.17, "2026": 111.0}}}, {"type": "Feature", "geometry": {"type": "LineString", "coordinates": [[51.55730872433719, 43.22006500841598], [51.58228697363462, 43.25257788374307]]}, "properties": {"id": 171, "angle": 52.47, "positions": {"2000": 538.5, "2002": 607.73, "2011": 1118.12, "2014": 4298.78, "2017": 4097.47, "2019": 1293.99, "2020": 2014.84, "2022": 437.43, "2023": 394.84, "2024": 393.78, "2026": 111.0}, "speed_m_per_year": -4.57, "total_change_m": -427.5, "r_squared": 0.005, "std_error": 23.25, "ci_95_low": -59.54, "ci_95_high": 50.4, "confidence": "low", "risk_class": "low", "total_retreat_m": 427.5, "outliers_removed": 2, "valid_years": 11, "positions_clean": {"2000": 538.5, "2002": 607.73, "2011": 1118.12, "2014": null, "2017": null, "2019": 1293.99, "2020": 2014.84, "2022": 437.43, "2023": 394.84, "2024": 393.78, "2026": 111.0}}}, {"type": "Feature", "geometry": {"type": "LineString", "coordinates": [[51.55898103131418, 43.21878002816331], [51.583956618269156, 43.251294948680744]]}, "properties": {"id": 172, "angle": 52.47, "positions": {"2000": 497.45, "2002": 562.84, "2011": 1120.46, "2014": 4268.89, "2017": 4049.16, "2019": 1291.14, "2020": 1988.95, "2022": 435.29, "2023": 392.46, "2024": 391.38, "2026": 111.0}, "speed_m_per_year": -3.03, "total_change_m": -386.45, "r_squared": 0.002, "std_error": 23.18, "ci_95_low": -57.84, "ci_95_high": 51.77, "confidence": "low", "risk_class": "low", "total_retreat_m": 386.4, "outliers_removed": 2, "valid_years": 11, "positions_clean": {"2000": 497.45, "2002": 562.84, "2011": 1120.46, "2014": null, "2017": null, "2019": 1291.14, "2020": 1988.95, "2022": 435.29, "2023": 392.46, "2024": 391.38, "2026": 111.0}}}, {"type": "Feature", "geometry": {"type": "LineString", "coordinates": [[51.560653346682635, 43.217495041474585], [51.58562592724615, 43.25001227106136]]}, "properties": {"id": 173, "angle": 52.48, "positions": {"2000": 456.39, "2002": 517.96, "2011": 1122.81, "2014": 4239.01, "2017": 4000.87, "2019": 1288.29, "2020": 1963.06, "2022": 433.16, "2023": 390.07, "2024": 388.98, "2026": 111.0}, "speed_m_per_year": -1.5, "total_change_m": -345.39, "r_squared": 0.001, "std_error": 23.12, "ci_95_low": -56.17, "ci_95_high": 53.17, "confidence": "low", "risk_class": "low", "total_retreat_m": 345.4, "outliers_removed": 2, "valid_years": 11, "positions_clean": {"2000": 456.39, "2002": 517.96, "2011": 1122.81, "2014": null, "2017": null, "2019": 1288.29, "2020": 1963.06, "2022": 433.16, "2023": 390.07, "2024": 388.98, "2026": 111.0}}}, {"type": "Feature", "geometry": {"type": "LineString", "coordinates": [[51.56232566789737, 43.216210050307694], [51.58729500237133, 43.248729772568616]]}, "properties": {"id": 174, "angle": 52.48, "positions": {"2000": 415.33, "2002": 473.08, "2011": 1125.16, "2014": 4209.12, "2017": 3952.57, "2019": 1285.44, "2020": 1937.18, "2022": 431.02, "2023": 387.69, "2024": 386.59, "2026": 111.0}, "speed_m_per_year": 0.04, "total_change_m": -304.33, "r_squared": 0.0, "std_error": 23.07, "ci_95_low": -54.52, "ci_95_high": 54.6, "confidence": "low", "risk_class": "low", "total_retreat_m": 304.3, "outliers_removed": 2, "valid_years": 11, "positions_clean": {"2000": 415.33, "2002": 473.08, "2011": 1125.16, "2014": null, "2017": null, "2019": 1285.44, "2020": 1937.18, "2022": 431.02, "2023": 387.69, "2024": 386.59, "2026": 111.0}}}, {"type": "Feature", "geometry": {"type": "LineString", "coordinates": [[51.56399799997321, 43.214925066471906], [51.58896395303693, 43.247447384772116]]}, "properties": {"id": 175, "angle": 52.49, "positions": {"2000": 374.27, "2002": 428.19, "2011": 1127.5, "2014": 4179.24, "2017": 3904.28, "2019": 1282.59, "2020": 1911.29, "2022": 428.88, "2023": 385.3, "2024": 384.19, "2026": 111.0}, "speed_m_per_year": 1.58, "total_change_m": -263.27, "r_squared": 0.001, "std_error": 23.03, "ci_95_low": -52.88, "ci_95_high": 56.04, "confidence": "low", "risk_class": "low", "total_retreat_m": 263.3, "outliers_removed": 2, "valid_years": 11, "positions_clean": {"2000": 374.27, "2002": 428.19, "2011": 1127.5, "2014": null, "2017": null, "2019": 1282.59, "2020": 1911.29, "2022": 428.88, "2023": 385.3, "2024": 384.19, "2026": 111.0}}}, {"type": "Feature", "geometry": {"type": "LineString", "coordinates": [[51.56567117170181, 43.213641174671906], [51.59063371244316, 43.246166112177406]]}, "properties": {"id": 176, "angle": 52.49, "positions": {"2000": 333.06, "2002": 383.15, "2011": 1129.7, "2014": 4149.21, "2017": 3855.83, "2019": 1279.58, "2020": 1885.25, "2022": 426.59, "2023": 382.76, "2024": 381.64, "2026": 111.0}, "speed_m_per_year": 3.11, "total_change_m": -222.06, "r_squared": 0.003, "std_error": 23.0, "ci_95_low": -51.27, "ci_95_high": 57.5, "confidence": "low", "risk_class": "low", "total_retreat_m": 222.1, "outliers_removed": 2, "valid_years": 11, "positions_clean": {"2000": 333.06, "2002": 383.15, "2011": 1129.7, "2014": null, "2017": null, "2019": 1279.58, "2020": 1885.25, "2022": 426.59, "2023": 382.76, "2024": 381.64, "2026": 111.0}}}, {"type": "Feature", "geometry": {"type": "LineString", "coordinates": [[51.56734479388643, 43.21235787375465], [51.592303995835024, 43.24488537347549]]}, "properties": {"id": 177, "angle": 52.5, "positions": {"2000": 291.76, "2002": 338.02, "2011": 1131.81, "2014": 4119.09, "2017": 3807.29, "2019": 1276.5, "2020": 1859.12, "2022": 424.21, "2023": 380.14, "2024": 379.01, "2026": 111.0}, "speed_m_per_year": 4.65, "total_change_m": -180.76, "r_squared": 0.006, "std_error": 22.97, "ci_95_low": -49.67, "ci_95_high": 58.98, "confidence": "low", "risk_class": "low", "total_retreat_m": 180.8, "outliers_removed": 2, "valid_years": 11, "positions_clean": {"2000": 291.76, "2002": 338.02, "2011": 1131.81, "2014": null, "2017": null, "2019": 1276.5, "2020": 1859.12, "2022": 424.21, "2023": 380.14, "2024": 379.01, "2026": 111.0}}}, {"type": "Feature", "geometry": {"type": "LineString", "coordinates": [[51.5690183743683, 43.21107452745628], [51.59397441552812, 43.24360445228911]]}, "properties": {"id": 178, "angle": 52.51, "positions": {"2000": 250.47, "2002": 292.9, "2011": 1133.92, "2014": 4088.97, "2017": 3758.76, "2019": 1273.42, "2020": 1833.0, "2022": 421.84, "2023": 377.53, "2024": 376.38, "2026": 111.0}, "speed_m_per_year": 6.19, "total_change_m": -139.47, "r_squared": 0.01, "std_error": 22.96, "ci_95_low": -48.09, "ci_95_high": 60.48, "confidence": "low", "risk_class": "low", "total_retreat_m": 139.5, "outliers_removed": 2, "valid_years": 11, "positions_clean": {"2000": 250.47, "2002": 292.9, "2011": 1133.92, "2014": null, "2017": null, "2019": 1273.42, "2020": 1833.0, "2022": 421.84, "2023": 377.53, "2024": 376.38, "2026": 111.0}}}, {"type": "Feature", "geometry": {"type": "LineString", "coordinates": [[51.570691947959745, 43.20979118645495], [51.59564511083865, 43.24232331922147]]}, "properties": {"id": 179, "angle": 52.51, "positions": {"2000": 209.17, "2002": 247.78, "2011": 1136.04, "2014": 4058.85, "2017": 3710.22, "2019": 1270.34, "2020": 1806.88, "2022": 419.47, "2023": 374.91, "2024": 373.76, "2026": 111.0}, "speed_m_per_year": 7.73, "total_change_m": -98.17, "r_squared": 0.016, "std_error": 22.95, "ci_95_low": -46.53, "ci_95_high": 62.0, "confidence": "low", "risk_class": "low", "total_retreat_m": 98.2, "outliers_removed": 2, "valid_years": 11, "positions_clean": {"2000": 209.17, "2002": 247.78, "2011": 1136.04, "2014": null, "2017": null, "2019": 1270.34, "2020": 1806.88, "2022": 419.47, "2023": 374.91, "2024": 373.76, "2026": 111.0}}}, {"type": "Feature", "geometry": {"type": "LineString", "coordinates": [[51.57236551211128, 43.20850785270293], [51.59731618374483, 43.24104189618103]]}, "properties": {"id": 180, "angle": 52.52, "positions": {"2000": 167.88, "2002": 202.65, "2011": 1138.16, "2014": 4028.72, "2017": 3661.66, "2019": 1267.26, "2020": 1780.76, "2022": 417.11, "2023": 372.3, "2024": 371.13, "2026": 111.0}, "speed_m_per_year": 9.27, "total_change_m": -56.88, "r_squared": 0.023, "std_error": 22.95, "ci_95_low": -45.0, "ci_95_high": 63.55, "confidence": "low", "risk_class": "low", "total_retreat_m": 56.9, "outliers_removed": 2, "valid_years": 11, "positions_clean": {"2000": 167.88, "2002": 202.65, "2011": 1138.16, "2014": null, "2017": null, "2019": 1267.26, "2020": 1780.76, "2022": 417.11, "2023": 372.3, "2024": 371.13, "2026": 111.0}}}, {"type": "Feature", "geometry": {"type": "LineString", "coordinates": [[51.57403906427311, 43.20722452815203], [51.598987736240105, 43.2397601050961]]}, "properties": {"id": 181, "angle": 52.52, "positions": {"2000": 126.58, "2002": 157.52, "2011": 1140.28, "2014": 3998.58, "2017": 3613.1, "2019": 1264.18, "2020": 1754.63, "2022": 414.74, "2023": 369.68, "2024": 368.51, "2026": 111.0}, "speed_m_per_year": 10.81, "total_change_m": -15.58, "r_squared": 0.031, "std_error": 22.96, "ci_95_low": -43.48, "ci_95_high": 65.11, "confidence": "low", "risk_class": "low", "total_retreat_m": 15.6, "outliers_removed": 2, "valid_years": 11, "positions_clean": {"2000": 126.58, "2002": 157.52, "2011": 1140.28, "2014": null, "2017": null, "2019": 1264.18, "2020": 1754.63, "2022": 414.74, "2023": 369.68, "2024": 368.51, "2026": 111.0}}}, {"type": "Feature", "geometry": {"type": "LineString", "coordinates": [[51.575712602495976, 43.205941214293276], [51.60065984629326, 43.23847788632529]]}, "properties": {"id": 182, "angle": 52.52, "positions": {"2000": 85.28, "2002": 112.4, "2011": 1142.39, "2014": 3968.44, "2017": 3564.52, "2019": 1261.1, "2020": 1728.5, "2022": 412.37, "2023": 367.07, "2024": 365.88, "2026": 111.0}, "speed_m_per_year": 12.35, "total_change_m": 25.72, "r_squared": 0.04, "std_error": 22.98, "ci_95_low": -41.99, "ci_95_high": 66.69, "confidence": "low", "risk_class": "low", "total_retreat_m": -25.7, "outliers_removed": 2, "valid_years": 11, "positions_clean": {"2000": 85.28, "2002": 112.4, "2011": 1142.39, "2014": null, "2017": null, "2019": 1261.1, "2020": 1728.5, "2022": 412.37, "2023": 367.07, "2024": 365.88, "2026": 111.0}}}, {"type": "Feature", "geometry": {"type": "LineString", "coordinates": [[51.57738610632215, 43.20465792680913], [51.602333332214435, 43.23719461256967]]}, "properties": {"id": 183, "angle": 52.52, "positions": {"2000": 43.98, "2002": 67.27, "2011": 1144.51, "2014": 3938.27, "2017": 3515.91, "2019": 1258.01, "2020": 1702.36, "2022": 410.0, "2023": 364.45, "2024": 363.25, "2026": 111.0}, "speed_m_per_year": 13.89, "total_change_m": 67.02, "r_squared": 0.05, "std_error": 23.01, "ci_95_low": -40.51, "ci_95_high": 68.3, "confidence": "low", "risk_class": "low", "total_retreat_m": -67.0, "outliers_removed": 2, "valid_years": 11, "positions_clean": {"2000": 43.98, "2002": 67.27, "2011": 1144.51, "2014": null, "2017": null, "2019": 1258.01, "2020": 1702.36, "2022": 410.0, "2023": 364.45, "2024": 363.25, "2026": 111.0}}}, {"type": "Feature", "geometry": {"type": "LineString", "coordinates": [[51.579059381015824, 43.20337481506273], [51.60401598343561, 43.23590430930504]]}, "properties": {"id": 184, "angle": 52.5, "positions": {"2000": 2.69, "2002": 22.14, "2011": 1146.63, "2014": 3907.96, "2017": 3467.1, "2019": 1254.93, "2020": 1676.17, "2022": 407.63, "2023": 361.84, "2024": 360.63, "2026": 111.0}, "speed_m_per_year": 15.43, "total_change_m": 108.31, "r_squared": 0.06, "std_error": 23.04, "ci_95_low": -39.05, "ci_95_high": 69.92, "confidence": "low", "risk_class": "low", "total_retreat_m": -108.3, "outliers_removed": 2, "valid_years": 11, "positions_clean": {"2000": 2.69, "2002": 22.14, "2011": 1146.63, "2014": null, "2017": null, "2019": 1254.93, "2020": 1676.17, "2022": 407.63, "2023": 361.84, "2024": 360.63, "2026": 111.0}}}, {"type": "Feature", "geometry": {"type": "LineString", "coordinates": [[51.5807325027785, 43.202091820843066], [51.60570475189663, 43.23460930497057]]}, "properties": {"id": 185, "angle": 52.48, "positions": {"2011": 1148.75, "2014": 3877.56, "2017": 3418.16, "2019": 1251.84, "2020": 1649.95, "2022": 405.26, "2023": 359.22, "2024": 358.0, "2026": 111.0}, "speed_m_per_year": -319.72, "total_change_m": -1037.75, "r_squared": 0.897, "std_error": 48.55, "ci_95_low": -444.52, "ci_95_high": -194.92, "confidence": "low", "risk_class": "high", "total_retreat_m": 1037.8, "outliers_removed": 2, "valid_years": 9, "positions_clean": {"2011": null, "2014": 3877.56, "2017": null, "2019": 1251.84, "2020": 1649.95, "2022": 405.26, "2023": 359.22, "2024": 358.0, "2026": 111.0}}}, {"type": "Feature", "geometry": {"type": "LineString", "coordinates": [[51.582405829815926, 43.20080866915692], [51.607385309367864, 43.23332059929517]]}, "properties": {"id": 186, "angle": 52.46, "positions": {"2011": 1150.88, "2014": 3847.29, "2017": 3369.4, "2019": 1248.76, "2020": 1623.77, "2022": 402.89, "2023": 356.61, "2024": 355.37, "2026": 111.0}, "speed_m_per_year": -317.16, "total_change_m": -1039.88, "r_squared": 0.898, "std_error": 47.92, "ci_95_low": -440.35, "ci_95_high": -193.96, "confidence": "low", "risk_class": "high", "total_retreat_m": 1039.9, "outliers_removed": 2, "valid_years": 9, "positions_clean": {"2011": null, "2014": 3847.29, "2017": null, "2019": 1248.76, "2020": 1623.77, "2022": 402.89, "2023": 356.61, "2024": 355.37, "2026": 111.0}}}, {"type": "Feature", "geometry": {"type": "LineString", "coordinates": [[51.58407944253929, 43.199525298016475], [51.60905443940098, 43.23204067179195]]}, "properties": {"id": 187, "angle": 52.47, "positions": {"2011": 1152.99, "2014": 3817.19, "2017": 3320.89, "2019": 1245.68, "2020": 1597.66, "2022": 400.52, "2023": 353.99, "2024": 352.75, "2026": 111.0}, "speed_m_per_year": -314.6, "total_change_m": -1041.99, "r_squared": 0.898, "std_error": 47.31, "ci_95_low": -436.22, "ci_95_high": -192.99, "confidence": "low", "risk_class": "high", "total_retreat_m": 1042.0, "outliers_removed": 2, "valid_years": 9, "positions_clean": {"2011": null, "2014": 3817.19, "2017": null, "2019": 1245.68, "2020": 1597.66, "2022": 400.52, "2023": 353.99, "2024": 352.75, "2026": 111.0}}}, {"type": "Feature", "geometry": {"type": "LineString", "coordinates": [[51.58575328958103, 43.198241747026856], [51.61071419669948, 43.23076793825522]]}, "properties": {"id": 188, "angle": 52.5, "positions": {"2011": 1155.11, "2014": 3787.23, "2017": 3272.57, "2019": 1242.6, "2020": 1571.59, "2022": 398.16, "2023": 351.38, "2024": 350.12, "2026": 111.0}, "speed_m_per_year": -312.06, "total_change_m": -1044.11, "r_squared": 0.899, "std_error": 46.71, "ci_95_low": -432.13, "ci_95_high": -191.99, "confidence": "low", "risk_class": "high", "total_retreat_m": 1044.1, "outliers_removed": 2, "valid_years": 9, "positions_clean": {"2011": null, "2014": 3787.23, "2017": null, "2019": 1242.6, "2020": 1571.59, "2022": 398.16, "2023": 351.38, "2024": 350.12, "2026": 111.0}}}, {"type": "Feature", "geometry": {"type": "LineString", "coordinates": [[51.58742733112848, 43.19695804717992], [51.61236617376966, 43.229501159012045]]}, "properties": {"id": 189, "angle": 52.54, "positions": {"2011": 1157.22, "2014": 3757.38, "2017": 3224.41, "2019": 1239.53, "2020": 1545.56, "2022": 395.79, "2023": 348.77, "2024": 347.5, "2026": 111.0}, "speed_m_per_year": -309.53, "total_change_m": -1046.22, "r_squared": 0.9, "std_error": 46.12, "ci_95_low": -428.08, "ci_95_high": -190.97, "confidence": "low", "risk_class": "high", "total_retreat_m": 1046.2, "outliers_removed": 2, "valid_years": 9, "positions_clean": {"2011": null, "2014": 3757.38, "2017": null, "2019": 1239.53, "2020": 1545.56, "2022": 395.79, "2023": 348.77, "2024": 347.5, "2026": 111.0}}}, {"type": "Feature", "geometry": {"type": "LineString", "coordinates": [[51.589101536238246, 43.19567422277161], [51.61401160834728, 43.22823936222352]]}, "properties": {"id": 190, "angle": 52.59, "positions": {"2011": 1159.33, "2014": 3727.63, "2017": 3176.36, "2019": 1236.46, "2020": 1519.56, "2022": 393.42, "2023": 346.15, "2024": 344.88, "2026": 111.0}, "speed_m_per_year": -334.14, "total_change_m": -1048.33, "r_squared": 0.892, "std_error": 47.4, "ci_95_low": -450.12, "ci_95_high": -218.16, "confidence": "low", "risk_class": "high", "total_retreat_m": 1048.3, "outliers_removed": 1, "valid_years": 9, "positions_clean": {"2011": null, "2014": 3727.63, "2017": 3176.36, "2019": 1236.46, "2020": 1519.56, "2022": 393.42, "2023": 346.15, "2024": 344.88, "2026": 111.0}}}, {"type": "Feature", "geometry": {"type": "LineString", "coordinates": [[51.5907758733228, 43.19439029859641], [51.61565176393321, 43.22698155611033]]}, "properties": {"id": 191, "angle": 52.65, "positions": {"2011": 1161.44, "2014": 3697.95, "2017": 3128.4, "2019": 1233.4, "2020": 1493.58, "2022": 391.06, "2023": 343.54, "2024": 342.25, "2026": 111.0}, "speed_m_per_year": -309.09, "total_change_m": -1050.44, "r_squared": 0.805, "std_error": 68.11, "ci_95_low": -484.18, "ci_95_high": -133.99, "confidence": "low", "risk_class": "high", "total_retreat_m": 1050.4, "outliers_removed": 2, "valid_years": 9, "positions_clean": {"2011": null, "2014": null, "2017": 3128.4, "2019": 1233.4, "2020": 1493.58, "2022": 391.06, "2023": 343.54, "2024": 342.25, "2026": 111.0}}}, {"type": "Feature", "geometry": {"type": "LineString", "coordinates": [[51.592450310750465, 43.193106299392554], [51.6172879057944, 43.22572675114347]]}, "properties": {"id": 192, "angle": 52.71, "positions": {"2011": 1163.55, "2014": 3668.32, "2017": 3080.5, "2019": 1230.34, "2020": 1467.62, "2022": 388.69, "2023": 340.93, "2024": 339.63, "2026": 111.0}, "speed_m_per_year": -304.64, "total_change_m": -1052.55, "r_squared": 0.807, "std_error": 66.55, "ci_95_low": -475.72, "ci_95_high": -133.57, "confidence": "low", "risk_class": "high", "total_retreat_m": 1052.5, "outliers_removed": 2, "valid_years": 9, "positions_clean": {"2011": null, "2014": null, "2017": 3080.5, "2019": 1230.34, "2020": 1467.62, "2022": 388.69, "2023": 340.93, "2024": 339.63, "2026": 111.0}}}, {"type": "Feature", "geometry": {"type": "LineString", "coordinates": [[51.59412478204498, 43.19182220447821], [51.61892126761299, 43.22447391658455]]}, "properties": {"id": 193, "angle": 52.79, "positions": {"2011": 1165.67, "2014": 3638.74, "2017": 3032.64, "2019": 1227.29, "2020": 1441.67, "2022": 386.34, "2023": 338.33, "2024": 337.01, "2026": 111.0}, "speed_m_per_year": -323.77, "total_change_m": -1054.67, "r_squared": 0.898, "std_error": 44.61, "ci_95_low": -432.92, "ci_95_high": -214.61, "confidence": "low", "risk_class": "high", "total_retreat_m": 1054.7, "outliers_removed": 1, "valid_years": 9, "positions_clean": {"2011": null, "2014": 3638.74, "2017": 3032.64, "2019": 1227.29, "2020": 1441.67, "2022": 386.34, "2023": 338.33, "2024": 337.01, "2026": 111.0}}}, {"type": "Feature", "geometry": {"type": "LineString", "coordinates": [[51.595800303809504, 43.19053941199881], [51.62055417044928, 43.223223446119164]]}, "properties": {"id": 194, "angle": 52.86, "positions": {"2000": 104.86, "2002": 98.61, "2006": 104.44, "2011": 1167.6, "2014": 3608.99, "2017": 2984.6, "2019": 1224.06, "2020": 1415.54, "2022": 383.79, "2023": 335.54, "2024": 334.21, "2026": 111.0}, "speed_m_per_year": 22.93, "total_change_m": 6.14, "r_squared": 0.164, "std_error": 19.55, "ci_95_low": -23.29, "ci_95_high": 69.14, "confidence": "low", "risk_class": "low", "total_retreat_m": -6.1, "outliers_removed": 3, "valid_years": 12, "positions_clean": {"2000": 104.86, "2002": 98.61, "2006": 104.44, "2011": 1167.6, "2014": null, "2017": null, "2019": 1224.06, "2020": 1415.54, "2022": 383.79, "2023": 335.54, "2024": 334.21, "2026": null}}}, {"type": "Feature", "geometry": {"type": "LineString", "coordinates": [[51.597487380274835, 43.189271852511055], [51.62219842792084, 43.22198827230657]]}, "properties": {"id": 195, "angle": 52.94, "positions": {"2000": 222.28, "2002": 215.67, "2006": 221.05, "2011": 1167.41, "2014": 3577.11, "2017": 2934.42, "2019": 1218.7, "2020": 1387.28, "2022": 379.13, "2023": 330.63, "2024": 329.29, "2026": 111.0}, "speed_m_per_year": 16.89, "total_change_m": -111.28, "r_squared": 0.105, "std_error": 18.64, "ci_95_low": -27.18, "ci_95_high": 60.95, "confidence": "low", "risk_class": "low", "total_retreat_m": 111.3, "outliers_removed": 3, "valid_years": 12, "positions_clean": {"2000": 222.28, "2002": 215.67, "2006": 221.05, "2011": 1167.41, "2014": null, "2017": null, "2019": 1218.7, "2020": 1387.28, "2022": 379.13, "2023": 330.63, "2024": 329.29, "2026": null}}}, {"type": "Feature", "geometry": {"type": "LineString", "coordinates": [[51.59917783596163, 43.188008850550546], [51.62384717909153, 43.22075672849003]]}, "properties": {"id": 196, "angle": 53.01, "positions": {"2000": 338.92, "2002": 331.95, "2006": 336.89, "2011": 1166.6, "2014": 3544.58, "2017": 2883.56, "2018": 70.87, "2019": 1212.72, "2020": 1358.38, "2022": 373.84, "2023": 325.09, "2024": 323.74, "2026": 111.0}, "speed_m_per_year": 1.01, "total_change_m": -227.92, "r_squared": 0.0, "std_error": 16.79, "ci_95_low": -36.97, "ci_95_high": 39.0, "confidence": "low", "risk_class": "low", "total_retreat_m": 227.9, "outliers_removed": 2, "valid_years": 13, "positions_clean": {"2000": 338.92, "2002": 331.95, "2006": 336.89, "2011": 1166.6, "2014": null, "2017": null, "2018": 70.87, "2019": 1212.72, "2020": 1358.38, "2022": 373.84, "2023": 325.09, "2024": 323.74, "2026": 111.0}}}, {"type": "Feature", "geometry": {"type": "LineString", "coordinates": [[51.60086793281952, 43.18674549425778], [51.62549800543763, 43.219522918238724]]}, "properties": {"id": 197, "angle": 53.08, "positions": {"2000": 455.48, "2001": 125.96, "2002": 448.15, "2006": 452.64, "2007": 124.55, "2008": 122.78, "2010": 109.98, "2011": 1165.84, "2014": 3512.07, "2015": 105.83, "2016": 114.11, "2017": 2832.7, "2018": 226.74, "2019": 1206.79, "2020": 1329.51, "2021": 106.55, "2022": 368.6, "2023": 319.6, "2024": 318.24, "2026": 111.0}, "speed_m_per_year": 4.14, "total_change_m": -344.48, "r_squared": 0.007, "std_error": 12.03, "ci_95_low": -21.35, "ci_95_high": 29.64, "confidence": "low", "risk_class": "low", "total_retreat_m": 344.5, "outliers_removed": 2, "valid_years": 20, "positions_clean": {"2000": 455.48, "2001": 125.96, "2002": 448.15, "2006": 452.64, "2007": 124.55, "2008": 122.78, "2010": 109.98, "2011": 1165.84, "2014": null, "2015": 105.83, "2016": 114.11, "2017": null, "2018": 226.74, "2019": 1206.79, "2020": 1329.51, "2021": 106.55, "2022": 368.6, "2023": 319.6, "2024": 318.24, "2026": 111.0}}}, {"type": "Feature", "geometry": {"type": "LineString", "coordinates": [[51.60255793802017, 43.18548220847151], [51.62715249807316, 43.218286287727]]}, "properties": {"id": 198, "angle": 53.14, "positions": {"2000": 571.92, "2001": 295.03, "2002": 564.23, "2006": 568.29, "2007": 292.82, "2008": 291.68, "2010": 280.78, "2011": 1165.08, "2013": 45.75, "2014": 3479.49, "2015": 275.83, "2016": 285.48, "2017": 2781.74, "2018": 382.38, "2019": 1200.86, "2020": 1300.62, "2021": 277.34, "2022": 363.36, "2023": 314.11, "2024": 312.75, "2026": 111.0}, "speed_m_per_year": -10.99, "total_change_m": -460.92, "r_squared": 0.909, "std_error": 2.46, "ci_95_low": -21.56, "ci_95_high": -0.42, "confidence": "high", "risk_class": "medium", "total_retreat_m": 460.9, "outliers_removed": 17, "valid_years": 21, "positions_clean": {"2000": 571.92, "2001": null, "2002": 564.23, "2006": 568.29, "2007": null, "2008": null, "2010": null, "2011": null, "2013": null, "2014": null, "2015": null, "2016": null, "2017": null, "2018": 382.38, "2019": null, "2020": null, "2021": null, "2022": null, "2023": null, "2024": null, "2026": null}}}, {"type": "Feature", "geometry": {"type": "LineString", "coordinates": [[51.60424781918798, 43.18421901694798], [51.62881195202181, 43.217045886706174]]}, "properties": {"id": 199, "angle": 53.19, "positions": {"2000": 688.29, "2001": 463.88, "2002": 297.65, "2006": 683.85, "2007": 460.87, "2008": 460.34, "2010": 451.35, "2011": 1164.33, "2013": 279.54, "2014": 3446.84, "2015": 445.6, "2016": 456.62, "2017": 2730.67, "2018": 297.27, "2019": 1194.93, "2020": 1271.71, "2021": 447.89, "2022": 358.12, "2023": 308.63, "2024": 307.25, "2026": 111.0}, "speed_m_per_year": -3.99, "total_change_m": -577.29, "r_squared": 0.01, "std_error": 9.73, "ci_95_low": -24.53, "ci_95_high": 16.54, "confidence": "low", "risk_class": "low", "total_retreat_m": 577.3, "outliers_removed": 2, "valid_years": 21, "positions_clean": {"2000": 688.29, "2001": 463.88, "2002": 297.65, "2006": 683.85, "2007": 460.87, "2008": 460.34, "2010": 451.35, "2011": 1164.33, "2013": 279.54, "2014": null, "2015": 445.6, "2016": 456.62, "2017": null, "2018": 297.27, "2019": 1194.93, "2020": 1271.71, "2021": 447.89, "2022": 358.12, "2023": 308.63, "2024": 307.25, "2026": 111.0}}}, {"type": "Feature", "geometry": {"type": "LineString", "coordinates": [[51.605937543895905, 43.18295594337322], [51.63047766436633, 43.2158007677341]]}, "properties": {"id": 200, "angle": 53.23, "positions": {"2000": 804.61, "2001": 632.58, "2002": 796.21, "2006": 799.38, "2007": 628.77, "2008": 628.85, "2010": 621.77, "2011": 1163.57, "2013": 497.26, "2014": 3414.08, "2015": 615.21, "2016": 627.61, "2017": 2679.47, "2018": 693.18, "2019": 1188.99, "2020": 1242.76, "2021": 618.29, "2026": 111.0}, "speed_m_per_year": 7.84, "total_change_m": -693.61, "r_squared": 0.054, "std_error": 9.09, "ci_95_low": -11.79, "ci_95_high": 27.47, "confidence": "low", "risk_class": "low", "total_retreat_m": 693.6, "outliers_removed": 3, "valid_years": 18, "positions_clean": {"2000": 804.61, "2001": 632.58, "2002": 796.21, "2006": 799.38, "2007": 628.77, "2008": 628.85, "2010": 621.77, "2011": 1163.57, "2013": 497.26, "2014": null, "2015": 615.21, "2016": 627.61, "2017": null, "2018": 693.18, "2019": 1188.99, "2020": 1242.76, "2021": 618.29, "2026": null}}}, {"type": "Feature", "geometry": {"type": "LineString", "coordinates": [[51.60762709290915, 43.181693001566536], [51.63215040449801, 43.214550378039945]]}, "properties": {"id": 201, "angle": 53.26, "positions": {"2000": 920.94, "2001": 801.21, "2002": 912.17, "2006": 914.91, "2007": 748.39, "2008": 797.3, "2010": 792.11, "2011": 1162.82, "2013": 704.54, "2014": 3381.23, "2015": 703.94, "2016": 798.52, "2017": 2628.14, "2018": 848.49, "2019": 1183.05, "2020": 1213.77, "2021": 788.62, "2026": 111.0}, "speed_m_per_year": 5.14, "total_change_m": -809.94, "r_squared": 0.045, "std_error": 6.54, "ci_95_low": -8.98, "ci_95_high": 19.26, "confidence": "low", "risk_class": "low", "total_retreat_m": 809.9, "outliers_removed": 3, "valid_years": 18, "positions_clean": {"2000": 920.94, "2001": 801.21, "2002": 912.17, "2006": 914.91, "2007": 748.39, "2008": 797.3, "2010": 792.11, "2011": 1162.82, "2013": 704.54, "2014": null, "2015": 703.94, "2016": 798.52, "2017": null, "2018": 848.49, "2019": 1183.05, "2020": 1213.77, "2021": 788.62, "2026": null}}}, {"type": "Feature", "geometry": {"type": "LineString", "coordinates": [[51.609316229540156, 43.180430367707274], [51.633839639919145, 43.21328767044782]]}, "properties": {"id": 202, "angle": 53.26, "positions": {"2000": 1037.45, "2001": 970.03, "2002": 1028.32, "2006": 1030.61, "2007": 964.62, "2008": 965.94, "2010": 962.64, "2011": 1162.06, "2013": 912.0, "2014": 3348.13, "2015": 954.48, "2016": 969.62, "2017": 2576.51, "2018": 939.88, "2019": 1177.09, "2020": 1184.71, "2021": 959.13, "2026": 111.0}, "speed_m_per_year": 2.44, "total_change_m": -926.45, "r_squared": 0.04, "std_error": 3.43, "ci_95_low": -5.03, "ci_95_high": 9.91, "confidence": "low", "risk_class": "low", "total_retreat_m": 926.5, "outliers_removed": 4, "valid_years": 18, "positions_clean": {"2000": 1037.45, "2001": 970.03, "2002": 1028.32, "2006": 1030.61, "2007": 964.62, "2008": 965.94, "2010": 962.64, "2011": 1162.06, "2013": null, "2014": null, "2015": 954.48, "2016": 969.62, "2017": null, "2018": 939.88, "2019": 1177.09, "2020": 1184.71, "2021": 959.13, "2026": null}}}, {"type": "Feature", "geometry": {"type": "LineString", "coordinates": [[51.611003733926914, 43.179168954691335], [51.635594165110376, 43.21197612912333]]}, "properties": {"id": 203, "angle": 53.15, "positions": {"2000": 1155.02, "2001": 1140.36, "2002": 1145.51, "2006": 1147.36, "2007": 1134.14, "2008": 1136.08, "2010": 1134.7, "2011": 1161.3, "2013": 1121.28, "2014": 3314.1, "2015": 1125.71, "2016": 1142.27, "2017": 2523.8, "2018": 1160.91, "2019": 1171.08, "2020": 1155.39, "2021": 1131.17, "2026": 111.0}, "speed_m_per_year": -1.18, "total_change_m": -1044.02, "r_squared": 0.086, "std_error": 1.92, "ci_95_low": -6.5, "ci_95_high": 4.14, "confidence": "low", "risk_class": "low", "total_retreat_m": 1044.0, "outliers_removed": 12, "valid_years": 18, "positions_clean": {"2000": null, "2001": null, "2002": null, "2006": null, "2007": null, "2008": null, "2010": null, "2011": 1161.3, "2013": null, "2014": null, "2015": null, "2016": 1142.27, "2017": null, "2018": 1160.91, "2019": 1171.08, "2020": 1155.39, "2021": 1131.17, "2026": null}}}, {"type": "Feature", "geometry": {"type": "LineString", "coordinates": [[51.612690355873276, 43.177908211905184], [51.637383987917104, 43.21063777860694]]}, "properties": {"id": 204, "angle": 52.97, "positions": {"2014": 3279.63, "2017": 2470.58, "2019": 5.4, "2021": 124.72, "2026": 111.0}, "speed_m_per_year": -287.73, "total_change_m": -3168.63, "r_squared": 0.846, "std_error": 86.93, "ci_95_low": -661.74, "ci_95_high": 86.28, "confidence": "low", "risk_class": "high", "total_retreat_m": 3168.6, "outliers_removed": 1, "valid_years": 5, "positions_clean": {"2014": 3279.63, "2017": 2470.58, "2019": null, "2021": 124.72, "2026": 111.0}}}, {"type": "Feature", "geometry": {"type": "LineString", "coordinates": [[51.61437923430913, 43.17664577293398], [51.639083551144275, 43.20936727549284]]}, "properties": {"id": 205, "angle": 52.95, "positions": {"2000": 82.76, "2001": 79.32, "2002": 82.43, "2006": 84.32, "2008": 63.91, "2010": 70.75, "2013": 63.73, "2014": 3246.42, "2015": 66.07, "2016": 78.69, "2017": 2418.85, "2018": 75.04, "2019": 158.57, "2020": 93.53, "2021": 249.37, "2026": 111.0}, "speed_m_per_year": 3.28, "total_change_m": 28.24, "r_squared": 0.223, "std_error": 1.85, "ci_95_low": -0.79, "ci_95_high": 7.35, "confidence": "low", "risk_class": "low", "total_retreat_m": -28.2, "outliers_removed": 3, "valid_years": 16, "positions_clean": {"2000": 82.76, "2001": 79.32, "2002": 82.43, "2006": 84.32, "2008": 63.91, "2010": 70.75, "2013": 63.73, "2014": null, "2015": 66.07, "2016": 78.69, "2017": null, "2018": 75.04, "2019": 158.57, "2020": 93.53, "2021": 249.37, "2026": null}}}, {"type": "Feature", "geometry": {"type": "LineString", "coordinates": [[51.61609197255434, 43.175365856184904], [51.63982872199751, 43.208795883493785]]}, "properties": {"id": 206, "angle": 54.62, "positions": {"2000": 194.45, "2001": 190.8, "2002": 193.81, "2006": 195.45, "2008": 174.18, "2010": 180.57, "2013": 173.71, "2014": 3227.12, "2015": 175.91, "2016": 188.41, "2017": 2382.57, "2018": 184.49, "2019": 308.05, "2020": 204.11, "2021": 370.05, "2026": 111.0}, "speed_m_per_year": 3.79, "total_change_m": -83.45, "r_squared": 0.23, "std_error": 2.09, "ci_95_low": -0.81, "ci_95_high": 8.4, "confidence": "low", "risk_class": "low", "total_retreat_m": 83.4, "outliers_removed": 3, "valid_years": 16, "positions_clean": {"2000": 194.45, "2001": 190.8, "2002": 193.81, "2006": 195.45, "2008": 174.18, "2010": 180.57, "2013": 173.71, "2014": null, "2015": 175.91, "2016": 188.41, "2017": null, "2018": 184.49, "2019": 308.05, "2020": 204.11, "2021": 370.05, "2026": null}}}, {"type": "Feature", "geometry": {"type": "LineString", "coordinates": [[51.61781410714898, 43.17408076899744], [51.64019803887334, 43.208431309030445]]}, "properties": {"id": 207, "angle": 56.91, "positions": {"2000": 302.47, "2001": 298.63, "2002": 301.54, "2006": 302.94, "2008": 280.95, "2010": 286.88, "2013": 280.2, "2014": 3217.0, "2015": 282.25, "2016": 294.6, "2017": 2354.49, "2018": 290.44, "2019": 450.31, "2020": 311.04, "2021": 485.64, "2026": 111.0}, "speed_m_per_year": 4.25, "total_change_m": -191.47, "r_squared": 0.229, "std_error": 2.35, "ci_95_low": -0.93, "ci_95_high": 9.42, "confidence": "low", "risk_class": "low", "total_retreat_m": 191.5, "outliers_removed": 3, "valid_years": 16, "positions_clean": {"2000": 302.47, "2001": 298.63, "2002": 301.54, "2006": 302.94, "2008": 280.95, "2010": 286.88, "2013": 280.2, "2014": null, "2015": 282.25, "2016": 294.6, "2017": null, "2018": 290.44, "2019": 450.31, "2020": 311.04, "2021": 485.64, "2026": null}}}, {"type": "Feature", "geometry": {"type": "LineString", "coordinates": [[51.61948770090977, 43.17282847114711], [51.642508989103376, 43.20675516108154]]}, "properties": {"id": 208, "angle": 55.84, "positions": {"2000": 414.23, "2001": 410.11, "2002": 412.99, "2006": 414.17, "2008": 390.89, "2010": 396.51, "2011": 87.62, "2013": 389.84, "2014": 3172.19, "2015": 391.8, "2016": 404.3, "2017": 2290.64, "2018": 399.78, "2019": 602.42, "2020": 421.92, "2021": 610.4, "2022": 28.28, "2024": 61.04, "2026": 111.0}, "speed_m_per_year": -0.49, "total_change_m": -303.23, "r_squared": 0.0, "std_error": 24.47, "ci_95_low": -52.11, "ci_95_high": 51.13, "confidence": "low", "risk_class": "low", "total_retreat_m": 303.2, "outliers_removed": 17, "valid_years": 19, "positions_clean": {"2000": 414.23, "2001": 410.11, "2002": 412.99, "2006": 414.17, "2008": 390.89, "2010": 396.51, "2011": 87.62, "2013": 389.84, "2014": 3172.19, "2015": 391.8, "2016": 404.3, "2017": 2290.64, "2018": 399.78, "2019": 602.42, "2020": 421.92, "2021": 610.4, "2022": 28.28, "2024": 61.04, "2026": 111.0}}}, {"type": "Feature", "geometry": {"type": "LineString", "coordinates": [[51.62113506123685, 43.1715957813896], [51.64586927668119, 43.20429468941958]]}, "properties": {"id": 209, "angle": 52.9, "positions": {"2000": 534.33, "2001": 529.83, "2002": 532.72, "2006": 533.67, "2008": 508.61, "2010": 513.98, "2011": 214.21, "2013": 507.22, "2014": 3113.75, "2015": 509.1, "2016": 521.95, "2017": 2212.18, "2018": 516.98, "2019": 771.74, "2020": 541.14, "2021": 748.26, "2022": 150.91, "2024": 186.41, "2026": 111.0}, "speed_m_per_year": -2.02, "total_change_m": -423.33, "r_squared": 0.0, "std_error": 22.85, "ci_95_low": -50.24, "ci_95_high": 46.19, "confidence": "low", "risk_class": "low", "total_retreat_m": 423.3, "outliers_removed": 18, "valid_years": 19, "positions_clean": {"2000": 534.33, "2001": 529.83, "2002": 532.72, "2006": 533.67, "2008": 508.61, "2010": 513.98, "2011": 214.21, "2013": 507.22, "2014": 3113.75, "2015": 509.1, "2016": 521.95, "2017": 2212.18, "2018": 516.98, "2019": 771.74, "2020": 541.14, "2021": 748.26, "2022": 150.91, "2024": 186.41, "2026": 111.0}}}, {"type": "Feature", "geometry": {"type": "LineString", "coordinates": [[51.622791733261515, 43.17035877727188], [51.64885709635624, 43.202006792166024]]}, "properties": {"id": 210, "angle": 50.53, "positions": {"2000": 658.75, "2001": 653.86, "2002": 656.74, "2006": 657.46, "2007": 81.92, "2008": 630.57, "2010": 635.63, "2011": 347.0, "2013": 628.8, "2014": 3066.64, "2015": 630.59, "2016": 643.78, "2017": 2144.32, "2018": 638.34, "2019": 948.62, "2020": 664.59, "2021": 891.0, "2022": 279.63, "2024": 317.97, "2026": 111.0}, "speed_m_per_year": 0.42, "total_change_m": -547.75, "r_squared": 0.758, "std_error": 0.14, "ci_95_low": -0.02, "ci_95_high": 0.85, "confidence": "medium", "risk_class": "low", "total_retreat_m": 547.8, "outliers_removed": 15, "valid_years": 20, "positions_clean": {"2000": 658.75, "2001": 653.86, "2002": 656.74, "2006": 657.46, "2007": null, "2008": null, "2010": null, "2011": null, "2013": null, "2014": null, "2015": null, "2016": null, "2017": null, "2018": null, "2019": null, "2020": 664.59, "2021": null, "2022": null, "2024": null, "2026": null}}}, {"type": "Feature", "geometry": {"type": "LineString", "coordinates": [[51.624456293943005, 43.16911705911655], [51.651529369757824, 43.199907456417094]]}, "properties": {"id": 211, "angle": 48.68, "positions": {"2000": 786.19, "2001": 780.91, "2002": 783.78, "2006": 784.24, "2007": 231.08, "2008": 755.52, "2010": 760.25, "2011": 484.79, "2013": 753.37, "2014": 3026.43, "2015": 755.06, "2016": 768.54, "2017": 2083.28, "2018": 762.62, "2019": 1130.63, "2020": 790.99, "2021": 1036.86, "2022": 413.35, "2024": 454.58, "2026": 111.0}, "speed_m_per_year": -0.11, "total_change_m": -675.19, "r_squared": 0.015, "std_error": 0.44, "ci_95_low": -1.34, "ci_95_high": 1.12, "confidence": "low", "risk_class": "low", "total_retreat_m": 675.2, "outliers_removed": 14, "valid_years": 20, "positions_clean": {"2000": 786.19, "2001": 780.91, "2002": 783.78, "2006": 784.24, "2007": null, "2008": null, "2010": null, "2011": null, "2013": null, "2014": null, "2015": null, "2016": 768.54, "2017": null, "2018": null, "2019": null, "2020": 790.99, "2021": null, "2022": null, "2024": null, "2026": null}}}, {"type": "Feature", "geometry": {"type": "LineString", "coordinates": [[51.62612643975779, 43.16786987526498], [51.65394764342588, 43.19798599431207]]}, "properties": {"id": 212, "angle": 47.27, "positions": {"2000": 915.53, "2001": 909.85, "2002": 912.69, "2006": 912.88, "2007": 386.0, "2008": 882.36, "2010": 886.73, "2011": 626.27, "2013": 879.83, "2014": 2990.28, "2015": 881.41, "2016": 895.15, "2017": 2026.59, "2018": 888.76, "2019": 1315.55, "2020": 919.22, "2021": 1184.36, "2022": 550.86, "2023": 24.4, "2024": 594.95, "2026": 111.0}, "speed_m_per_year": 1.22, "total_change_m": -804.53, "r_squared": 0.002, "std_error": 7.4, "ci_95_low": -14.56, "ci_95_high": 17.0, "confidence": "low", "risk_class": "low", "total_retreat_m": 804.5, "outliers_removed": 4, "valid_years": 21, "positions_clean": {"2000": 915.53, "2001": 909.85, "2002": 912.69, "2006": 912.88, "2007": 386.0, "2008": 882.36, "2010": 886.73, "2011": 626.27, "2013": 879.83, "2014": null, "2015": 881.41, "2016": 895.15, "2017": null, "2018": 888.76, "2019": 1315.55, "2020": 919.22, "2021": 1184.36, "2022": 550.86, "2023": null, "2024": 594.95, "2026": null}}}, {"type": "Feature", "geometry": {"type": "LineString", "coordinates": [[51.627814061899045, 43.16663220290152], [51.65611375632536, 43.19629914233546]]}, "properties": {"id": 213, "angle": 46.35, "positions": {"2000": 1041.95, "2001": 1035.91, "2002": 1038.71, "2006": 1038.62, "2007": 541.79, "2008": 1006.42, "2010": 1010.4, "2011": 766.63, "2013": 1003.5, "2014": 2954.29, "2015": 1004.96, "2016": 1018.9, "2017": 1970.83, "2018": 1012.06, "2019": 1496.39, "2020": 1044.5, "2021": 1327.89, "2022": 687.54, "2023": 133.08, "2024": 734.35, "2026": 111.0}, "speed_m_per_year": -4.67, "total_change_m": -930.95, "r_squared": 0.057, "std_error": 5.29, "ci_95_low": -16.1, "ci_95_high": 6.76, "confidence": "low", "risk_class": "low", "total_retreat_m": 931.0, "outliers_removed": 6, "valid_years": 21, "positions_clean": {"2000": 1041.95, "2001": 1035.91, "2002": 1038.71, "2006": 1038.62, "2007": null, "2008": 1006.42, "2010": 1010.4, "2011": 766.63, "2013": 1003.5, "2014": null, "2015": 1004.96, "2016": 1018.9, "2017": null, "2018": 1012.06, "2019": null, "2020": 1044.5, "2021": 1327.89, "2022": 687.54, "2023": null, "2024": 734.35, "2026": null}}}, {"type": "Feature", "geometry": {"type": "LineString", "coordinates": [[51.629577053365765, 43.16548698713132], [51.658068893600074, 43.19496944021892]]}, "properties": {"id": 214, "angle": 45.98, "positions": {"2000": 1150.07, "2001": 1143.7, "2002": 1146.45, "2006": 1146.09, "2007": 682.26, "2008": 1112.42, "2010": 1115.99, "2011": 890.16, "2013": 1109.14, "2014": 2906.16, "2015": 1110.47, "2016": 1124.53, "2017": 1904.23, "2018": 1117.28, "2019": 1577.74, "2020": 1151.49, "2021": 1451.05, "2022": 807.9, "2023": 228.61, "2024": 857.12, "2025": 79.02, "2026": 111.0}, "speed_m_per_year": -6.59, "total_change_m": -1039.07, "r_squared": 0.031, "std_error": 9.14, "ci_95_low": -25.97, "ci_95_high": 12.79, "confidence": "low", "risk_class": "low", "total_retreat_m": 1039.1, "outliers_removed": 4, "valid_years": 22, "positions_clean": {"2000": 1150.07, "2001": 1143.7, "2002": 1146.45, "2006": 1146.09, "2007": 682.26, "2008": 1112.42, "2010": 1115.99, "2011": 890.16, "2013": 1109.14, "2014": null, "2015": 1110.47, "2016": 1124.53, "2017": null, "2018": 1117.28, "2019": 1577.74, "2020": 1151.49, "2021": 1451.05, "2022": 807.9, "2023": 228.61, "2024": 857.12, "2025": null, "2026": null}}}, {"type": "Feature", "geometry": {"type": "LineString", "coordinates": [[51.63135960931785, 43.16435591019815], [51.65978422398458, 43.19390318217117]]}, "properties": {"id": 215, "angle": 46.11, "positions": {"2000": 1249.66, "2001": 1243.01, "2002": 1245.68, "2006": 1245.07, "2007": 816.2, "2008": 1210.16, "2010": 1213.32, "2011": 1006.19, "2013": 1206.55, "2014": 2855.82, "2015": 1207.75, "2016": 1221.86, "2017": 1836.54, "2018": 1214.25, "2019": 1635.31, "2020": 1249.98, "2021": 1563.33, "2022": 921.33, "2023": 320.82, "2024": 972.61, "2025": 165.66, "2026": 111.0}, "speed_m_per_year": -4.29, "total_change_m": -1138.66, "r_squared": 0.011, "std_error": 10.0, "ci_95_low": -25.39, "ci_95_high": 16.82, "confidence": "low", "risk_class": "low", "total_retreat_m": 1138.7, "outliers_removed": 3, "valid_years": 22, "positions_clean": {"2000": 1249.66, "2001": 1243.01, "2002": 1245.68, "2006": 1245.07, "2007": 816.2, "2008": 1210.16, "2010": 1213.32, "2011": 1006.19, "2013": 1206.55, "2014": null, "2015": 1207.75, "2016": 1221.86, "2017": 1836.54, "2018": 1214.25, "2019": 1635.31, "2020": 1249.98, "2021": 1563.33, "2022": 921.33, "2023": 320.82, "2024": 972.61, "2025": null, "2026": null}}}, {"type": "Feature", "geometry": {"type": "LineString", "coordinates": [[51.633092389058454, 43.16316481305895], [51.661213355085124, 43.19300122151787]]}, "properties": {"id": 216, "angle": 46.7, "positions": {"2000": 1351.15, "2001": 1344.26, "2002": 1346.86, "2006": 1346.01, "2007": 952.84, "2008": 1310.11, "2010": 1312.85, "2011": 1124.59, "2013": 1306.19, "2014": 2814.62, "2015": 1307.27, "2016": 1321.34, "2017": 1778.81, "2018": 1313.44, "2019": 1695.55, "2020": 1350.42, "2021": 1648.2, "2022": 1037.74, "2023": 419.79, "2024": 1090.69, "2025": 259.87, "2026": 111.0}, "speed_m_per_year": -14.14, "total_change_m": -1240.15, "r_squared": 0.093, "std_error": 10.38, "ci_95_low": -35.94, "ci_95_high": 7.67, "confidence": "low", "risk_class": "medium", "total_retreat_m": 1240.2, "outliers_removed": 2, "valid_years": 22, "positions_clean": {"2000": 1351.15, "2001": 1344.26, "2002": 1346.86, "2006": 1346.01, "2007": 952.84, "2008": 1310.11, "2010": 1312.85, "2011": 1124.59, "2013": 1306.19, "2014": null, "2015": 1307.27, "2016": 1321.34, "2017": 1778.81, "2018": 1313.44, "2019": 1695.55, "2020": 1350.42, "2021": 1648.2, "2022": 1037.74, "2023": 419.79, "2024": 1090.69, "2025": 259.87, "2026": null}}}, {"type": "Feature", "geometry": {"type": "LineString", "coordinates": [[51.63308440182583, 43.16113944896718], [51.660681600798235, 43.191460969524]]}, "properties": {"id": 217, "angle": 47.69, "positions": {"2000": 1594.85, "2001": 1587.88, "2002": 1590.41, "2006": 1589.43, "2007": 1219.84, "2008": 1553.21, "2010": 1555.7, "2011": 1379.62, "2013": 1549.16, "2014": 2976.58, "2015": 1550.15, "2016": 1564.11, "2017": 1930.9, "2018": 1556.09, "2019": 1914.03, "2020": 1593.53, "2021": 1856.73, "2022": 1292.28, "2023": 668.17, "2024": 1345.81, "2025": 506.29, "2026": 111.0}, "speed_m_per_year": -14.62, "total_change_m": -1483.85, "r_squared": 0.108, "std_error": 9.93, "ci_95_low": -35.48, "ci_95_high": 6.24, "confidence": "low", "risk_class": "medium", "total_retreat_m": 1483.8, "outliers_removed": 2, "valid_years": 22, "positions_clean": {"2000": 1594.85, "2001": 1587.88, "2002": 1590.41, "2006": 1589.43, "2007": 1219.84, "2008": 1553.21, "2010": 1555.7, "2011": 1379.62, "2013": 1549.16, "2014": null, "2015": 1550.15, "2016": 1564.11, "2017": 1930.9, "2018": 1556.09, "2019": 1914.03, "2020": 1593.53, "2021": 1856.73, "2022": 1292.28, "2023": 668.17, "2024": 1345.81, "2025": 506.29, "2026": null}}}, {"type": "Feature", "geometry": {"type": "LineString", "coordinates": [[51.63330729984505, 43.15916921074597], [51.660180066567534, 43.19013458509667]]}, "properties": {"id": 218, "angle": 49.05, "positions": {"2000": 1814.73, "2001": 1807.71, "2002": 1810.17, "2006": 1809.07, "2007": 1463.26, "2008": 1772.68, "2010": 1774.94, "2011": 1611.03, "2013": 1768.51, "2014": 3118.49, "2015": 1769.42, "2016": 1783.23, "2017": 2062.42, "2018": 1775.13, "2019": 2109.22, "2020": 1812.87, "2021": 2042.68, "2022": 1523.57, "2023": 895.64, "2024": 1577.42, "2025": 732.3, "2026": 111.0}, "speed_m_per_year": -15.03, "total_change_m": -1703.73, "r_squared": 0.122, "std_error": 9.5, "ci_95_low": -34.98, "ci_95_high": 4.92, "confidence": "low", "risk_class": "medium", "total_retreat_m": 1703.7, "outliers_removed": 2, "valid_years": 22, "positions_clean": {"2000": 1814.73, "2001": 1807.71, "2002": 1810.17, "2006": 1809.07, "2007": 1463.26, "2008": 1772.68, "2010": 1774.94, "2011": 1611.03, "2013": 1768.51, "2014": null, "2015": 1769.42, "2016": 1783.23, "2017": 2062.42, "2018": 1775.13, "2019": 2109.22, "2020": 1812.87, "2021": 2042.68, "2022": 1523.57, "2023": 895.64, "2024": 1577.42, "2025": 732.3, "2026": null}}}, {"type": "Feature", "geometry": {"type": "LineString", "coordinates": [[51.635204302335644, 43.15819228265454], [51.66102039546389, 43.190043959778265]]}, "properties": {"id": 219, "angle": 50.97, "positions": {"2000": 1855.93, "2001": 1848.84, "2002": 1851.22, "2006": 1849.96, "2007": 1535.04, "2008": 1813.35, "2010": 1815.28, "2011": 1667.26, "2013": 1809.03, "2014": 3055.49, "2015": 1809.83, "2016": 1823.43, "2017": 1983.7, "2018": 1815.23, "2019": 2117.93, "2020": 1853.36, "2021": 2039.02, "2022": 1579.66, "2023": 946.77, "2024": 1633.93, "2025": 781.48, "2026": 111.0}, "speed_m_per_year": -15.58, "total_change_m": -1744.93, "r_squared": 0.144, "std_error": 8.97, "ci_95_low": -34.43, "ci_95_high": 3.27, "confidence": "low", "risk_class": "medium", "total_retreat_m": 1744.9, "outliers_removed": 2, "valid_years": 22, "positions_clean": {"2000": 1855.93, "2001": 1848.84, "2002": 1851.22, "2006": 1849.96, "2007": 1535.04, "2008": 1813.35, "2010": 1815.28, "2011": 1667.26, "2013": 1809.03, "2014": null, "2015": 1809.83, "2016": 1823.43, "2017": 1983.7, "2018": 1815.23, "2019": 2117.93, "2020": 1853.36, "2021": 2039.02, "2022": 1579.66, "2023": 946.77, "2024": 1633.93, "2025": 781.48, "2026": null}}}, {"type": "Feature", "geometry": {"type": "LineString", "coordinates": [[51.637132264373456, 43.15720750510782], [51.6610929021705, 43.190477429008524]]}, "properties": {"id": 220, "angle": 54.24, "positions": {"2000": 1877.12, "2001": 1870.08, "2002": 1872.36, "2006": 1871.0, "2007": 1583.74, "2008": 1834.76, "2010": 1836.43, "2011": 1702.22, "2013": 1830.38, "2014": 3004.03, "2015": 1831.1, "2016": 1844.36, "2017": 1914.32, "2018": 1836.19, "2019": 2113.07, "2020": 1874.07, "2021": 2028.77, "2022": 1615.86, "2023": 987.18, "2024": 1669.61, "2025": 821.96, "2026": 111.0}, "speed_m_per_year": -15.76, "total_change_m": -1766.12, "r_squared": 0.16, "std_error": 8.52, "ci_95_low": -33.67, "ci_95_high": 2.15, "confidence": "low", "risk_class": "medium", "total_retreat_m": 1766.1, "outliers_removed": 2, "valid_years": 22, "positions_clean": {"2000": 1877.12, "2001": 1870.08, "2002": 1872.36, "2006": 1871.0, "2007": 1583.74, "2008": 1834.76, "2010": 1836.43, "2011": 1702.22, "2013": 1830.38, "2014": null, "2015": 1831.1, "2016": 1844.36, "2017": 1914.32, "2018": 1836.19, "2019": 2113.07, "2020": 1874.07, "2021": 2028.77, "2022": 1615.86, "2023": 987.18, "2024": 1669.61, "2025": 821.96, "2026": null}}}, {"type": "Feature", "geometry": {"type": "LineString", "coordinates": [[51.63906809587029, 43.156217476590996], [51.660785794431995, 43.19099306528742]]}, "properties": {"id": 221, "angle": 58.01, "positions": {"2000": 1897.04, "2001": 1890.06, "2002": 1892.26, "2006": 1890.83, "2007": 1627.51, "2008": 1855.03, "2010": 1856.48, "2011": 1734.15, "2013": 1850.62, "2014": 2967.18, "2015": 1851.26, "2016": 1864.19, "2017": 1854.08, "2018": 1856.09, "2019": 2111.0, "2020": 1893.61, "2021": 2026.11, "2022": 1649.2, "2023": 1025.95, "2024": 1702.28, "2025": 861.03, "2026": 111.0}, "speed_m_per_year": -15.85, "total_change_m": -1786.04, "r_squared": 0.173, "std_error": 8.17, "ci_95_low": -33.01, "ci_95_high": 1.3, "confidence": "low", "risk_class": "medium", "total_retreat_m": 1786.0, "outliers_removed": 2, "valid_years": 22, "positions_clean": {"2000": 1897.04, "2001": 1890.06, "2002": 1892.26, "2006": 1890.83, "2007": 1627.51, "2008": 1855.03, "2010": 1856.48, "2011": 1734.15, "2013": 1850.62, "2014": null, "2015": 1851.26, "2016": 1864.19, "2017": 1854.08, "2018": 1856.09, "2019": 2111.0, "2020": 1893.61, "2021": 2026.11, "2022": 1649.2, "2023": 1025.95, "2024": 1702.28, "2025": 861.03, "2026": null}}}, {"type": "Feature", "geometry": {"type": "LineString", "coordinates": [[51.64101149671844, 43.155276369715104], [51.66093680667489, 43.19110906460594]]}, "properties": {"id": 222, "angle": 60.92, "positions": {"2000": 1927.49, "2001": 1920.5, "2002": 1922.62, "2006": 1921.09, "2007": 1680.23, "2008": 1885.27, "2010": 1886.5, "2011": 1775.7, "2013": 1880.78, "2014": 2924.79, "2015": 1881.35, "2016": 1894.08, "2017": 1784.9, "2018": 1885.94, "2019": 2117.93, "2020": 1923.58, "2021": 2031.36, "2022": 1691.09, "2023": 1066.25, "2024": 1744.19, "2025": 900.07, "2026": 111.0}, "speed_m_per_year": -16.19, "total_change_m": -1816.49, "r_squared": 0.189, "std_error": 7.9, "ci_95_low": -32.79, "ci_95_high": 0.41, "confidence": "low", "risk_class": "medium", "total_retreat_m": 1816.5, "outliers_removed": 2, "valid_years": 22, "positions_clean": {"2000": 1927.49, "2001": 1920.5, "2002": 1922.62, "2006": 1921.09, "2007": 1680.23, "2008": 1885.27, "2010": 1886.5, "2011": 1775.7, "2013": 1880.78, "2014": null, "2015": 1881.35, "2016": 1894.08, "2017": 1784.9, "2018": 1885.94, "2019": 2117.93, "2020": 1923.58, "2021": 2031.36, "2022": 1691.09, "2023": 1066.25, "2024": 1744.19, "2025": 900.07, "2026": null}}}, {"type": "Feature", "geometry": {"type": "LineString", "coordinates": [[51.642977921019956, 43.154415402426906], [51.661531542467465, 43.19097717387172]]}, "properties": {"id": 223, "angle": 63.09, "positions": {"2000": 1959.25, "2001": 1952.17, "2002": 1954.24, "2006": 1952.58, "2007": 1733.74, "2008": 1916.45, "2010": 1917.43, "2011": 1818.22, "2013": 1911.81, "2014": 2868.04, "2015": 1912.31, "2016": 1924.93, "2017": 1700.21, "2018": 1916.68, "2019": 2124.4, "2020": 1954.78, "2021": 2035.36, "2022": 1733.21, "2023": 1102.06, "2024": 1786.81, "2025": 933.58, "2026": 111.0}, "speed_m_per_year": -16.71, "total_change_m": -1848.25, "r_squared": 0.205, "std_error": 7.74, "ci_95_low": -32.97, "ci_95_high": -0.44, "confidence": "low", "risk_class": "medium", "total_retreat_m": 1848.2, "outliers_removed": 2, "valid_years": 22, "positions_clean": {"2000": 1959.25, "2001": 1952.17, "2002": 1954.24, "2006": 1952.58, "2007": 1733.74, "2008": 1916.45, "2010": 1917.43, "2011": 1818.22, "2013": 1911.81, "2014": null, "2015": 1912.31, "2016": 1924.93, "2017": 1700.21, "2018": 1916.68, "2019": 2124.4, "2020": 1954.78, "2021": 2035.36, "2022": 1733.21, "2023": 1102.06, "2024": 1786.81, "2025": 933.58, "2026": null}}}, {"type": "Feature", "geometry": {"type": "LineString", "coordinates": [[51.64493689198353, 43.15356045955936], [51.66243973396156, 43.190636739344306]]}, "properties": {"id": 224, "angle": 64.73, "positions": {"2000": 1997.23, "2001": 1990.03, "2002": 1992.04, "2006": 1990.24, "2007": 1793.44, "2008": 1953.61, "2010": 1954.33, "2011": 1866.91, "2013": 1948.8, "2014": 2804.69, "2015": 1949.21, "2016": 1961.78, "2017": 1608.75, "2018": 1953.36, "2019": 2135.52, "2020": 1992.13, "2021": 2043.51, "2022": 1781.04, "2023": 1140.61, "2024": 1835.43, "2025": 976.67, "2026": 111.0}, "speed_m_per_year": -17.2, "total_change_m": -1886.23, "r_squared": 0.141, "std_error": 9.74, "ci_95_low": -37.59, "ci_95_high": 3.19, "confidence": "low", "risk_class": "medium", "total_retreat_m": 1886.2, "outliers_removed": 1, "valid_years": 22, "positions_clean": {"2000": 1997.23, "2001": 1990.03, "2002": 1992.04, "2006": 1990.24, "2007": 1793.44, "2008": 1953.61, "2010": 1954.33, "2011": 1866.91, "2013": 1948.8, "2014": 2804.69, "2015": 1949.21, "2016": 1961.78, "2017": 1608.75, "2018": 1953.36, "2019": 2135.52, "2020": 1992.13, "2021": 2043.51, "2022": 1781.04, "2023": 1140.61, "2024": 1835.43, "2025": 976.67, "2026": null}}}, {"type": "Feature", "geometry": {"type": "LineString", "coordinates": [[51.64688753841117, 43.152710097422734], [51.66368090689237, 43.19011307558029]]}, "properties": {"id": 225, "angle": 65.82, "positions": {"2000": 2040.35, "2001": 2033.0, "2002": 2034.95, "2006": 2033.0, "2007": 1858.79, "2008": 1995.69, "2010": 1996.14, "2011": 1920.95, "2013": 1990.68, "2014": 2732.75, "2015": 1991.0, "2016": 2003.56, "2017": 1509.88, "2018": 1994.94, "2019": 2149.84, "2020": 2034.56, "2021": 2054.4, "2022": 1833.83, "2023": 1181.52, "2024": 1889.28, "2025": 1028.49, "2026": 111.0}, "speed_m_per_year": -17.82, "total_change_m": -1929.35, "r_squared": 0.161, "std_error": 9.35, "ci_95_low": -37.38, "ci_95_high": 1.74, "confidence": "low", "risk_class": "medium", "total_retreat_m": 1929.3, "outliers_removed": 1, "valid_years": 22, "positions_clean": {"2000": 2040.35, "2001": 2033.0, "2002": 2034.95, "2006": 2033.0, "2007": 1858.79, "2008": 1995.69, "2010": 1996.14, "2011": 1920.95, "2013": 1990.68, "2014": 2732.75, "2015": 1991.0, "2016": 2003.56, "2017": 1509.88, "2018": 1994.94, "2019": 2149.84, "2020": 2034.56, "2021": 2054.4, "2022": 1833.83, "2023": 1181.52, "2024": 1889.28, "2025": 1028.49, "2026": null}}}, {"type": "Feature", "geometry": {"type": "LineString", "coordinates": [[51.6488247647417, 43.15186590846492], [51.66545796639316, 43.1893403878185]]}, "properties": {"id": 226, "angle": 66.07, "positions": {"2000": 2090.22, "2001": 2082.66, "2002": 2084.57, "2006": 2082.42, "2007": 1932.67, "2008": 2044.19, "2010": 2044.34, "2011": 1982.57, "2013": 2038.94, "2014": 2646.07, "2015": 2039.17, "2016": 2051.76, "2017": 1400.56, "2018": 2042.87, "2019": 2167.19, "2020": 2083.62, "2021": 2067.65, "2022": 1893.61, "2023": 1225.66, "2024": 1950.52, "2025": 1083.57, "2026": 111.0}, "speed_m_per_year": -18.6, "total_change_m": -1979.22, "r_squared": 0.181, "std_error": 9.07, "ci_95_low": -37.58, "ci_95_high": 0.38, "confidence": "low", "risk_class": "medium", "total_retreat_m": 1979.2, "outliers_removed": 1, "valid_years": 22, "positions_clean": {"2000": 2090.22, "2001": 2082.66, "2002": 2084.57, "2006": 2082.42, "2007": 1932.67, "2008": 2044.19, "2010": 2044.34, "2011": 1982.57, "2013": 2038.94, "2014": 2646.07, "2015": 2039.17, "2016": 2051.76, "2017": 1400.56, "2018": 2042.87, "2019": 2167.19, "2020": 2083.62, "2021": 2067.65, "2022": 1893.61, "2023": 1225.66, "2024": 1950.52, "2025": 1083.57, "2026": null}}}, {"type": "Feature", "geometry": {"type": "LineString", "coordinates": [[51.65070892769599, 43.15105284480017], [51.66944404734423, 43.18752194530685]]}, "properties": {"id": 227, "angle": 62.81, "positions": {"2000": 2171.41, "2001": 2163.39, "2002": 2165.26, "2006": 2162.78, "2007": 2048.25, "2008": 2122.5, "2010": 2122.17, "2011": 2080.19, "2013": 2116.78, "2014": 2506.48, "2015": 2116.86, "2016": 2129.7, "2017": 1258.9, "2018": 2120.27, "2019": 2198.04, "2020": 2163.43, "2021": 2091.48, "2022": 1986.69, "2023": 1285.33, "2024": 2046.93, "2025": 1155.33, "2026": 111.0}, "speed_m_per_year": -20.02, "total_change_m": -2060.41, "r_squared": 0.206, "std_error": 9.01, "ci_95_low": -38.88, "ci_95_high": -1.17, "confidence": "low", "risk_class": "high", "total_retreat_m": 2060.4, "outliers_removed": 1, "valid_years": 22, "positions_clean": {"2000": 2171.41, "2001": 2163.39, "2002": 2165.26, "2006": 2162.78, "2007": 2048.25, "2008": 2122.5, "2010": 2122.17, "2011": 2080.19, "2013": 2116.78, "2014": 2506.48, "2015": 2116.86, "2016": 2129.7, "2017": 1258.9, "2018": 2120.27, "2019": 2198.04, "2020": 2163.43, "2021": 2091.48, "2022": 1986.69, "2023": 1285.33, "2024": 2046.93, "2025": 1155.33, "2026": null}}}, {"type": "Feature", "geometry": {"type": "LineString", "coordinates": [[51.65253423025356, 43.15028519165651], [51.67584055992211, 43.184016705073205]]}, "properties": {"id": 228, "angle": 55.36, "positions": {"2000": 2324.49, "2001": 2315.55, "2002": 2317.39, "2006": 2314.31, "2007": 2253.8, "2008": 2269.77, "2010": 2268.69, "2011": 2257.35, "2013": 2263.17, "2014": 2343.21, "2015": 2263.03, "2016": 2276.59, "2017": 1104.84, "2018": 2266.04, "2019": 2273.26, "2020": 2314.11, "2021": 2142.87, "2022": 1207.09, "2023": 1383.5, "2024": 2221.21, "2025": 1267.14, "2026": 111.0}, "speed_m_per_year": -29.09, "total_change_m": -2213.49, "r_squared": 0.284, "std_error": 10.59, "ci_95_low": -51.26, "ci_95_high": -6.92, "confidence": "low", "risk_class": "high", "total_retreat_m": 2213.5, "outliers_removed": 1, "valid_years": 22, "positions_clean": {"2000": 2324.49, "2001": 2315.55, "2002": 2317.39, "2006": 2314.31, "2007": 2253.8, "2008": 2269.77, "2010": 2268.69, "2011": 2257.35, "2013": 2263.17, "2014": 2343.21, "2015": 2263.03, "2016": 2276.59, "2017": 1104.84, "2018": 2266.04, "2019": 2273.26, "2020": 2314.11, "2021": 2142.87, "2022": 1207.09, "2023": 1383.5, "2024": 2221.21, "2025": 1267.14, "2026": null}}}, {"type": "Feature", "geometry": {"type": "LineString", "coordinates": [[51.654380468068894, 43.149553149232865], [51.68178743379519, 43.180046726092215]]}, "properties": {"id": 229, "angle": 48.05, "positions": {"2000": 2005.39, "2001": 1972.11, "2002": 1969.98, "2006": 1967.06, "2007": 1973.16, "2008": 1959.21, "2010": 1852.02, "2011": 1849.04, "2013": 1829.45, "2014": 1849.38, "2015": 1818.72, "2016": 1840.53, "2017": 975.05, "2018": 1827.27, "2019": 1809.54, "2020": 1943.03, "2021": 1840.83, "2022": 1650.3, "2023": 1510.34, "2024": 1451.01, "2025": 1408.82, "2026": 111.0}, "speed_m_per_year": -17.93, "total_change_m": -1894.39, "r_squared": 0.64, "std_error": 3.17, "ci_95_low": -24.6, "ci_95_high": -11.27, "confidence": "medium", "risk_class": "medium", "total_retreat_m": 1894.4, "outliers_removed": 2, "valid_years": 22, "positions_clean": {"2000": 2005.39, "2001": 1972.11, "2002": 1969.98, "2006": 1967.06, "2007": 1973.16, "2008": 1959.21, "2010": 1852.02, "2011": 1849.04, "2013": 1829.45, "2014": 1849.38, "2015": 1818.72, "2016": 1840.53, "2017": null, "2018": 1827.27, "2019": 1809.54, "2020": 1943.03, "2021": 1840.83, "2022": 1650.3, "2023": 1510.34, "2024": 1451.01, "2025": 1408.82, "2026": null}}}, {"type": "Feature", "geometry": {"type": "LineString", "coordinates": [[51.65607746221476, 43.148546000664226], [51.68671472530349, 43.17579225013883]]}, "properties": {"id": 230, "angle": 41.65, "positions": {"2000": 1873.38, "2001": 1837.24, "2002": 1850.38, "2006": 1849.09, "2007": 1861.79, "2008": 1837.66, "2010": 1549.17, "2011": 1542.19, "2013": 1522.26, "2014": 1550.42, "2015": 1513.91, "2016": 1516.38, "2017": 897.73, "2018": 1513.99, "2019": 1532.74, "2020": 1631.66, "2021": 1232.71, "2022": 1170.67, "2023": 1128.49, "2024": 1120.32, "2025": 1077.33, "2026": 111.0}, "speed_m_per_year": -32.68, "total_change_m": -1762.38, "r_squared": 0.884, "std_error": 2.87, "ci_95_low": -38.72, "ci_95_high": -26.63, "confidence": "high", "risk_class": "high", "total_retreat_m": 1762.4, "outliers_removed": 3, "valid_years": 22, "positions_clean": {"2000": 1873.38, "2001": 1837.24, "2002": 1850.38, "2006": 1849.09, "2007": 1861.79, "2008": 1837.66, "2010": 1549.17, "2011": 1542.19, "2013": 1522.26, "2014": 1550.42, "2015": 1513.91, "2016": 1516.38, "2017": null, "2018": 1513.99, "2019": 1532.74, "2020": null, "2021": 1232.71, "2022": 1170.67, "2023": 1128.49, "2024": 1120.32, "2025": 1077.33, "2026": null}}}, {"type": "Feature", "geometry": {"type": "LineString", "coordinates": [[51.65692445108286, 43.14675501108176], [51.690614320596566, 43.170121497598764]]}, "properties": {"id": 231, "angle": 34.74, "positions": {"2000": 1619.8, "2001": 1662.56, "2002": 1670.1, "2006": 1605.32, "2007": 1610.23, "2008": 1599.05, "2010": 1528.74, "2011": 1520.51, "2013": 1509.86, "2014": 1474.52, "2015": 1479.89, "2016": 1499.58, "2017": 961.65, "2018": 1497.69, "2019": 1452.68, "2020": 1594.95, "2021": 1355.72, "2022": 1316.74, "2023": 1290.11, "2024": 1240.46, "2025": 1206.86, "2026": 111.0}, "speed_m_per_year": -16.59, "total_change_m": -1508.8, "r_squared": 0.889, "std_error": 1.42, "ci_95_low": -19.58, "ci_95_high": -13.59, "confidence": "high", "risk_class": "medium", "total_retreat_m": 1508.8, "outliers_removed": 3, "valid_years": 22, "positions_clean": {"2000": 1619.8, "2001": 1662.56, "2002": 1670.1, "2006": 1605.32, "2007": 1610.23, "2008": 1599.05, "2010": 1528.74, "2011": 1520.51, "2013": 1509.86, "2014": 1474.52, "2015": 1479.89, "2016": 1499.58, "2017": null, "2018": 1497.69, "2019": 1452.68, "2020": null, "2021": 1355.72, "2022": 1316.74, "2023": 1290.11, "2024": 1240.46, "2025": 1206.86, "2026": null}}}, {"type": "Feature", "geometry": {"type": "LineString", "coordinates": [[51.65765629078432, 43.144909226694686], [51.693993705353975, 43.16389849477939]]}, "properties": {"id": 232, "angle": 27.59, "positions": {"2000": 1562.16, "2001": 1447.62, "2002": 1504.2, "2006": 1431.79, "2007": 1450.9, "2008": 1420.77, "2010": 1419.69, "2011": 1414.08, "2013": 1410.09, "2014": 1419.4, "2015": 1390.21, "2016": 1407.75, "2017": 1056.54, "2018": 1435.17, "2019": 1456.54, "2020": 1477.17, "2021": 1369.08, "2022": 1351.28, "2023": 1319.38, "2024": 1307.56, "2025": 1298.22, "2026": 111.0}, "speed_m_per_year": -7.16, "total_change_m": -1451.16, "r_squared": 0.303, "std_error": 2.49, "ci_95_low": -12.38, "ci_95_high": -1.95, "confidence": "low", "risk_class": "low", "total_retreat_m": 1451.2, "outliers_removed": 1, "valid_years": 22, "positions_clean": {"2000": 1562.16, "2001": 1447.62, "2002": 1504.2, "2006": 1431.79, "2007": 1450.9, "2008": 1420.77, "2010": 1419.69, "2011": 1414.08, "2013": 1410.09, "2014": 1419.4, "2015": 1390.21, "2016": 1407.75, "2017": 1056.54, "2018": 1435.17, "2019": 1456.54, "2020": 1477.17, "2021": 1369.08, "2022": 1351.28, "2023": 1319.38, "2024": 1307.56, "2025": 1298.22, "2026": null}}}, {"type": "Feature", "geometry": {"type": "LineString", "coordinates": [[51.658329874346954, 43.143061228543864], [51.696987201995626, 43.156721792919576]]}, "properties": {"id": 233, "angle": 19.46, "positions": {"2000": 1431.14, "2001": 1282.84, "2002": 1286.3, "2006": 1323.85, "2007": 1340.96, "2008": 1328.55, "2010": 1309.71, "2011": 1329.77, "2013": 1279.32, "2014": 1288.77, "2015": 1266.76, "2016": 1304.87, "2017": 1187.32, "2018": 1312.29, "2019": 1283.19, "2020": 1366.4, "2021": 1267.72, "2022": 1238.38, "2023": 1203.2, "2024": 1195.99, "2025": 1225.32, "2026": 111.0}, "speed_m_per_year": -4.77, "total_change_m": -1320.14, "r_squared": 0.395, "std_error": 1.36, "ci_95_low": -7.61, "ci_95_high": -1.94, "confidence": "low", "risk_class": "low", "total_retreat_m": 1320.1, "outliers_removed": 1, "valid_years": 22, "positions_clean": {"2000": 1431.14, "2001": 1282.84, "2002": 1286.3, "2006": 1323.85, "2007": 1340.96, "2008": 1328.55, "2010": 1309.71, "2011": 1329.77, "2013": 1279.32, "2014": 1288.77, "2015": 1266.76, "2016": 1304.87, "2017": 1187.32, "2018": 1312.29, "2019": 1283.19, "2020": 1366.4, "2021": 1267.72, "2022": 1238.38, "2023": 1203.2, "2024": 1195.99, "2025": 1225.32, "2026": null}}}, {"type": "Feature", "geometry": {"type": "LineString", "coordinates": [[51.65875580725046, 43.14114899154115], [51.69900752262195, 43.14894638916169]]}, "properties": {"id": 234, "angle": 10.96, "positions": {"2000": 1616.0, "2001": 1350.73, "2002": 1354.23, "2006": 1243.23, "2007": 1283.11, "2008": 1300.82, "2010": 1201.43, "2011": 1195.67, "2013": 1172.93, "2014": 1190.88, "2015": 1163.07, "2016": 1176.9, "2017": 1393.43, "2018": 1308.52, "2019": 1153.56, "2020": 1174.37, "2021": 1171.0, "2022": 1055.67, "2023": 1016.19, "2024": 1000.76, "2025": 707.39, "2026": 111.0}, "speed_m_per_year": -17.66, "total_change_m": -1505.0, "r_squared": 0.588, "std_error": 3.39, "ci_95_low": -24.76, "ci_95_high": -10.56, "confidence": "medium", "risk_class": "medium", "total_retreat_m": 1505.0, "outliers_removed": 1, "valid_years": 22, "positions_clean": {"2000": 1616.0, "2001": 1350.73, "2002": 1354.23, "2006": 1243.23, "2007": 1283.11, "2008": 1300.82, "2010": 1201.43, "2011": 1195.67, "2013": 1172.93, "2014": 1190.88, "2015": 1163.07, "2016": 1176.9, "2017": 1393.43, "2018": 1308.52, "2019": 1153.56, "2020": 1174.37, "2021": 1171.0, "2022": 1055.67, "2023": 1016.19, "2024": 1000.76, "2025": 707.39, "2026": null}}}, {"type": "Feature", "geometry": {"type": "LineString", "coordinates": [[51.65902480175845, 43.139174786552026], [51.69990711870032, 43.14227900327527]]}, "properties": {"id": 235, "angle": 4.34, "positions": {"2000": 1565.24, "2001": 1388.23, "2002": 1403.8, "2006": 1322.45, "2007": 1384.26, "2008": 1355.68, "2010": 1297.41, "2011": 1289.71, "2013": 1279.52, "2014": 1295.89, "2015": 1270.97, "2016": 1265.99, "2017": 1652.63, "2018": 1347.27, "2019": 1226.5, "2020": 1278.17, "2021": 1231.1, "2022": 1153.36, "2023": 1053.27, "2024": 1033.79, "2025": 637.17, "2026": 111.0}, "speed_m_per_year": -18.32, "total_change_m": -1454.24, "r_squared": 0.595, "std_error": 3.56, "ci_95_low": -25.8, "ci_95_high": -10.84, "confidence": "medium", "risk_class": "medium", "total_retreat_m": 1454.2, "outliers_removed": 2, "valid_years": 22, "positions_clean": {"2000": 1565.24, "2001": 1388.23, "2002": 1403.8, "2006": 1322.45, "2007": 1384.26, "2008": 1355.68, "2010": 1297.41, "2011": 1289.71, "2013": 1279.52, "2014": 1295.89, "2015": 1270.97, "2016": 1265.99, "2017": null, "2018": 1347.27, "2019": 1226.5, "2020": 1278.17, "2021": 1231.1, "2022": 1153.36, "2023": 1053.27, "2024": 1033.79, "2025": 637.17, "2026": null}}}, {"type": "Feature", "geometry": {"type": "LineString", "coordinates": [[51.659046080770246, 43.13713990161318], [51.70004594387195, 43.13724585274206]]}, "properties": {"id": 236, "angle": 0.15, "positions": {"2000": 1521.83, "2001": 1403.11, "2002": 1460.61, "2006": 1444.1, "2007": 1479.28, "2008": 1459.26, "2010": 1402.19, "2011": 1396.75, "2013": 1390.76, "2014": 1398.66, "2015": 1376.94, "2016": 1366.66, "2017": 1944.03, "2018": 1367.39, "2019": 1321.42, "2020": 1389.22, "2021": 2078.96, "2022": 1301.18, "2023": 1185.59, "2024": 1170.3, "2025": 1125.31, "2026": 111.0}, "speed_m_per_year": -11.43, "total_change_m": -1410.83, "r_squared": 0.727, "std_error": 1.7, "ci_95_low": -15.0, "ci_95_high": -7.85, "confidence": "medium", "risk_class": "medium", "total_retreat_m": 1410.8, "outliers_removed": 3, "valid_years": 22, "positions_clean": {"2000": 1521.83, "2001": 1403.11, "2002": 1460.61, "2006": 1444.1, "2007": 1479.28, "2008": 1459.26, "2010": 1402.19, "2011": 1396.75, "2013": 1390.76, "2014": 1398.66, "2015": 1376.94, "2016": 1366.66, "2017": null, "2018": 1367.39, "2019": 1321.42, "2020": 1389.22, "2021": null, "2022": 1301.18, "2023": 1185.59, "2024": 1170.3, "2025": 1125.31, "2026": null}}}, {"type": "Feature", "geometry": {"type": "LineString", "coordinates": [[51.659012619433895, 43.13504977408895], [51.70000747113949, 43.13440005596886]]}, "properties": {"id": 237, "angle": -0.91, "positions": {"2000": 1502.8, "2001": 1377.76, "2002": 1506.56, "2006": 1505.72, "2007": 1480.84, "2008": 1555.03, "2010": 1374.89, "2011": 1360.27, "2013": 1350.01, "2014": 1356.35, "2015": 1318.58, "2016": 1314.74, "2017": 2182.35, "2018": 1316.57, "2019": 1263.9, "2020": 1309.95, "2021": 2229.99, "2022": 1212.41, "2023": 1136.35, "2024": 1116.07, "2025": 1090.49, "2026": 111.0}, "speed_m_per_year": -17.29, "total_change_m": -1391.8, "r_squared": 0.877, "std_error": 1.62, "ci_95_low": -20.72, "ci_95_high": -13.87, "confidence": "high", "risk_class": "medium", "total_retreat_m": 1391.8, "outliers_removed": 4, "valid_years": 22, "positions_clean": {"2000": 1502.8, "2001": null, "2002": 1506.56, "2006": 1505.72, "2007": 1480.84, "2008": 1555.03, "2010": 1374.89, "2011": 1360.27, "2013": 1350.01, "2014": 1356.35, "2015": 1318.58, "2016": 1314.74, "2017": null, "2018": 1316.57, "2019": 1263.9, "2020": 1309.95, "2021": null, "2022": 1212.41, "2023": 1136.35, "2024": 1116.07, "2025": 1090.49, "2026": null}}}, {"type": "Feature", "geometry": {"type": "LineString", "coordinates": [[51.65892622299454, 43.13289936397502], [51.69991075792503, 43.1340253730919]]}, "properties": {"id": 238, "angle": 1.57, "positions": {"2000": 1515.13, "2001": 1379.83, "2002": 1532.59, "2006": 1537.98, "2007": 1501.89, "2008": 1593.54, "2010": 1361.92, "2011": 1342.32, "2013": 1329.12, "2014": 1335.24, "2015": 1285.09, "2016": 1285.65, "2017": 2313.82, "2018": 1288.21, "2019": 1229.36, "2020": 1260.39, "2021": 2022.29, "2022": 1153.95, "2023": 1106.28, "2024": 1081.96, "2025": 1070.92, "2026": 111.0}, "speed_m_per_year": -20.36, "total_change_m": -1404.13, "r_squared": 0.89, "std_error": 1.79, "ci_95_low": -24.15, "ci_95_high": -16.57, "confidence": "high", "risk_class": "high", "total_retreat_m": 1404.1, "outliers_removed": 4, "valid_years": 22, "positions_clean": {"2000": 1515.13, "2001": null, "2002": 1532.59, "2006": 1537.98, "2007": 1501.89, "2008": 1593.54, "2010": 1361.92, "2011": 1342.32, "2013": 1329.12, "2014": 1335.24, "2015": 1285.09, "2016": 1285.65, "2017": null, "2018": 1288.21, "2019": 1229.36, "2020": 1260.39, "2021": null, "2022": 1153.95, "2023": 1106.28, "2024": 1081.96, "2025": 1070.92, "2026": null}}}, {"type": "Feature", "geometry": {"type": "LineString", "coordinates": [[51.65884126388437, 43.130713618548405], [51.69960919704405, 43.135069720692314]]}, "properties": {"id": 239, "angle": 6.1, "positions": {"2000": 1555.47, "2001": 1440.04, "2002": 1549.66, "2006": 1555.86, "2007": 1543.79, "2008": 1610.87, "2010": 1356.15, "2011": 1340.0, "2013": 1326.2, "2014": 1337.24, "2015": 1293.0, "2016": 1291.85, "2017": 2381.68, "2018": 1290.19, "2019": 1283.34, "2020": 1272.29, "2021": 1899.83, "2022": 1154.9, "2023": 1100.4, "2024": 1073.57, "2025": 1041.87, "2026": 111.0}, "speed_m_per_year": -19.83, "total_change_m": -1444.47, "r_squared": 0.837, "std_error": 2.12, "ci_95_low": -24.32, "ci_95_high": -15.35, "confidence": "high", "risk_class": "medium", "total_retreat_m": 1444.5, "outliers_removed": 3, "valid_years": 22, "positions_clean": {"2000": 1555.47, "2001": 1440.04, "2002": 1549.66, "2006": 1555.86, "2007": 1543.79, "2008": 1610.87, "2010": 1356.15, "2011": 1340.0, "2013": 1326.2, "2014": 1337.24, "2015": 1293.0, "2016": 1291.85, "2017": null, "2018": 1290.19, "2019": 1283.34, "2020": 1272.29, "2021": null, "2022": 1154.9, "2023": 1100.4, "2024": 1073.57, "2025": 1041.87, "2026": null}}}, {"type": "Feature", "geometry": {"type": "LineString", "coordinates": [[51.65875719904499, 43.12851610707609], [51.69895255283802, 43.13659902322392]]}, "properties": {"id": 240, "angle": 11.37, "positions": {"2000": 1605.17, "2001": 1504.68, "2002": 1580.8, "2006": 1587.72, "2007": 1594.65, "2008": 1642.84, "2010": 1365.03, "2011": 1351.83, "2013": 1337.3, "2014": 1352.95, "2015": 1313.52, "2016": 1310.81, "2017": 2439.28, "2018": 1305.31, "2019": 1347.77, "2020": 1296.71, "2021": 1799.71, "2022": 1178.44, "2023": 1110.58, "2024": 1082.67, "2025": 1013.27, "2026": 111.0}, "speed_m_per_year": -21.49, "total_change_m": -1494.17, "r_squared": 0.835, "std_error": 2.31, "ci_95_low": -26.36, "ci_95_high": -16.61, "confidence": "high", "risk_class": "high", "total_retreat_m": 1494.2, "outliers_removed": 3, "valid_years": 22, "positions_clean": {"2000": 1605.17, "2001": 1504.68, "2002": 1580.8, "2006": 1587.72, "2007": 1594.65, "2008": 1642.84, "2010": 1365.03, "2011": 1351.83, "2013": 1337.3, "2014": 1352.95, "2015": 1313.52, "2016": 1310.81, "2017": null, "2018": 1305.31, "2019": 1347.77, "2020": 1296.71, "2021": null, "2022": 1178.44, "2023": 1110.58, "2024": 1082.67, "2025": 1013.27, "2026": null}}}, {"type": "Feature", "geometry": {"type": "LineString", "coordinates": [[51.65869220342858, 43.12633075105218], [51.69810662326798, 43.13762249621063]]}, "properties": {"id": 241, "angle": 15.99, "positions": {"2000": 1664.44, "2001": 1578.75, "2002": 1619.12, "2006": 1626.89, "2007": 1655.09, "2008": 1682.33, "2010": 1376.92, "2011": 1367.19, "2013": 1351.8, "2014": 1372.84, "2015": 1338.84, "2016": 1334.35, "2017": 2521.23, "2018": 1324.44, "2019": 1420.18, "2020": 1326.38, "2021": 1604.66, "2022": 1206.66, "2023": 1123.67, "2024": 1094.49, "2025": 980.79, "2026": 111.0}, "speed_m_per_year": -23.43, "total_change_m": -1553.44, "r_squared": 0.821, "std_error": 2.65, "ci_95_low": -29.03, "ci_95_high": -17.83, "confidence": "high", "risk_class": "high", "total_retreat_m": 1553.4, "outliers_removed": 3, "valid_years": 22, "positions_clean": {"2000": 1664.44, "2001": 1578.75, "2002": 1619.12, "2006": 1626.89, "2007": 1655.09, "2008": 1682.33, "2010": 1376.92, "2011": 1367.19, "2013": 1351.8, "2014": 1372.84, "2015": 1338.84, "2016": 1334.35, "2017": null, "2018": 1324.44, "2019": 1420.18, "2020": 1326.38, "2021": null, "2022": 1206.66, "2023": 1123.67, "2024": 1094.49, "2025": 980.79, "2026": null}}}, {"type": "Feature", "geometry": {"type": "LineString", "coordinates": [[51.65873023469071, 43.124163588360624], [51.69737675106519, 43.137854708552794]]}, "properties": {"id": 242, "angle": 19.51, "positions": {"2000": 1715.48, "2001": 1638.11, "2002": 1647.58, "2006": 1658.27, "2007": 1706.18, "2008": 1709.48, "2010": 1388.42, "2011": 1382.28, "2013": 1365.92, "2014": 1390.3, "2015": 1362.67, "2016": 1357.81, "2017": 2621.37, "2018": 1343.45, "2019": 1478.73, "2020": 1351.95, "2021": 1317.92, "2022": 1241.31, "2023": 1149.81, "2024": 1126.19, "2025": 987.32, "2026": 111.0}, "speed_m_per_year": -23.69, "total_change_m": -1604.48, "r_squared": 0.803, "std_error": 2.77, "ci_95_low": -29.51, "ci_95_high": -17.88, "confidence": "high", "risk_class": "high", "total_retreat_m": 1604.5, "outliers_removed": 2, "valid_years": 22, "positions_clean": {"2000": 1715.48, "2001": 1638.11, "2002": 1647.58, "2006": 1658.27, "2007": 1706.18, "2008": 1709.48, "2010": 1388.42, "2011": 1382.28, "2013": 1365.92, "2014": 1390.3, "2015": 1362.67, "2016": 1357.81, "2017": null, "2018": 1343.45, "2019": 1478.73, "2020": 1351.95, "2021": 1317.92, "2022": 1241.31, "2023": 1149.81, "2024": 1126.19, "2025": 987.32, "2026": null}}}, {"type": "Feature", "geometry": {"type": "LineString", "coordinates": [[51.65886117788587, 43.12201633773631], [51.696651191324904, 43.13791963564201]]}, "properties": {"id": 243, "angle": 22.82, "positions": {"2000": 1741.06, "2001": 1619.23, "2002": 1678.57, "2006": 1703.72, "2007": 1722.3, "2008": 1722.85, "2010": 1451.62, "2011": 1445.19, "2013": 1426.46, "2014": 1444.75, "2015": 1419.41, "2016": 1419.78, "2017": 2719.94, "2018": 1403.24, "2019": 1490.14, "2020": 1397.64, "2021": 1373.6, "2022": 1321.17, "2023": 1238.89, "2024": 1234.96, "2025": 1118.38, "2026": 111.0}, "speed_m_per_year": -20.45, "total_change_m": -1630.06, "r_squared": 0.817, "std_error": 2.28, "ci_95_low": -25.24, "ci_95_high": -15.65, "confidence": "high", "risk_class": "high", "total_retreat_m": 1630.1, "outliers_removed": 2, "valid_years": 22, "positions_clean": {"2000": 1741.06, "2001": 1619.23, "2002": 1678.57, "2006": 1703.72, "2007": 1722.3, "2008": 1722.85, "2010": 1451.62, "2011": 1445.19, "2013": 1426.46, "2014": 1444.75, "2015": 1419.41, "2016": 1419.78, "2017": null, "2018": 1403.24, "2019": 1490.14, "2020": 1397.64, "2021": 1373.6, "2022": 1321.17, "2023": 1238.89, "2024": 1234.96, "2025": 1118.38, "2026": null}}}, {"type": "Feature", "geometry": {"type": "LineString", "coordinates": [[51.66038340136185, 43.120568820282806], [51.69730537963361, 43.13839485518963]]}, "properties": {"id": 244, "angle": 25.77, "positions": {"2000": 1596.99, "2001": 1425.4, "2002": 1540.37, "2006": 1580.88, "2007": 1567.87, "2008": 1565.38, "2010": 1346.52, "2011": 1339.78, "2013": 1318.62, "2014": 1330.77, "2015": 1307.7, "2016": 1313.38, "2017": 2655.02, "2018": 1294.59, "2019": 1330.81, "2020": 1274.6, "2021": 1260.73, "2022": 1232.21, "2023": 1158.6, "2024": 1173.33, "2025": 1076.87, "2026": 111.0}, "speed_m_per_year": -17.16, "total_change_m": -1485.99, "r_squared": 0.812, "std_error": 1.95, "ci_95_low": -21.25, "ci_95_high": -13.07, "confidence": "high", "risk_class": "medium", "total_retreat_m": 1486.0, "outliers_removed": 2, "valid_years": 22, "positions_clean": {"2000": 1596.99, "2001": 1425.4, "2002": 1540.37, "2006": 1580.88, "2007": 1567.87, "2008": 1565.38, "2010": 1346.52, "2011": 1339.78, "2013": 1318.62, "2014": 1330.77, "2015": 1307.7, "2016": 1313.38, "2017": null, "2018": 1294.59, "2019": 1330.81, "2020": 1274.6, "2021": 1260.73, "2022": 1232.21, "2023": 1158.6, "2024": 1173.33, "2025": 1076.87, "2026": null}}}, {"type": "Feature", "geometry": {"type": "LineString", "coordinates": [[51.66222589179081, 43.11947512669108], [51.6983881937844, 43.13879578699356]]}, "properties": {"id": 245, "angle": 28.11, "positions": {"2000": 1401.6, "2001": 1173.12, "2002": 1351.89, "2006": 1409.42, "2007": 1360.73, "2008": 1354.73, "2010": 1194.39, "2011": 1187.31, "2013": 1163.59, "2014": 1169.23, "2015": 1148.58, "2016": 1159.85, "2017": 2550.96, "2018": 1138.71, "2019": 1119.48, "2020": 1103.16, "2021": 1099.8, "2022": 1095.28, "2023": 1022.57, "2024": 1057.66, "2025": 968.23, "2026": 111.0}, "speed_m_per_year": -16.48, "total_change_m": -1290.6, "r_squared": 0.896, "std_error": 1.36, "ci_95_low": -19.35, "ci_95_high": -13.61, "confidence": "high", "risk_class": "medium", "total_retreat_m": 1290.6, "outliers_removed": 3, "valid_years": 22, "positions_clean": {"2000": 1401.6, "2001": null, "2002": 1351.89, "2006": 1409.42, "2007": 1360.73, "2008": 1354.73, "2010": 1194.39, "2011": 1187.31, "2013": 1163.59, "2014": 1169.23, "2015": 1148.58, "2016": 1159.85, "2017": null, "2018": 1138.71, "2019": 1119.48, "2020": 1103.16, "2021": 1099.8, "2022": 1095.28, "2023": 1022.57, "2024": 1057.66, "2025": 968.23, "2026": null}}}, {"type": "Feature", "geometry": {"type": "LineString", "coordinates": [[51.664047590425284, 43.11836187560863], [51.69961410808664, 43.138758513112]]}, "properties": {"id": 246, "angle": 29.83, "positions": {"2000": 1129.4, "2001": 926.24, "2002": 1052.52, "2006": 1103.48, "2007": 1077.03, "2008": 1046.85, "2010": 947.79, "2011": 937.26, "2013": 919.78, "2014": 930.43, "2015": 907.55, "2016": 935.99, "2017": 2461.29, "2018": 910.21, "2019": 892.14, "2020": 883.42, "2021": 875.49, "2022": 857.19, "2023": 794.12, "2024": 808.72, "2025": 750.77, "2026": 111.0}, "speed_m_per_year": -13.32, "total_change_m": -1018.4, "r_squared": 0.902, "std_error": 1.07, "ci_95_low": -15.56, "ci_95_high": -11.07, "confidence": "high", "risk_class": "medium", "total_retreat_m": 1018.4, "outliers_removed": 3, "valid_years": 22, "positions_clean": {"2000": 1129.4, "2001": null, "2002": 1052.52, "2006": 1103.48, "2007": 1077.03, "2008": 1046.85, "2010": 947.79, "2011": 937.26, "2013": 919.78, "2014": 930.43, "2015": 907.55, "2016": 935.99, "2017": null, "2018": 910.21, "2019": 892.14, "2020": 883.42, "2021": 875.49, "2022": 857.19, "2023": 794.12, "2024": 808.72, "2025": 750.77, "2026": null}}}, {"type": "Feature", "geometry": {"type": "LineString", "coordinates": [[51.66588463790408, 43.11729589408426], [51.701073866826576, 43.13833676307392]]}, "properties": {"id": 247, "angle": 30.88, "positions": {"2000": 795.32, "2001": 663.2, "2002": 679.83, "2006": 685.55, "2007": 739.35, "2008": 673.31, "2010": 671.1, "2011": 657.44, "2013": 651.59, "2014": 668.3, "2015": 645.03, "2016": 692.24, "2017": 2374.78, "2018": 663.42, "2019": 649.59, "2020": 649.61, "2021": 636.58, "2022": 602.75, "2023": 551.23, "2024": 542.41, "2025": 517.6, "2026": 111.0}, "speed_m_per_year": -6.34, "total_change_m": -684.32, "r_squared": 0.624, "std_error": 1.16, "ci_95_low": -8.78, "ci_95_high": -3.9, "confidence": "medium", "risk_class": "low", "total_retreat_m": 684.3, "outliers_removed": 2, "valid_years": 22, "positions_clean": {"2000": 795.32, "2001": 663.2, "2002": 679.83, "2006": 685.55, "2007": 739.35, "2008": 673.31, "2010": 671.1, "2011": 657.44, "2013": 651.59, "2014": 668.3, "2015": 645.03, "2016": 692.24, "2017": null, "2018": 663.42, "2019": 649.59, "2020": 649.61, "2021": 636.58, "2022": 602.75, "2023": 551.23, "2024": 542.41, "2025": 517.6, "2026": null}}}, {"type": "Feature", "geometry": {"type": "LineString", "coordinates": [[51.667053420598926, 43.1155997078614], [51.702099343998, 43.13687841207726]]}, "properties": {"id": 248, "angle": 31.26, "positions": {"2000": 14.52, "2007": 117.27, "2017": 2397.14, "2026": 111.0}, "speed_m_per_year": 2.86, "total_change_m": 96.48, "r_squared": 0.447, "std_error": 3.18, "ci_95_low": -37.59, "ci_95_high": 43.31, "confidence": "low", "risk_class": "low", "total_retreat_m": -96.5, "outliers_removed": 1, "valid_years": 4, "positions_clean": {"2000": 14.52, "2007": 117.27, "2017": null, "2026": 111.0}}}, {"type": "Feature", "geometry": {"type": "LineString", "coordinates": [[51.66742124076584, 43.113529712732586], [51.70259917945443, 43.13458945227565]]}, "properties": {"id": 249, "angle": 30.91, "positions": {"2017": 2520.67, "2026": 111.0}, "speed_m_per_year": 0.0, "total_change_m": -2409.67, "r_squared": 0.0, "std_error": 0.0, "ci_95_low": 0.0, "ci_95_high": 0.0, "confidence": "low", "risk_class": "low", "total_retreat_m": 2409.7, "outliers_removed": 0, "valid_years": 2, "positions_clean": {"2017": 2520.67, "2026": 111.0}}}, {"type": "Feature", "geometry": {"type": "LineString", "coordinates": [[51.667856243789025, 43.11148510035154], [51.703436022021144, 43.13185859737471]]}, "properties": {"id": 250, "angle": 29.8, "positions": {"2017": 2643.48, "2026": 111.0}, "speed_m_per_year": 0.0, "total_change_m": -2532.48, "r_squared": 0.0, "std_error": 0.0, "ci_95_low": 0.0, "ci_95_high": 0.0, "confidence": "low", "risk_class": "low", "total_retreat_m": 2532.5, "outliers_removed": 0, "valid_years": 2, "positions_clean": {"2017": 2643.48, "2026": 111.0}}}, {"type": "Feature", "geometry": {"type": "LineString", "coordinates": [[51.668336014439895, 43.109466929138996], [51.70462074643645, 43.12855667046617]]}, "properties": {"id": 251, "angle": 27.75, "positions": {"2017": 2772.47, "2026": 111.0}, "speed_m_per_year": 0.0, "total_change_m": -2661.47, "r_squared": 0.0, "std_error": 0.0, "ci_95_low": 0.0, "ci_95_high": 0.0, "confidence": "low", "risk_class": "low", "total_retreat_m": 2661.5, "outliers_removed": 0, "valid_years": 2, "positions_clean": {"2017": 2772.47, "2026": 111.0}}}, {"type": "Feature", "geometry": {"type": "LineString", "coordinates": [[51.66885504975458, 43.107471650767444], [51.706007077668474, 43.12481312769087]]}, "properties": {"id": 252, "angle": 25.02, "positions": {"2017": 2911.58, "2026": 111.0}, "speed_m_per_year": 0.0, "total_change_m": -2800.58, "r_squared": 0.0, "std_error": 0.0, "ci_95_low": 0.0, "ci_95_high": 0.0, "confidence": "low", "risk_class": "low", "total_retreat_m": 2800.6, "outliers_removed": 0, "valid_years": 2, "positions_clean": {"2017": 2911.58, "2026": 111.0}}}, {"type": "Feature", "geometry": {"type": "LineString", "coordinates": [[51.6695549655909, 43.105541895741865], [51.707616798957666, 43.120783183114]]}, "properties": {"id": 253, "angle": 21.82, "positions": {"2017": 3048.63, "2026": 111.0}, "speed_m_per_year": 0.0, "total_change_m": -2937.63, "r_squared": 0.0, "std_error": 0.0, "ci_95_low": 0.0, "ci_95_high": 0.0, "confidence": "low", "risk_class": "low", "total_retreat_m": 2937.6, "outliers_removed": 0, "valid_years": 2, "positions_clean": {"2017": 3048.63, "2026": 111.0}}}, {"type": "Feature", "geometry": {"type": "LineString", "coordinates": [[51.670300057438716, 43.10360465498535], [51.70884432070004, 43.11758105543904]]}, "properties": {"id": 254, "angle": 19.93, "positions": {"2017": 3168.63, "2026": 111.0}, "speed_m_per_year": 0.0, "total_change_m": -3057.63, "r_squared": 0.0, "std_error": 0.0, "ci_95_low": 0.0, "ci_95_high": 0.0, "confidence": "low", "risk_class": "low", "total_retreat_m": 3057.6, "outliers_removed": 0, "valid_years": 2, "positions_clean": {"2017": 3168.63, "2026": 111.0}}}, {"type": "Feature", "geometry": {"type": "LineString", "coordinates": [[51.67124369196156, 43.10170019622623], [51.70953770250946, 43.11634836185055]]}, "properties": {"id": 255, "angle": 20.93, "positions": {"2017": 3210.64, "2026": 111.0}, "speed_m_per_year": 0.0, "total_change_m": -3099.64, "r_squared": 0.0, "std_error": 0.0, "ci_95_low": 0.0, "ci_95_high": 0.0, "confidence": "low", "risk_class": "low", "total_retreat_m": 3099.6, "outliers_removed": 0, "valid_years": 2, "positions_clean": {"2017": 3210.64, "2026": 111.0}}}, {"type": "Feature", "geometry": {"type": "LineString", "coordinates": [[51.67226194338458, 43.09979426491475], [51.7097381433625, 43.11642358947154]]}, "properties": {"id": 256, "angle": 23.93, "positions": {"2017": 3210.39, "2026": 111.0}, "speed_m_per_year": 0.0, "total_change_m": -3099.39, "r_squared": 0.0, "std_error": 0.0, "ci_95_low": 0.0, "ci_95_high": 0.0, "confidence": "low", "risk_class": "low", "total_retreat_m": 3099.4, "outliers_removed": 0, "valid_years": 2, "positions_clean": {"2017": 3210.39, "2026": 111.0}}}, {"type": "Feature", "geometry": {"type": "LineString", "coordinates": [[51.67334423777667, 43.09789058946349], [51.7093474070297, 43.1175061904927]]}, "properties": {"id": 257, "angle": 28.58, "positions": {"2017": 3191.63, "2026": 111.0}, "speed_m_per_year": 0.0, "total_change_m": -3080.63, "r_squared": 0.0, "std_error": 0.0, "ci_95_low": 0.0, "ci_95_high": 0.0, "confidence": "low", "risk_class": "low", "total_retreat_m": 3080.6, "outliers_removed": 0, "valid_years": 2, "positions_clean": {"2017": 3191.63, "2026": 111.0}}}, {"type": "Feature", "geometry": {"type": "LineString", "coordinates": [[51.67446727550576, 43.095999104271925], [51.708540863732416, 43.11880240634335]]}, "properties": {"id": 258, "angle": 33.79, "positions": {"2017": 3185.98, "2026": 111.0}, "speed_m_per_year": 0.0, "total_change_m": -3074.98, "r_squared": 0.0, "std_error": 0.0, "ci_95_low": 0.0, "ci_95_high": 0.0, "confidence": "low", "risk_class": "low", "total_retreat_m": 3075.0, "outliers_removed": 0, "valid_years": 2, "positions_clean": {"2017": 3185.98, "2026": 111.0}}}, {"type": "Feature", "geometry": {"type": "LineString", "coordinates": [[51.67566338979579, 43.09417699897594], [51.70802269927448, 43.1193538750741]]}, "properties": {"id": 259, "angle": 37.88, "positions": {"2017": 3197.97, "2026": 111.0}, "speed_m_per_year": 0.0, "total_change_m": -3086.97, "r_squared": 0.0, "std_error": 0.0, "ci_95_low": 0.0, "ci_95_high": 0.0, "confidence": "low", "risk_class": "low", "total_retreat_m": 3087.0, "outliers_removed": 0, "valid_years": 2, "positions_clean": {"2017": 3197.97, "2026": 111.0}}}, {"type": "Feature", "geometry": {"type": "LineString", "coordinates": [[51.67694145184604, 43.09242778845289], [51.70779565741822, 43.11942812175657]]}, "properties": {"id": 260, "angle": 41.19, "positions": {"2017": 3213.37, "2026": 111.0}, "speed_m_per_year": 0.0, "total_change_m": -3102.37, "r_squared": 0.0, "std_error": 0.0, "ci_95_low": 0.0, "ci_95_high": 0.0, "confidence": "low", "risk_class": "low", "total_retreat_m": 3102.4, "outliers_removed": 0, "valid_years": 2, "positions_clean": {"2017": 3213.37, "2026": 111.0}}}, {"type": "Feature", "geometry": {"type": "LineString", "coordinates": [[51.67830209247313, 43.09074792288213], [51.70761821797505, 43.11941087432743]]}, "properties": {"id": 261, "angle": 44.35, "positions": {"2017": 3227.0, "2026": 111.0}, "speed_m_per_year": 0.0, "total_change_m": -3116.0, "r_squared": 0.0, "std_error": 0.0, "ci_95_low": 0.0, "ci_95_high": 0.0, "confidence": "low", "risk_class": "low", "total_retreat_m": 3116.0, "outliers_removed": 0, "valid_years": 2, "positions_clean": {"2017": 3227.0, "2026": 111.0}}}, {"type": "Feature", "geometry": {"type": "LineString", "coordinates": [[51.67989649291436, 43.089292990792785], [51.70773156822569, 43.11939628932322]]}, "properties": {"id": 262, "angle": 47.24, "positions": {"2000": 8.86, "2001": 8.98, "2002": 7.11, "2006": 9.44, "2010": 0.27, "2014": 8.55, "2016": 1.6, "2017": 3212.61, "2026": 111.0}, "speed_m_per_year": 2.92, "total_change_m": 102.14, "r_squared": 0.5, "std_error": 1.19, "ci_95_low": 0.0, "ci_95_high": 5.84, "confidence": "low", "risk_class": "low", "total_retreat_m": -102.1, "outliers_removed": 1, "valid_years": 9, "positions_clean": {"2000": 8.86, "2001": 8.98, "2002": 7.11, "2006": 9.44, "2010": 0.27, "2014": 8.55, "2016": 1.6, "2017": null, "2026": 111.0}}}, {"type": "Feature", "geometry": {"type": "LineString", "coordinates": [[51.681502619973436, 43.08785507871591], [51.70789189518845, 43.11923351324707]]}, "properties": {"id": 263, "angle": 49.94, "positions": {"2000": 27.32, "2001": 33.68, "2002": 30.57, "2006": 39.09, "2008": 25.49, "2010": 27.58, "2011": 26.3, "2013": 25.36, "2014": 31.45, "2015": 13.35, "2016": 29.78, "2017": 3202.26, "2018": 28.01, "2019": 12.11, "2026": 111.0}, "speed_m_per_year": 1.28, "total_change_m": 83.68, "r_squared": 0.165, "std_error": 0.83, "ci_95_low": -0.53, "ci_95_high": 3.09, "confidence": "low", "risk_class": "low", "total_retreat_m": -83.7, "outliers_removed": 1, "valid_years": 15, "positions_clean": {"2000": 27.32, "2001": 33.68, "2002": 30.57, "2006": 39.09, "2008": 25.49, "2010": 27.58, "2011": 26.3, "2013": 25.36, "2014": 31.45, "2015": 13.35, "2016": 29.78, "2017": null, "2018": 28.01, "2019": 12.11, "2026": 111.0}}}, {"type": "Feature", "geometry": {"type": "LineString", "coordinates": [[51.683256307630856, 43.08661161029988], [51.70826639060096, 43.11910000437882]]}, "properties": {"id": 264, "angle": 52.41, "positions": {"2000": 39.44, "2001": 43.86, "2002": 41.38, "2006": 51.13, "2007": 6.26, "2008": 47.67, "2010": 40.68, "2011": 42.2, "2013": 39.54, "2014": 44.69, "2015": 30.89, "2016": 43.15, "2017": 3169.29, "2018": 43.32, "2019": 30.67, "2022": 17.43, "2026": 111.0}, "speed_m_per_year": 0.87, "total_change_m": 71.56, "r_squared": 0.092, "std_error": 0.73, "ci_95_low": -0.7, "ci_95_high": 2.43, "confidence": "low", "risk_class": "low", "total_retreat_m": -71.6, "outliers_removed": 1, "valid_years": 17, "positions_clean": {"2000": 39.44, "2001": 43.86, "2002": 41.38, "2006": 51.13, "2007": 6.26, "2008": 47.67, "2010": 40.68, "2011": 42.2, "2013": 39.54, "2014": 44.69, "2015": 30.89, "2016": 43.15, "2017": null, "2018": 43.32, "2019": 30.67, "2022": 17.43, "2026": 111.0}}}, {"type": "Feature", "geometry": {"type": "LineString", "coordinates": [[51.68509620605317, 43.085503952289166], [51.70882359840317, 43.118940621565116]]}, "properties": {"id": 265, "angle": 54.64, "positions": {"2000": 48.57, "2001": 46.37, "2002": 45.48, "2006": 53.87, "2007": 10.95, "2008": 51.67, "2010": 45.74, "2011": 50.4, "2013": 44.96, "2014": 53.6, "2015": 40.28, "2016": 48.34, "2017": 3120.76, "2018": 50.64, "2019": 39.1, "2022": 32.74, "2026": 111.0}, "speed_m_per_year": 0.99, "total_change_m": 62.43, "r_squared": 0.143, "std_error": 0.65, "ci_95_low": -0.4, "ci_95_high": 2.37, "confidence": "low", "risk_class": "low", "total_retreat_m": -62.4, "outliers_removed": 1, "valid_years": 17, "positions_clean": {"2000": 48.57, "2001": 46.37, "2002": 45.48, "2006": 53.87, "2007": 10.95, "2008": 51.67, "2010": 45.74, "2011": 50.4, "2013": 44.96, "2014": 53.6, "2015": 40.28, "2016": 48.34, "2017": null, "2018": 50.64, "2019": 39.1, "2022": 32.74, "2026": 111.0}}}, {"type": "Feature", "geometry": {"type": "LineString", "coordinates": [[51.68692742972077, 43.08438838597144], [51.70945585290728, 43.118644336530856]]}, "properties": {"id": 266, "angle": 56.67, "positions": {"2000": 58.96, "2001": 50.2, "2002": 50.87, "2006": 57.92, "2007": 17.5, "2008": 56.98, "2010": 52.08, "2011": 59.85, "2013": 51.66, "2014": 63.76, "2015": 50.89, "2016": 54.82, "2017": 3074.33, "2018": 59.23, "2019": 48.76, "2022": 49.17, "2023": 7.92, "2026": 111.0}, "speed_m_per_year": 0.42, "total_change_m": 52.04, "r_squared": 0.025, "std_error": 0.68, "ci_95_low": -1.03, "ci_95_high": 1.88, "confidence": "low", "risk_class": "low", "total_retreat_m": -52.0, "outliers_removed": 1, "valid_years": 18, "positions_clean": {"2000": 58.96, "2001": 50.2, "2002": 50.87, "2006": 57.92, "2007": 17.5, "2008": 56.98, "2010": 52.08, "2011": 59.85, "2013": 51.66, "2014": 63.76, "2015": 50.89, "2016": 54.82, "2017": null, "2018": 59.23, "2019": 48.76, "2022": 49.17, "2023": 7.92, "2026": 111.0}}}, {"type": "Feature", "geometry": {"type": "LineString", "coordinates": [[51.68875211322662, 43.08327205638893], [51.710236221601214, 43.11819243850809]]}, "properties": {"id": 267, "angle": 58.4, "positions": {"2000": 114.8, "2001": 106.45, "2002": 105.51, "2006": 110.24, "2007": 95.74, "2008": 110.94, "2010": 105.2, "2011": 114.6, "2013": 106.71, "2014": 114.83, "2015": 104.87, "2016": 104.57, "2017": 3026.42, "2018": 107.46, "2019": 100.31, "2020": 59.75, "2021": 61.47, "2022": 99.6, "2023": 73.63, "2024": 61.93, "2025": 61.23, "2026": 111.0}, "speed_m_per_year": -0.14, "total_change_m": -3.8, "r_squared": 0.035, "std_error": 0.19, "ci_95_low": -0.55, "ci_95_high": 0.28, "confidence": "low", "risk_class": "low", "total_retreat_m": 3.8, "outliers_removed": 6, "valid_years": 22, "positions_clean": {"2000": 114.8, "2001": 106.45, "2002": 105.51, "2006": 110.24, "2007": 95.74, "2008": 110.94, "2010": 105.2, "2011": 114.6, "2013": 106.71, "2014": 114.83, "2015": 104.87, "2016": 104.57, "2017": null, "2018": 107.46, "2019": 100.31, "2020": null, "2021": null, "2022": 99.6, "2023": null, "2024": null, "2025": null, "2026": 111.0}}}, {"type": "Feature", "geometry": {"type": "LineString", "coordinates": [[51.690570902953205, 43.08215794253671], [51.71121070598123, 43.117583900970665]]}, "properties": {"id": 268, "angle": 59.77, "positions": {"2000": 178.27, "2001": 169.0, "2002": 166.27, "2006": 170.26, "2007": 172.74, "2008": 172.44, "2010": 164.46, "2011": 177.16, "2013": 167.97, "2014": 173.9, "2015": 164.34, "2016": 160.64, "2017": 2974.33, "2018": 162.45, "2019": 156.73, "2020": 136.95, "2021": 136.42, "2022": 154.13, "2023": 138.46, "2024": 133.36, "2025": 131.91, "2026": 111.0}, "speed_m_per_year": -0.73, "total_change_m": -67.27, "r_squared": 0.482, "std_error": 0.21, "ci_95_low": -1.18, "ci_95_high": -0.27, "confidence": "low", "risk_class": "low", "total_retreat_m": 67.3, "outliers_removed": 7, "valid_years": 22, "positions_clean": {"2000": 178.27, "2001": 169.0, "2002": 166.27, "2006": 170.26, "2007": 172.74, "2008": 172.44, "2010": 164.46, "2011": 177.16, "2013": 167.97, "2014": 173.9, "2015": 164.34, "2016": 160.64, "2017": null, "2018": 162.45, "2019": 156.73, "2020": null, "2021": null, "2022": 154.13, "2023": null, "2024": null, "2025": null, "2026": null}}}, {"type": "Feature", "geometry": {"type": "LineString", "coordinates": [[51.69238943528364, 43.0810588893124], [51.71246043187195, 43.116810184337226]]}, "properties": {"id": 269, "angle": 60.69, "positions": {"2000": 214.83, "2001": 199.49, "2002": 195.74, "2006": 201.96, "2007": 216.78, "2008": 203.67, "2010": 191.43, "2011": 209.54, "2013": 196.27, "2014": 203.46, "2015": 190.78, "2016": 187.87, "2017": 2913.37, "2018": 187.37, "2019": 180.62, "2020": 168.07, "2021": 166.58, "2022": 177.33, "2023": 159.15, "2024": 147.84, "2025": 143.83, "2026": 111.0}, "speed_m_per_year": -1.45, "total_change_m": -103.83, "r_squared": 0.567, "std_error": 0.34, "ci_95_low": -2.18, "ci_95_high": -0.73, "confidence": "medium", "risk_class": "low", "total_retreat_m": 103.8, "outliers_removed": 6, "valid_years": 22, "positions_clean": {"2000": 214.83, "2001": 199.49, "2002": 195.74, "2006": 201.96, "2007": 216.78, "2008": 203.67, "2010": 191.43, "2011": 209.54, "2013": 196.27, "2014": 203.46, "2015": 190.78, "2016": 187.87, "2017": null, "2018": 187.37, "2019": 180.62, "2020": 168.07, "2021": null, "2022": 177.33, "2023": null, "2024": null, "2025": null, "2026": null}}}, {"type": "Feature", "geometry": {"type": "LineString", "coordinates": [[51.694217522376306, 43.079992433004264], [51.71401862907717, 43.11589391171227]]}, "properties": {"id": 270, "angle": 61.12, "positions": {"2000": 200.67, "2001": 181.9, "2002": 181.93, "2006": 191.21, "2007": 193.97, "2008": 186.44, "2010": 176.17, "2011": 187.27, "2013": 176.98, "2014": 185.67, "2015": 174.06, "2016": 181.21, "2017": 2840.04, "2018": 176.08, "2019": 169.21, "2020": 160.0, "2021": 159.84, "2022": 168.74, "2023": 145.0, "2024": 120.38, "2025": 114.22, "2026": 111.0}, "speed_m_per_year": -1.25, "total_change_m": -89.67, "r_squared": 0.63, "std_error": 0.25, "ci_95_low": -1.78, "ci_95_high": -0.72, "confidence": "medium", "risk_class": "low", "total_retreat_m": 89.7, "outliers_removed": 5, "valid_years": 22, "positions_clean": {"2000": 200.67, "2001": 181.9, "2002": 181.93, "2006": 191.21, "2007": 193.97, "2008": 186.44, "2010": 176.17, "2011": 187.27, "2013": 176.98, "2014": 185.67, "2015": 174.06, "2016": 181.21, "2017": null, "2018": 176.08, "2019": 169.21, "2020": 160.0, "2021": 159.84, "2022": 168.74, "2023": null, "2024": null, "2025": null, "2026": null}}}, {"type": "Feature", "geometry": {"type": "LineString", "coordinates": [[51.696039288824046, 43.07893049268758], [51.715847959565345, 43.1148277984843]]}, "properties": {"id": 271, "angle": 61.11, "positions": {"2000": 186.36, "2001": 164.14, "2002": 167.97, "2006": 180.32, "2007": 170.97, "2008": 169.05, "2010": 160.76, "2011": 164.81, "2013": 157.53, "2014": 167.71, "2015": 157.19, "2016": 174.41, "2017": 2758.66, "2018": 164.66, "2019": 157.68, "2020": 151.81, "2021": 152.97, "2022": 160.03, "2023": 130.81, "2024": 97.82, "2025": 91.08, "2026": 111.0}, "speed_m_per_year": -0.68, "total_change_m": -75.36, "r_squared": 0.228, "std_error": 0.38, "ci_95_low": -1.52, "ci_95_high": 0.15, "confidence": "low", "risk_class": "low", "total_retreat_m": 75.4, "outliers_removed": 9, "valid_years": 22, "positions_clean": {"2000": 186.36, "2001": 164.14, "2002": 167.97, "2006": 180.32, "2007": 170.97, "2008": 169.05, "2010": 160.76, "2011": 164.81, "2013": 157.53, "2014": 167.71, "2015": 157.19, "2016": 174.41, "2017": null, "2018": 164.66, "2019": null, "2020": null, "2021": null, "2022": null, "2023": null, "2024": null, "2025": null, "2026": null}}}, {"type": "Feature", "geometry": {"type": "LineString", "coordinates": [[51.69786398266559, 43.07787847810694], [51.71776756730014, 43.11372324507082]]}, "properties": {"id": 272, "angle": 60.96, "positions": {"2000": 178.47, "2001": 158.55, "2002": 164.62, "2006": 173.65, "2007": 166.07, "2008": 164.83, "2010": 150.9, "2011": 157.21, "2013": 144.14, "2014": 154.68, "2015": 135.04, "2016": 157.8, "2017": 2673.86, "2018": 142.88, "2019": 137.66, "2020": 133.47, "2021": 135.48, "2022": 139.39, "2023": 120.88, "2024": 100.19, "2025": 94.41, "2026": 111.0}, "speed_m_per_year": -1.66, "total_change_m": -67.47, "r_squared": 0.633, "std_error": 0.36, "ci_95_low": -2.45, "ci_95_high": -0.86, "confidence": "medium", "risk_class": "low", "total_retreat_m": 67.5, "outliers_removed": 8, "valid_years": 22, "positions_clean": {"2000": 178.47, "2001": 158.55, "2002": 164.62, "2006": 173.65, "2007": 166.07, "2008": 164.83, "2010": 150.9, "2011": 157.21, "2013": 144.14, "2014": 154.68, "2015": 135.04, "2016": 157.8, "2017": null, "2018": 142.88, "2019": 137.66, "2020": null, "2021": null, "2022": null, "2023": null, "2024": null, "2025": null, "2026": null}}}, {"type": "Feature", "geometry": {"type": "LineString", "coordinates": [[51.69969616804655, 43.07684355483892], [51.71976513923314, 43.112595986861265]]}, "properties": {"id": 273, "angle": 60.69, "positions": {"2000": 170.57, "2001": 152.73, "2002": 161.11, "2006": 166.18, "2007": 162.38, "2008": 160.9, "2010": 139.8, "2011": 149.74, "2013": 129.44, "2014": 140.55, "2015": 110.43, "2016": 137.36, "2017": 2585.4, "2018": 117.73, "2019": 114.81, "2020": 112.35, "2021": 115.13, "2022": 115.39, "2023": 108.9, "2024": 100.5, "2025": 95.69, "2026": 111.0}, "speed_m_per_year": -2.65, "total_change_m": -59.57, "r_squared": 0.847, "std_error": 0.27, "ci_95_low": -3.21, "ci_95_high": -2.09, "confidence": "high", "risk_class": "low", "total_retreat_m": 59.6, "outliers_removed": 2, "valid_years": 22, "positions_clean": {"2000": 170.57, "2001": 152.73, "2002": 161.11, "2006": 166.18, "2007": 162.38, "2008": 160.9, "2010": 139.8, "2011": 149.74, "2013": 129.44, "2014": 140.55, "2015": 110.43, "2016": 137.36, "2017": null, "2018": 117.73, "2019": 114.81, "2020": 112.35, "2021": 115.13, "2022": 115.39, "2023": 108.9, "2024": 100.5, "2025": null, "2026": 111.0}}}, {"type": "Feature", "geometry": {"type": "LineString", "coordinates": [[51.70152645394417, 43.075808937000765], [51.72182472029779, 43.11143168791977]]}, "properties": {"id": 274, "angle": 60.32, "positions": {"2000": 161.21, "2001": 145.61, "2002": 155.12, "2006": 156.92, "2007": 156.12, "2008": 154.02, "2010": 128.17, "2011": 140.43, "2013": 119.79, "2014": 127.77, "2015": 96.72, "2016": 121.16, "2017": 2495.83, "2018": 102.59, "2019": 101.29, "2020": 101.74, "2021": 103.02, "2022": 102.44, "2023": 103.02, "2024": 102.78, "2025": 98.86, "2026": 111.0}, "speed_m_per_year": -2.7, "total_change_m": -50.21, "r_squared": 0.777, "std_error": 0.36, "ci_95_low": -3.46, "ci_95_high": -1.93, "confidence": "medium", "risk_class": "low", "total_retreat_m": 50.2, "outliers_removed": 4, "valid_years": 22, "positions_clean": {"2000": 161.21, "2001": 145.61, "2002": 155.12, "2006": 156.92, "2007": 156.12, "2008": 154.02, "2010": 128.17, "2011": 140.43, "2013": 119.79, "2014": 127.77, "2015": 96.72, "2016": 121.16, "2017": null, "2018": 102.59, "2019": 101.29, "2020": 101.74, "2021": 103.02, "2022": 102.44, "2023": null, "2024": null, "2025": null, "2026": 111.0}}}, {"type": "Feature", "geometry": {"type": "LineString", "coordinates": [[51.703365445985, 43.074782751124054], [51.72376879789911, 43.11034541737209]]}, "properties": {"id": 275, "angle": 60.16, "positions": {"2000": 140.08, "2001": 131.57, "2002": 133.64, "2006": 135.31, "2007": 133.19, "2008": 129.26, "2010": 113.62, "2011": 122.75, "2013": 119.36, "2014": 117.1, "2015": 96.46, "2016": 113.16, "2017": 2408.28, "2018": 101.33, "2019": 100.27, "2020": 104.99, "2021": 102.17, "2022": 104.49, "2023": 104.94, "2024": 106.58, "2025": 103.23, "2026": 111.0}, "speed_m_per_year": -1.49, "total_change_m": -29.08, "r_squared": 0.745, "std_error": 0.2, "ci_95_low": -1.92, "ci_95_high": -1.06, "confidence": "medium", "risk_class": "low", "total_retreat_m": 29.1, "outliers_removed": 2, "valid_years": 22, "positions_clean": {"2000": 140.08, "2001": 131.57, "2002": 133.64, "2006": 135.31, "2007": 133.19, "2008": 129.26, "2010": 113.62, "2011": 122.75, "2013": 119.36, "2014": 117.1, "2015": 96.46, "2016": 113.16, "2017": null, "2018": 101.33, "2019": 100.27, "2020": 104.99, "2021": 102.17, "2022": 104.49, "2023": 104.94, "2024": 106.58, "2025": null, "2026": 111.0}}}, {"type": "Feature", "geometry": {"type": "LineString", "coordinates": [[51.70521419130276, 43.073770625331285], [51.7256612112537, 43.10930820227634]]}, "properties": {"id": 276, "angle": 60.09, "positions": {"2000": 117.07, "2001": 115.66, "2002": 110.27, "2006": 111.83, "2007": 108.39, "2008": 102.63, "2010": 97.18, "2011": 103.18, "2013": 117.05, "2014": 104.54, "2015": 94.31, "2016": 103.27, "2017": 2320.37, "2018": 98.18, "2019": 97.35, "2020": 106.35, "2021": 99.42, "2022": 104.65, "2023": 104.97, "2024": 108.48, "2025": 105.72, "2026": 111.0}, "speed_m_per_year": -0.65, "total_change_m": -6.07, "r_squared": 0.305, "std_error": 0.29, "ci_95_low": -1.29, "ci_95_high": 0.0, "confidence": "low", "risk_class": "low", "total_retreat_m": 6.1, "outliers_removed": 9, "valid_years": 22, "positions_clean": {"2000": 117.07, "2001": 115.66, "2002": 110.27, "2006": 111.83, "2007": 108.39, "2008": 102.63, "2010": 97.18, "2011": 103.18, "2013": 117.05, "2014": 104.54, "2015": 94.31, "2016": 103.27, "2017": null, "2018": null, "2019": null, "2020": 106.35, "2021": null, "2022": null, "2023": null, "2024": null, "2025": null, "2026": null}}}, {"type": "Feature", "geometry": {"type": "LineString", "coordinates": [[51.70706313901527, 43.072762215353784], [51.72761066268858, 43.10824177666582]]}, "properties": {"id": 277, "angle": 59.92, "positions": {"2000": 138.03, "2001": 138.81, "2002": 135.12, "2006": 135.48, "2007": 134.23, "2008": 130.71, "2010": 128.62, "2011": 131.86, "2013": 143.07, "2014": 133.61, "2015": 124.17, "2016": 132.76, "2017": 2231.0, "2018": 130.18, "2019": 128.86, "2020": 134.64, "2021": 128.15, "2022": 128.49, "2023": 125.93, "2024": 127.02, "2025": 125.02, "2026": 111.0}, "speed_m_per_year": -0.34, "total_change_m": -27.03, "r_squared": 0.251, "std_error": 0.16, "ci_95_low": -0.68, "ci_95_high": -0.0, "confidence": "low", "risk_class": "low", "total_retreat_m": 27.0, "outliers_removed": 6, "valid_years": 22, "positions_clean": {"2000": 138.03, "2001": 138.81, "2002": 135.12, "2006": 135.48, "2007": 134.23, "2008": 130.71, "2010": 128.62, "2011": 131.86, "2013": 143.07, "2014": 133.61, "2015": 124.17, "2016": 132.76, "2017": null, "2018": 130.18, "2019": 128.86, "2020": 134.64, "2021": 128.15, "2022": null, "2023": null, "2024": null, "2025": null, "2026": null}}}, {"type": "Feature", "geometry": {"type": "LineString", "coordinates": [[51.70888397760338, 43.071709163911734], [51.729618220130945, 43.107079931316584]]}, "properties": {"id": 278, "angle": 59.62, "positions": {"2000": 195.33, "2001": 195.65, "2002": 195.56, "2006": 194.83, "2007": 195.91, "2008": 193.62, "2010": 190.42, "2011": 193.37, "2013": 197.9, "2014": 193.52, "2015": 176.97, "2016": 191.64, "2017": 2145.95, "2018": 188.1, "2019": 185.58, "2020": 187.3, "2021": 181.18, "2022": 173.85, "2023": 166.68, "2024": 163.44, "2025": 161.78, "2026": 111.0}, "speed_m_per_year": -0.16, "total_change_m": -84.33, "r_squared": 0.166, "std_error": 0.12, "ci_95_low": -0.43, "ci_95_high": 0.11, "confidence": "low", "risk_class": "low", "total_retreat_m": 84.3, "outliers_removed": 11, "valid_years": 22, "positions_clean": {"2000": 195.33, "2001": 195.65, "2002": 195.56, "2006": 194.83, "2007": 195.91, "2008": 193.62, "2010": 190.42, "2011": 193.37, "2013": 197.9, "2014": 193.52, "2015": null, "2016": 191.64, "2017": null, "2018": null, "2019": null, "2020": null, "2021": null, "2022": null, "2023": null, "2024": null, "2025": null, "2026": null}}}, {"type": "Feature", "geometry": {"type": "LineString", "coordinates": [[51.71066751910663, 43.07059676977628], [51.73164454041165, 43.10582409691259]]}, "properties": {"id": 279, "angle": 59.23, "positions": {"2000": 260.63, "2001": 260.47, "2002": 264.02, "2006": 262.18, "2007": 265.61, "2008": 264.56, "2010": 260.24, "2011": 262.9, "2013": 260.71, "2014": 261.45, "2015": 237.72, "2016": 258.52, "2017": 2067.99, "2018": 254.01, "2019": 250.29, "2020": 247.93, "2021": 242.16, "2022": 227.12, "2023": 215.31, "2024": 207.73, "2025": 206.41, "2026": 111.0}, "speed_m_per_year": 0.57, "total_change_m": -149.63, "r_squared": 0.0, "std_error": 10.98, "ci_95_low": -22.34, "ci_95_high": 23.48, "confidence": "low", "risk_class": "low", "total_retreat_m": 149.6, "outliers_removed": 22, "valid_years": 22, "positions_clean": {"2000": 260.63, "2001": 260.47, "2002": 264.02, "2006": 262.18, "2007": 265.61, "2008": 264.56, "2010": 260.24, "2011": 262.9, "2013": 260.71, "2014": 261.45, "2015": 237.72, "2016": 258.52, "2017": 2067.99, "2018": 254.01, "2019": 250.29, "2020": 247.93, "2021": 242.16, "2022": 227.12, "2023": 215.31, "2024": 207.73, "2025": 206.41, "2026": 111.0}}}, {"type": "Feature", "geometry": {"type": "LineString", "coordinates": [[51.71245177023908, 43.069486037445316], [51.73368062077791, 43.10456218182864]]}, "properties": {"id": 280, "angle": 58.82, "positions": {"2000": 325.98, "2001": 325.35, "2002": 332.57, "2006": 329.61, "2007": 335.42, "2008": 335.61, "2010": 330.16, "2011": 332.52, "2013": 323.01, "2014": 329.45, "2015": 289.5, "2016": 325.48, "2017": 1990.12, "2018": 317.83, "2019": 310.51, "2020": 301.81, "2021": 292.62, "2022": 263.68, "2023": 243.32, "2024": 231.28, "2025": 220.0, "2026": 111.0}, "speed_m_per_year": -1.42, "total_change_m": -214.98, "r_squared": 0.875, "std_error": 0.24, "ci_95_low": -2.03, "ci_95_high": -0.8, "confidence": "high", "risk_class": "low", "total_retreat_m": 215.0, "outliers_removed": 15, "valid_years": 22, "positions_clean": {"2000": null, "2001": null, "2002": null, "2006": null, "2007": 335.42, "2008": 335.61, "2010": 330.16, "2011": 332.52, "2013": null, "2014": 329.45, "2015": null, "2016": 325.48, "2017": null, "2018": 317.83, "2019": null, "2020": null, "2021": null, "2022": null, "2023": null, "2024": null, "2025": null, "2026": null}}}, {"type": "Feature", "geometry": {"type": "LineString", "coordinates": [[51.71423590396975, 43.06837628759357], [51.735737071048874, 43.10328616892015]]}, "properties": {"id": 281, "angle": 58.37, "positions": {"2000": 312.54, "2001": 310.1, "2002": 318.75, "2006": 319.22, "2007": 320.73, "2008": 320.14, "2010": 315.2, "2011": 318.15, "2013": 307.25, "2014": 316.06, "2015": 287.04, "2016": 308.93, "2017": 1912.27, "2018": 303.8, "2019": 291.21, "2020": 285.35, "2021": 263.52, "2022": 244.71, "2023": 225.38, "2024": 218.4, "2025": 180.34, "2026": 111.0}, "speed_m_per_year": -2.16, "total_change_m": -201.54, "r_squared": 0.789, "std_error": 0.37, "ci_95_low": -3.01, "ci_95_high": -1.32, "confidence": "medium", "risk_class": "low", "total_retreat_m": 201.5, "outliers_removed": 11, "valid_years": 22, "positions_clean": {"2000": null, "2001": null, "2002": null, "2006": 319.22, "2007": 320.73, "2008": 320.14, "2010": 315.2, "2011": 318.15, "2013": 307.25, "2014": 316.06, "2015": null, "2016": 308.93, "2017": null, "2018": 303.8, "2019": 291.21, "2020": 285.35, "2021": null, "2022": null, "2023": null, "2024": null, "2025": null, "2026": null}}}, {"type": "Feature", "geometry": {"type": "LineString", "coordinates": [[51.71601374936055, 43.06725873656357], [51.73782717386355, 43.10197436001256]]}, "properties": {"id": 282, "angle": 57.86, "positions": {"2000": 299.71, "2001": 295.75, "2002": 302.31, "2006": 307.82, "2007": 301.77, "2008": 300.1, "2010": 298.72, "2011": 301.07, "2013": 292.6, "2014": 301.62, "2015": 285.7, "2016": 293.21, "2017": 1835.39, "2018": 290.89, "2019": 273.05, "2020": 270.02, "2021": 235.58, "2022": 226.88, "2023": 208.58, "2024": 206.64, "2025": 147.53, "2026": 111.0}, "speed_m_per_year": -2.11, "total_change_m": -188.71, "r_squared": 0.733, "std_error": 0.4, "ci_95_low": -3.01, "ci_95_high": -1.21, "confidence": "medium", "risk_class": "low", "total_retreat_m": 188.7, "outliers_removed": 10, "valid_years": 22, "positions_clean": {"2000": null, "2001": null, "2002": null, "2006": 307.82, "2007": 301.77, "2008": 300.1, "2010": 298.72, "2011": 301.07, "2013": 292.6, "2014": 301.62, "2015": 285.7, "2016": 293.21, "2017": null, "2018": 290.89, "2019": 273.05, "2020": 270.02, "2021": null, "2022": null, "2023": null, "2024": null, "2025": null, "2026": null}}}, {"type": "Feature", "geometry": {"type": "LineString", "coordinates": [[51.71778384544474, 43.06612904588114], [51.73990978566771, 43.100646328063405]]}, "properties": {"id": 283, "angle": 57.34, "positions": {"2000": 303.75, "2001": 299.63, "2002": 302.29, "2006": 310.38, "2007": 302.07, "2008": 300.72, "2010": 299.68, "2011": 300.33, "2013": 293.84, "2014": 303.28, "2015": 294.06, "2016": 296.71, "2017": 1760.65, "2018": 294.03, "2019": 279.11, "2020": 276.13, "2021": 248.79, "2022": 243.53, "2023": 216.38, "2024": 211.32, "2025": 168.89, "2026": 111.0}, "speed_m_per_year": -1.72, "total_change_m": -192.75, "r_squared": 0.701, "std_error": 0.36, "ci_95_low": -2.51, "ci_95_high": -0.93, "confidence": "medium", "risk_class": "low", "total_retreat_m": 192.8, "outliers_removed": 10, "valid_years": 22, "positions_clean": {"2000": null, "2001": null, "2002": null, "2006": 310.38, "2007": 302.07, "2008": 300.72, "2010": 299.68, "2011": 300.33, "2013": 293.84, "2014": 303.28, "2015": 294.06, "2016": 296.71, "2017": null, "2018": 294.03, "2019": 279.11, "2020": 276.13, "2021": null, "2022": null, "2023": null, "2024": null, "2025": null, "2026": null}}}, {"type": "Feature", "geometry": {"type": "LineString", "coordinates": [[51.71955458030732, 43.06499931881792], [51.741972102658366, 43.09932794669088]]}, "properties": {"id": 284, "angle": 56.85, "positions": {"2000": 322.47, "2001": 318.41, "2002": 316.71, "2006": 326.53, "2007": 319.1, "2008": 318.83, "2010": 315.26, "2011": 313.6, "2013": 307.25, "2014": 319.09, "2015": 309.24, "2016": 315.27, "2017": 1686.67, "2018": 309.31, "2019": 299.16, "2020": 294.16, "2021": 274.18, "2022": 269.04, "2023": 228.05, "2024": 218.41, "2025": 190.25, "2026": 111.0}, "speed_m_per_year": -1.41, "total_change_m": -211.47, "r_squared": 0.557, "std_error": 0.34, "ci_95_low": -2.13, "ci_95_high": -0.69, "confidence": "medium", "risk_class": "low", "total_retreat_m": 211.5, "outliers_removed": 6, "valid_years": 22, "positions_clean": {"2000": 322.47, "2001": 318.41, "2002": 316.71, "2006": 326.53, "2007": 319.1, "2008": 318.83, "2010": 315.26, "2011": 313.6, "2013": 307.25, "2014": 319.09, "2015": 309.24, "2016": 315.27, "2017": null, "2018": 309.31, "2019": 299.16, "2020": 294.16, "2021": 274.18, "2022": null, "2023": null, "2024": null, "2025": null, "2026": null}}}, {"type": "Feature", "geometry": {"type": "LineString", "coordinates": [[51.721326966294484, 43.06387165750889], [51.74402478697452, 43.098015601867694]]}, "properties": {"id": 285, "angle": 56.39, "positions": {"2000": 340.95, "2001": 336.95, "2002": 330.87, "2006": 342.43, "2007": 335.88, "2008": 336.69, "2010": 330.59, "2011": 326.62, "2013": 320.39, "2014": 334.65, "2015": 324.17, "2016": 333.58, "2017": 1613.0, "2018": 324.33, "2019": 318.97, "2020": 311.94, "2021": 299.34, "2022": 294.32, "2023": 239.52, "2024": 228.94, "2025": 210.37, "2026": 111.0}, "speed_m_per_year": -1.88, "total_change_m": -229.95, "r_squared": 0.696, "std_error": 0.35, "ci_95_low": -2.63, "ci_95_high": -1.13, "confidence": "medium", "risk_class": "low", "total_retreat_m": 229.9, "outliers_removed": 7, "valid_years": 22, "positions_clean": {"2000": 340.95, "2001": null, "2002": null, "2006": 342.43, "2007": 335.88, "2008": 336.69, "2010": 330.59, "2011": 326.62, "2013": 320.39, "2014": 334.65, "2015": 324.17, "2016": 333.58, "2017": null, "2018": 324.33, "2019": 318.97, "2020": 311.94, "2021": 299.34, "2022": 294.32, "2023": null, "2024": null, "2025": null, "2026": null}}}, {"type": "Feature", "geometry": {"type": "LineString", "coordinates": [[51.72308093098734, 43.062714639140225], [51.746037057471, 43.09668545392095]]}, "properties": {"id": 286, "angle": 55.95, "positions": {"2000": 352.58, "2001": 349.2, "2002": 342.75, "2006": 353.86, "2007": 348.6, "2008": 346.79, "2010": 334.32, "2011": 328.52, "2013": 317.34, "2014": 337.16, "2015": 327.64, "2016": 322.73, "2017": 1543.83, "2018": 314.1, "2019": 310.05, "2020": 302.44, "2021": 305.44, "2022": 294.44, "2023": 255.25, "2024": 260.1, "2025": 231.38, "2026": 111.0}, "speed_m_per_year": -3.26, "total_change_m": -241.58, "r_squared": 0.901, "std_error": 0.31, "ci_95_low": -3.94, "ci_95_high": -2.58, "confidence": "high", "risk_class": "low", "total_retreat_m": 241.6, "outliers_removed": 8, "valid_years": 22, "positions_clean": {"2000": null, "2001": null, "2002": null, "2006": 353.86, "2007": 348.6, "2008": 346.79, "2010": 334.32, "2011": 328.52, "2013": 317.34, "2014": 337.16, "2015": 327.64, "2016": 322.73, "2017": null, "2018": 314.1, "2019": 310.05, "2020": 302.44, "2021": 305.44, "2022": 294.44, "2023": null, "2024": null, "2025": null, "2026": null}}}, {"type": "Feature", "geometry": {"type": "LineString", "coordinates": [[51.724807294833504, 43.0615139945646], [51.74796891952733, 43.09534503270331]]}, "properties": {"id": 287, "angle": 55.6, "positions": {"2000": 365.59, "2001": 363.37, "2002": 358.4, "2006": 367.6, "2007": 364.18, "2008": 358.34, "2010": 338.85, "2011": 331.83, "2013": 315.05, "2014": 339.49, "2015": 332.63, "2016": 306.2, "2017": 1481.3, "2018": 301.59, "2019": 298.81, "2020": 292.42, "2021": 314.13, "2022": 297.13, "2023": 276.73, "2024": 297.04, "2025": 258.15, "2026": 111.0}, "speed_m_per_year": -2.98, "total_change_m": -254.59, "r_squared": 0.886, "std_error": 0.32, "ci_95_low": -3.69, "ci_95_high": -2.27, "confidence": "high", "risk_class": "low", "total_retreat_m": 254.6, "outliers_removed": 9, "valid_years": 22, "positions_clean": {"2000": 365.59, "2001": 363.37, "2002": 358.4, "2006": 367.6, "2007": 364.18, "2008": 358.34, "2010": 338.85, "2011": 331.83, "2013": null, "2014": 339.49, "2015": 332.63, "2016": null, "2017": null, "2018": null, "2019": null, "2020": null, "2021": 314.13, "2022": 297.13, "2023": null, "2024": 297.04, "2025": null, "2026": null}}}, {"type": "Feature", "geometry": {"type": "LineString", "coordinates": [[51.726534830084844, 43.06031346031166], [51.749871050531105, 43.09402430152459]]}, "properties": {"id": 288, "angle": 55.31, "positions": {"2000": 377.84, "2001": 376.37, "2002": 372.76, "2006": 380.52, "2007": 378.72, "2008": 369.01, "2010": 345.22, "2011": 338.38, "2013": 320.79, "2014": 344.96, "2015": 339.65, "2016": 307.89, "2017": 1419.24, "2018": 308.27, "2019": 304.48, "2020": 301.77, "2021": 326.72, "2022": 308.5, "2023": 300.03, "2024": 328.53, "2025": 283.08, "2026": 111.0}, "speed_m_per_year": -3.58, "total_change_m": -266.84, "r_squared": 0.808, "std_error": 0.41, "ci_95_low": -4.45, "ci_95_high": -2.72, "confidence": "high", "risk_class": "low", "total_retreat_m": 266.8, "outliers_removed": 2, "valid_years": 22, "positions_clean": {"2000": 377.84, "2001": 376.37, "2002": 372.76, "2006": 380.52, "2007": 378.72, "2008": 369.01, "2010": 345.22, "2011": 338.38, "2013": 320.79, "2014": 344.96, "2015": 339.65, "2016": 307.89, "2017": null, "2018": 308.27, "2019": 304.48, "2020": 301.77, "2021": 326.72, "2022": 308.5, "2023": 300.03, "2024": 328.53, "2025": 283.08, "2026": null}}}, {"type": "Feature", "geometry": {"type": "LineString", "coordinates": [[51.72826218781853, 43.05911504453849], [51.75181781864167, 43.092672938639936]]}, "properties": {"id": 289, "angle": 54.93, "positions": {"2000": 381.92, "2001": 377.09, "2002": 375.7, "2006": 383.19, "2007": 381.35, "2008": 373.2, "2010": 358.78, "2011": 355.5, "2013": 344.27, "2014": 362.32, "2015": 353.61, "2016": 339.79, "2017": 1356.78, "2018": 345.82, "2019": 336.53, "2020": 338.99, "2021": 349.03, "2022": 334.97, "2023": 326.07, "2024": 345.61, "2025": 305.8, "2026": 111.0}, "speed_m_per_year": -2.14, "total_change_m": -270.92, "r_squared": 0.809, "std_error": 0.25, "ci_95_low": -2.67, "ci_95_high": -1.6, "confidence": "high", "risk_class": "low", "total_retreat_m": 270.9, "outliers_removed": 3, "valid_years": 22, "positions_clean": {"2000": 381.92, "2001": 377.09, "2002": 375.7, "2006": 383.19, "2007": 381.35, "2008": 373.2, "2010": 358.78, "2011": 355.5, "2013": 344.27, "2014": 362.32, "2015": 353.61, "2016": 339.79, "2017": null, "2018": 345.82, "2019": 336.53, "2020": 338.99, "2021": 349.03, "2022": 334.97, "2023": 326.07, "2024": 345.61, "2025": null, "2026": null}}}, {"type": "Feature", "geometry": {"type": "LineString", "coordinates": [[51.72997566874458, 43.05789923994503], [51.75379421580675, 43.09127103665793]]}, "properties": {"id": 290, "angle": 54.48, "positions": {"2000": 388.49, "2001": 380.29, "2002": 381.14, "2006": 388.35, "2007": 386.47, "2008": 379.89, "2010": 374.87, "2011": 375.14, "2013": 370.31, "2014": 382.22, "2015": 370.1, "2016": 374.29, "2017": 1296.66, "2018": 386.0, "2019": 371.18, "2020": 378.83, "2021": 373.89, "2022": 364.01, "2023": 354.67, "2024": 365.21, "2025": 331.07, "2026": 111.0}, "speed_m_per_year": -0.82, "total_change_m": -277.49, "r_squared": 0.492, "std_error": 0.2, "ci_95_low": -1.25, "ci_95_high": -0.39, "confidence": "low", "risk_class": "low", "total_retreat_m": 277.5, "outliers_removed": 3, "valid_years": 22, "positions_clean": {"2000": 388.49, "2001": 380.29, "2002": 381.14, "2006": 388.35, "2007": 386.47, "2008": 379.89, "2010": 374.87, "2011": 375.14, "2013": 370.31, "2014": 382.22, "2015": 370.1, "2016": 374.29, "2017": null, "2018": 386.0, "2019": 371.18, "2020": 378.83, "2021": 373.89, "2022": 364.01, "2023": 354.67, "2024": 365.21, "2025": null, "2026": null}}}, {"type": "Feature", "geometry": {"type": "LineString", "coordinates": [[51.73167185803774, 43.05665667656873], [51.75569919037559, 43.08987846611605]]}, "properties": {"id": 291, "angle": 54.12, "positions": {"2000": 403.88, "2001": 395.32, "2002": 398.4, "2006": 403.32, "2007": 403.71, "2008": 397.26, "2010": 392.69, "2011": 396.63, "2013": 386.61, "2014": 396.24, "2015": 382.1, "2016": 398.11, "2017": 1240.8, "2018": 412.28, "2019": 394.47, "2020": 404.17, "2021": 392.47, "2022": 382.1, "2023": 371.39, "2024": 392.6, "2025": 385.25, "2026": 111.0}, "speed_m_per_year": -0.55, "total_change_m": -292.88, "r_squared": 0.21, "std_error": 0.25, "ci_95_low": -1.08, "ci_95_high": -0.02, "confidence": "low", "risk_class": "low", "total_retreat_m": 292.9, "outliers_removed": 2, "valid_years": 22, "positions_clean": {"2000": 403.88, "2001": 395.32, "2002": 398.4, "2006": 403.32, "2007": 403.71, "2008": 397.26, "2010": 392.69, "2011": 396.63, "2013": 386.61, "2014": 396.24, "2015": 382.1, "2016": 398.11, "2017": null, "2018": 412.28, "2019": 394.47, "2020": 404.17, "2021": 392.47, "2022": 382.1, "2023": 371.39, "2024": 392.6, "2025": 385.25, "2026": null}}}, {"type": "Feature", "geometry": {"type": "LineString", "coordinates": [[51.73337005106599, 43.05541340718188], [51.757537994754955, 43.088533046338235]]}, "properties": {"id": 292, "angle": 53.88, "positions": {"2000": 423.73, "2001": 416.47, "2002": 421.98, "2006": 423.57, "2007": 427.99, "2008": 419.98, "2010": 409.09, "2011": 416.74, "2013": 392.88, "2014": 402.07, "2015": 388.41, "2016": 409.81, "2017": 1185.59, "2018": 419.74, "2019": 405.67, "2020": 412.28, "2021": 403.28, "2022": 390.12, "2023": 378.93, "2024": 422.72, "2025": 449.01, "2026": 111.0}, "speed_m_per_year": -0.53, "total_change_m": -312.73, "r_squared": 0.066, "std_error": 0.47, "ci_95_low": -1.52, "ci_95_high": 0.45, "confidence": "low", "risk_class": "low", "total_retreat_m": 312.7, "outliers_removed": 2, "valid_years": 22, "positions_clean": {"2000": 423.73, "2001": 416.47, "2002": 421.98, "2006": 423.57, "2007": 427.99, "2008": 419.98, "2010": 409.09, "2011": 416.74, "2013": 392.88, "2014": 402.07, "2015": 388.41, "2016": 409.81, "2017": null, "2018": 419.74, "2019": 405.67, "2020": 412.28, "2021": 403.28, "2022": 390.12, "2023": 378.93, "2024": 422.72, "2025": 449.01, "2026": null}}}, {"type": "Feature", "geometry": {"type": "LineString", "coordinates": [[51.73506836010081, 43.054171874765004], [51.75940722023823, 43.08716611497767]]}, "properties": {"id": 293, "angle": 53.58, "positions": {"2000": 443.47, "2001": 437.51, "2002": 445.45, "2006": 443.71, "2007": 452.17, "2008": 442.6, "2010": 425.35, "2011": 436.73, "2013": 398.24, "2014": 407.4, "2015": 393.64, "2016": 421.36, "2017": 1130.13, "2018": 427.07, "2019": 416.72, "2020": 420.23, "2021": 413.81, "2022": 396.93, "2023": 384.68, "2024": 452.76, "2025": 512.86, "2026": 111.0}, "speed_m_per_year": -1.5, "total_change_m": -332.47, "r_squared": 0.387, "std_error": 0.49, "ci_95_low": -2.54, "ci_95_high": -0.46, "confidence": "low", "risk_class": "low", "total_retreat_m": 332.5, "outliers_removed": 5, "valid_years": 22, "positions_clean": {"2000": 443.47, "2001": 437.51, "2002": 445.45, "2006": 443.71, "2007": 452.17, "2008": 442.6, "2010": 425.35, "2011": 436.73, "2013": null, "2014": 407.4, "2015": null, "2016": 421.36, "2017": null, "2018": 427.07, "2019": 416.72, "2020": 420.23, "2021": 413.81, "2022": 396.93, "2023": 384.68, "2024": 452.76, "2025": null, "2026": null}}}, {"type": "Feature", "geometry": {"type": "LineString", "coordinates": [[51.736752094664396, 43.05291394300113], [51.76132494409136, 43.085734288383826]]}, "properties": {"id": 294, "angle": 53.18, "positions": {"2000": 440.61, "2001": 433.7, "2002": 441.64, "2006": 441.35, "2007": 450.44, "2008": 439.59, "2010": 420.88, "2011": 432.56, "2013": 393.9, "2014": 402.98, "2015": 389.73, "2016": 415.28, "2017": 1076.84, "2018": 421.09, "2019": 409.62, "2020": 412.54, "2021": 405.5, "2022": 390.18, "2023": 378.51, "2024": 446.82, "2025": 529.68, "2026": 111.0}, "speed_m_per_year": -1.75, "total_change_m": -329.61, "r_squared": 0.372, "std_error": 0.55, "ci_95_low": -2.91, "ci_95_high": -0.59, "confidence": "low", "risk_class": "low", "total_retreat_m": 329.6, "outliers_removed": 3, "valid_years": 22, "positions_clean": {"2000": 440.61, "2001": 433.7, "2002": 441.64, "2006": 441.35, "2007": 450.44, "2008": 439.59, "2010": 420.88, "2011": 432.56, "2013": 393.9, "2014": 402.98, "2015": 389.73, "2016": 415.28, "2017": null, "2018": 421.09, "2019": 409.62, "2020": 412.54, "2021": 405.5, "2022": 390.18, "2023": 378.51, "2024": 446.82, "2025": null, "2026": null}}}, {"type": "Feature", "geometry": {"type": "LineString", "coordinates": [[51.73841797327382, 43.05163409578139], [51.763257214822566, 43.084253293798554]]}, "properties": {"id": 295, "angle": 52.71, "positions": {"2000": 438.07, "2001": 430.67, "2002": 437.27, "2006": 439.28, "2007": 447.4, "2008": 436.63, "2010": 418.72, "2011": 429.32, "2013": 392.71, "2014": 401.7, "2015": 388.97, "2016": 411.95, "2017": 1026.71, "2018": 417.6, "2019": 405.6, "2020": 407.72, "2021": 400.35, "2022": 386.59, "2023": 375.5, "2024": 437.7, "2025": 512.95, "2026": 111.0}, "speed_m_per_year": -1.85, "total_change_m": -327.07, "r_squared": 0.437, "std_error": 0.51, "ci_95_low": -2.92, "ci_95_high": -0.78, "confidence": "low", "risk_class": "low", "total_retreat_m": 327.1, "outliers_removed": 3, "valid_years": 22, "positions_clean": {"2000": 438.07, "2001": 430.67, "2002": 437.27, "2006": 439.28, "2007": 447.4, "2008": 436.63, "2010": 418.72, "2011": 429.32, "2013": 392.71, "2014": 401.7, "2015": 388.97, "2016": 411.95, "2017": null, "2018": 417.6, "2019": 405.6, "2020": 407.72, "2021": 400.35, "2022": 386.59, "2023": 375.5, "2024": 437.7, "2025": null, "2026": null}}}, {"type": "Feature", "geometry": {"type": "LineString", "coordinates": [[51.74008351866835, 43.050355562403105], [51.7652220447885, 43.08274467329715]]}, "properties": {"id": 296, "angle": 52.18, "positions": {"2000": 435.46, "2001": 427.57, "2002": 432.84, "2006": 437.15, "2007": 444.3, "2008": 433.59, "2010": 416.5, "2011": 426.02, "2013": 391.46, "2014": 400.36, "2015": 388.15, "2016": 408.54, "2017": 976.54, "2018": 414.05, "2019": 401.51, "2020": 402.82, "2021": 395.13, "2022": 382.92, "2023": 372.42, "2024": 428.51, "2025": 496.16, "2026": 111.0}, "speed_m_per_year": -1.95, "total_change_m": -324.46, "r_squared": 0.504, "std_error": 0.47, "ci_95_low": -2.94, "ci_95_high": -0.96, "confidence": "medium", "risk_class": "low", "total_retreat_m": 324.5, "outliers_removed": 3, "valid_years": 22, "positions_clean": {"2000": 435.46, "2001": 427.57, "2002": 432.84, "2006": 437.15, "2007": 444.3, "2008": 433.59, "2010": 416.5, "2011": 426.02, "2013": 391.46, "2014": 400.36, "2015": 388.15, "2016": 408.54, "2017": null, "2018": 414.05, "2019": 401.51, "2020": 402.82, "2021": 395.13, "2022": 382.92, "2023": 372.42, "2024": 428.51, "2025": null, "2026": null}}}, {"type": "Feature", "geometry": {"type": "LineString", "coordinates": [[51.741748633299146, 43.04907918314705], [51.76723742217743, 43.081193380031266]]}, "properties": {"id": 297, "angle": 51.56, "positions": {"2000": 432.74, "2001": 424.35, "2002": 428.29, "2006": 434.9, "2007": 441.07, "2008": 430.44, "2010": 414.15, "2011": 422.59, "2013": 390.09, "2014": 398.91, "2015": 387.21, "2016": 405.01, "2017": 926.22, "2018": 410.38, "2019": 397.3, "2020": 397.8, "2021": 389.78, "2022": 379.13, "2023": 369.22, "2024": 419.2, "2025": 479.23, "2026": 111.0}, "speed_m_per_year": -2.05, "total_change_m": -321.74, "r_squared": 0.57, "std_error": 0.43, "ci_95_low": -2.96, "ci_95_high": -1.14, "confidence": "medium", "risk_class": "low", "total_retreat_m": 321.7, "outliers_removed": 3, "valid_years": 22, "positions_clean": {"2000": 432.74, "2001": 424.35, "2002": 428.29, "2006": 434.9, "2007": 441.07, "2008": 430.44, "2010": 414.15, "2011": 422.59, "2013": 390.09, "2014": 398.91, "2015": 387.21, "2016": 405.01, "2017": null, "2018": 410.38, "2019": 397.3, "2020": 397.8, "2021": 389.78, "2022": 379.13, "2023": 369.22, "2024": 419.2, "2025": null, "2026": null}}}, {"type": "Feature", "geometry": {"type": "LineString", "coordinates": [[51.74339693598291, 43.04778275645049], [51.76926306632798, 43.07959381271984]]}, "properties": {"id": 298, "angle": 50.88, "positions": {"2000": 432.97, "2001": 424.08, "2002": 426.69, "2006": 435.61, "2007": 440.81, "2008": 430.25, "2010": 414.77, "2011": 422.12, "2013": 391.67, "2014": 400.41, "2015": 389.23, "2016": 404.44, "2017": 878.98, "2018": 409.66, "2019": 396.04, "2020": 395.73, "2021": 387.39, "2022": 378.29, "2023": 368.97, "2024": 412.84, "2025": 465.27, "2026": 111.0}, "speed_m_per_year": -2.15, "total_change_m": -321.97, "r_squared": 0.632, "std_error": 0.4, "ci_95_low": -2.99, "ci_95_high": -1.31, "confidence": "medium", "risk_class": "low", "total_retreat_m": 322.0, "outliers_removed": 3, "valid_years": 22, "positions_clean": {"2000": 432.97, "2001": 424.08, "2002": 426.69, "2006": 435.61, "2007": 440.81, "2008": 430.25, "2010": 414.77, "2011": 422.12, "2013": 391.67, "2014": 400.41, "2015": 389.23, "2016": 404.44, "2017": null, "2018": 409.66, "2019": 396.04, "2020": 395.73, "2021": 387.39, "2022": 378.29, "2023": 368.97, "2024": 412.84, "2025": null, "2026": null}}}, {"type": "Feature", "geometry": {"type": "LineString", "coordinates": [[51.74502878778922, 43.04646508570033], [51.77125803938639, 43.077977406475746]]}, "properties": {"id": 299, "angle": 50.23, "positions": {"2000": 436.25, "2001": 426.86, "2002": 428.14, "2006": 439.36, "2007": 443.58, "2008": 433.1, "2010": 418.42, "2011": 424.69, "2013": 396.29, "2014": 404.94, "2015": 394.28, "2016": 406.91, "2017": 835.08, "2018": 411.98, "2019": 397.82, "2020": 396.7, "2021": 388.03, "2022": 380.48, "2023": 371.75, "2024": 409.52, "2025": 454.37, "2026": 111.0}, "speed_m_per_year": -2.25, "total_change_m": -325.25, "r_squared": 0.687, "std_error": 0.37, "ci_95_low": -3.03, "ci_95_high": -1.47, "confidence": "medium", "risk_class": "low", "total_retreat_m": 325.2, "outliers_removed": 3, "valid_years": 22, "positions_clean": {"2000": 436.25, "2001": 426.86, "2002": 428.14, "2006": 439.36, "2007": 443.58, "2008": 433.1, "2010": 418.42, "2011": 424.69, "2013": 396.29, "2014": 404.94, "2015": 394.28, "2016": 406.91, "2017": null, "2018": 411.98, "2019": 397.82, "2020": 396.7, "2021": 388.03, "2022": 380.48, "2023": 371.75, "2024": 409.52, "2025": null, "2026": null}}}, {"type": "Feature", "geometry": {"type": "LineString", "coordinates": [[51.746661723965104, 43.045148323311956], [51.77324220626365, 43.076364952867]]}, "properties": {"id": 300, "angle": 49.59, "positions": {"2000": 439.43, "2001": 429.53, "2002": 429.48, "2006": 443.01, "2007": 446.26, "2008": 435.84, "2010": 421.98, "2011": 427.16, "2013": 400.8, "2014": 409.37, "2015": 399.23, "2016": 409.27, "2017": 791.32, "2018": 414.2, "2019": 399.49, "2020": 397.56, "2021": 388.56, "2022": 382.57, "2023": 374.42, "2024": 406.1, "2025": 443.39, "2026": 111.0}, "speed_m_per_year": -2.35, "total_change_m": -328.43, "r_squared": 0.732, "std_error": 0.34, "ci_95_low": -3.08, "ci_95_high": -1.62, "confidence": "medium", "risk_class": "low", "total_retreat_m": 328.4, "outliers_removed": 3, "valid_years": 22, "positions_clean": {"2000": 439.43, "2001": 429.53, "2002": 429.48, "2006": 443.01, "2007": 446.26, "2008": 435.84, "2010": 421.98, "2011": 427.16, "2013": 400.8, "2014": 409.37, "2015": 399.23, "2016": 409.27, "2017": null, "2018": 414.2, "2019": 399.49, "2020": 397.56, "2021": 388.56, "2022": 382.57, "2023": 374.42, "2024": 406.1, "2025": null, "2026": null}}}, {"type": "Feature", "geometry": {"type": "LineString", "coordinates": [[51.74829600611889, 43.04383352077619], [51.77522911052175, 43.07474642887661]]}, "properties": {"id": 301, "angle": 48.94, "positions": {"2000": 442.4, "2001": 432.01, "2002": 430.62, "2006": 446.46, "2007": 448.74, "2008": 438.39, "2010": 425.33, "2011": 429.43, "2013": 405.11, "2014": 413.6, "2015": 403.97, "2016": 411.42, "2017": 747.54, "2018": 416.21, "2019": 400.96, "2020": 398.21, "2021": 388.88, "2022": 384.44, "2023": 376.88, "2024": 402.47, "2025": 432.2, "2026": 111.0}, "speed_m_per_year": -2.45, "total_change_m": -331.4, "r_squared": 0.767, "std_error": 0.33, "ci_95_low": -3.14, "ci_95_high": -1.76, "confidence": "medium", "risk_class": "low", "total_retreat_m": 331.4, "outliers_removed": 3, "valid_years": 22, "positions_clean": {"2000": 442.4, "2001": 432.01, "2002": 430.62, "2006": 446.46, "2007": 448.74, "2008": 438.39, "2010": 425.33, "2011": 429.43, "2013": 405.11, "2014": 413.6, "2015": 403.97, "2016": 411.42, "2017": null, "2018": 416.21, "2019": 400.96, "2020": 398.21, "2021": 388.88, "2022": 384.44, "2023": 376.88, "2024": 402.47, "2025": null, "2026": null}}}, {"type": "Feature", "geometry": {"type": "LineString", "coordinates": [[51.74985782162213, 43.04242995510218], [51.77705423529111, 43.073111465553026]]}, "properties": {"id": 302, "angle": 48.45, "positions": {"2000": 458.1, "2001": 447.2, "2002": 444.48, "2006": 462.63, "2007": 463.94, "2008": 453.66, "2010": 441.4, "2011": 444.42, "2013": 422.15, "2014": 430.56, "2015": 421.44, "2016": 426.31, "2017": 716.9, "2018": 430.95, "2019": 415.15, "2020": 411.59, "2021": 401.93, "2022": 399.05, "2023": 392.07, "2024": 411.57, "2025": 433.78, "2026": 111.0}, "speed_m_per_year": -2.23, "total_change_m": -347.1, "r_squared": 0.68, "std_error": 0.36, "ci_95_low": -2.99, "ci_95_high": -1.47, "confidence": "medium", "risk_class": "low", "total_retreat_m": 347.1, "outliers_removed": 2, "valid_years": 22, "positions_clean": {"2000": 458.1, "2001": 447.2, "2002": 444.48, "2006": 462.63, "2007": 463.94, "2008": 453.66, "2010": 441.4, "2011": 444.42, "2013": 422.15, "2014": 430.56, "2015": 421.44, "2016": 426.31, "2017": null, "2018": 430.95, "2019": 415.15, "2020": 411.59, "2021": 401.93, "2022": 399.05, "2023": 392.07, "2024": 411.57, "2025": 433.78, "2026": null}}}, {"type": "Feature", "geometry": {"type": "LineString", "coordinates": [[51.751367060235935, 43.04096454442518], [51.7787247367948, 43.07150234941015]]}, "properties": {"id": 303, "angle": 48.14, "positions": {"2000": 482.76, "2001": 471.37, "2002": 467.32, "2006": 487.77, "2007": 488.11, "2008": 477.9, "2010": 466.44, "2011": 468.38, "2013": 448.15, "2014": 456.48, "2015": 447.87, "2016": 450.16, "2017": 695.65, "2018": 454.66, "2019": 438.32, "2020": 433.95, "2021": 423.97, "2022": 422.63, "2023": 416.23, "2024": 429.67, "2025": 444.39, "2026": 111.0}, "speed_m_per_year": -2.45, "total_change_m": -371.76, "r_squared": 0.762, "std_error": 0.32, "ci_95_low": -3.13, "ci_95_high": -1.77, "confidence": "medium", "risk_class": "low", "total_retreat_m": 371.8, "outliers_removed": 2, "valid_years": 22, "positions_clean": {"2000": 482.76, "2001": 471.37, "2002": 467.32, "2006": 487.77, "2007": 488.11, "2008": 477.9, "2010": 466.44, "2011": 468.38, "2013": 448.15, "2014": 456.48, "2015": 447.87, "2016": 450.16, "2017": null, "2018": 454.66, "2019": 438.32, "2020": 433.95, "2021": 423.97, "2022": 422.63, "2023": 416.23, "2024": 429.67, "2025": 444.39, "2026": null}}}, {"type": "Feature", "geometry": {"type": "LineString", "coordinates": [[51.75287948304811, 43.039504086551354], [51.780433068386756, 43.06986524487883]]}, "properties": {"id": 304, "angle": 47.78, "positions": {"2000": 506.85, "2001": 494.95, "2002": 489.58, "2006": 512.33, "2007": 511.7, "2008": 501.55, "2010": 490.9, "2011": 491.76, "2013": 473.57, "2014": 481.82, "2015": 473.73, "2016": 473.43, "2017": 673.71, "2018": 477.78, "2019": 460.9, "2020": 455.72, "2021": 445.41, "2022": 445.62, "2023": 439.81, "2024": 447.17, "2025": 454.38, "2026": 111.0}, "speed_m_per_year": -2.66, "total_change_m": -395.85, "r_squared": 0.808, "std_error": 0.31, "ci_95_low": -3.31, "ci_95_high": -2.02, "confidence": "high", "risk_class": "low", "total_retreat_m": 395.9, "outliers_removed": 2, "valid_years": 22, "positions_clean": {"2000": 506.85, "2001": 494.95, "2002": 489.58, "2006": 512.33, "2007": 511.7, "2008": 501.55, "2010": 490.9, "2011": 491.76, "2013": 473.57, "2014": 481.82, "2015": 473.73, "2016": 473.43, "2017": null, "2018": 477.78, "2019": 460.9, "2020": 455.72, "2021": 445.41, "2022": 445.62, "2023": 439.81, "2024": 447.17, "2025": 454.38, "2026": null}}}, {"type": "Feature", "geometry": {"type": "LineString", "coordinates": [[51.75439023462073, 43.038045949875084], [51.78222339440867, 43.06815101948502]]}, "properties": {"id": 305, "angle": 47.25, "positions": {"2000": 531.01, "2001": 518.61, "2002": 511.88, "2006": 536.97, "2007": 535.36, "2008": 525.28, "2010": 515.43, "2011": 515.21, "2013": 499.07, "2014": 507.24, "2015": 499.66, "2016": 496.76, "2017": 651.61, "2018": 500.97, "2019": 483.53, "2020": 477.53, "2021": 466.89, "2022": 468.67, "2023": 463.44, "2024": 464.68, "2025": 464.33, "2026": 111.0}, "speed_m_per_year": -2.88, "total_change_m": -420.01, "r_squared": 0.822, "std_error": 0.32, "ci_95_low": -3.55, "ci_95_high": -2.22, "confidence": "high", "risk_class": "low", "total_retreat_m": 420.0, "outliers_removed": 2, "valid_years": 22, "positions_clean": {"2000": 531.01, "2001": 518.61, "2002": 511.88, "2006": 536.97, "2007": 535.36, "2008": 525.28, "2010": 515.43, "2011": 515.21, "2013": 499.07, "2014": 507.24, "2015": 499.66, "2016": 496.76, "2017": null, "2018": 500.97, "2019": 483.53, "2020": 477.53, "2021": 466.89, "2022": 468.67, "2023": 463.44, "2024": 464.68, "2025": 464.33, "2026": null}}}, {"type": "Feature", "geometry": {"type": "LineString", "coordinates": [[51.755905965595964, 43.03659573464828], [51.78407282143911, 43.06638882498666]]}, "properties": {"id": 306, "angle": 46.61, "positions": {"2000": 554.31, "2001": 541.39, "2002": 533.31, "2006": 560.76, "2007": 558.15, "2008": 548.14, "2010": 539.11, "2011": 537.78, "2013": 523.71, "2014": 531.8, "2015": 524.74, "2016": 519.21, "2017": 628.48, "2018": 523.28, "2019": 505.28, "2020": 498.46, "2021": 487.47, "2022": 490.83, "2023": 486.19, "2024": 481.27, "2025": 473.34, "2026": 111.0}, "speed_m_per_year": -3.1, "total_change_m": -443.31, "r_squared": 0.813, "std_error": 0.35, "ci_95_low": -3.84, "ci_95_high": -2.37, "confidence": "high", "risk_class": "low", "total_retreat_m": 443.3, "outliers_removed": 2, "valid_years": 22, "positions_clean": {"2000": 554.31, "2001": 541.39, "2002": 533.31, "2006": 560.76, "2007": 558.15, "2008": 548.14, "2010": 539.11, "2011": 537.78, "2013": 523.71, "2014": 531.8, "2015": 524.74, "2016": 519.21, "2017": null, "2018": 523.28, "2019": 505.28, "2020": 498.46, "2021": 487.47, "2022": 490.83, "2023": 486.19, "2024": 481.27, "2025": 473.34, "2026": null}}}, {"type": "Feature", "geometry": {"type": "LineString", "coordinates": [[51.75742345715971, 43.035148511074105], [51.785943921767334, 43.06460327467128]]}, "properties": {"id": 307, "angle": 45.92, "positions": {"2000": 577.39, "2001": 563.95, "2002": 554.51, "2006": 584.33, "2007": 580.73, "2008": 570.78, "2010": 562.56, "2011": 560.13, "2013": 548.13, "2014": 556.14, "2015": 549.61, "2016": 541.44, "2017": 605.07, "2018": 545.36, "2019": 526.79, "2020": 519.14, "2021": 507.81, "2022": 512.75, "2023": 508.7, "2024": 497.6, "2025": 482.05, "2026": 111.0}, "speed_m_per_year": -3.33, "total_change_m": -466.39, "r_squared": 0.79, "std_error": 0.4, "ci_95_low": -4.17, "ci_95_high": -2.48, "confidence": "medium", "risk_class": "low", "total_retreat_m": 466.4, "outliers_removed": 2, "valid_years": 22, "positions_clean": {"2000": 577.39, "2001": 563.95, "2002": 554.51, "2006": 584.33, "2007": 580.73, "2008": 570.78, "2010": 562.56, "2011": 560.13, "2013": 548.13, "2014": 556.14, "2015": 549.61, "2016": 541.44, "2017": null, "2018": 545.36, "2019": 526.79, "2020": 519.14, "2021": 507.81, "2022": 512.75, "2023": 508.7, "2024": 497.6, "2025": 482.05, "2026": null}}}, {"type": "Feature", "geometry": {"type": "LineString", "coordinates": [[51.758940784472976, 43.03370159172839], [51.787820399545694, 43.06280430351357]]}, "properties": {"id": 308, "angle": 45.22, "positions": {"2000": 582.44, "2001": 568.58, "2002": 560.03, "2006": 587.42, "2007": 584.82, "2008": 576.28, "2010": 569.7, "2011": 566.82, "2013": 553.5, "2014": 563.48, "2015": 554.7, "2016": 549.01, "2017": 581.78, "2018": 550.33, "2019": 535.8, "2020": 528.5, "2021": 520.14, "2022": 524.71, "2023": 521.53, "2024": 509.15, "2025": 509.96, "2026": 111.0}, "speed_m_per_year": -2.74, "total_change_m": -471.44, "r_squared": 0.695, "std_error": 0.42, "ci_95_low": -3.61, "ci_95_high": -1.87, "confidence": "medium", "risk_class": "low", "total_retreat_m": 471.4, "outliers_removed": 1, "valid_years": 22, "positions_clean": {"2000": 582.44, "2001": 568.58, "2002": 560.03, "2006": 587.42, "2007": 584.82, "2008": 576.28, "2010": 569.7, "2011": 566.82, "2013": 553.5, "2014": 563.48, "2015": 554.7, "2016": 549.01, "2017": 581.78, "2018": 550.33, "2019": 535.8, "2020": 528.5, "2021": 520.14, "2022": 524.71, "2023": 521.53, "2024": 509.15, "2025": 509.96, "2026": null}}}, {"type": "Feature", "geometry": {"type": "LineString", "coordinates": [[51.760456000801334, 43.032252810715384], [51.789697399184085, 43.06099199338681]]}, "properties": {"id": 309, "angle": 44.5, "positions": {"2000": 580.8, "2001": 566.6, "2002": 559.86, "2006": 582.8, "2007": 582.01, "2008": 575.47, "2010": 570.88, "2011": 567.81, "2013": 551.89, "2014": 564.61, "2015": 552.53, "2016": 551.33, "2017": 558.92, "2018": 549.09, "2019": 540.43, "2020": 533.96, "2021": 529.84, "2022": 533.31, "2023": 531.09, "2024": 519.3, "2025": 545.42, "2026": 111.0}, "speed_m_per_year": -2.21, "total_change_m": -469.8, "r_squared": 0.747, "std_error": 0.3, "ci_95_low": -2.85, "ci_95_high": -1.57, "confidence": "medium", "risk_class": "low", "total_retreat_m": 469.8, "outliers_removed": 2, "valid_years": 22, "positions_clean": {"2000": 580.8, "2001": 566.6, "2002": 559.86, "2006": 582.8, "2007": 582.01, "2008": 575.47, "2010": 570.88, "2011": 567.81, "2013": 551.89, "2014": 564.61, "2015": 552.53, "2016": 551.33, "2017": 558.92, "2018": 549.09, "2019": 540.43, "2020": 533.96, "2021": 529.84, "2022": 533.31, "2023": 531.09, "2024": 519.3, "2025": null, "2026": null}}}, {"type": "Feature", "geometry": {"type": "LineString", "coordinates": [[51.76196828287231, 43.030799039625734], [51.79152907469766, 43.05920959376778]]}, "properties": {"id": 310, "angle": 43.86, "positions": {"2000": 566.14, "2001": 552.01, "2002": 547.37, "2006": 568.04, "2007": 566.11, "2008": 562.12, "2010": 557.84, "2011": 554.98, "2013": 538.95, "2014": 552.43, "2015": 537.68, "2016": 541.14, "2017": 530.67, "2018": 536.89, "2019": 531.4, "2020": 526.44, "2021": 524.7, "2022": 524.51, "2023": 518.17, "2024": 505.42, "2025": 549.8, "2026": 111.0}, "speed_m_per_year": -2.05, "total_change_m": -455.14, "r_squared": 0.75, "std_error": 0.28, "ci_95_low": -2.64, "ci_95_high": -1.46, "confidence": "medium", "risk_class": "low", "total_retreat_m": 455.1, "outliers_removed": 2, "valid_years": 22, "positions_clean": {"2000": 566.14, "2001": 552.01, "2002": 547.37, "2006": 568.04, "2007": 566.11, "2008": 562.12, "2010": 557.84, "2011": 554.98, "2013": 538.95, "2014": 552.43, "2015": 537.68, "2016": 541.14, "2017": 530.67, "2018": 536.89, "2019": 531.4, "2020": 526.44, "2021": 524.7, "2022": 524.51, "2023": 518.17, "2024": 505.42, "2025": null, "2026": null}}}, {"type": "Feature", "geometry": {"type": "LineString", "coordinates": [[51.763483882731016, 43.02934181958511], [51.79322574695634, 43.057562760611276]]}, "properties": {"id": 311, "angle": 43.5, "positions": {"2000": 509.93, "2001": 497.05, "2002": 495.42, "2006": 520.4, "2007": 508.37, "2008": 508.62, "2010": 499.59, "2011": 498.11, "2013": 489.53, "2014": 497.75, "2015": 482.21, "2016": 490.86, "2017": 483.93, "2018": 489.33, "2019": 478.79, "2020": 477.41, "2021": 472.34, "2022": 460.78, "2023": 434.93, "2024": 416.56, "2025": 457.38, "2026": 111.0}, "speed_m_per_year": -2.6, "total_change_m": -398.93, "r_squared": 0.638, "std_error": 0.45, "ci_95_low": -3.55, "ci_95_high": -1.66, "confidence": "medium", "risk_class": "low", "total_retreat_m": 398.9, "outliers_removed": 1, "valid_years": 22, "positions_clean": {"2000": 509.93, "2001": 497.05, "2002": 495.42, "2006": 520.4, "2007": 508.37, "2008": 508.62, "2010": 499.59, "2011": 498.11, "2013": 489.53, "2014": 497.75, "2015": 482.21, "2016": 490.86, "2017": 483.93, "2018": 489.33, "2019": 478.79, "2020": 477.41, "2021": 472.34, "2022": 460.78, "2023": 434.93, "2024": 416.56, "2025": 457.38, "2026": null}}}, {"type": "Feature", "geometry": {"type": "LineString", "coordinates": [[51.76499565574381, 43.02787982218803], [51.794896141051545, 43.05593264697203]]}, "properties": {"id": 312, "angle": 43.17, "positions": {"2000": 454.59, "2001": 442.96, "2002": 444.31, "2006": 473.58, "2007": 451.52, "2008": 455.99, "2010": 442.23, "2011": 442.12, "2013": 440.94, "2014": 443.95, "2015": 427.61, "2016": 441.42, "2017": 438.0, "2018": 442.59, "2019": 427.04, "2020": 429.21, "2021": 420.83, "2022": 397.98, "2023": 352.76, "2024": 328.82, "2025": 366.12, "2026": 111.0}, "speed_m_per_year": -3.44, "total_change_m": -343.59, "r_squared": 0.539, "std_error": 0.73, "ci_95_low": -4.97, "ci_95_high": -1.91, "confidence": "medium", "risk_class": "low", "total_retreat_m": 343.6, "outliers_removed": 1, "valid_years": 22, "positions_clean": {"2000": 454.59, "2001": 442.96, "2002": 444.31, "2006": 473.58, "2007": 451.52, "2008": 455.99, "2010": 442.23, "2011": 442.12, "2013": 440.94, "2014": 443.95, "2015": 427.61, "2016": 441.42, "2017": 438.0, "2018": 442.59, "2019": 427.04, "2020": 429.21, "2021": 420.83, "2022": 397.98, "2023": 352.76, "2024": 328.82, "2025": 366.12, "2026": null}}}, {"type": "Feature", "geometry": {"type": "LineString", "coordinates": [[51.766366753368864, 43.02629327123093], [51.79657573627941, 43.054013613067035]]}, "properties": {"id": 313, "angle": 42.54, "positions": {"2000": 442.14, "2001": 432.75, "2002": 431.49, "2006": 454.69, "2007": 437.83, "2008": 439.05, "2010": 430.57, "2011": 428.85, "2013": 436.28, "2014": 433.65, "2015": 410.77, "2016": 429.65, "2017": 420.88, "2018": 426.17, "2019": 405.97, "2020": 405.26, "2021": 393.5, "2022": 362.57, "2023": 323.47, "2024": 302.17, "2025": 459.39, "2026": 111.0}, "speed_m_per_year": -3.89, "total_change_m": -331.14, "r_squared": 0.536, "std_error": 0.85, "ci_95_low": -5.69, "ci_95_high": -2.1, "confidence": "medium", "risk_class": "low", "total_retreat_m": 331.1, "outliers_removed": 2, "valid_years": 22, "positions_clean": {"2000": 442.14, "2001": 432.75, "2002": 431.49, "2006": 454.69, "2007": 437.83, "2008": 439.05, "2010": 430.57, "2011": 428.85, "2013": 436.28, "2014": 433.65, "2015": 410.77, "2016": 429.65, "2017": 420.88, "2018": 426.17, "2019": 405.97, "2020": 405.26, "2021": 393.5, "2022": 362.57, "2023": 323.47, "2024": 302.17, "2025": null, "2026": null}}}, {"type": "Feature", "geometry": {"type": "LineString", "coordinates": [[51.76767274005933, 43.02465658793753], [51.79829478167572, 43.05191994369656]]}, "properties": {"id": 314, "angle": 41.68, "positions": {"2000": 443.0, "2001": 436.05, "2002": 431.12, "2006": 446.24, "2007": 437.49, "2008": 434.05, "2010": 432.78, "2011": 428.88, "2013": 445.16, "2014": 436.81, "2015": 406.3, "2016": 430.23, "2017": 414.42, "2018": 420.69, "2019": 395.91, "2020": 391.1, "2021": 375.96, "2022": 337.62, "2023": 309.7, "2024": 292.77, "2025": 596.29, "2026": 111.0}, "speed_m_per_year": -4.6, "total_change_m": -332.0, "r_squared": 0.578, "std_error": 0.93, "ci_95_low": -6.55, "ci_95_high": -2.66, "confidence": "medium", "risk_class": "low", "total_retreat_m": 332.0, "outliers_removed": 2, "valid_years": 22, "positions_clean": {"2000": 443.0, "2001": 436.05, "2002": 431.12, "2006": 446.24, "2007": 437.49, "2008": 434.05, "2010": 432.78, "2011": 428.88, "2013": 445.16, "2014": 436.81, "2015": 406.3, "2016": 430.23, "2017": 414.42, "2018": 420.69, "2019": 395.91, "2020": 391.1, "2021": 375.96, "2022": 337.62, "2023": 309.7, "2024": 292.77, "2025": null, "2026": null}}}, {"type": "Feature", "geometry": {"type": "LineString", "coordinates": [[51.76898318206018, 43.02302606655074], [51.80006572916759, 43.0497632179569]]}, "properties": {"id": 315, "angle": 40.7, "positions": {"2000": 428.25, "2001": 412.26, "2002": 417.18, "2006": 428.83, "2007": 420.06, "2008": 410.45, "2010": 409.74, "2011": 403.81, "2013": 420.47, "2014": 416.88, "2015": 377.67, "2016": 401.58, "2017": 384.54, "2018": 393.97, "2019": 371.95, "2020": 366.53, "2021": 352.22, "2022": 321.72, "2023": 298.31, "2024": 285.63, "2025": 434.32, "2026": 111.0}, "speed_m_per_year": -4.62, "total_change_m": -317.25, "r_squared": 0.664, "std_error": 0.77, "ci_95_low": -6.24, "ci_95_high": -2.99, "confidence": "medium", "risk_class": "low", "total_retreat_m": 317.2, "outliers_removed": 2, "valid_years": 22, "positions_clean": {"2000": 428.25, "2001": 412.26, "2002": 417.18, "2006": 428.83, "2007": 420.06, "2008": 410.45, "2010": 409.74, "2011": 403.81, "2013": 420.47, "2014": 416.88, "2015": 377.67, "2016": 401.58, "2017": 384.54, "2018": 393.97, "2019": 371.95, "2020": 366.53, "2021": 352.22, "2022": 321.72, "2023": 298.31, "2024": 285.63, "2025": null, "2026": null}}}, {"type": "Feature", "geometry": {"type": "LineString", "coordinates": [[51.77029263331157, 43.021396352031225], [51.801859113820726, 43.04756039813012]]}, "properties": {"id": 316, "angle": 39.65, "positions": {"2000": 401.16, "2001": 366.47, "2002": 392.52, "2006": 404.68, "2007": 388.97, "2008": 371.94, "2010": 366.19, "2011": 358.29, "2013": 368.61, "2014": 378.3, "2015": 329.02, "2016": 349.08, "2017": 335.44, "2018": 349.95, "2019": 336.67, "2020": 333.66, "2021": 323.81, "2022": 315.01, "2023": 290.0, "2024": 281.51, "2025": 877.8, "2026": 111.0}, "speed_m_per_year": -4.04, "total_change_m": -290.16, "r_squared": 0.773, "std_error": 0.52, "ci_95_low": -5.12, "ci_95_high": -2.96, "confidence": "medium", "risk_class": "low", "total_retreat_m": 290.2, "outliers_removed": 2, "valid_years": 22, "positions_clean": {"2000": 401.16, "2001": 366.47, "2002": 392.52, "2006": 404.68, "2007": 388.97, "2008": 371.94, "2010": 366.19, "2011": 358.29, "2013": 368.61, "2014": 378.3, "2015": 329.02, "2016": 349.08, "2017": 335.44, "2018": 349.95, "2019": 336.67, "2020": 333.66, "2021": 323.81, "2022": 315.01, "2023": 290.0, "2024": 281.51, "2025": null, "2026": null}}}, {"type": "Feature", "geometry": {"type": "LineString", "coordinates": [[51.77160897319481, 43.019771663914796], [51.80363797644671, 43.04536742431939]]}, "properties": {"id": 317, "angle": 38.63, "positions": {"2000": 379.43, "2001": 332.84, "2002": 372.47, "2006": 384.5, "2007": 364.57, "2008": 344.12, "2010": 333.84, "2011": 326.18, "2013": 331.49, "2014": 351.05, "2015": 297.27, "2016": 314.11, "2017": 303.79, "2018": 321.48, "2019": 315.38, "2020": 313.52, "2021": 307.56, "2022": 313.92, "2023": 288.31, "2024": 280.31, "2025": 711.29, "2026": 111.0}, "speed_m_per_year": -3.33, "total_change_m": -268.43, "r_squared": 0.707, "std_error": 0.5, "ci_95_low": -4.39, "ci_95_high": -2.27, "confidence": "medium", "risk_class": "low", "total_retreat_m": 268.4, "outliers_removed": 2, "valid_years": 22, "positions_clean": {"2000": 379.43, "2001": 332.84, "2002": 372.47, "2006": 384.5, "2007": 364.57, "2008": 344.12, "2010": 333.84, "2011": 326.18, "2013": 331.49, "2014": 351.05, "2015": 297.27, "2016": 314.11, "2017": 303.79, "2018": 321.48, "2019": 315.38, "2020": 313.52, "2021": 307.56, "2022": 313.92, "2023": 288.31, "2024": 280.31, "2025": null, "2026": null}}}, {"type": "Feature", "geometry": {"type": "LineString", "coordinates": [[51.7729344643524, 43.01815282368066], [51.805384782075066, 43.04321229054845]]}, "properties": {"id": 318, "angle": 37.68, "positions": {"2000": 376.74, "2001": 344.96, "2002": 369.29, "2006": 378.59, "2007": 364.25, "2008": 355.9, "2010": 343.66, "2011": 345.42, "2013": 349.73, "2014": 365.15, "2015": 335.07, "2016": 348.13, "2017": 342.94, "2018": 353.63, "2019": 349.96, "2020": 344.63, "2021": 341.2, "2022": 336.77, "2023": 316.37, "2024": 293.77, "2025": 892.33, "2026": 111.0}, "speed_m_per_year": -1.46, "total_change_m": -265.74, "r_squared": 0.486, "std_error": 0.37, "ci_95_low": -2.23, "ci_95_high": -0.69, "confidence": "low", "risk_class": "low", "total_retreat_m": 265.7, "outliers_removed": 3, "valid_years": 22, "positions_clean": {"2000": 376.74, "2001": 344.96, "2002": 369.29, "2006": 378.59, "2007": 364.25, "2008": 355.9, "2010": 343.66, "2011": 345.42, "2013": 349.73, "2014": 365.15, "2015": 335.07, "2016": 348.13, "2017": 342.94, "2018": 353.63, "2019": 349.96, "2020": 344.63, "2021": 341.2, "2022": 336.77, "2023": 316.37, "2024": null, "2025": null, "2026": null}}}, {"type": "Feature", "geometry": {"type": "LineString", "coordinates": [[51.7742602739985, 43.01653353096463], [51.80710957691089, 43.04106765614101]]}, "properties": {"id": 319, "angle": 36.75, "positions": {"2000": 374.15, "2001": 357.19, "2002": 366.2, "2006": 372.79, "2007": 364.03, "2008": 367.81, "2010": 353.59, "2011": 364.81, "2013": 368.12, "2014": 379.38, "2015": 373.17, "2016": 382.41, "2017": 382.41, "2018": 386.03, "2019": 384.82, "2020": 375.98, "2021": 375.1, "2022": 359.79, "2023": 344.64, "2024": 307.34, "2025": 1077.9, "2026": 111.0}, "speed_m_per_year": 0.62, "total_change_m": -263.15, "r_squared": 0.204, "std_error": 0.3, "ci_95_low": -0.03, "ci_95_high": 1.26, "confidence": "low", "risk_class": "low", "total_retreat_m": 263.1, "outliers_removed": 4, "valid_years": 22, "positions_clean": {"2000": 374.15, "2001": 357.19, "2002": 366.2, "2006": 372.79, "2007": 364.03, "2008": 367.81, "2010": 353.59, "2011": 364.81, "2013": 368.12, "2014": 379.38, "2015": 373.17, "2016": 382.41, "2017": 382.41, "2018": 386.03, "2019": 384.82, "2020": 375.98, "2021": 375.1, "2022": 359.79, "2023": null, "2024": null, "2025": null, "2026": null}}}, {"type": "Feature", "geometry": {"type": "LineString", "coordinates": [[51.77559011034176, 43.01491685083296], [51.80881699767473, 43.038937133057814]]}, "properties": {"id": 320, "angle": 35.86, "positions": {"2000": 299.36, "2001": 284.69, "2002": 237.89, "2006": 294.67, "2007": 290.75, "2008": 293.47, "2010": 288.52, "2011": 285.68, "2013": 287.03, "2014": 285.22, "2015": 279.04, "2016": 284.53, "2017": 284.69, "2018": 287.22, "2019": 282.36, "2020": 276.08, "2021": 265.69, "2022": 256.26, "2023": 154.03, "2024": 130.19, "2025": 1267.5, "2026": 111.0}, "speed_m_per_year": -0.44, "total_change_m": -188.36, "r_squared": 0.044, "std_error": 0.52, "ci_95_low": -1.54, "ci_95_high": 0.65, "confidence": "low", "risk_class": "low", "total_retreat_m": 188.4, "outliers_removed": 4, "valid_years": 22, "positions_clean": {"2000": 299.36, "2001": 284.69, "2002": 237.89, "2006": 294.67, "2007": 290.75, "2008": 293.47, "2010": 288.52, "2011": 285.68, "2013": 287.03, "2014": 285.22, "2015": 279.04, "2016": 284.53, "2017": 284.69, "2018": 287.22, "2019": 282.36, "2020": 276.08, "2021": 265.69, "2022": 256.26, "2023": null, "2024": null, "2025": null, "2026": null}}}, {"type": "Feature", "geometry": {"type": "LineString", "coordinates": [[51.77687873818085, 43.01326767001189], [51.810468296702645, 43.036778126373065]]}, "properties": {"id": 321, "angle": 34.99, "positions": {"2000": 225.43, "2001": 211.23, "2002": 107.06, "2006": 217.39, "2007": 217.79, "2008": 218.64, "2010": 223.04, "2011": 205.0, "2013": 204.54, "2014": 189.95, "2015": 181.69, "2016": 184.24, "2017": 184.23, "2018": 186.35, "2019": 177.43, "2020": 173.36, "2021": 152.76, "2022": 149.08, "2025": 1468.05, "2026": 111.0}, "speed_m_per_year": -2.37, "total_change_m": -114.43, "r_squared": 0.26, "std_error": 0.97, "ci_95_low": -4.42, "ci_95_high": -0.32, "confidence": "low", "risk_class": "low", "total_retreat_m": 114.4, "outliers_removed": 1, "valid_years": 20, "positions_clean": {"2000": 225.43, "2001": 211.23, "2002": 107.06, "2006": 217.39, "2007": 217.79, "2008": 218.64, "2010": 223.04, "2011": 205.0, "2013": 204.54, "2014": 189.95, "2015": 181.69, "2016": 184.24, "2017": 184.23, "2018": 186.35, "2019": 177.43, "2020": 173.36, "2021": 152.76, "2022": 149.08, "2025": null, "2026": 111.0}}}, {"type": "Feature", "geometry": {"type": "LineString", "coordinates": [[51.778004921527234, 43.01150132883375], [51.8119130358992, 43.03454996826729]]}, "properties": {"id": 322, "angle": 34.21, "positions": {"2000": 223.56, "2001": 207.68, "2002": 89.34, "2006": 218.14, "2007": 209.38, "2008": 215.48, "2010": 221.94, "2011": 199.2, "2013": 201.64, "2014": 181.37, "2015": 167.17, "2016": 170.79, "2017": 170.2, "2018": 172.25, "2019": 152.0, "2020": 150.58, "2021": 122.34, "2022": 121.72, "2025": 1531.47, "2026": 111.0}, "speed_m_per_year": -3.05, "total_change_m": -112.56, "r_squared": 0.313, "std_error": 1.09, "ci_95_low": -5.35, "ci_95_high": -0.74, "confidence": "low", "risk_class": "low", "total_retreat_m": 112.6, "outliers_removed": 1, "valid_years": 20, "positions_clean": {"2000": 223.56, "2001": 207.68, "2002": 89.34, "2006": 218.14, "2007": 209.38, "2008": 215.48, "2010": 221.94, "2011": 199.2, "2013": 201.64, "2014": 181.37, "2015": 167.17, "2016": 170.79, "2017": 170.2, "2018": 172.25, "2019": 152.0, "2020": 150.58, "2021": 122.34, "2022": 121.72, "2025": null, "2026": 111.0}}}, {"type": "Feature", "geometry": {"type": "LineString", "coordinates": [[51.77911395886796, 43.00972289041668], [51.81331878155244, 43.03232886540391]]}, "properties": {"id": 323, "angle": 33.46, "positions": {"2000": 275.23, "2001": 257.53, "2002": 222.01, "2006": 280.32, "2007": 247.6, "2008": 266.58, "2010": 266.28, "2011": 253.74, "2013": 264.61, "2014": 251.06, "2015": 228.27, "2016": 237.61, "2017": 235.98, "2018": 237.88, "2019": 199.63, "2020": 202.13, "2021": 175.6, "2022": 174.62, "2023": 188.65, "2024": 10.77, "2026": 111.0}, "speed_m_per_year": -4.32, "total_change_m": -164.23, "r_squared": 0.603, "std_error": 0.83, "ci_95_low": -6.06, "ci_95_high": -2.59, "confidence": "medium", "risk_class": "low", "total_retreat_m": 164.2, "outliers_removed": 1, "valid_years": 21, "positions_clean": {"2000": 275.23, "2001": 257.53, "2002": 222.01, "2006": 280.32, "2007": 247.6, "2008": 266.58, "2010": 266.28, "2011": 253.74, "2013": 264.61, "2014": 251.06, "2015": 228.27, "2016": 237.61, "2017": 235.98, "2018": 237.88, "2019": 199.63, "2020": 202.13, "2021": 175.6, "2022": 174.62, "2023": 188.65, "2024": null, "2026": 111.0}}}, {"type": "Feature", "geometry": {"type": "LineString", "coordinates": [[51.780223032483335, 43.00794591874471], [51.81474585530636, 43.030063212980885]]}, "properties": {"id": 324, "angle": 32.65, "positions": {"2000": 325.91, "2001": 307.31, "2002": 334.58, "2006": 337.29, "2007": 290.79, "2008": 317.55, "2010": 311.15, "2011": 307.01, "2013": 323.55, "2014": 316.95, "2015": 289.05, "2016": 301.52, "2017": 298.86, "2018": 301.91, "2019": 250.3, "2020": 255.95, "2021": 231.56, "2022": 230.36, "2023": 424.32, "2024": 171.24, "2025": 36.95, "2026": 111.0}, "speed_m_per_year": -5.86, "total_change_m": -214.91, "r_squared": 0.608, "std_error": 1.11, "ci_95_low": -8.19, "ci_95_high": -3.53, "confidence": "medium", "risk_class": "low", "total_retreat_m": 214.9, "outliers_removed": 2, "valid_years": 22, "positions_clean": {"2000": 325.91, "2001": 307.31, "2002": 334.58, "2006": 337.29, "2007": 290.79, "2008": 317.55, "2010": 311.15, "2011": 307.01, "2013": 323.55, "2014": 316.95, "2015": 289.05, "2016": 301.52, "2017": 298.86, "2018": 301.91, "2019": 250.3, "2020": 255.95, "2021": 231.56, "2022": 230.36, "2023": null, "2024": 171.24, "2025": null, "2026": 111.0}}}, {"type": "Feature", "geometry": {"type": "LineString", "coordinates": [[51.78132821896988, 43.00616522685014], [51.81613809959309, 43.02782791853419]]}, "properties": {"id": 325, "angle": 31.89, "positions": {"2000": 372.82, "2001": 356.7, "2002": 371.8, "2006": 375.78, "2007": 356.44, "2008": 367.95, "2010": 358.17, "2011": 354.9, "2013": 367.01, "2014": 367.3, "2015": 347.72, "2016": 352.35, "2017": 348.59, "2018": 358.42, "2019": 317.88, "2020": 321.79, "2021": 304.14, "2022": 303.8, "2023": 464.67, "2024": 244.76, "2025": 161.07, "2026": 111.0}, "speed_m_per_year": -3.38, "total_change_m": -261.82, "r_squared": 0.565, "std_error": 0.72, "ci_95_low": -4.89, "ci_95_high": -1.86, "confidence": "medium", "risk_class": "low", "total_retreat_m": 261.8, "outliers_removed": 3, "valid_years": 22, "positions_clean": {"2000": 372.82, "2001": 356.7, "2002": 371.8, "2006": 375.78, "2007": 356.44, "2008": 367.95, "2010": 358.17, "2011": 354.9, "2013": 367.01, "2014": 367.3, "2015": 347.72, "2016": 352.35, "2017": 348.59, "2018": 358.42, "2019": 317.88, "2020": 321.79, "2021": 304.14, "2022": 303.8, "2023": null, "2024": 244.76, "2025": null, "2026": null}}}, {"type": "Feature", "geometry": {"type": "LineString", "coordinates": [[51.78243326098504, 43.004381236175035], [51.81746625470958, 43.02568122093316]]}, "properties": {"id": 326, "angle": 31.3, "positions": {"2000": 420.06, "2001": 406.45, "2002": 409.29, "2006": 414.56, "2007": 422.58, "2008": 418.72, "2010": 405.54, "2011": 403.15, "2013": 410.78, "2014": 418.01, "2015": 406.82, "2016": 403.54, "2017": 398.68, "2018": 415.34, "2019": 386.0, "2020": 388.16, "2021": 377.33, "2022": 377.85, "2023": 503.93, "2024": 318.94, "2025": 286.9, "2026": 111.0}, "speed_m_per_year": -3.11, "total_change_m": -309.06, "r_squared": 0.474, "std_error": 0.77, "ci_95_low": -4.73, "ci_95_high": -1.49, "confidence": "low", "risk_class": "low", "total_retreat_m": 309.1, "outliers_removed": 2, "valid_years": 22, "positions_clean": {"2000": 420.06, "2001": 406.45, "2002": 409.29, "2006": 414.56, "2007": 422.58, "2008": 418.72, "2010": 405.54, "2011": 403.15, "2013": 410.78, "2014": 418.01, "2015": 406.82, "2016": 403.54, "2017": 398.68, "2018": 415.34, "2019": 386.0, "2020": 388.16, "2021": 377.33, "2022": 377.85, "2023": null, "2024": 318.94, "2025": 286.9, "2026": null}}}, {"type": "Feature", "geometry": {"type": "LineString", "coordinates": [[51.78354052332928, 43.00259508943442], [51.81872965049663, 43.023636128600785]]}, "properties": {"id": 327, "angle": 30.88, "positions": {"2000": 384.22, "2001": 370.97, "2002": 374.14, "2006": 378.48, "2007": 385.23, "2008": 382.55, "2010": 371.24, "2011": 369.25, "2013": 376.91, "2014": 381.61, "2015": 371.43, "2016": 369.67, "2017": 365.15, "2018": 380.41, "2019": 355.89, "2020": 356.86, "2021": 348.65, "2022": 347.95, "2023": 495.96, "2024": 303.13, "2025": 278.71, "2026": 111.0}, "speed_m_per_year": -2.47, "total_change_m": -273.22, "r_squared": 0.479, "std_error": 0.61, "ci_95_low": -3.74, "ci_95_high": -1.19, "confidence": "low", "risk_class": "low", "total_retreat_m": 273.2, "outliers_removed": 2, "valid_years": 22, "positions_clean": {"2000": 384.22, "2001": 370.97, "2002": 374.14, "2006": 378.48, "2007": 385.23, "2008": 382.55, "2010": 371.24, "2011": 369.25, "2013": 376.91, "2014": 381.61, "2015": 371.43, "2016": 369.67, "2017": 365.15, "2018": 380.41, "2019": 355.89, "2020": 356.86, "2021": 348.65, "2022": 347.95, "2023": null, "2024": 303.13, "2025": 278.71, "2026": null}}}, {"type": "Feature", "geometry": {"type": "LineString", "coordinates": [[51.78460130983555, 43.00077717826839], [51.81987447544707, 43.021677029649254]]}, "properties": {"id": 328, "angle": 30.65, "positions": {"2000": 350.52, "2001": 336.36, "2002": 340.83, "2006": 344.53, "2007": 349.35, "2008": 348.24, "2010": 337.95, "2011": 336.13, "2013": 344.71, "2014": 346.99, "2015": 336.4, "2016": 336.42, "2017": 331.92, "2018": 346.78, "2019": 323.82, "2020": 323.85, "2021": 316.8, "2022": 314.75, "2023": 494.26, "2024": 279.26, "2025": 251.41, "2026": 111.0}, "speed_m_per_year": -2.26, "total_change_m": -239.52, "r_squared": 0.48, "std_error": 0.55, "ci_95_low": -3.42, "ci_95_high": -1.09, "confidence": "low", "risk_class": "low", "total_retreat_m": 239.5, "outliers_removed": 2, "valid_years": 22, "positions_clean": {"2000": 350.52, "2001": 336.36, "2002": 340.83, "2006": 344.53, "2007": 349.35, "2008": 348.24, "2010": 337.95, "2011": 336.13, "2013": 344.71, "2014": 346.99, "2015": 336.4, "2016": 336.42, "2017": 331.92, "2018": 346.78, "2019": 323.82, "2020": 323.85, "2021": 316.8, "2022": 314.75, "2023": null, "2024": 279.26, "2025": 251.41, "2026": null}}}, {"type": "Feature", "geometry": {"type": "LineString", "coordinates": [[51.78563264844069, 42.9989380946557], [51.820913461974165, 43.019825033072244]]}, "properties": {"id": 329, "angle": 30.63, "positions": {"2000": 321.0, "2001": 305.92, "2002": 311.69, "2006": 314.76, "2007": 317.65, "2008": 318.11, "2010": 308.83, "2011": 307.17, "2013": 316.67, "2014": 316.55, "2015": 305.55, "2016": 307.34, "2017": 302.85, "2018": 317.33, "2019": 295.9, "2020": 295.0, "2021": 289.1, "2022": 285.69, "2023": 496.59, "2024": 259.48, "2025": 228.21, "2026": 111.0}, "speed_m_per_year": -1.42, "total_change_m": -210.0, "r_squared": 0.481, "std_error": 0.36, "ci_95_low": -2.18, "ci_95_high": -0.67, "confidence": "low", "risk_class": "low", "total_retreat_m": 210.0, "outliers_removed": 3, "valid_years": 22, "positions_clean": {"2000": 321.0, "2001": 305.92, "2002": 311.69, "2006": 314.76, "2007": 317.65, "2008": 318.11, "2010": 308.83, "2011": 307.17, "2013": 316.67, "2014": 316.55, "2015": 305.55, "2016": 307.34, "2017": 302.85, "2018": 317.33, "2019": 295.9, "2020": 295.0, "2021": 289.1, "2022": 285.69, "2023": null, "2024": 259.48, "2025": null, "2026": null}}}, {"type": "Feature", "geometry": {"type": "LineString", "coordinates": [[51.78666852424405, 42.99709656974876], [51.82186585066391, 43.01812389037915]]}, "properties": {"id": 330, "angle": 30.85, "positions": {"2000": 291.31, "2001": 275.3, "2002": 282.37, "2006": 284.8, "2007": 285.77, "2008": 287.8, "2010": 279.52, "2011": 278.03, "2013": 288.46, "2014": 285.93, "2015": 274.51, "2016": 278.07, "2017": 273.59, "2018": 287.7, "2019": 267.79, "2020": 265.96, "2021": 261.2, "2022": 256.45, "2023": 498.66, "2024": 239.47, "2025": 204.77, "2026": 111.0}, "speed_m_per_year": -1.26, "total_change_m": -180.31, "r_squared": 0.488, "std_error": 0.31, "ci_95_low": -1.91, "ci_95_high": -0.6, "confidence": "low", "risk_class": "low", "total_retreat_m": 180.3, "outliers_removed": 3, "valid_years": 22, "positions_clean": {"2000": 291.31, "2001": 275.3, "2002": 282.37, "2006": 284.8, "2007": 285.77, "2008": 287.8, "2010": 279.52, "2011": 278.03, "2013": 288.46, "2014": 285.93, "2015": 274.51, "2016": 278.07, "2017": 273.59, "2018": 287.7, "2019": 267.79, "2020": 265.96, "2021": 261.2, "2022": 256.45, "2023": null, "2024": 239.47, "2025": null, "2026": null}}}, {"type": "Feature", "geometry": {"type": "LineString", "coordinates": [[51.787711769814536, 42.99525445750113], [51.82273567401853, 43.01656938500065]]}, "properties": {"id": 331, "angle": 31.32, "positions": {"2000": 261.02, "2001": 244.07, "2002": 252.44, "2006": 254.25, "2007": 253.3, "2008": 256.89, "2010": 249.6, "2011": 248.28, "2013": 259.64, "2014": 254.71, "2015": 242.86, "2016": 248.2, "2017": 243.72, "2018": 257.48, "2019": 239.06, "2020": 236.3, "2021": 232.68, "2022": 226.58, "2023": 500.11, "2024": 218.84, "2025": 180.68, "2026": 111.0}, "speed_m_per_year": -1.09, "total_change_m": -150.02, "r_squared": 0.478, "std_error": 0.28, "ci_95_low": -1.67, "ci_95_high": -0.51, "confidence": "low", "risk_class": "low", "total_retreat_m": 150.0, "outliers_removed": 3, "valid_years": 22, "positions_clean": {"2000": 261.02, "2001": 244.07, "2002": 252.44, "2006": 254.25, "2007": 253.3, "2008": 256.89, "2010": 249.6, "2011": 248.28, "2013": 259.64, "2014": 254.71, "2015": 242.86, "2016": 248.2, "2017": 243.72, "2018": 257.48, "2019": 239.06, "2020": 236.3, "2021": 232.68, "2022": 226.58, "2023": null, "2024": 218.84, "2025": null, "2026": null}}}, {"type": "Feature", "geometry": {"type": "LineString", "coordinates": [[51.78883842762649, 42.993463638257985], [51.82371085800721, 43.01502549345048]]}, "properties": {"id": 332, "angle": 31.73, "positions": {"2000": 219.75, "2001": 201.86, "2002": 211.54, "2006": 212.71, "2007": 209.83, "2008": 215.0, "2010": 208.71, "2011": 207.55, "2013": 219.85, "2014": 212.51, "2015": 200.23, "2016": 207.35, "2017": 202.87, "2018": 216.27, "2019": 199.37, "2020": 195.67, "2021": 193.2, "2022": 185.73, "2023": 490.7, "2024": 187.27, "2025": 145.65, "2026": 111.0}, "speed_m_per_year": -0.92, "total_change_m": -108.75, "r_squared": 0.438, "std_error": 0.25, "ci_95_low": -1.45, "ci_95_high": -0.39, "confidence": "low", "risk_class": "low", "total_retreat_m": 108.8, "outliers_removed": 3, "valid_years": 22, "positions_clean": {"2000": 219.75, "2001": 201.86, "2002": 211.54, "2006": 212.71, "2007": 209.83, "2008": 215.0, "2010": 208.71, "2011": 207.55, "2013": 219.85, "2014": 212.51, "2015": 200.23, "2016": 207.35, "2017": 202.87, "2018": 216.27, "2019": 199.37, "2020": 195.67, "2021": 193.2, "2022": 185.73, "2023": null, "2024": 187.27, "2025": null, "2026": null}}}, {"type": "Feature", "geometry": {"type": "LineString", "coordinates": [[51.789992456984415, 42.9916941254807], [51.82478526299063, 43.013384230372424]]}, "properties": {"id": 333, "angle": 31.94, "positions": {"2000": 174.52, "2001": 155.7, "2002": 166.69, "2006": 167.22, "2007": 162.41, "2008": 169.16, "2010": 163.87, "2011": 162.88, "2013": 176.11, "2014": 166.35, "2015": 153.65, "2016": 162.55, "2017": 158.08, "2018": 171.11, "2019": 155.73, "2020": 151.1, "2021": 149.78, "2022": 140.95, "2023": 477.43, "2024": 151.81, "2025": 106.72, "2026": 111.0}, "speed_m_per_year": -0.75, "total_change_m": -63.52, "r_squared": 0.351, "std_error": 0.25, "ci_95_low": -1.26, "ci_95_high": -0.23, "confidence": "low", "risk_class": "low", "total_retreat_m": 63.5, "outliers_removed": 3, "valid_years": 22, "positions_clean": {"2000": 174.52, "2001": 155.7, "2002": 166.69, "2006": 167.22, "2007": 162.41, "2008": 169.16, "2010": 163.87, "2011": 162.88, "2013": 176.11, "2014": 166.35, "2015": 153.65, "2016": 162.55, "2017": 158.08, "2018": 171.11, "2019": 155.73, "2020": 151.1, "2021": 149.78, "2022": 140.95, "2023": null, "2024": 151.81, "2025": null, "2026": null}}}, {"type": "Feature", "geometry": {"type": "LineString", "coordinates": [[51.791143522191234, 42.989923581036074], [51.82587275883918, 43.011715325386874]]}, "properties": {"id": 334, "angle": 32.11, "positions": {"2000": 129.58, "2001": 109.82, "2002": 122.12, "2006": 122.01, "2007": 115.26, "2008": 123.59, "2010": 119.32, "2011": 118.49, "2013": 132.66, "2014": 120.47, "2015": 107.34, "2016": 118.04, "2017": 113.57, "2018": 126.23, "2019": 112.39, "2020": 106.81, "2021": 106.65, "2022": 96.46, "2023": 464.5, "2024": 116.66, "2025": 68.11, "2026": 111.0}, "speed_m_per_year": -0.55, "total_change_m": -18.58, "r_squared": 0.239, "std_error": 0.23, "ci_95_low": -1.04, "ci_95_high": -0.06, "confidence": "low", "risk_class": "low", "total_retreat_m": 18.6, "outliers_removed": 2, "valid_years": 22, "positions_clean": {"2000": 129.58, "2001": 109.82, "2002": 122.12, "2006": 122.01, "2007": 115.26, "2008": 123.59, "2010": 119.32, "2011": 118.49, "2013": 132.66, "2014": 120.47, "2015": 107.34, "2016": 118.04, "2017": 113.57, "2018": 126.23, "2019": 112.39, "2020": 106.81, "2021": 106.65, "2022": 96.46, "2023": null, "2024": 116.66, "2025": null, "2026": 111.0}}}, {"type": "Feature", "geometry": {"type": "LineString", "coordinates": [[51.792294219665926, 42.98815400689836], [51.82698177446209, 43.010012038426]]}, "properties": {"id": 335, "angle": 32.22, "positions": {"2000": 84.57, "2001": 63.87, "2002": 77.49, "2006": 76.74, "2007": 68.04, "2008": 77.96, "2010": 74.7, "2011": 74.05, "2013": 89.15, "2014": 74.52, "2015": 60.98, "2016": 73.47, "2017": 69.01, "2018": 81.29, "2019": 68.99, "2020": 62.47, "2021": 63.46, "2022": 51.91, "2023": 451.53, "2024": 81.46, "2025": 29.44, "2026": 111.0}, "speed_m_per_year": 0.09, "total_change_m": 26.43, "r_squared": 0.003, "std_error": 0.38, "ci_95_low": -0.71, "ci_95_high": 0.88, "confidence": "low", "risk_class": "low", "total_retreat_m": -26.4, "outliers_removed": 2, "valid_years": 22, "positions_clean": {"2000": 84.57, "2001": 63.87, "2002": 77.49, "2006": 76.74, "2007": 68.04, "2008": 77.96, "2010": 74.7, "2011": 74.05, "2013": 89.15, "2014": 74.52, "2015": 60.98, "2016": 73.47, "2017": 69.01, "2018": 81.29, "2019": 68.99, "2020": 62.47, "2021": 63.46, "2022": 51.91, "2023": null, "2024": 81.46, "2025": null, "2026": 111.0}}}, {"type": "Feature", "geometry": {"type": "LineString", "coordinates": [[51.79344171831112, 42.98638469857101], [51.82813043187328, 43.008240891089436]]}, "properties": {"id": 336, "angle": 32.21, "positions": {"2000": 84.57, "2001": 62.75, "2002": 77.52, "2006": 81.41, "2007": 70.78, "2008": 81.6, "2010": 70.5, "2011": 66.0, "2013": 84.86, "2014": 79.8, "2015": 44.99, "2016": 62.16, "2017": 56.4, "2018": 68.67, "2019": 52.63, "2020": 46.02, "2021": 45.87, "2022": 34.95, "2023": 438.82, "2024": 46.55, "2026": 111.0}, "speed_m_per_year": -0.81, "total_change_m": 26.43, "r_squared": 0.115, "std_error": 0.53, "ci_95_low": -1.93, "ci_95_high": 0.3, "confidence": "low", "risk_class": "low", "total_retreat_m": -26.4, "outliers_removed": 1, "valid_years": 21, "positions_clean": {"2000": 84.57, "2001": 62.75, "2002": 77.52, "2006": 81.41, "2007": 70.78, "2008": 81.6, "2010": 70.5, "2011": 66.0, "2013": 84.86, "2014": 79.8, "2015": 44.99, "2016": 62.16, "2017": 56.4, "2018": 68.67, "2019": 52.63, "2020": 46.02, "2021": 45.87, "2022": 34.95, "2023": null, "2024": 46.55, "2026": 111.0}}}, {"type": "Feature", "geometry": {"type": "LineString", "coordinates": [[51.79457780248275, 42.9846086099717], [51.829278182242106, 43.00644627570218]]}, "properties": {"id": 337, "angle": 32.18, "positions": {"2000": 139.95, "2001": 126.53, "2002": 135.45, "2006": 151.27, "2007": 143.84, "2008": 149.07, "2010": 119.93, "2011": 106.58, "2013": 127.07, "2014": 153.23, "2015": 74.41, "2016": 95.6, "2017": 88.29, "2018": 97.13, "2019": 73.93, "2020": 70.5, "2021": 65.45, "2022": 61.98, "2023": 427.58, "2024": 13.11, "2026": 111.0}, "speed_m_per_year": -3.63, "total_change_m": -28.95, "r_squared": 0.556, "std_error": 0.76, "ci_95_low": -5.23, "ci_95_high": -2.02, "confidence": "medium", "risk_class": "low", "total_retreat_m": 28.9, "outliers_removed": 1, "valid_years": 21, "positions_clean": {"2000": 139.95, "2001": 126.53, "2002": 135.45, "2006": 151.27, "2007": 143.84, "2008": 149.07, "2010": 119.93, "2011": 106.58, "2013": 127.07, "2014": 153.23, "2015": 74.41, "2016": 95.6, "2017": 88.29, "2018": 97.13, "2019": 73.93, "2020": 70.5, "2021": 65.45, "2022": 61.98, "2023": null, "2024": 13.11, "2026": 111.0}}}, {"type": "Feature", "geometry": {"type": "LineString", "coordinates": [[51.79571215340804, 42.98283128121238], [51.83042179810145, 43.0046542178905]]}, "properties": {"id": 338, "angle": 32.16, "positions": {"2000": 195.58, "2001": 190.56, "2002": 193.64, "2006": 221.38, "2007": 217.15, "2008": 216.78, "2010": 169.61, "2011": 147.4, "2013": 169.52, "2014": 226.93, "2015": 104.08, "2016": 129.28, "2017": 120.42, "2018": 125.83, "2019": 95.46, "2020": 95.22, "2021": 85.26, "2022": 89.24, "2023": 416.57, "2026": 111.0}, "speed_m_per_year": -5.39, "total_change_m": -84.58, "r_squared": 0.643, "std_error": 0.97, "ci_95_low": -7.44, "ci_95_high": -3.33, "confidence": "medium", "risk_class": "low", "total_retreat_m": 84.6, "outliers_removed": 1, "valid_years": 20, "positions_clean": {"2000": 195.58, "2001": 190.56, "2002": 193.64, "2006": 221.38, "2007": 217.15, "2008": 216.78, "2010": 169.61, "2011": 147.4, "2013": 169.52, "2014": 226.93, "2015": 104.08, "2016": 129.28, "2017": 120.42, "2018": 125.83, "2019": 95.46, "2020": 95.22, "2021": 85.26, "2022": 89.24, "2023": null, "2026": 111.0}}}, {"type": "Feature", "geometry": {"type": "LineString", "coordinates": [[51.79684617526381, 42.98105475406409], [51.831583664125255, 43.002833341428776]]}, "properties": {"id": 339, "angle": 32.09, "positions": {"2000": 268.75, "2001": 264.95, "2002": 271.41, "2006": 291.54, "2007": 242.44, "2008": 284.55, "2010": 250.76, "2011": 238.18, "2013": 254.17, "2014": 300.68, "2015": 205.14, "2016": 229.38, "2017": 222.22, "2018": 232.35, "2019": 200.06, "2020": 198.02, "2021": 191.32, "2022": 195.08, "2023": 405.53, "2024": 67.32, "2026": 111.0}, "speed_m_per_year": -3.89, "total_change_m": -157.75, "r_squared": 0.747, "std_error": 0.58, "ci_95_low": -5.13, "ci_95_high": -2.64, "confidence": "medium", "risk_class": "low", "total_retreat_m": 157.8, "outliers_removed": 4, "valid_years": 21, "positions_clean": {"2000": 268.75, "2001": 264.95, "2002": 271.41, "2006": 291.54, "2007": 242.44, "2008": 284.55, "2010": 250.76, "2011": 238.18, "2013": 254.17, "2014": null, "2015": 205.14, "2016": 229.38, "2017": 222.22, "2018": 232.35, "2019": 200.06, "2020": 198.02, "2021": 191.32, "2022": 195.08, "2023": null, "2024": null, "2026": null}}}, {"type": "Feature", "geometry": {"type": "LineString", "coordinates": [[51.79797934273096, 42.97928383922953], [51.8328569069004, 43.00083738922961]]}, "properties": {"id": 340, "angle": 31.72, "positions": {"2000": 343.33, "2001": 340.36, "2002": 350.85, "2006": 361.92, "2007": 266.17, "2008": 352.49, "2010": 335.97, "2011": 337.88, "2013": 344.31, "2014": 374.69, "2015": 327.1, "2016": 344.41, "2017": 341.29, "2018": 357.23, "2019": 331.5, "2020": 325.94, "2021": 328.04, "2022": 327.49, "2023": 394.2, "2024": 268.93, "2025": 226.13, "2026": 111.0}, "speed_m_per_year": -2.5, "total_change_m": -232.33, "r_squared": 0.33, "std_error": 0.86, "ci_95_low": -4.32, "ci_95_high": -0.68, "confidence": "low", "risk_class": "low", "total_retreat_m": 232.3, "outliers_removed": 3, "valid_years": 22, "positions_clean": {"2000": 343.33, "2001": 340.36, "2002": 350.85, "2006": 361.92, "2007": null, "2008": 352.49, "2010": 335.97, "2011": 337.88, "2013": 344.31, "2014": 374.69, "2015": 327.1, "2016": 344.41, "2017": 341.29, "2018": 357.23, "2019": 331.5, "2020": 325.94, "2021": 328.04, "2022": 327.49, "2023": null, "2024": 268.93, "2025": 226.13, "2026": null}}}, {"type": "Feature", "geometry": {"type": "LineString", "coordinates": [[51.799083383341454, 42.97751050023233], [51.8343825795351, 42.99836635667799]]}, "properties": {"id": 341, "angle": 30.58, "positions": {"2000": 366.33, "2001": 364.19, "2002": 368.24, "2006": 375.23, "2007": 293.37, "2008": 368.3, "2010": 363.66, "2011": 370.88, "2013": 373.81, "2014": 386.2, "2015": 370.65, "2016": 379.6, "2017": 377.93, "2018": 389.92, "2019": 371.69, "2020": 366.23, "2021": 369.35, "2022": 366.88, "2023": 354.13, "2024": 351.31, "2025": 298.18, "2026": 111.0}, "speed_m_per_year": -0.78, "total_change_m": -255.33, "r_squared": 0.106, "std_error": 0.53, "ci_95_low": -1.9, "ci_95_high": 0.34, "confidence": "low", "risk_class": "low", "total_retreat_m": 255.3, "outliers_removed": 2, "valid_years": 22, "positions_clean": {"2000": 366.33, "2001": 364.19, "2002": 368.24, "2006": 375.23, "2007": null, "2008": 368.3, "2010": 363.66, "2011": 370.88, "2013": 373.81, "2014": 386.2, "2015": 370.65, "2016": 379.6, "2017": 377.93, "2018": 389.92, "2019": 371.69, "2020": 366.23, "2021": 369.35, "2022": 366.88, "2023": 354.13, "2024": 351.31, "2025": 298.18, "2026": null}}}, {"type": "Feature", "geometry": {"type": "LineString", "coordinates": [[51.80014262708148, 42.97570910932575], [51.83583460265424, 42.995885404320454]]}, "properties": {"id": 342, "angle": 29.48, "positions": {"2000": 327.13, "2001": 324.69, "2002": 315.79, "2006": 327.29, "2007": 327.26, "2008": 323.84, "2010": 320.97, "2011": 327.1, "2013": 334.33, "2014": 336.98, "2015": 324.07, "2016": 330.83, "2017": 327.23, "2018": 335.74, "2019": 312.95, "2020": 307.11, "2021": 306.7, "2022": 303.26, "2023": 282.94, "2024": 282.77, "2025": 136.8, "2026": 111.0}, "speed_m_per_year": -1.16, "total_change_m": -216.13, "r_squared": 0.31, "std_error": 0.41, "ci_95_low": -2.02, "ci_95_high": -0.3, "confidence": "low", "risk_class": "low", "total_retreat_m": 216.1, "outliers_removed": 2, "valid_years": 22, "positions_clean": {"2000": 327.13, "2001": 324.69, "2002": 315.79, "2006": 327.29, "2007": 327.26, "2008": 323.84, "2010": 320.97, "2011": 327.1, "2013": 334.33, "2014": 336.98, "2015": 324.07, "2016": 330.83, "2017": 327.23, "2018": 335.74, "2019": 312.95, "2020": 307.11, "2021": 306.7, "2022": 303.26, "2023": 282.94, "2024": 282.77, "2025": null, "2026": null}}}, {"type": "Feature", "geometry": {"type": "LineString", "coordinates": [[51.80120966752114, 42.97389224171042], [51.83693918481023, 42.99400198050258]]}, "properties": {"id": 343, "angle": 29.37, "positions": {"2000": 261.73, "2001": 258.78, "2002": 249.34, "2006": 258.66, "2007": 275.48, "2008": 257.54, "2010": 255.54, "2011": 259.11, "2013": 264.36, "2014": 265.32, "2015": 256.76, "2016": 254.71, "2017": 249.86, "2018": 255.84, "2019": 238.5, "2020": 234.02, "2021": 232.54, "2022": 230.59, "2023": 213.15, "2024": 215.57, "2026": 111.0}, "speed_m_per_year": -1.61, "total_change_m": -150.73, "r_squared": 0.52, "std_error": 0.36, "ci_95_low": -2.37, "ci_95_high": -0.84, "confidence": "medium", "risk_class": "low", "total_retreat_m": 150.7, "outliers_removed": 1, "valid_years": 21, "positions_clean": {"2000": 261.73, "2001": 258.78, "2002": 249.34, "2006": 258.66, "2007": 275.48, "2008": 257.54, "2010": 255.54, "2011": 259.11, "2013": 264.36, "2014": 265.32, "2015": 256.76, "2016": 254.71, "2017": 249.86, "2018": 255.84, "2019": 238.5, "2020": 234.02, "2021": 232.54, "2022": 230.59, "2023": 213.15, "2024": 215.57, "2026": null}}}, {"type": "Feature", "geometry": {"type": "LineString", "coordinates": [[51.80228407599502, 42.97206245906846], [51.837749045598066, 42.99263515775033]]}, "properties": {"id": 344, "angle": 30.12, "positions": {"2000": 178.96, "2001": 174.92, "2002": 171.67, "2006": 175.72, "2007": 179.66, "2008": 175.89, "2010": 173.83, "2011": 174.71, "2013": 175.48, "2014": 179.47, "2015": 174.77, "2016": 160.28, "2017": 153.83, "2018": 159.06, "2019": 150.69, "2020": 148.27, "2021": 147.53, "2022": 148.85, "2023": 143.58, "2024": 148.6, "2025": 69.26, "2026": 111.0}, "speed_m_per_year": -1.83, "total_change_m": -67.96, "r_squared": 0.668, "std_error": 0.3, "ci_95_low": -2.45, "ci_95_high": -1.21, "confidence": "medium", "risk_class": "low", "total_retreat_m": 68.0, "outliers_removed": 1, "valid_years": 22, "positions_clean": {"2000": 178.96, "2001": 174.92, "2002": 171.67, "2006": 175.72, "2007": 179.66, "2008": 175.89, "2010": 173.83, "2011": 174.71, "2013": 175.48, "2014": 179.47, "2015": 174.77, "2016": 160.28, "2017": 153.83, "2018": 159.06, "2019": 150.69, "2020": 148.27, "2021": 147.53, "2022": 148.85, "2023": 143.58, "2024": 148.6, "2025": null, "2026": 111.0}}}, {"type": "Feature", "geometry": {"type": "LineString", "coordinates": [[51.803362373754695, 42.97022032996756], [51.83828851671453, 42.99169507182746]]}, "properties": {"id": 345, "angle": 31.59, "positions": {"2000": 110.9, "2001": 68.11, "2002": 66.56, "2006": 72.23, "2007": 68.54, "2008": 69.35, "2010": 69.37, "2011": 67.09, "2013": 125.4, "2014": 75.76, "2015": 69.11, "2016": 54.49, "2017": 95.8, "2018": 101.5, "2019": 48.54, "2020": 46.17, "2021": 47.12, "2022": 97.23, "2023": 49.74, "2024": 53.96, "2025": 100.42, "2026": 111.0}, "speed_m_per_year": -0.11, "total_change_m": 0.1, "r_squared": 0.001, "std_error": 0.66, "ci_95_low": -1.49, "ci_95_high": 1.26, "confidence": "low", "risk_class": "low", "total_retreat_m": -0.1, "outliers_removed": 0, "valid_years": 22, "positions_clean": {"2000": 110.9, "2001": 68.11, "2002": 66.56, "2006": 72.23, "2007": 68.54, "2008": 69.35, "2010": 69.37, "2011": 67.09, "2013": 125.4, "2014": 75.76, "2015": 69.11, "2016": 54.49, "2017": 95.8, "2018": 101.5, "2019": 48.54, "2020": 46.17, "2021": 47.12, "2022": 97.23, "2023": 49.74, "2024": 53.96, "2025": 100.42, "2026": 111.0}}}, {"type": "Feature", "geometry": {"type": "LineString", "coordinates": [[51.804478784157176, 42.9683885714606], [51.838598758220606, 42.99112240901415]]}, "properties": {"id": 346, "angle": 33.68, "positions": {"2000": 46.6, "2013": 95.73, "2017": 64.31, "2018": 70.01, "2022": 65.31, "2025": 61.18, "2026": 111.0}, "speed_m_per_year": 1.18, "total_change_m": 64.4, "r_squared": 0.227, "std_error": 0.98, "ci_95_low": -1.33, "ci_95_high": 3.7, "confidence": "low", "risk_class": "low", "total_retreat_m": -64.4, "outliers_removed": 0, "valid_years": 7, "positions_clean": {"2000": 46.6, "2013": 95.73, "2017": 64.31, "2018": 70.01, "2022": 65.31, "2025": 61.18, "2026": 111.0}}}, {"type": "Feature", "geometry": {"type": "LineString", "coordinates": [[51.80567432989493, 42.96659674073998], [51.83873161138764, 42.99084990837458]]}, "properties": {"id": 347, "angle": 36.27, "positions": {"2000": 1.24, "2013": 55.88, "2017": 22.51, "2018": 28.21, "2022": 23.05, "2025": 11.35, "2026": 111.0}, "speed_m_per_year": 0.4, "total_change_m": 109.76, "r_squared": 0.037, "std_error": 1.03, "ci_95_low": -2.47, "ci_95_high": 3.27, "confidence": "low", "risk_class": "low", "total_retreat_m": -109.8, "outliers_removed": 1, "valid_years": 7, "positions_clean": {"2000": 1.24, "2013": 55.88, "2017": 22.51, "2018": 28.21, "2022": 23.05, "2025": 11.35, "2026": null}}}, {"type": "Feature", "geometry": {"type": "LineString", "coordinates": [[51.80687843422385, 42.96480247544166], [51.83862836983801, 42.990743593160374]]}, "properties": {"id": 348, "angle": 39.25, "positions": {"2013": 14.61, "2026": 111.0}, "speed_m_per_year": 0.0, "total_change_m": 96.39, "r_squared": 0.0, "std_error": 0.0, "ci_95_low": 0.0, "ci_95_high": 0.0, "confidence": "low", "risk_class": "low", "total_retreat_m": -96.4, "outliers_removed": 0, "valid_years": 2, "positions_clean": {"2013": 14.61, "2026": 111.0}}}, {"type": "Feature", "geometry": {"type": "LineString", "coordinates": [[51.80808815616883, 42.963006071261326], [51.838300423646096, 42.99072283322736]]}, "properties": {"id": 349, "angle": 42.53, "positions": {"2026": 111.0}, "speed_m_per_year": 0.0, "total_change_m": 0.0, "r_squared": 0.0, "std_error": 0.0, "ci_95_low": 0.0, "ci_95_high": 0.0, "confidence": "low", "risk_class": "low", "total_retreat_m": null, "outliers_removed": 0, "valid_years": 1, "positions_clean": {"2026": 111.0}}}, {"type": "Feature", "geometry": {"type": "LineString", "coordinates": [[51.809279472410104, 42.9611944242197], [51.83775191943313, 42.99069560657772]]}, "properties": {"id": 350, "angle": 46.02, "positions": {"2026": 111.0}, "speed_m_per_year": 0.0, "total_change_m": 0.0, "r_squared": 0.0, "std_error": 0.0, "ci_95_low": 0.0, "ci_95_high": 0.0, "confidence": "low", "risk_class": "low", "total_retreat_m": null, "outliers_removed": 0, "valid_years": 1, "positions_clean": {"2026": 111.0}}}, {"type": "Feature", "geometry": {"type": "LineString", "coordinates": [[51.81072788164508, 42.959600159671126], [51.837319298346415, 42.99080747544509]]}, "properties": {"id": 351, "angle": 49.57, "positions": {"2026": 111.0}, "speed_m_per_year": 0.0, "total_change_m": 0.0, "r_squared": 0.0, "std_error": 0.0, "ci_95_low": 0.0, "ci_95_high": 0.0, "confidence": "low", "risk_class": "low", "total_retreat_m": null, "outliers_removed": 0, "valid_years": 1, "positions_clean": {"2026": 111.0}}}, {"type": "Feature", "geometry": {"type": "LineString", "coordinates": [[51.8126590071908, 42.95862254668566], [51.83733432687625, 42.99136592156396]]}, "properties": {"id": 352, "angle": 53.0, "positions": {"2026": 111.0}, "speed_m_per_year": 0.0, "total_change_m": 0.0, "r_squared": 0.0, "std_error": 0.0, "ci_95_low": 0.0, "ci_95_high": 0.0, "confidence": "low", "risk_class": "low", "total_retreat_m": null, "outliers_removed": 0, "valid_years": 1, "positions_clean": {"2026": 111.0}}}, {"type": "Feature", "geometry": {"type": "LineString", "coordinates": [[51.814601199693705, 42.957668195176126], [51.837410104511044, 42.991738033171536]]}, "properties": {"id": 353, "angle": 56.2, "positions": {"2026": 111.0}, "speed_m_per_year": 0.0, "total_change_m": 0.0, "r_squared": 0.0, "std_error": 0.0, "ci_95_low": 0.0, "ci_95_high": 0.0, "confidence": "low", "risk_class": "low", "total_retreat_m": null, "outliers_removed": 0, "valid_years": 1, "positions_clean": {"2026": 111.0}}}, {"type": "Feature", "geometry": {"type": "LineString", "coordinates": [[51.81654110794163, 42.95671882531599], [51.837577252345014, 42.9919108788031]]}, "properties": {"id": 354, "angle": 59.13, "positions": {"2026": 111.0}, "speed_m_per_year": 0.0, "total_change_m": 0.0, "r_squared": 0.0, "std_error": 0.0, "ci_95_low": 0.0, "ci_95_high": 0.0, "confidence": "low", "risk_class": "low", "total_retreat_m": null, "outliers_removed": 0, "valid_years": 1, "positions_clean": {"2026": 111.0}}}, {"type": "Feature", "geometry": {"type": "LineString", "coordinates": [[51.818476706333904, 42.955774724440225], [51.83791679440462, 42.991872965059436]]}, "properties": {"id": 355, "angle": 61.7, "positions": {"2026": 111.0}, "speed_m_per_year": 0.0, "total_change_m": 0.0, "r_squared": 0.0, "std_error": 0.0, "ci_95_low": 0.0, "ci_95_high": 0.0, "confidence": "low", "risk_class": "low", "total_retreat_m": null, "outliers_removed": 0, "valid_years": 1, "positions_clean": {"2026": 111.0}}}, {"type": "Feature", "geometry": {"type": "LineString", "coordinates": [[51.820405371868, 42.95483623101023], [51.8385336507919, 42.99161075348513]]}, "properties": {"id": 356, "angle": 63.76, "positions": {"2026": 111.0}, "speed_m_per_year": 0.0, "total_change_m": 0.0, "r_squared": 0.0, "std_error": 0.0, "ci_95_low": 0.0, "ci_95_high": 0.0, "confidence": "low", "risk_class": "low", "total_retreat_m": null, "outliers_removed": 0, "valid_years": 1, "positions_clean": {"2026": 111.0}}}, {"type": "Feature", "geometry": {"type": "LineString", "coordinates": [[51.82232624671136, 42.953902701106436], [51.839462134808024, 42.991150000862774]]}, "properties": {"id": 357, "angle": 65.29, "positions": {"2026": 111.0}, "speed_m_per_year": 0.0, "total_change_m": 0.0, "r_squared": 0.0, "std_error": 0.0, "ci_95_low": 0.0, "ci_95_high": 0.0, "confidence": "low", "risk_class": "low", "total_retreat_m": null, "outliers_removed": 0, "valid_years": 1, "positions_clean": {"2026": 111.0}}}, {"type": "Feature", "geometry": {"type": "LineString", "coordinates": [[51.82423775729807, 42.95297402070864], [51.84076518909041, 42.990495268000664]]}, "properties": {"id": 358, "angle": 66.23, "positions": {"2026": 111.0}, "speed_m_per_year": 0.0, "total_change_m": 0.0, "r_squared": 0.0, "std_error": 0.0, "ci_95_low": 0.0, "ci_95_high": 0.0, "confidence": "low", "risk_class": "low", "total_retreat_m": null, "outliers_removed": 0, "valid_years": 1, "positions_clean": {"2026": 111.0}}}, {"type": "Feature", "geometry": {"type": "LineString", "coordinates": [[51.826137185838476, 42.952050811911036], [51.84255152522521, 42.989621671130614]]}, "properties": {"id": 359, "angle": 66.4, "positions": {"2026": 111.0}, "speed_m_per_year": 0.0, "total_change_m": 0.0, "r_squared": 0.0, "std_error": 0.0, "ci_95_low": 0.0, "ci_95_high": 0.0, "confidence": "low", "risk_class": "low", "total_retreat_m": null, "outliers_removed": 0, "valid_years": 1, "positions_clean": {"2026": 111.0}}}, {"type": "Feature", "geometry": {"type": "LineString", "coordinates": [[51.82802244120402, 42.9511338853175], [51.84490478835429, 42.98849678609752]]}, "properties": {"id": 360, "angle": 65.68, "positions": {"2026": 111.0}, "speed_m_per_year": 0.0, "total_change_m": 0.0, "r_squared": 0.0, "std_error": 0.0, "ci_95_low": 0.0, "ci_95_high": 0.0, "confidence": "low", "risk_class": "low", "total_retreat_m": null, "outliers_removed": 0, "valid_years": 1, "positions_clean": {"2026": 111.0}}}, {"type": "Feature", "geometry": {"type": "LineString", "coordinates": [[51.829898508007766, 42.95022147956586], [51.84762559395508, 42.98719106738905]]}, "properties": {"id": 361, "angle": 64.38, "positions": {"2026": 111.0}, "speed_m_per_year": 0.0, "total_change_m": 0.0, "r_squared": 0.0, "std_error": 0.0, "ci_95_low": 0.0, "ci_95_high": 0.0, "confidence": "low", "risk_class": "low", "total_retreat_m": null, "outliers_removed": 0, "valid_years": 1, "positions_clean": {"2026": 111.0}}}, {"type": "Feature", "geometry": {"type": "LineString", "coordinates": [[51.83178230740152, 42.94930576618536], [51.85003709595604, 42.986017653835404]]}, "properties": {"id": 362, "angle": 63.56, "positions": {"2026": 111.0}, "speed_m_per_year": 0.0, "total_change_m": 0.0, "r_squared": 0.0, "std_error": 0.0, "ci_95_low": 0.0, "ci_95_high": 0.0, "confidence": "low", "risk_class": "low", "total_retreat_m": null, "outliers_removed": 0, "valid_years": 1, "positions_clean": {"2026": 111.0}}}, {"type": "Feature", "geometry": {"type": "LineString", "coordinates": [[51.83367531092686, 42.94838560004633], [51.85208043269313, 42.98502235062234]]}, "properties": {"id": 363, "angle": 63.33, "positions": {"2026": 111.0}, "speed_m_per_year": 0.0, "total_change_m": 0.0, "r_squared": 0.0, "std_error": 0.0, "ci_95_low": 0.0, "ci_95_high": 0.0, "confidence": "low", "risk_class": "low", "total_retreat_m": null, "outliers_removed": 0, "valid_years": 1, "positions_clean": {"2026": 111.0}}}, {"type": "Feature", "geometry": {"type": "LineString", "coordinates": [[51.83556921401693, 42.947467050312945], [51.85412048492881, 42.98403001446458]]}, "properties": {"id": 364, "angle": 63.1, "positions": {"2026": 111.0}, "speed_m_per_year": 0.0, "total_change_m": 0.0, "r_squared": 0.0, "std_error": 0.0, "ci_95_low": 0.0, "ci_95_high": 0.0, "confidence": "low", "risk_class": "low", "total_retreat_m": null, "outliers_removed": 0, "valid_years": 1, "positions_clean": {"2026": 111.0}}}, {"type": "Feature", "geometry": {"type": "LineString", "coordinates": [[51.83744336431453, 42.94650917685607], [51.85614259885238, 42.982996690168136]]}, "properties": {"id": 365, "angle": 62.87, "positions": {"2026": 111.0}, "speed_m_per_year": 0.0, "total_change_m": 0.0, "r_squared": 0.0, "std_error": 0.0, "ci_95_low": 0.0, "ci_95_high": 0.0, "confidence": "low", "risk_class": "low", "total_retreat_m": null, "outliers_removed": 0, "valid_years": 1, "positions_clean": {"2026": 111.0}}}, {"type": "Feature", "geometry": {"type": "LineString", "coordinates": [[51.839299145404055, 42.945515824646066], [51.858143366695636, 42.98192867023542]]}, "properties": {"id": 366, "angle": 62.64, "positions": {"2026": 111.0}, "speed_m_per_year": 0.0, "total_change_m": 0.0, "r_squared": 0.0, "std_error": 0.0, "ci_95_low": 0.0, "ci_95_high": 0.0, "confidence": "low", "risk_class": "low", "total_retreat_m": null, "outliers_removed": 0, "valid_years": 1, "positions_clean": {"2026": 111.0}}}, {"type": "Feature", "geometry": {"type": "LineString", "coordinates": [[51.84115448621382, 42.944525256105955], [51.86020523068675, 42.98083047797591]]}, "properties": {"id": 367, "angle": 62.31, "positions": {"2026": 111.0}, "speed_m_per_year": 0.0, "total_change_m": 0.0, "r_squared": 0.0, "std_error": 0.0, "ci_95_low": 0.0, "ci_95_high": 0.0, "confidence": "low", "risk_class": "low", "total_retreat_m": null, "outliers_removed": 0, "valid_years": 1, "positions_clean": {"2026": 111.0}}}, {"type": "Feature", "geometry": {"type": "LineString", "coordinates": [[51.84300835010862, 42.943535511454066], [51.86232617127591, 42.979699330186996]]}, "properties": {"id": 368, "angle": 61.89, "positions": {"2026": 111.0}, "speed_m_per_year": 0.0, "total_change_m": 0.0, "r_squared": 0.0, "std_error": 0.0, "ci_95_low": 0.0, "ci_95_high": 0.0, "confidence": "low", "risk_class": "low", "total_retreat_m": null, "outliers_removed": 0, "valid_years": 1, "positions_clean": {"2026": 111.0}}}, {"type": "Feature", "geometry": {"type": "LineString", "coordinates": [[51.84486400123792, 42.94254485922827], [51.864375622485, 42.97860448535377]]}, "properties": {"id": 369, "angle": 61.58, "positions": {"2026": 111.0}, "speed_m_per_year": 0.0, "total_change_m": 0.0, "r_squared": 0.0, "std_error": 0.0, "ci_95_low": 0.0, "ci_95_high": 0.0, "confidence": "low", "risk_class": "low", "total_retreat_m": null, "outliers_removed": 0, "valid_years": 1, "positions_clean": {"2026": 111.0}}}, {"type": "Feature", "geometry": {"type": "LineString", "coordinates": [[51.846722811868744, 42.94155251559812], [51.8662986936337, 42.97757729669564]]}, "properties": {"id": 370, "angle": 61.48, "positions": {"2026": 111.0}, "speed_m_per_year": 0.0, "total_change_m": 0.0, "r_squared": 0.0, "std_error": 0.0, "ci_95_low": 0.0, "ci_95_high": 0.0, "confidence": "low", "risk_class": "low", "total_retreat_m": null, "outliers_removed": 0, "valid_years": 1, "positions_clean": {"2026": 111.0}}}, {"type": "Feature", "geometry": {"type": "LineString", "coordinates": [[51.84858445055282, 42.94055863818213], [51.86810864265211, 42.97661145947077]]}, "properties": {"id": 371, "angle": 61.56, "positions": {"2026": 111.0}, "speed_m_per_year": 0.0, "total_change_m": 0.0, "r_squared": 0.0, "std_error": 0.0, "ci_95_low": 0.0, "ci_95_high": 0.0, "confidence": "low", "risk_class": "low", "total_retreat_m": null, "outliers_removed": 0, "valid_years": 1, "positions_clean": {"2026": 111.0}}}, {"type": "Feature", "geometry": {"type": "LineString", "coordinates": [[51.85044872869911, 42.93956334370996], [51.86981301318204, 42.975702304492806]]}, "properties": {"id": 372, "angle": 61.82, "positions": {"2026": 111.0}, "speed_m_per_year": 0.0, "total_change_m": 0.0, "r_squared": 0.0, "std_error": 0.0, "ci_95_low": 0.0, "ci_95_high": 0.0, "confidence": "low", "risk_class": "low", "total_retreat_m": null, "outliers_removed": 0, "valid_years": 1, "positions_clean": {"2026": 111.0}}}, {"type": "Feature", "geometry": {"type": "LineString", "coordinates": [[51.85231546914274, 42.93856677044417], [51.87141889181802, 42.97484430125995]]}, "properties": {"id": 373, "angle": 62.23, "positions": {"2026": 111.0}, "speed_m_per_year": 0.0, "total_change_m": 0.0, "r_squared": 0.0, "std_error": 0.0, "ci_95_low": 0.0, "ci_95_high": 0.0, "confidence": "low", "risk_class": "low", "total_retreat_m": null, "outliers_removed": 0, "valid_years": 1, "positions_clean": {"2026": 111.0}}}, {"type": "Feature", "geometry": {"type": "LineString", "coordinates": [[51.854184537548086, 42.9375690548581], [51.87293165198532, 42.97403199083804]]}, "properties": {"id": 374, "angle": 62.79, "positions": {"2026": 111.0}, "speed_m_per_year": 0.0, "total_change_m": 0.0, "r_squared": 0.0, "std_error": 0.0, "ci_95_low": 0.0, "ci_95_high": 0.0, "confidence": "low", "risk_class": "low", "total_retreat_m": null, "outliers_removed": 0, "valid_years": 1, "positions_clean": {"2026": 111.0}}}, {"type": "Feature", "geometry": {"type": "LineString", "coordinates": [[51.85605494213086, 42.936570777298115], [51.87439096505591, 42.973242159373136]]}, "properties": {"id": 375, "angle": 63.43, "positions": {"2026": 111.0}, "speed_m_per_year": 0.0, "total_change_m": 0.0, "r_squared": 0.0, "std_error": 0.0, "ci_95_low": 0.0, "ci_95_high": 0.0, "confidence": "low", "risk_class": "low", "total_retreat_m": null, "outliers_removed": 0, "valid_years": 1, "positions_clean": {"2026": 111.0}}}, {"type": "Feature", "geometry": {"type": "LineString", "coordinates": [[51.857925362791114, 42.935572632433654], [51.87584963502713, 42.972447020087]]}, "properties": {"id": 376, "angle": 64.08, "positions": {"2026": 111.0}, "speed_m_per_year": 0.0, "total_change_m": 0.0, "r_squared": 0.0, "std_error": 0.0, "ci_95_low": 0.0, "ci_95_high": 0.0, "confidence": "low", "risk_class": "low", "total_retreat_m": null, "outliers_removed": 0, "valid_years": 1, "positions_clean": {"2026": 111.0}}}, {"type": "Feature", "geometry": {"type": "LineString", "coordinates": [[51.85979546903609, 42.934574171411725], [51.87730783694938, 42.97164595272945]]}, "properties": {"id": 377, "angle": 64.71, "positions": {"2026": 111.0}, "speed_m_per_year": 0.0, "total_change_m": 0.0, "r_squared": 0.0, "std_error": 0.0, "ci_95_low": 0.0, "ci_95_high": 0.0, "confidence": "low", "risk_class": "low", "total_retreat_m": null, "outliers_removed": 0, "valid_years": 1, "positions_clean": {"2026": 111.0}}}, {"type": "Feature", "geometry": {"type": "LineString", "coordinates": [[51.8617282434673, 42.93370438287931], [51.878821148355804, 42.970971427335144]]}, "properties": {"id": 378, "angle": 65.36, "positions": {"2026": 111.0}, "speed_m_per_year": 0.0, "total_change_m": 0.0, "r_squared": 0.0, "std_error": 0.0, "ci_95_low": 0.0, "ci_95_high": 0.0, "confidence": "low", "risk_class": "low", "total_retreat_m": null, "outliers_removed": 0, "valid_years": 1, "positions_clean": {"2026": 111.0}}}, {"type": "Feature", "geometry": {"type": "LineString", "coordinates": [[51.863695518540624, 42.93291462270779], [51.880377179810985, 42.970367555533684]]}, "properties": {"id": 379, "angle": 65.99, "positions": {"2026": 111.0}, "speed_m_per_year": 0.0, "total_change_m": 0.0, "r_squared": 0.0, "std_error": 0.0, "ci_95_low": 0.0, "ci_95_high": 0.0, "confidence": "low", "risk_class": "low", "total_retreat_m": null, "outliers_removed": 0, "valid_years": 1, "positions_clean": {"2026": 111.0}}}, {"type": "Feature", "geometry": {"type": "LineString", "coordinates": [[51.865660258830445, 42.932118701536965], [51.88193108417061, 42.969751934759074]]}, "properties": {"id": 380, "angle": 66.62, "positions": {"2026": 111.0}, "speed_m_per_year": 0.0, "total_change_m": 0.0, "r_squared": 0.0, "std_error": 0.0, "ci_95_low": 0.0, "ci_95_high": 0.0, "confidence": "low", "risk_class": "low", "total_retreat_m": null, "outliers_removed": 0, "valid_years": 1, "positions_clean": {"2026": 111.0}}}, {"type": "Feature", "geometry": {"type": "LineString", "coordinates": [[51.86762565051981, 42.931322637230835], [51.8834589325483, 42.969142039397]]}, "properties": {"id": 381, "angle": 67.28, "positions": {"2026": 111.0}, "speed_m_per_year": 0.0, "total_change_m": 0.0, "r_squared": 0.0, "std_error": 0.0, "ci_95_low": 0.0, "ci_95_high": 0.0, "confidence": "low", "risk_class": "low", "total_retreat_m": null, "outliers_removed": 0, "valid_years": 1, "positions_clean": {"2026": 111.0}}}, {"type": "Feature", "geometry": {"type": "LineString", "coordinates": [[51.86959002098093, 42.93052713244974], [51.88502763005609, 42.96850976303323]]}, "properties": {"id": 382, "angle": 67.88, "positions": {"2026": 111.0}, "speed_m_per_year": 0.0, "total_change_m": 0.0, "r_squared": 0.0, "std_error": 0.0, "ci_95_low": 0.0, "ci_95_high": 0.0, "confidence": "low", "risk_class": "low", "total_retreat_m": null, "outliers_removed": 0, "valid_years": 1, "positions_clean": {"2026": 111.0}}}, {"type": "Feature", "geometry": {"type": "LineString", "coordinates": [[51.87155126605595, 42.929732983467005], [51.88672134300746, 42.96782325473521]]}, "properties": {"id": 383, "angle": 68.28, "positions": {"2026": 111.0}, "speed_m_per_year": 0.0, "total_change_m": 0.0, "r_squared": 0.0, "std_error": 0.0, "ci_95_low": 0.0, "ci_95_high": 0.0, "confidence": "low", "risk_class": "low", "total_retreat_m": null, "outliers_removed": 0, "valid_years": 1, "positions_clean": {"2026": 111.0}}}, {"type": "Feature", "geometry": {"type": "LineString", "coordinates": [[51.873509158848066, 42.92894020247989], [51.88854914727534, 42.96708202661178]]}, "properties": {"id": 384, "angle": 68.48, "positions": {"2026": 111.0}, "speed_m_per_year": 0.0, "total_change_m": 0.0, "r_squared": 0.0, "std_error": 0.0, "ci_95_low": 0.0, "ci_95_high": 0.0, "confidence": "low", "risk_class": "low", "total_retreat_m": null, "outliers_removed": 0, "valid_years": 1, "positions_clean": {"2026": 111.0}}}, {"type": "Feature", "geometry": {"type": "LineString", "coordinates": [[51.875463563127944, 42.92814880339664], [51.890516492032724, 42.96628552233505]]}, "properties": {"id": 385, "angle": 68.46, "positions": {"2026": 111.0}, "speed_m_per_year": 0.0, "total_change_m": 0.0, "r_squared": 0.0, "std_error": 0.0, "ci_95_low": 0.0, "ci_95_high": 0.0, "confidence": "low", "risk_class": "low", "total_retreat_m": null, "outliers_removed": 0, "valid_years": 1, "positions_clean": {"2026": 111.0}}}, {"type": "Feature", "geometry": {"type": "LineString", "coordinates": [[51.87741435801699, 42.92735883862382], [51.89262821242313, 42.96543164564023]]}, "properties": {"id": 386, "angle": 68.22, "positions": {"2026": 111.0}, "speed_m_per_year": 0.0, "total_change_m": 0.0, "r_squared": 0.0, "std_error": 0.0, "ci_95_low": 0.0, "ci_95_high": 0.0, "confidence": "low", "risk_class": "low", "total_retreat_m": null, "outliers_removed": 0, "valid_years": 1, "positions_clean": {"2026": 111.0}}}, {"type": "Feature", "geometry": {"type": "LineString", "coordinates": [[51.87936142907769, 42.92657040814535], [51.894888885947545, 42.964516397171266]]}, "properties": {"id": 387, "angle": 67.75, "positions": {"2026": 111.0}, "speed_m_per_year": 0.0, "total_change_m": 0.0, "r_squared": 0.0, "std_error": 0.0, "ci_95_low": 0.0, "ci_95_high": 0.0, "confidence": "low", "risk_class": "low", "total_retreat_m": null, "outliers_removed": 0, "valid_years": 1, "positions_clean": {"2026": 111.0}}}, {"type": "Feature", "geometry": {"type": "LineString", "coordinates": [[51.881307507491705, 42.92578246791191], [51.8971892653394, 42.96358153890138]]}, "properties": {"id": 388, "angle": 67.21, "positions": {"2026": 111.0}, "speed_m_per_year": 0.0, "total_change_m": 0.0, "r_squared": 0.0, "std_error": 0.0, "ci_95_low": 0.0, "ci_95_high": 0.0, "confidence": "low", "risk_class": "low", "total_retreat_m": null, "outliers_removed": 0, "valid_years": 1, "positions_clean": {"2026": 111.0}}}, {"type": "Feature", "geometry": {"type": "LineString", "coordinates": [[51.883255372794096, 42.92499385443334], [51.8994181691958, 42.96267361043675]]}, "properties": {"id": 389, "angle": 66.78, "positions": {"2026": 111.0}, "speed_m_per_year": 0.0, "total_change_m": 0.0, "r_squared": 0.0, "std_error": 0.0, "ci_95_low": 0.0, "ci_95_high": 0.0, "confidence": "low", "risk_class": "low", "total_retreat_m": null, "outliers_removed": 0, "valid_years": 1, "positions_clean": {"2026": 111.0}}}, {"type": "Feature", "geometry": {"type": "LineString", "coordinates": [[51.885205254062335, 42.92420828990881], [51.90162071718599, 42.96177865815875]]}, "properties": {"id": 390, "angle": 66.4, "positions": {"2026": 111.0}, "speed_m_per_year": 0.0, "total_change_m": 0.0, "r_squared": 0.0, "std_error": 0.0, "ci_95_low": 0.0, "ci_95_high": 0.0, "confidence": "low", "risk_class": "low", "total_retreat_m": null, "outliers_removed": 0, "valid_years": 1, "positions_clean": {"2026": 111.0}}}, {"type": "Feature", "geometry": {"type": "LineString", "coordinates": [[51.88713931935697, 42.92338587091826], [51.90381725271323, 42.9608404639472]]}, "properties": {"id": 391, "angle": 66.0, "positions": {"2026": 111.0}, "speed_m_per_year": 0.0, "total_change_m": 0.0, "r_squared": 0.0, "std_error": 0.0, "ci_95_low": 0.0, "ci_95_high": 0.0, "confidence": "low", "risk_class": "low", "total_retreat_m": null, "outliers_removed": 0, "valid_years": 1, "positions_clean": {"2026": 111.0}}}, {"type": "Feature", "geometry": {"type": "LineString", "coordinates": [[51.88903231497698, 42.922475296348615], [51.9060177833514, 42.95979143044771]]}, "properties": {"id": 392, "angle": 65.53, "positions": {"2026": 111.0}, "speed_m_per_year": 0.0, "total_change_m": 0.0, "r_squared": 0.0, "std_error": 0.0, "ci_95_low": 0.0, "ci_95_high": 0.0, "confidence": "low", "risk_class": "low", "total_retreat_m": null, "outliers_removed": 0, "valid_years": 1, "positions_clean": {"2026": 111.0}}}, {"type": "Feature", "geometry": {"type": "LineString", "coordinates": [[51.89092288592263, 42.92156164969011], [51.90824844720263, 42.95872110240854]]}, "properties": {"id": 393, "angle": 65.0, "positions": {"2026": 111.0}, "speed_m_per_year": 0.0, "total_change_m": 0.0, "r_squared": 0.0, "std_error": 0.0, "ci_95_low": 0.0, "ci_95_high": 0.0, "confidence": "low", "risk_class": "low", "total_retreat_m": null, "outliers_removed": 0, "valid_years": 1, "positions_clean": {"2026": 111.0}}}, {"type": "Feature", "geometry": {"type": "LineString", "coordinates": [[51.89281493609767, 42.92064739175502], [51.91041995941086, 42.95767526171998]]}, "properties": {"id": 394, "angle": 64.57, "positions": {"2026": 111.0}, "speed_m_per_year": 0.0, "total_change_m": 0.0, "r_squared": 0.0, "std_error": 0.0, "ci_95_low": 0.0, "ci_95_high": 0.0, "confidence": "low", "risk_class": "low", "total_retreat_m": null, "outliers_removed": 0, "valid_years": 1, "positions_clean": {"2026": 111.0}}}, {"type": "Feature", "geometry": {"type": "LineString", "coordinates": [[51.89470932728495, 42.9197320658284], [51.912497831129755, 42.956672140692476]]}, "properties": {"id": 395, "angle": 64.29, "positions": {"2026": 111.0}, "speed_m_per_year": 0.0, "total_change_m": 0.0, "r_squared": 0.0, "std_error": 0.0, "ci_95_low": 0.0, "ci_95_high": 0.0, "confidence": "low", "risk_class": "low", "total_retreat_m": null, "outliers_removed": 0, "valid_years": 1, "positions_clean": {"2026": 111.0}}}, {"type": "Feature", "geometry": {"type": "LineString", "coordinates": [[51.896605961959274, 42.91881567661732], [51.91448596336693, 42.955711551043365]]}, "properties": {"id": 396, "angle": 64.14, "positions": {"2026": 111.0}, "speed_m_per_year": 0.0, "total_change_m": 0.0, "r_squared": 0.0, "std_error": 0.0, "ci_95_low": 0.0, "ci_95_high": 0.0, "confidence": "low", "risk_class": "low", "total_retreat_m": null, "outliers_removed": 0, "valid_years": 1, "positions_clean": {"2026": 111.0}}}, {"type": "Feature", "geometry": {"type": "LineString", "coordinates": [[51.89850482833418, 42.91789820932124], [51.916384827580735, 42.954794084794564]]}, "properties": {"id": 397, "angle": 64.14, "positions": {"2026": 111.0}, "speed_m_per_year": 0.0, "total_change_m": 0.0, "r_squared": 0.0, "std_error": 0.0, "ci_95_low": 0.0, "ci_95_high": 0.0, "confidence": "low", "risk_class": "low", "total_retreat_m": null, "outliers_removed": 0, "valid_years": 1, "positions_clean": {"2026": 111.0}}}, {"type": "Feature", "geometry": {"type": "LineString", "coordinates": [[51.90040592261391, 42.91697966576849], [51.918194575601746, 42.95391966881232]]}, "properties": {"id": 398, "angle": 64.29, "positions": {"2026": 111.0}, "speed_m_per_year": 0.0, "total_change_m": 0.0, "r_squared": 0.0, "std_error": 0.0, "ci_95_low": 0.0, "ci_95_high": 0.0, "confidence": "low", "risk_class": "low", "total_retreat_m": null, "outliers_removed": 0, "valid_years": 1, "positions_clean": {"2026": 111.0}}}, {"type": "Feature", "geometry": {"type": "LineString", "coordinates": [[51.90230924894835, 42.9160600643222], [51.91991504143436, 42.95308756857161]]}, "properties": {"id": 399, "angle": 64.57, "positions": {"2026": 111.0}, "speed_m_per_year": 0.0, "total_change_m": 0.0, "r_squared": 0.0, "std_error": 0.0, "ci_95_low": 0.0, "ci_95_high": 0.0, "confidence": "low", "risk_class": "low", "total_retreat_m": null, "outliers_removed": 0, "valid_years": 1, "positions_clean": {"2026": 111.0}}}, {"type": "Feature", "geometry": {"type": "LineString", "coordinates": [[51.90421488795693, 42.915139407809434], [51.921543000301085, 42.95229767098989]]}, "properties": {"id": 400, "angle": 65.0, "positions": {"2026": 111.0}, "speed_m_per_year": 0.0, "total_change_m": 0.0, "r_squared": 0.0, "std_error": 0.0, "ci_95_low": 0.0, "ci_95_high": 0.0, "confidence": "low", "risk_class": "low", "total_retreat_m": null, "outliers_removed": 0, "valid_years": 1, "positions_clean": {"2026": 111.0}}}, {"type": "Feature", "geometry": {"type": "LineString", "coordinates": [[51.90612210651773, 42.91421809227336], [51.92310777707939, 42.95153413434069]]}, "properties": {"id": 401, "angle": 65.53, "positions": {"2026": 111.0}, "speed_m_per_year": 0.0, "total_change_m": 0.0, "r_squared": 0.0, "std_error": 0.0, "ci_95_low": 0.0, "ci_95_high": 0.0, "confidence": "low", "risk_class": "low", "total_retreat_m": null, "outliers_removed": 0, "valid_years": 1, "positions_clean": {"2026": 111.0}}}, {"type": "Feature", "geometry": {"type": "LineString", "coordinates": [[51.90802937468139, 42.91329876466262], [51.92470021596992, 42.95075651487179]]}, "properties": {"id": 402, "angle": 66.01, "positions": {"2026": 111.0}, "speed_m_per_year": 0.0, "total_change_m": 0.0, "r_squared": 0.0, "std_error": 0.0, "ci_95_low": 0.0, "ci_95_high": 0.0, "confidence": "low", "risk_class": "low", "total_retreat_m": null, "outliers_removed": 0, "valid_years": 1, "positions_clean": {"2026": 111.0}}}, {"type": "Feature", "geometry": {"type": "LineString", "coordinates": [[51.90997477787547, 42.912466918413514], [51.926377022486776, 42.950043059403654]]}, "properties": {"id": 403, "angle": 66.42, "positions": {"2026": 111.0}, "speed_m_per_year": 0.0, "total_change_m": 0.0, "r_squared": 0.0, "std_error": 0.0, "ci_95_low": 0.0, "ci_95_high": 0.0, "confidence": "low", "risk_class": "low", "total_retreat_m": null, "outliers_removed": 0, "valid_years": 1, "positions_clean": {"2026": 111.0}}}, {"type": "Feature", "geometry": {"type": "LineString", "coordinates": [[51.911938464706736, 42.911678854845846], [51.92807612203403, 42.94936938437233]]}, "properties": {"id": 404, "angle": 66.82, "positions": {"2026": 111.0}, "speed_m_per_year": 0.0, "total_change_m": 0.0, "r_squared": 0.0, "std_error": 0.0, "ci_95_low": 0.0, "ci_95_high": 0.0, "confidence": "low", "risk_class": "low", "total_retreat_m": null, "outliers_removed": 0, "valid_years": 1, "positions_clean": {"2026": 111.0}}}, {"type": "Feature", "geometry": {"type": "LineString", "coordinates": [[51.913900691066, 42.91088710026434], [51.929772341920014, 42.94869041624546]]}, "properties": {"id": 405, "angle": 67.22, "positions": {"2026": 111.0}, "speed_m_per_year": 0.0, "total_change_m": 0.0, "r_squared": 0.0, "std_error": 0.0, "ci_95_low": 0.0, "ci_95_high": 0.0, "confidence": "low", "risk_class": "low", "total_retreat_m": null, "outliers_removed": 0, "valid_years": 1, "positions_clean": {"2026": 111.0}}}, {"type": "Feature", "geometry": {"type": "LineString", "coordinates": [[51.915862490752914, 42.91009557512127], [51.93148562869962, 42.948002270581284]]}, "properties": {"id": 406, "angle": 67.6, "positions": {"2026": 111.0}, "speed_m_per_year": 0.0, "total_change_m": 0.0, "r_squared": 0.0, "std_error": 0.0, "ci_95_low": 0.0, "ci_95_high": 0.0, "confidence": "low", "risk_class": "low", "total_retreat_m": null, "outliers_removed": 0, "valid_years": 1, "positions_clean": {"2026": 111.0}}}, {"type": "Feature", "geometry": {"type": "LineString", "coordinates": [[51.91782316017258, 42.9093045544712], [51.93324412616934, 42.947293945197124]]}, "properties": {"id": 407, "angle": 67.91, "positions": {"2026": 111.0}, "speed_m_per_year": 0.0, "total_change_m": 0.0, "r_squared": 0.0, "std_error": 0.0, "ci_95_low": 0.0, "ci_95_high": 0.0, "confidence": "low", "risk_class": "low", "total_retreat_m": null, "outliers_removed": 0, "valid_years": 1, "positions_clean": {"2026": 111.0}}}, {"type": "Feature", "geometry": {"type": "LineString", "coordinates": [[51.91978247954521, 42.90851410520701], [51.93505662552044, 42.94656276437823]]}, "properties": {"id": 408, "angle": 68.13, "positions": {"2026": 111.0}, "speed_m_per_year": 0.0, "total_change_m": 0.0, "r_squared": 0.0, "std_error": 0.0, "ci_95_low": 0.0, "ci_95_high": 0.0, "confidence": "low", "risk_class": "low", "total_retreat_m": null, "outliers_removed": 0, "valid_years": 1, "positions_clean": {"2026": 111.0}}}, {"type": "Feature", "geometry": {"type": "LineString", "coordinates": [[51.92174029394586, 42.907724270823245], [51.93692932375113, 42.94580698834149]]}, "properties": {"id": 409, "angle": 68.26, "positions": {"2026": 111.0}, "speed_m_per_year": 0.0, "total_change_m": 0.0, "r_squared": 0.0, "std_error": 0.0, "ci_95_low": 0.0, "ci_95_high": 0.0, "confidence": "low", "risk_class": "low", "total_retreat_m": null, "outliers_removed": 0, "valid_years": 1, "positions_clean": {"2026": 111.0}}}, {"type": "Feature", "geometry": {"type": "LineString", "coordinates": [[51.923696447522346, 42.90693510164673], [51.93886845494783, 42.945024604015245]]}, "properties": {"id": 410, "angle": 68.28, "positions": {"2026": 111.0}, "speed_m_per_year": 0.0, "total_change_m": 0.0, "r_squared": 0.0, "std_error": 0.0, "ci_95_low": 0.0, "ci_95_high": 0.0, "confidence": "low", "risk_class": "low", "total_retreat_m": null, "outliers_removed": 0, "valid_years": 1, "positions_clean": {"2026": 111.0}}}, {"type": "Feature", "geometry": {"type": "LineString", "coordinates": [[51.92565078769343, 42.90614665612262], [51.940880122360966, 42.94421327359232]]}, "properties": {"id": 411, "angle": 68.2, "positions": {"2026": 111.0}, "speed_m_per_year": 0.0, "total_change_m": 0.0, "r_squared": 0.0, "std_error": 0.0, "ci_95_low": 0.0, "ci_95_high": 0.0, "confidence": "low", "risk_class": "low", "total_retreat_m": null, "outliers_removed": 0, "valid_years": 1, "positions_clean": {"2026": 111.0}}}, {"type": "Feature", "geometry": {"type": "LineString", "coordinates": [[51.927603201007905, 42.90535898961483], [51.94296886403809, 42.943370782517064]]}, "properties": {"id": 412, "angle": 67.99, "positions": {"2026": 111.0}, "speed_m_per_year": 0.0, "total_change_m": 0.0, "r_squared": 0.0, "std_error": 0.0, "ci_95_low": 0.0, "ci_95_high": 0.0, "confidence": "low", "risk_class": "low", "total_retreat_m": null, "outliers_removed": 0, "valid_years": 1, "positions_clean": {"2026": 111.0}}}, {"type": "Feature", "geometry": {"type": "LineString", "coordinates": [[51.92955544712958, 42.904571405282894], [51.945064293427436, 42.94252500440747]]}, "properties": {"id": 413, "angle": 67.77, "positions": {"2026": 111.0}, "speed_m_per_year": 0.0, "total_change_m": 0.0, "r_squared": 0.0, "std_error": 0.0, "ci_95_low": 0.0, "ci_95_high": 0.0, "confidence": "low", "risk_class": "low", "total_retreat_m": null, "outliers_removed": 0, "valid_years": 1, "positions_clean": {"2026": 111.0}}}, {"type": "Feature", "geometry": {"type": "LineString", "coordinates": [[51.931509284861576, 42.90378377188969], [51.94710443677274, 42.941701989633515]]}, "properties": {"id": 414, "angle": 67.64, "positions": {"2026": 111.0}, "speed_m_per_year": 0.0, "total_change_m": 0.0, "r_squared": 0.0, "std_error": 0.0, "ci_95_low": 0.0, "ci_95_high": 0.0, "confidence": "low", "risk_class": "low", "total_retreat_m": null, "outliers_removed": 0, "valid_years": 1, "positions_clean": {"2026": 111.0}}}, {"type": "Feature", "geometry": {"type": "LineString", "coordinates": [[51.93346123217702, 42.90298995146931], [51.94912058292543, 42.94088170168143]]}, "properties": {"id": 415, "angle": 67.55, "positions": {"2026": 111.0}, "speed_m_per_year": 0.0, "total_change_m": 0.0, "r_squared": 0.0, "std_error": 0.0, "ci_95_low": 0.0, "ci_95_high": 0.0, "confidence": "low", "risk_class": "low", "total_retreat_m": null, "outliers_removed": 0, "valid_years": 1, "positions_clean": {"2026": 111.0}}}, {"type": "Feature", "geometry": {"type": "LineString", "coordinates": [[51.935402776387235, 42.902172010154906], [51.95114106606633, 42.94003104128325]]}, "properties": {"id": 416, "angle": 67.43, "positions": {"2026": 111.0}, "speed_m_per_year": 0.0, "total_change_m": 0.0, "r_squared": 0.0, "std_error": 0.0, "ci_95_low": 0.0, "ci_95_high": 0.0, "confidence": "low", "risk_class": "low", "total_retreat_m": null, "outliers_removed": 0, "valid_years": 1, "positions_clean": {"2026": 111.0}}}, {"type": "Feature", "geometry": {"type": "LineString", "coordinates": [[51.93734132219563, 42.90135195120535], [51.95323206853269, 42.9391472443098]]}, "properties": {"id": 417, "angle": 67.2, "positions": {"2026": 111.0}, "speed_m_per_year": 0.0, "total_change_m": 0.0, "r_squared": 0.0, "std_error": 0.0, "ci_95_low": 0.0, "ci_95_high": 0.0, "confidence": "low", "risk_class": "low", "total_retreat_m": null, "outliers_removed": 0, "valid_years": 1, "positions_clean": {"2026": 111.0}}}, {"type": "Feature", "geometry": {"type": "LineString", "coordinates": [[51.93927935051486, 42.900532307997956], [51.95534638655659, 42.938252996655955]]}, "properties": {"id": 418, "angle": 66.93, "positions": {"2026": 111.0}, "speed_m_per_year": 0.0, "total_change_m": 0.0, "r_squared": 0.0, "std_error": 0.0, "ci_95_low": 0.0, "ci_95_high": 0.0, "confidence": "low", "risk_class": "low", "total_retreat_m": null, "outliers_removed": 0, "valid_years": 1, "positions_clean": {"2026": 111.0}}}, {"type": "Feature", "geometry": {"type": "LineString", "coordinates": [[51.941219482918, 42.89971178350663], [51.95737654122413, 42.93739400035878]]}, "properties": {"id": 419, "angle": 66.79, "positions": {"2026": 111.0}, "speed_m_per_year": 0.0, "total_change_m": 0.0, "r_squared": 0.0, "std_error": 0.0, "ci_95_low": 0.0, "ci_95_high": 0.0, "confidence": "low", "risk_class": "low", "total_retreat_m": null, "outliers_removed": 0, "valid_years": 1, "positions_clean": {"2026": 111.0}}}, {"type": "Feature", "geometry": {"type": "LineString", "coordinates": [[51.943161920722766, 42.898890273634386], [51.95931447982649, 42.936574419298054]]}, "properties": {"id": 420, "angle": 66.8, "positions": {"2016": 57.23, "2026": 111.0}, "speed_m_per_year": 0.0, "total_change_m": 53.77, "r_squared": 0.0, "std_error": 0.0, "ci_95_low": 0.0, "ci_95_high": 0.0, "confidence": "low", "risk_class": "low", "total_retreat_m": -53.8, "outliers_removed": 0, "valid_years": 2, "positions_clean": {"2016": 57.23, "2026": 111.0}}}, {"type": "Feature", "geometry": {"type": "LineString", "coordinates": [[51.94510642505943, 42.898067881038855], [51.961169757153264, 42.93579014716966]]}, "properties": {"id": 421, "angle": 66.93, "positions": {"2016": 117.47, "2026": 111.0}, "speed_m_per_year": 0.0, "total_change_m": -6.47, "r_squared": 0.0, "std_error": 0.0, "ci_95_low": 0.0, "ci_95_high": 0.0, "confidence": "low", "risk_class": "low", "total_retreat_m": 6.5, "outliers_removed": 0, "valid_years": 2, "positions_clean": {"2016": 117.47, "2026": 111.0}}}, {"type": "Feature", "geometry": {"type": "LineString", "coordinates": [[51.947052792045476, 42.89724470876522], [51.96295052850453, 42.935037062164795]]}, "properties": {"id": 422, "angle": 67.19, "positions": {"2016": 177.61, "2026": 111.0}, "speed_m_per_year": 0.0, "total_change_m": -66.61, "r_squared": 0.0, "std_error": 0.0, "ci_95_low": 0.0, "ci_95_high": 0.0, "confidence": "low", "risk_class": "low", "total_retreat_m": 66.6, "outliers_removed": 0, "valid_years": 2, "positions_clean": {"2016": 177.61, "2026": 111.0}}}, {"type": "Feature", "geometry": {"type": "LineString", "coordinates": [[51.949000821270054, 42.89642086838515], [51.96466481031468, 42.934310701417374]]}, "properties": {"id": 423, "angle": 67.54, "positions": {"2016": 237.57, "2026": 111.0}, "speed_m_per_year": 0.0, "total_change_m": -126.57, "r_squared": 0.0, "std_error": 0.0, "ci_95_low": 0.0, "ci_95_high": 0.0, "confidence": "low", "risk_class": "low", "total_retreat_m": 126.6, "outliers_removed": 0, "valid_years": 2, "positions_clean": {"2016": 237.57, "2026": 111.0}}}, {"type": "Feature", "geometry": {"type": "LineString", "coordinates": [[51.950950324780216, 42.895596471680186], [51.96632012070092, 42.93360659366573]]}, "properties": {"id": 424, "angle": 67.98, "positions": {"2016": 297.27, "2026": 111.0}, "speed_m_per_year": 0.0, "total_change_m": -186.27, "r_squared": 0.0, "std_error": 0.0, "ci_95_low": 0.0, "ci_95_high": 0.0, "confidence": "low", "risk_class": "low", "total_retreat_m": 186.3, "outliers_removed": 0, "valid_years": 2, "positions_clean": {"2016": 297.27, "2026": 111.0}}}, {"type": "Feature", "geometry": {"type": "LineString", "coordinates": [[51.95290098013697, 42.894771684982416], [51.96792935722422, 42.932918085626824]]}, "properties": {"id": 425, "angle": 68.5, "positions": {"2016": 356.69, "2026": 111.0}, "speed_m_per_year": 0.0, "total_change_m": -245.69, "r_squared": 0.0, "std_error": 0.0, "ci_95_low": 0.0, "ci_95_high": 0.0, "confidence": "low", "risk_class": "low", "total_retreat_m": 245.7, "outliers_removed": 0, "valid_years": 2, "positions_clean": {"2016": 356.69, "2026": 111.0}}}, {"type": "Feature", "geometry": {"type": "LineString", "coordinates": [[51.95485119273983, 42.89394494574415], [51.96952314790105, 42.93222984788255]]}, "properties": {"id": 426, "angle": 69.03, "positions": {"2016": 416.09, "2026": 111.0}, "speed_m_per_year": 0.0, "total_change_m": -305.09, "r_squared": 0.0, "std_error": 0.0, "ci_95_low": 0.0, "ci_95_high": 0.0, "confidence": "low", "risk_class": "low", "total_retreat_m": 305.1, "outliers_removed": 0, "valid_years": 2, "positions_clean": {"2016": 416.09, "2026": 111.0}}}, {"type": "Feature", "geometry": {"type": "LineString", "coordinates": [[51.95681135413356, 42.893143034827496], [51.97112915090175, 42.93156178930633]]}, "properties": {"id": 427, "angle": 69.56, "positions": {"2016": 472.33, "2026": 111.0}, "speed_m_per_year": 0.0, "total_change_m": -361.33, "r_squared": 0.0, "std_error": 0.0, "ci_95_low": 0.0, "ci_95_high": 0.0, "confidence": "low", "risk_class": "low", "total_retreat_m": 361.3, "outliers_removed": 0, "valid_years": 2, "positions_clean": {"2016": 472.33, "2026": 111.0}}}, {"type": "Feature", "geometry": {"type": "LineString", "coordinates": [[51.958819310494526, 42.89246980066769], [51.972784430273926, 42.93101815250726]]}, "properties": {"id": 428, "angle": 70.09, "positions": {"2002": 0.6, "2010": 1.66, "2016": 513.2, "2026": 111.0}, "speed_m_per_year": 4.92, "total_change_m": 110.4, "r_squared": 0.898, "std_error": 1.66, "ci_95_low": -16.15, "ci_95_high": 25.99, "confidence": "low", "risk_class": "low", "total_retreat_m": -110.4, "outliers_removed": 1, "valid_years": 4, "positions_clean": {"2002": 0.6, "2010": 1.66, "2016": null, "2026": 111.0}}}, {"type": "Feature", "geometry": {"type": "LineString", "coordinates": [[51.96083436319512, 42.891817316477784], [51.97444539112083, 42.93049211342367]]}, "properties": {"id": 429, "angle": 70.61, "positions": {"2002": 30.6, "2010": 31.49, "2014": 2.52, "2016": 551.51, "2026": 111.0}, "speed_m_per_year": 3.38, "total_change_m": 80.4, "r_squared": 0.524, "std_error": 2.28, "ci_95_low": -6.42, "ci_95_high": 13.19, "confidence": "low", "risk_class": "low", "total_retreat_m": -80.4, "outliers_removed": 1, "valid_years": 5, "positions_clean": {"2002": 30.6, "2010": 31.49, "2014": 2.52, "2016": null, "2026": 111.0}}}, {"type": "Feature", "geometry": {"type": "LineString", "coordinates": [[51.96284907991452, 42.891163452950984], [51.97610097064526, 42.9299627750077]]}, "properties": {"id": 430, "angle": 71.14, "positions": {"2002": 60.67, "2010": 61.39, "2014": 32.6, "2016": 589.89, "2026": 111.0}, "speed_m_per_year": 2.08, "total_change_m": 50.33, "r_squared": 0.407, "std_error": 1.78, "ci_95_low": -5.56, "ci_95_high": 9.72, "confidence": "low", "risk_class": "low", "total_retreat_m": -50.3, "outliers_removed": 1, "valid_years": 5, "positions_clean": {"2002": 60.67, "2010": 61.39, "2014": 32.6, "2016": null, "2026": 111.0}}}, {"type": "Feature", "geometry": {"type": "LineString", "coordinates": [[51.96486294868872, 42.890509961277786], [51.97779046797771, 42.92941856244813]]}, "properties": {"id": 431, "angle": 71.62, "positions": {"2002": 90.66, "2010": 91.21, "2014": 62.58, "2016": 628.26, "2026": 111.0}, "speed_m_per_year": 0.78, "total_change_m": 20.34, "r_squared": 0.154, "std_error": 1.29, "ci_95_low": -4.79, "ci_95_high": 6.35, "confidence": "low", "risk_class": "low", "total_retreat_m": -20.3, "outliers_removed": 1, "valid_years": 5, "positions_clean": {"2002": 90.66, "2010": 91.21, "2014": 62.58, "2016": null, "2026": 111.0}}}, {"type": "Feature", "geometry": {"type": "LineString", "coordinates": [[51.966874996566204, 42.88985713298131], [51.97955280117878, 42.928847814819484]]}, "properties": {"id": 432, "angle": 71.99, "positions": {"2002": 120.58, "2010": 120.97, "2014": 92.49, "2016": 666.74, "2026": 111.0}, "speed_m_per_year": -0.51, "total_change_m": -9.58, "r_squared": 0.148, "std_error": 0.87, "ci_95_low": -4.26, "ci_95_high": 3.23, "confidence": "low", "risk_class": "low", "total_retreat_m": 9.6, "outliers_removed": 1, "valid_years": 5, "positions_clean": {"2002": 120.58, "2010": 120.97, "2014": 92.49, "2016": null, "2026": 111.0}}}, {"type": "Feature", "geometry": {"type": "LineString", "coordinates": [[51.96888503154208, 42.889204990442835], [51.98139565044441, 42.928249636870746]]}, "properties": {"id": 433, "angle": 72.23, "positions": {"2002": 150.47, "2010": 150.68, "2014": 122.35, "2016": 705.36, "2026": 111.0}, "speed_m_per_year": -1.81, "total_change_m": -39.47, "r_squared": 0.806, "std_error": 0.63, "ci_95_low": -4.5, "ci_95_high": 0.89, "confidence": "low", "risk_class": "low", "total_retreat_m": 39.5, "outliers_removed": 1, "valid_years": 5, "positions_clean": {"2002": 150.47, "2010": 150.68, "2014": 122.35, "2016": null, "2026": 111.0}}}, {"type": "Feature", "geometry": {"type": "LineString", "coordinates": [[51.97089286399598, 42.8885535653069], [51.98332660058874, 42.92762276282031]]}, "properties": {"id": 434, "angle": 72.35, "positions": {"2002": 180.34, "2010": 180.39, "2014": 152.19, "2016": 744.17, "2026": 111.0}, "speed_m_per_year": -2.01, "total_change_m": -69.34, "r_squared": 0.57, "std_error": 1.75, "ci_95_low": -24.19, "ci_95_high": 20.17, "confidence": "low", "risk_class": "low", "total_retreat_m": 69.3, "outliers_removed": 2, "valid_years": 5, "positions_clean": {"2002": 180.34, "2010": 180.39, "2014": 152.19, "2016": null, "2026": null}}}, {"type": "Feature", "geometry": {"type": "LineString", "coordinates": [[51.97289830865357, 42.88790290227003], [51.985353062585645, 42.92696540480752]]}, "properties": {"id": 435, "angle": 72.32, "positions": {"2002": 210.22, "2010": 210.11, "2014": 182.04, "2016": 783.23, "2026": 111.0}, "speed_m_per_year": -2.01, "total_change_m": -99.22, "r_squared": 0.575, "std_error": 1.73, "ci_95_low": -24.03, "ci_95_high": 20.0, "confidence": "low", "risk_class": "low", "total_retreat_m": 99.2, "outliers_removed": 2, "valid_years": 5, "positions_clean": {"2002": 210.22, "2010": 210.11, "2014": 182.04, "2016": null, "2026": null}}}, {"type": "Feature", "geometry": {"type": "LineString", "coordinates": [[51.9749011438349, 42.88725307703627], [51.98748390363285, 42.926274534670085]]}, "properties": {"id": 436, "angle": 72.13, "positions": {"2002": 240.16, "2010": 239.88, "2014": 211.92, "2016": 822.61, "2026": 111.0}, "speed_m_per_year": -0.7, "total_change_m": -129.16, "r_squared": 0.0, "std_error": 18.65, "ci_95_low": -60.04, "ci_95_high": 58.65, "confidence": "low", "risk_class": "low", "total_retreat_m": 129.2, "outliers_removed": 4, "valid_years": 5, "positions_clean": {"2002": 240.16, "2010": 239.88, "2014": 211.92, "2016": 822.61, "2026": 111.0}}}, {"type": "Feature", "geometry": {"type": "LineString", "coordinates": [[51.97690172554289, 42.88660400088932], [51.9897048836138, 42.92555370106032]]}, "properties": {"id": 437, "angle": 71.8, "positions": {"2002": 270.17, "2010": 269.72, "2014": 241.87, "2016": 862.35, "2026": 111.0}, "speed_m_per_year": -1.83, "total_change_m": -159.17, "r_squared": 0.003, "std_error": 19.29, "ci_95_low": -63.23, "ci_95_high": 59.57, "confidence": "low", "risk_class": "low", "total_retreat_m": 159.2, "outliers_removed": 5, "valid_years": 5, "positions_clean": {"2002": 270.17, "2010": 269.72, "2014": 241.87, "2016": 862.35, "2026": 111.0}}}, {"type": "Feature", "geometry": {"type": "LineString", "coordinates": [[51.97890287033084, 42.88595477000274], [51.99190334039609, 42.92483905703597]]}, "properties": {"id": 438, "angle": 71.51, "positions": {"2002": 300.21, "2010": 299.6, "2014": 271.86, "2016": 902.11, "2026": 111.0}, "speed_m_per_year": -2.96, "total_change_m": -189.21, "r_squared": 0.007, "std_error": 19.95, "ci_95_low": -66.45, "ci_95_high": 60.52, "confidence": "low", "risk_class": "low", "total_retreat_m": 189.2, "outliers_removed": 5, "valid_years": 5, "positions_clean": {"2002": 300.21, "2010": 299.6, "2014": 271.86, "2016": 902.11, "2026": 111.0}}}, {"type": "Feature", "geometry": {"type": "LineString", "coordinates": [[51.98090616820435, 42.88530675156114], [51.99403856137693, 42.92414668268312]]}, "properties": {"id": 439, "angle": 71.32, "positions": {"2002": 330.05, "2010": 329.27, "2014": 301.65, "2016": 941.5, "2026": 111.0}, "speed_m_per_year": -4.09, "total_change_m": -219.05, "r_squared": 0.013, "std_error": 20.6, "ci_95_low": -69.65, "ci_95_high": 61.47, "confidence": "low", "risk_class": "low", "total_retreat_m": 219.1, "outliers_removed": 4, "valid_years": 5, "positions_clean": {"2002": 330.05, "2010": 329.27, "2014": 301.65, "2016": 941.5, "2026": 111.0}}}, {"type": "Feature", "geometry": {"type": "LineString", "coordinates": [[51.982902469465486, 42.884636987203834], [51.99615851270674, 42.92343489072434]]}, "properties": {"id": 440, "angle": 71.14, "positions": {"2002": 362.45, "2010": 361.51, "2014": 334.0, "2016": 983.46, "2026": 111.0}, "speed_m_per_year": -2.05, "total_change_m": -251.45, "r_squared": 0.6, "std_error": 1.67, "ci_95_low": -23.3, "ci_95_high": 19.2, "confidence": "low", "risk_class": "low", "total_retreat_m": 251.4, "outliers_removed": 2, "valid_years": 5, "positions_clean": {"2002": 362.45, "2010": 361.51, "2014": 334.0, "2016": null, "2026": null}}}, {"type": "Feature", "geometry": {"type": "LineString", "coordinates": [[51.98488637537145, 42.88393071784856], [51.99825944460468, 42.9226884399086]]}, "properties": {"id": 441, "angle": 70.96, "positions": {"2002": 399.16, "2010": 398.05, "2014": 370.66, "2016": 1029.73, "2026": 111.0}, "speed_m_per_year": -2.06, "total_change_m": -288.16, "r_squared": 0.605, "std_error": 1.66, "ci_95_low": -23.15, "ci_95_high": 19.04, "confidence": "low", "risk_class": "low", "total_retreat_m": 288.2, "outliers_removed": 2, "valid_years": 5, "positions_clean": {"2002": 399.16, "2010": 398.05, "2014": 370.66, "2016": null, "2026": null}}}, {"type": "Feature", "geometry": {"type": "LineString", "coordinates": [[51.98687055736382, 42.883224409889564], [52.00035015444738, 42.92194521130772]]}, "properties": {"id": 442, "angle": 70.81, "positions": {"2002": 435.88, "2010": 434.6, "2014": 407.33, "2016": 1076.01, "2026": 111.0}, "speed_m_per_year": -14.16, "total_change_m": -324.88, "r_squared": 0.803, "std_error": 4.96, "ci_95_low": -35.5, "ci_95_high": 7.17, "confidence": "low", "risk_class": "medium", "total_retreat_m": 324.9, "outliers_removed": 1, "valid_years": 5, "positions_clean": {"2002": 435.88, "2010": 434.6, "2014": 407.33, "2016": null, "2026": 111.0}}}, {"type": "Feature", "geometry": {"type": "LineString", "coordinates": [[51.98885506413675, 42.88251799594109], [52.00242787306754, 42.92120622228618]]}, "properties": {"id": 443, "angle": 70.67, "positions": {"2002": 472.62, "2010": 471.17, "2014": 444.02, "2016": 1122.28, "2026": 111.0}, "speed_m_per_year": -15.75, "total_change_m": -361.62, "r_squared": 0.798, "std_error": 5.6, "ci_95_low": -39.84, "ci_95_high": 8.34, "confidence": "low", "risk_class": "medium", "total_retreat_m": 361.6, "outliers_removed": 1, "valid_years": 5, "positions_clean": {"2002": 472.62, "2010": 471.17, "2014": 444.02, "2016": null, "2026": 111.0}}}, {"type": "Feature", "geometry": {"type": "LineString", "coordinates": [[51.99083996428375, 42.88181144916522], [52.004489856725066, 42.92047254636047]]}, "properties": {"id": 444, "angle": 70.55, "positions": {"2002": 509.36, "2010": 507.75, "2014": 480.71, "2016": 1168.51, "2026": 111.0}, "speed_m_per_year": -17.34, "total_change_m": -398.36, "r_squared": 0.794, "std_error": 6.24, "ci_95_low": -44.19, "ci_95_high": 9.51, "confidence": "low", "risk_class": "medium", "total_retreat_m": 398.4, "outliers_removed": 1, "valid_years": 5, "positions_clean": {"2002": 509.36, "2010": 507.75, "2014": 480.71, "2016": null, "2026": 111.0}}}, {"type": "Feature", "geometry": {"type": "LineString", "coordinates": [[51.99282532634577, 42.88110474260963], [52.00653336378171, 42.91974526162342]]}, "properties": {"id": 445, "angle": 70.47, "positions": {"2002": 546.1, "2010": 544.31, "2014": 517.4, "2016": 1214.67, "2026": 111.0}, "speed_m_per_year": -18.93, "total_change_m": -435.1, "r_squared": 0.791, "std_error": 6.88, "ci_95_low": -48.54, "ci_95_high": 10.68, "confidence": "low", "risk_class": "medium", "total_retreat_m": 435.1, "outliers_removed": 1, "valid_years": 5, "positions_clean": {"2002": 546.1, "2010": 544.31, "2014": 517.4, "2016": null, "2026": 111.0}}}, {"type": "Feature", "geometry": {"type": "LineString", "coordinates": [[51.99481130995836, 42.88039781713374], [52.00855200881545, 42.919026733697876]]}, "properties": {"id": 446, "angle": 70.42, "positions": {"2002": 582.8, "2010": 580.85, "2014": 554.06, "2016": 1260.72, "2026": 111.0}, "speed_m_per_year": -20.52, "total_change_m": -471.8, "r_squared": 0.788, "std_error": 7.52, "ci_95_low": -52.89, "ci_95_high": 11.85, "confidence": "low", "risk_class": "high", "total_retreat_m": 471.8, "outliers_removed": 1, "valid_years": 5, "positions_clean": {"2002": 582.8, "2010": 580.85, "2014": 554.06, "2016": null, "2026": 111.0}}}, {"type": "Feature", "geometry": {"type": "LineString", "coordinates": [[51.99679680119466, 42.87969106817421], [52.01059034890078, 42.91830114511895]]}, "properties": {"id": 447, "angle": 70.34, "positions": {"2000": 23.76, "2001": 9.86, "2002": 619.55, "2010": 617.43, "2014": 590.77, "2016": 1306.9, "2026": 111.0}, "speed_m_per_year": 12.96, "total_change_m": 87.24, "r_squared": 0.072, "std_error": 20.89, "ci_95_low": -40.73, "ci_95_high": 66.65, "confidence": "low", "risk_class": "low", "total_retreat_m": -87.2, "outliers_removed": 0, "valid_years": 7, "positions_clean": {"2000": 23.76, "2001": 9.86, "2002": 619.55, "2010": 617.43, "2014": 590.77, "2016": 1306.9, "2026": 111.0}}}, {"type": "Feature", "geometry": {"type": "LineString", "coordinates": [[51.998780277589766, 42.878984713766805], [52.01270497664024, 42.91754768507808]]}, "properties": {"id": 448, "angle": 70.15, "positions": {"2000": 52.2, "2001": 38.72, "2002": 656.54, "2010": 654.25, "2013": 27.08, "2014": 627.7, "2016": 1353.65, "2019": 0.22, "2026": 111.0}, "speed_m_per_year": -5.15, "total_change_m": 58.8, "r_squared": 0.023, "std_error": 13.57, "ci_95_low": -38.35, "ci_95_high": 28.05, "confidence": "low", "risk_class": "low", "total_retreat_m": -58.8, "outliers_removed": 1, "valid_years": 9, "positions_clean": {"2000": 52.2, "2001": 38.72, "2002": 656.54, "2010": 654.25, "2013": 27.08, "2014": 627.7, "2016": null, "2019": 0.22, "2026": 111.0}}}, {"type": "Feature", "geometry": {"type": "LineString", "coordinates": [[52.00076593735787, 42.87828135369525], [52.01478090685036, 42.916811609730274]]}, "properties": {"id": 449, "angle": 70.01, "positions": {"2000": 80.27, "2001": 67.22, "2002": 693.07, "2010": 690.61, "2013": 55.51, "2014": 664.19, "2016": 1399.81, "2017": 24.17, "2018": 27.89, "2019": 28.09, "2020": 15.12, "2021": 5.46, "2026": 111.0}, "speed_m_per_year": -12.37, "total_change_m": 30.73, "r_squared": 0.133, "std_error": 9.99, "ci_95_low": -34.63, "ci_95_high": 9.88, "confidence": "low", "risk_class": "medium", "total_retreat_m": -30.7, "outliers_removed": 1, "valid_years": 13, "positions_clean": {"2000": 80.27, "2001": 67.22, "2002": 693.07, "2010": 690.61, "2013": 55.51, "2014": 664.19, "2016": null, "2017": 24.17, "2018": 27.89, "2019": 28.09, "2020": 15.12, "2021": 5.46, "2026": 111.0}}}, {"type": "Feature", "geometry": {"type": "LineString", "coordinates": [[52.00275788408156, 42.87758476836238], [52.016721283669234, 42.91613374334168]]}, "properties": {"id": 450, "angle": 70.09, "positions": {"2000": 107.41, "2001": 94.79, "2002": 728.32, "2010": 725.69, "2013": 83.03, "2014": 699.4, "2016": 1444.07, "2017": 51.09, "2018": 54.99, "2019": 55.05, "2020": 42.18, "2021": 32.5, "2026": 111.0}, "speed_m_per_year": -12.95, "total_change_m": 3.59, "r_squared": 0.141, "std_error": 10.1, "ci_95_low": -35.45, "ci_95_high": 9.54, "confidence": "low", "risk_class": "medium", "total_retreat_m": -3.6, "outliers_removed": 1, "valid_years": 13, "positions_clean": {"2000": 107.41, "2001": 94.79, "2002": 728.32, "2010": 725.69, "2013": 83.03, "2014": 699.4, "2016": null, "2017": 51.09, "2018": 54.99, "2019": 55.05, "2020": 42.18, "2021": 32.5, "2026": 111.0}}}, {"type": "Feature", "geometry": {"type": "LineString", "coordinates": [[52.00475214067662, 42.87688770752999], [52.01857377440012, 42.91548773915191]]}, "properties": {"id": 451, "angle": 70.3, "positions": {"2000": 134.49, "2001": 122.31, "2002": 763.27, "2010": 760.48, "2013": 110.51, "2014": 734.33, "2016": 1487.63, "2017": 77.97, "2018": 82.05, "2019": 81.98, "2020": 69.2, "2021": 59.51, "2026": 111.0}, "speed_m_per_year": -13.53, "total_change_m": -23.49, "r_squared": 0.149, "std_error": 10.21, "ci_95_low": -36.27, "ci_95_high": 9.21, "confidence": "low", "risk_class": "medium", "total_retreat_m": 23.5, "outliers_removed": 1, "valid_years": 13, "positions_clean": {"2000": 134.49, "2001": 122.31, "2002": 763.27, "2010": 760.48, "2013": 110.51, "2014": 734.33, "2016": null, "2017": 77.97, "2018": 82.05, "2019": 81.98, "2020": 69.2, "2021": 59.51, "2026": 111.0}}}, {"type": "Feature", "geometry": {"type": "LineString", "coordinates": [[52.00674825202898, 42.8761900060626], [52.020352067875585, 42.91486734043833]]}, "properties": {"id": 452, "angle": 70.62, "positions": {"2000": 161.54, "2001": 149.8, "2002": 797.98, "2010": 795.03, "2013": 137.95, "2014": 769.03, "2016": 1530.61, "2017": 104.83, "2018": 109.08, "2019": 108.88, "2020": 96.21, "2021": 86.5, "2026": 111.0}, "speed_m_per_year": -30.0, "total_change_m": -50.54, "r_squared": 0.757, "std_error": 6.93, "ci_95_low": -46.96, "ci_95_high": -13.04, "confidence": "low", "risk_class": "high", "total_retreat_m": 50.5, "outliers_removed": 5, "valid_years": 13, "positions_clean": {"2000": null, "2001": null, "2002": 797.98, "2010": null, "2013": 137.95, "2014": null, "2016": null, "2017": 104.83, "2018": 109.08, "2019": 108.88, "2020": 96.21, "2021": 86.5, "2026": 111.0}}}, {"type": "Feature", "geometry": {"type": "LineString", "coordinates": [[52.0087463396111, 42.87549165790521], [52.02205131216078, 42.9142728093251]]}, "properties": {"id": 453, "angle": 71.06, "positions": {"2000": 188.54, "2001": 177.24, "2002": 832.44, "2010": 829.33, "2013": 165.34, "2014": 803.48, "2016": 1572.98, "2017": 131.65, "2018": 136.07, "2019": 135.74, "2020": 123.17, "2021": 113.45, "2026": 111.0}, "speed_m_per_year": -3.2, "total_change_m": -77.54, "r_squared": 0.702, "std_error": 1.2, "ci_95_low": -7.02, "ci_95_high": 0.63, "confidence": "low", "risk_class": "low", "total_retreat_m": 77.5, "outliers_removed": 8, "valid_years": 13, "positions_clean": {"2000": null, "2001": null, "2002": null, "2010": null, "2013": null, "2014": null, "2016": null, "2017": null, "2018": 136.07, "2019": 135.74, "2020": 123.17, "2021": 113.45, "2026": 111.0}}}, {"type": "Feature", "geometry": {"type": "LineString", "coordinates": [[52.01074604361473, 42.87479283336664], [52.02368589958582, 42.91369733345914]]}, "properties": {"id": 454, "angle": 71.6, "positions": {"2000": 215.48, "2001": 204.62, "2002": 866.68, "2010": 863.42, "2013": 192.68, "2014": 837.73, "2016": 1614.87, "2017": 158.41, "2018": 163.01, "2019": 162.55, "2020": 150.08, "2021": 140.35, "2026": 111.0}, "speed_m_per_year": -11.34, "total_change_m": -104.48, "r_squared": 0.04, "std_error": 16.71, "ci_95_low": -48.11, "ci_95_high": 25.43, "confidence": "low", "risk_class": "medium", "total_retreat_m": 104.5, "outliers_removed": 13, "valid_years": 13, "positions_clean": {"2000": 215.48, "2001": 204.62, "2002": 866.68, "2010": 863.42, "2013": 192.68, "2014": 837.73, "2016": 1614.87, "2017": 158.41, "2018": 163.01, "2019": 162.55, "2020": 150.08, "2021": 140.35, "2026": 111.0}}}, {"type": "Feature", "geometry": {"type": "LineString", "coordinates": [[52.01274700255151, 42.874093698187494], [52.02527028968505, 42.91313428321604]]}, "properties": {"id": 455, "angle": 72.21, "positions": {"2000": 242.37, "2001": 231.94, "2002": 900.78, "2010": 897.36, "2013": 219.96, "2014": 871.84, "2016": 1656.43, "2017": 185.13, "2018": 189.89, "2019": 189.3, "2020": 176.94, "2021": 167.2, "2026": 111.0}, "speed_m_per_year": -11.85, "total_change_m": -131.37, "r_squared": 0.043, "std_error": 16.91, "ci_95_low": -49.08, "ci_95_high": 25.37, "confidence": "low", "risk_class": "medium", "total_retreat_m": 131.4, "outliers_removed": 13, "valid_years": 13, "positions_clean": {"2000": 242.37, "2001": 231.94, "2002": 900.78, "2010": 897.36, "2013": 219.96, "2014": 871.84, "2016": 1656.43, "2017": 185.13, "2018": 189.89, "2019": 189.3, "2020": 176.94, "2021": 167.2, "2026": 111.0}}}, {"type": "Feature", "geometry": {"type": "LineString", "coordinates": [[52.014748850840114, 42.87339440816335], [52.02681910571063, 42.912577426772955]]}, "properties": {"id": 456, "angle": 72.88, "positions": {"2000": 269.2, "2001": 259.21, "2002": 934.8, "2010": 931.23, "2013": 247.18, "2014": 905.86, "2016": 1697.8, "2017": 211.79, "2018": 216.73, "2019": 216.01, "2020": 203.75, "2021": 194.0, "2026": 111.0}, "speed_m_per_year": -12.36, "total_change_m": -158.2, "r_squared": 0.045, "std_error": 17.12, "ci_95_low": -50.04, "ci_95_high": 25.32, "confidence": "low", "risk_class": "medium", "total_retreat_m": 158.2, "outliers_removed": 13, "valid_years": 13, "positions_clean": {"2000": 269.2, "2001": 259.21, "2002": 934.8, "2010": 931.23, "2013": 247.18, "2014": 905.86, "2016": 1697.8, "2017": 211.79, "2018": 216.73, "2019": 216.01, "2020": 203.75, "2021": 194.0, "2026": 111.0}}}, {"type": "Feature", "geometry": {"type": "LineString", "coordinates": [[52.01674878367241, 42.87268823274245], [52.02834485042686, 42.91201419408895]]}, "properties": {"id": 457, "angle": 73.57, "positions": {"2000": 296.81, "2001": 287.25, "2002": 969.6, "2010": 965.87, "2013": 275.18, "2014": 940.66, "2016": 1739.94, "2017": 239.22, "2018": 244.33, "2019": 243.48, "2020": 231.32, "2021": 221.56, "2026": 111.0}, "speed_m_per_year": -12.88, "total_change_m": -185.81, "r_squared": 0.048, "std_error": 17.33, "ci_95_low": -51.03, "ci_95_high": 25.27, "confidence": "low", "risk_class": "medium", "total_retreat_m": 185.8, "outliers_removed": 13, "valid_years": 13, "positions_clean": {"2000": 296.81, "2001": 287.25, "2002": 969.6, "2010": 965.87, "2013": 275.18, "2014": 940.66, "2016": 1739.94, "2017": 239.22, "2018": 244.33, "2019": 243.48, "2020": 231.32, "2021": 221.56, "2026": 111.0}}}, {"type": "Feature", "geometry": {"type": "LineString", "coordinates": [[52.018776561831196, 42.87206852290814], [52.02988824220732, 42.911534084594486]]}, "properties": {"id": 458, "angle": 74.28, "positions": {"2000": 314.36, "2001": 305.22, "2002": 994.4, "2010": 990.52, "2013": 293.11, "2014": 965.45, "2016": 1772.11, "2017": 256.59, "2018": 261.86, "2019": 260.89, "2020": 248.83, "2021": 239.05, "2026": 111.0}, "speed_m_per_year": -4.81, "total_change_m": -203.36, "r_squared": 0.635, "std_error": 2.11, "ci_95_low": -11.52, "ci_95_high": 1.89, "confidence": "low", "risk_class": "low", "total_retreat_m": 203.4, "outliers_removed": 8, "valid_years": 13, "positions_clean": {"2000": null, "2001": null, "2002": null, "2010": null, "2013": null, "2014": null, "2016": null, "2017": 256.59, "2018": 261.86, "2019": 260.89, "2020": 248.83, "2021": 239.05, "2026": null}}}, {"type": "Feature", "geometry": {"type": "LineString", "coordinates": [[52.02084715946049, 42.871601714011646], [52.03141405261634, 42.911216619906185]]}, "properties": {"id": 459, "angle": 75.06, "positions": {"2000": 314.3, "2001": 305.59, "2002": 1001.57, "2010": 997.54, "2013": 293.43, "2014": 972.62, "2016": 1786.54, "2017": 256.33, "2018": 261.78, "2019": 260.68, "2020": 248.72, "2021": 238.93, "2026": 111.0}, "speed_m_per_year": -4.79, "total_change_m": -203.3, "r_squared": 0.631, "std_error": 2.11, "ci_95_low": -11.51, "ci_95_high": 1.94, "confidence": "low", "risk_class": "low", "total_retreat_m": 203.3, "outliers_removed": 8, "valid_years": 13, "positions_clean": {"2000": null, "2001": null, "2002": null, "2010": null, "2013": null, "2014": null, "2016": null, "2017": 256.33, "2018": 261.78, "2019": 260.68, "2020": 248.72, "2021": 238.93, "2026": null}}}, {"type": "Feature", "geometry": {"type": "LineString", "coordinates": [[52.022918720806416, 42.87113530896286], [52.03290894029628, 42.910899558164175]]}, "properties": {"id": 460, "angle": 75.9, "positions": {"2000": 314.22, "2001": 305.93, "2002": 1008.8, "2010": 1004.62, "2013": 293.72, "2014": 979.85, "2016": 1801.07, "2017": 256.06, "2018": 261.68, "2019": 260.44, "2020": 248.58, "2021": 238.78, "2026": 111.0}, "speed_m_per_year": -4.77, "total_change_m": -203.22, "r_squared": 0.628, "std_error": 2.12, "ci_95_low": -11.51, "ci_95_high": 1.97, "confidence": "low", "risk_class": "low", "total_retreat_m": 203.2, "outliers_removed": 8, "valid_years": 13, "positions_clean": {"2000": null, "2001": null, "2002": null, "2010": null, "2013": null, "2014": null, "2016": null, "2017": 256.06, "2018": 261.68, "2019": 260.44, "2020": 248.58, "2021": 238.78, "2026": null}}}, {"type": "Feature", "geometry": {"type": "LineString", "coordinates": [[52.024987990103405, 42.87066966432874], [52.03449550993412, 42.91055207983568]]}, "properties": {"id": 461, "angle": 76.59, "positions": {"2000": 314.19, "2001": 306.33, "2002": 1016.32, "2010": 1011.98, "2013": 294.07, "2014": 987.34, "2016": 1816.27, "2017": 255.82, "2018": 261.61, "2019": 260.25, "2020": 248.48, "2021": 238.66, "2026": 111.0}, "speed_m_per_year": -8.06, "total_change_m": -203.19, "r_squared": 0.927, "std_error": 1.6, "ci_95_low": -14.94, "ci_95_high": -1.19, "confidence": "low", "risk_class": "medium", "total_retreat_m": 203.2, "outliers_removed": 9, "valid_years": 13, "positions_clean": {"2000": null, "2001": null, "2002": null, "2010": null, "2013": null, "2014": null, "2016": null, "2017": null, "2018": 261.61, "2019": 260.25, "2020": 248.48, "2021": 238.66, "2026": null}}}, {"type": "Feature", "geometry": {"type": "LineString", "coordinates": [[52.0270539087251, 42.87020493242993], [52.03621610658352, 42.91016809209484]]}, "properties": {"id": 462, "angle": 77.09, "positions": {"2000": 314.2, "2001": 306.75, "2002": 1024.07, "2010": 1019.58, "2013": 294.44, "2014": 995.07, "2016": 1832.13, "2017": 255.6, "2018": 261.57, "2019": 260.07, "2020": 248.39, "2021": 238.56, "2026": 111.0}, "speed_m_per_year": -8.07, "total_change_m": -203.2, "r_squared": 0.93, "std_error": 1.57, "ci_95_low": -14.82, "ci_95_high": -1.32, "confidence": "low", "risk_class": "medium", "total_retreat_m": 203.2, "outliers_removed": 9, "valid_years": 13, "positions_clean": {"2000": null, "2001": null, "2002": null, "2010": null, "2013": null, "2014": null, "2016": null, "2017": null, "2018": 261.57, "2019": 260.07, "2020": 248.39, "2021": 238.56, "2026": null}}}, {"type": "Feature", "geometry": {"type": "LineString", "coordinates": [[52.02911641774946, 42.869741034167326], [52.03807308712626, 42.90975075890613]]}, "properties": {"id": 463, "angle": 77.38, "positions": {"2000": 314.21, "2001": 307.19, "2002": 1031.99, "2010": 1027.34, "2013": 294.83, "2014": 1002.96, "2016": 1848.53, "2017": 255.39, "2018": 261.54, "2019": 259.91, "2020": 248.32, "2021": 238.46, "2026": 111.0}, "speed_m_per_year": -8.08, "total_change_m": -203.21, "r_squared": 0.932, "std_error": 1.54, "ci_95_low": -14.72, "ci_95_high": -1.45, "confidence": "low", "risk_class": "medium", "total_retreat_m": 203.2, "outliers_removed": 9, "valid_years": 13, "positions_clean": {"2000": null, "2001": null, "2002": null, "2010": null, "2013": null, "2014": null, "2016": null, "2017": null, "2018": 261.54, "2019": 259.91, "2020": 248.32, "2021": 238.46, "2026": null}}}, {"type": "Feature", "geometry": {"type": "LineString", "coordinates": [[52.03117539593745, 42.869277941043734], [52.04007130112367, 42.909301220156244]]}, "properties": {"id": 464, "angle": 77.47, "positions": {"2000": 314.23, "2001": 307.64, "2002": 1040.04, "2010": 1035.23, "2013": 295.21, "2014": 1010.97, "2016": 1865.4, "2017": 255.19, "2018": 261.5, "2019": 259.75, "2020": 248.25, "2021": 238.37, "2026": 111.0}, "speed_m_per_year": -10.69, "total_change_m": -203.23, "r_squared": 0.998, "std_error": 0.47, "ci_95_low": -16.63, "ci_95_high": -4.75, "confidence": "low", "risk_class": "medium", "total_retreat_m": 203.2, "outliers_removed": 10, "valid_years": 13, "positions_clean": {"2000": null, "2001": null, "2002": null, "2010": null, "2013": null, "2014": null, "2016": null, "2017": null, "2018": null, "2019": 259.75, "2020": 248.25, "2021": 238.37, "2026": null}}}, {"type": "Feature", "geometry": {"type": "LineString", "coordinates": [[52.03323073062205, 42.86881566144878], [52.04221525525688, 42.90881914026108]]}, "properties": {"id": 465, "angle": 77.34, "positions": {"2000": 314.25, "2001": 308.08, "2002": 1048.2, "2010": 1043.22, "2013": 295.6, "2014": 1019.09, "2016": 1882.73, "2017": 254.98, "2018": 261.47, "2019": 259.58, "2020": 248.18, "2021": 238.28, "2026": 111.0}, "speed_m_per_year": -13.98, "total_change_m": -203.25, "r_squared": 0.048, "std_error": 18.82, "ci_95_low": -55.4, "ci_95_high": 27.43, "confidence": "low", "risk_class": "medium", "total_retreat_m": 203.2, "outliers_removed": 11, "valid_years": 13, "positions_clean": {"2000": 314.25, "2001": 308.08, "2002": 1048.2, "2010": 1043.22, "2013": 295.6, "2014": 1019.09, "2016": 1882.73, "2017": 254.98, "2018": 261.47, "2019": 259.58, "2020": 248.18, "2021": 238.28, "2026": 111.0}}}, {"type": "Feature", "geometry": {"type": "LineString", "coordinates": [[52.03528311038295, 42.86835406213244], [52.04447740633832, 42.90830984922123]]}, "properties": {"id": 466, "angle": 77.04, "positions": {"2000": 314.27, "2001": 308.53, "2002": 1056.47, "2010": 1051.33, "2013": 295.99, "2014": 1027.32, "2016": 1900.5, "2017": 254.77, "2018": 261.44, "2019": 259.42, "2020": 248.11, "2021": 238.19, "2026": 111.0}, "speed_m_per_year": -14.09, "total_change_m": -203.27, "r_squared": 0.048, "std_error": 19.02, "ci_95_low": -55.95, "ci_95_high": 27.76, "confidence": "low", "risk_class": "medium", "total_retreat_m": 203.3, "outliers_removed": 13, "valid_years": 13, "positions_clean": {"2000": 314.27, "2001": 308.53, "2002": 1056.47, "2010": 1051.33, "2013": 295.99, "2014": 1027.32, "2016": 1900.5, "2017": 254.77, "2018": 261.44, "2019": 259.42, "2020": 248.11, "2021": 238.19, "2026": 111.0}}}, {"type": "Feature", "geometry": {"type": "LineString", "coordinates": [[52.03739520437834, 42.86788032717975], [52.044350988039554, 42.90828598363597]]}, "properties": {"id": 467, "angle": 80.23, "positions": {"2000": 314.55, "2001": 309.2, "2002": 1063.94, "2010": 1058.68, "2013": 296.6, "2014": 1034.79, "2016": 1912.55, "2017": 254.75, "2018": 261.6, "2019": 259.45, "2020": 248.21, "2021": 238.26, "2026": 111.0}, "speed_m_per_year": -14.21, "total_change_m": -203.55, "r_squared": 0.048, "std_error": 19.17, "ci_95_low": -56.39, "ci_95_high": 27.98, "confidence": "low", "risk_class": "medium", "total_retreat_m": 203.6, "outliers_removed": 13, "valid_years": 13, "positions_clean": {"2000": 314.55, "2001": 309.2, "2002": 1063.94, "2010": 1058.68, "2013": 296.6, "2014": 1034.79, "2016": 1912.55, "2017": 254.75, "2018": 261.6, "2019": 259.45, "2020": 248.21, "2021": 238.26, "2026": 111.0}}}, {"type": "Feature", "geometry": {"type": "LineString", "coordinates": [[52.0395454261745, 42.867406232814375], [52.04270127157176, 42.908284596771715]]}, "properties": {"id": 468, "angle": 85.59, "positions": {"2000": 316.41, "2001": 311.41, "2002": 1077.69, "2010": 1072.29, "2013": 298.65, "2014": 1048.33, "2016": 1933.75, "2017": 255.85, "2018": 262.93, "2019": 260.64, "2020": 249.38, "2021": 239.32, "2026": 111.0}, "speed_m_per_year": -14.43, "total_change_m": -205.41, "r_squared": 0.048, "std_error": 19.42, "ci_95_low": -57.16, "ci_95_high": 28.31, "confidence": "low", "risk_class": "medium", "total_retreat_m": 205.4, "outliers_removed": 13, "valid_years": 13, "positions_clean": {"2000": 316.41, "2001": 311.41, "2002": 1077.69, "2010": 1072.29, "2013": 298.65, "2014": 1048.33, "2016": 1933.75, "2017": 255.85, "2018": 262.93, "2019": 260.64, "2020": 249.38, "2021": 239.32, "2026": 111.0}}}, {"type": "Feature", "geometry": {"type": "LineString", "coordinates": [[52.04158677811934, 42.86693615511901], [52.04532004923531, 42.90776583411327]]}, "properties": {"id": 469, "angle": 84.78, "positions": {"2000": 317.01, "2001": 312.45, "2002": 1085.38, "2010": 1079.82, "2013": 299.66, "2014": 1056.03, "2016": 1215.72, "2017": 256.34, "2018": 263.58, "2019": 261.16, "2020": 250.02, "2021": 239.96, "2026": 111.0}, "speed_m_per_year": -13.78, "total_change_m": -206.01, "r_squared": 0.836, "std_error": 2.74, "ci_95_low": -20.81, "ci_95_high": -6.75, "confidence": "low", "risk_class": "medium", "total_retreat_m": 206.0, "outliers_removed": 6, "valid_years": 13, "positions_clean": {"2000": null, "2001": null, "2002": null, "2010": null, "2013": 299.66, "2014": null, "2016": null, "2017": 256.34, "2018": 263.58, "2019": 261.16, "2020": 250.02, "2021": 239.96, "2026": 111.0}}}, {"type": "Feature", "geometry": {"type": "LineString", "coordinates": [[52.04344637354481, 42.86637344316252], [52.05391399395437, 42.90601469595506]]}, "properties": {"id": 470, "angle": 75.21, "positions": {"2000": 330.23, "2001": 326.19, "2002": 1106.32, "2010": 1100.49, "2013": 313.43, "2014": 1076.97, "2016": 1212.37, "2017": 269.77, "2018": 277.15, "2019": 274.61, "2020": 263.65, "2021": 253.65, "2026": 111.0}, "speed_m_per_year": -14.77, "total_change_m": -219.23, "r_squared": 0.82, "std_error": 3.1, "ci_95_low": -22.74, "ci_95_high": -6.81, "confidence": "low", "risk_class": "medium", "total_retreat_m": 219.2, "outliers_removed": 6, "valid_years": 13, "positions_clean": {"2000": null, "2001": null, "2002": null, "2010": null, "2013": 313.43, "2014": null, "2016": null, "2017": 269.77, "2018": 277.15, "2019": 274.61, "2020": 263.65, "2021": 253.65, "2026": 111.0}}}, {"type": "Feature", "geometry": {"type": "LineString", "coordinates": [[52.045315435063365, 42.865792320691455], [52.0616567949855, 42.903394979585414]]}, "properties": {"id": 471, "angle": 66.51, "positions": {"2000": 353.71, "2001": 350.1, "2002": 1157.1, "2010": 1150.86, "2013": 337.05, "2014": 1127.01, "2016": 1241.74, "2017": 291.95, "2018": 299.65, "2019": 296.92, "2020": 285.87, "2021": 275.67, "2026": 111.0}, "speed_m_per_year": -16.48, "total_change_m": -242.71, "r_squared": 0.801, "std_error": 3.67, "ci_95_low": -25.91, "ci_95_high": -7.04, "confidence": "low", "risk_class": "medium", "total_retreat_m": 242.7, "outliers_removed": 6, "valid_years": 13, "positions_clean": {"2000": null, "2001": null, "2002": null, "2010": null, "2013": 337.05, "2014": null, "2016": null, "2017": 291.95, "2018": 299.65, "2019": 296.92, "2020": 285.87, "2021": 275.67, "2026": 111.0}}}, {"type": "Feature", "geometry": {"type": "LineString", "coordinates": [[52.04721684946642, 42.86522223518714], [52.068150099912636, 42.90047559000276]]}, "properties": {"id": 472, "angle": 59.3, "positions": {"2000": 381.61, "2001": 378.39, "2002": 1225.32, "2010": 1218.56, "2013": 364.84, "2014": 140.92, "2016": 1289.59, "2017": 317.54, "2018": 325.7, "2019": 322.73, "2020": 311.42, "2021": 300.87, "2026": 111.0}, "speed_m_per_year": -18.48, "total_change_m": -270.61, "r_squared": 0.786, "std_error": 4.32, "ci_95_low": -29.58, "ci_95_high": -7.38, "confidence": "low", "risk_class": "medium", "total_retreat_m": 270.6, "outliers_removed": 6, "valid_years": 13, "positions_clean": {"2000": null, "2001": null, "2002": null, "2010": null, "2013": 364.84, "2014": null, "2016": null, "2017": 317.54, "2018": 325.7, "2019": 322.73, "2020": 311.42, "2021": 300.87, "2026": 111.0}}}, {"type": "Feature", "geometry": {"type": "LineString", "coordinates": [[52.049134300372344, 42.864659625311205], [52.074001944725644, 42.89725717528536]]}, "properties": {"id": 473, "angle": 52.66, "positions": {"2000": 340.21, "2001": 412.17, "2002": 1312.62, "2010": 1305.21, "2013": 397.91, "2014": 1279.66, "2016": 1355.28, "2017": 347.65, "2018": 356.41, "2019": 353.14, "2020": 341.43, "2021": 330.36, "2026": 111.0}, "speed_m_per_year": -28.34, "total_change_m": -229.21, "r_squared": 0.508, "std_error": 10.55, "ci_95_low": -53.29, "ci_95_high": -3.39, "confidence": "low", "risk_class": "high", "total_retreat_m": 229.2, "outliers_removed": 4, "valid_years": 13, "positions_clean": {"2000": null, "2001": 412.17, "2002": 1312.62, "2010": null, "2013": 397.91, "2014": null, "2016": null, "2017": 347.65, "2018": 356.41, "2019": 353.14, "2020": 341.43, "2021": 330.36, "2026": 111.0}}}, {"type": "Feature", "geometry": {"type": "LineString", "coordinates": [[52.05106866186306, 42.86409930286635], [52.07917736614666, 42.893947263324264]]}, "properties": {"id": 474, "angle": 46.72, "positions": {"2002": 590.22, "2010": 1409.47, "2014": 1382.62, "2016": 1436.42, "2026": 111.0}, "speed_m_per_year": -21.3, "total_change_m": -479.22, "r_squared": 0.095, "std_error": 37.88, "ci_95_low": -141.85, "ci_95_high": 99.25, "confidence": "low", "risk_class": "high", "total_retreat_m": 479.2, "outliers_removed": 0, "valid_years": 5, "positions_clean": {"2002": 590.22, "2010": 1409.47, "2014": 1382.62, "2016": 1436.42, "2026": 111.0}}}, {"type": "Feature", "geometry": {"type": "LineString", "coordinates": [[52.053026430838656, 42.86352865512562], [52.083416488172595, 42.89105036319834]]}, "properties": {"id": 475, "angle": 42.16, "positions": {"2002": 1525.92, "2010": 1516.93, "2014": 1488.81, "2016": 1519.15, "2026": 111.0}, "speed_m_per_year": -57.11, "total_change_m": -1414.92, "r_squared": 0.637, "std_error": 24.89, "ci_95_low": -136.3, "ci_95_high": 22.09, "confidence": "low", "risk_class": "high", "total_retreat_m": 1414.9, "outliers_removed": 0, "valid_years": 5, "positions_clean": {"2002": 1525.92, "2010": 1516.93, "2014": 1488.81, "2016": 1519.15, "2026": 111.0}}}, {"type": "Feature", "geometry": {"type": "LineString", "coordinates": [[52.05500667091231, 42.86293982877832], [52.08675679866484, 42.888880711332675]]}, "properties": {"id": 476, "angle": 39.25, "positions": {"2002": 1619.78, "2010": 1610.1, "2014": 1581.06, "2016": 1587.75, "2026": 111.0}, "speed_m_per_year": -61.09, "total_change_m": -1508.78, "r_squared": 0.646, "std_error": 26.09, "ci_95_low": -144.13, "ci_95_high": 21.95, "confidence": "low", "risk_class": "high", "total_retreat_m": 1508.8, "outliers_removed": 0, "valid_years": 5, "positions_clean": {"2002": 1619.78, "2010": 1610.1, "2014": 1581.06, "2016": 1587.75, "2026": 111.0}}}, {"type": "Feature", "geometry": {"type": "LineString", "coordinates": [[52.05697224117802, 42.86227917315802], [52.08940884908887, 42.88735638327474]]}, "properties": {"id": 477, "angle": 37.71, "positions": {"2002": 1560.59, "2010": 1689.89, "2014": 1660.39, "2016": 1644.4, "2026": 111.0}, "speed_m_per_year": -59.24, "total_change_m": -1449.59, "r_squared": 0.575, "std_error": 29.43, "ci_95_low": -152.91, "ci_95_high": 34.43, "confidence": "low", "risk_class": "high", "total_retreat_m": 1449.6, "outliers_removed": 0, "valid_years": 5, "positions_clean": {"2002": 1560.59, "2010": 1689.89, "2014": 1660.39, "2016": 1644.4, "2026": 111.0}}}, {"type": "Feature", "geometry": {"type": "LineString", "coordinates": [[52.05509268305204, 42.86163541947253], [52.087833577159635, 42.8863140307186]]}, "properties": {"id": 478, "angle": 37.01, "positions": {"2002": 1662.85, "2010": 1855.91, "2014": 1826.04, "2016": 1814.69, "2026": 285.27}, "speed_m_per_year": -56.47, "total_change_m": -1377.58, "r_squared": 0.534, "std_error": 30.44, "ci_95_low": -153.34, "ci_95_high": 40.4, "confidence": "low", "risk_class": "high", "total_retreat_m": 1377.6, "outliers_removed": 0, "valid_years": 5, "positions_clean": {"2002": 1662.85, "2010": 1855.91, "2014": 1826.04, "2016": 1814.69, "2026": 285.27}}}, {"type": "Feature", "geometry": {"type": "LineString", "coordinates": [[52.05303874736068, 42.861165509189014], [52.08568756189871, 42.88596580977714]]}, "properties": {"id": 479, "angle": 37.22, "positions": {"2002": 1985.95, "2010": 1650.56, "2014": 1945.99, "2016": 1944.88, "2026": 425.0}, "speed_m_per_year": -59.45, "total_change_m": -1560.95, "r_squared": 0.613, "std_error": 27.26, "ci_95_low": -146.19, "ci_95_high": 27.29, "confidence": "low", "risk_class": "high", "total_retreat_m": 1561.0, "outliers_removed": 0, "valid_years": 5, "positions_clean": {"2002": 1985.95, "2010": 1650.56, "2014": 1945.99, "2016": 1944.88, "2026": 425.0}}}, {"type": "Feature", "geometry": {"type": "LineString", "coordinates": [[52.05413768444736, 42.86043675962885], [52.0862379475008, 42.88594309436946]]}, "properties": {"id": 480, "angle": 38.47, "positions": {"2002": 2023.18, "2010": 2013.18, "2014": 1983.96, "2016": 1973.64, "2026": 470.32}, "speed_m_per_year": -63.0, "total_change_m": -1552.86, "r_squared": 0.652, "std_error": 26.57, "ci_95_low": -147.56, "ci_95_high": 21.55, "confidence": "low", "risk_class": "high", "total_retreat_m": 1552.9, "outliers_removed": 0, "valid_years": 5, "positions_clean": {"2002": 2023.18, "2010": 2013.18, "2014": 1983.96, "2016": 1973.64, "2026": 470.32}}}, {"type": "Feature", "geometry": {"type": "LineString", "coordinates": [[52.05622387866154, 42.85994554979545], [52.087184665646845, 42.88682360160823]]}, "properties": {"id": 481, "angle": 40.96, "positions": {"2002": 1965.2, "2010": 1955.43, "2014": 1927.34, "2016": 1907.83, "2026": 111.0}, "speed_m_per_year": -75.23, "total_change_m": -1854.2, "r_squared": 0.65, "std_error": 31.88, "ci_95_low": -176.69, "ci_95_high": 26.23, "confidence": "low", "risk_class": "high", "total_retreat_m": 1854.2, "outliers_removed": 0, "valid_years": 5, "positions_clean": {"2002": 1965.2, "2010": 1955.43, "2014": 1927.34, "2016": 1907.83, "2026": 111.0}}}, {"type": "Feature", "geometry": {"type": "LineString", "coordinates": [[52.05818292329171, 42.85904328603489], [52.087380908206015, 42.88782657418868]]}, "properties": {"id": 482, "angle": 44.59, "positions": {"2026": 111.0}, "speed_m_per_year": 0.0, "total_change_m": 0.0, "r_squared": 0.0, "std_error": 0.0, "ci_95_low": 0.0, "ci_95_high": 0.0, "confidence": "low", "risk_class": "low", "total_retreat_m": null, "outliers_removed": 0, "valid_years": 1, "positions_clean": {"2026": 111.0}}}, {"type": "Feature", "geometry": {"type": "LineString", "coordinates": [[52.060105291455216, 42.858041715147515], [52.08722673995263, 42.88878951232719]]}, "properties": {"id": 483, "angle": 48.59, "positions": {"2026": 111.0}, "speed_m_per_year": 0.0, "total_change_m": 0.0, "r_squared": 0.0, "std_error": 0.0, "ci_95_low": 0.0, "ci_95_high": 0.0, "confidence": "low", "risk_class": "low", "total_retreat_m": null, "outliers_removed": 0, "valid_years": 1, "positions_clean": {"2026": 111.0}}}, {"type": "Feature", "geometry": {"type": "LineString", "coordinates": [[52.06221606209126, 42.85750121296439], [52.086850851257736, 42.89027509223924]]}, "properties": {"id": 484, "angle": 53.07, "positions": {"2026": 111.0}, "speed_m_per_year": 0.0, "total_change_m": 0.0, "r_squared": 0.0, "std_error": 0.0, "ci_95_low": 0.0, "ci_95_high": 0.0, "confidence": "low", "risk_class": "low", "total_retreat_m": null, "outliers_removed": 0, "valid_years": 1, "positions_clean": {"2026": 111.0}}}, {"type": "Feature", "geometry": {"type": "LineString", "coordinates": [[52.06435114474183, 42.856963271280236], [52.08561810156354, 42.892016324607205]]}, "properties": {"id": 485, "angle": 58.75, "positions": {"2026": 111.0}, "speed_m_per_year": 0.0, "total_change_m": 0.0, "r_squared": 0.0, "std_error": 0.0, "ci_95_low": 0.0, "ci_95_high": 0.0, "confidence": "low", "risk_class": "low", "total_retreat_m": null, "outliers_removed": 0, "valid_years": 1, "positions_clean": {"2026": 111.0}}}, {"type": "Feature", "geometry": {"type": "LineString", "coordinates": [[52.06648509359472, 42.856326073545176], [52.08328379162521, 42.89372665835986]]}, "properties": {"id": 486, "angle": 65.81, "positions": {"2026": 111.0}, "speed_m_per_year": 0.0, "total_change_m": 0.0, "r_squared": 0.0, "std_error": 0.0, "ci_95_low": 0.0, "ci_95_high": 0.0, "confidence": "low", "risk_class": "low", "total_retreat_m": null, "outliers_removed": 0, "valid_years": 1, "positions_clean": {"2026": 111.0}}}, {"type": "Feature", "geometry": {"type": "LineString", "coordinates": [[52.068514879205786, 42.85535039782277], [52.07971484394574, 42.894790996066504]]}, "properties": {"id": 487, "angle": 74.15, "positions": {"2026": 111.0}, "speed_m_per_year": 0.0, "total_change_m": 0.0, "r_squared": 0.0, "std_error": 0.0, "ci_95_low": 0.0, "ci_95_high": 0.0, "confidence": "low", "risk_class": "low", "total_retreat_m": null, "outliers_removed": 0, "valid_years": 1, "positions_clean": {"2026": 111.0}}}, {"type": "Feature", "geometry": {"type": "LineString", "coordinates": [[52.07046787014587, 42.85440490729074], [52.079174961261074, 42.89446968688968]]}, "properties": {"id": 488, "angle": 77.74, "positions": {"2026": 111.0}, "speed_m_per_year": 0.0, "total_change_m": 0.0, "r_squared": 0.0, "std_error": 0.0, "ci_95_low": 0.0, "ci_95_high": 0.0, "confidence": "low", "risk_class": "low", "total_retreat_m": null, "outliers_removed": 0, "valid_years": 1, "positions_clean": {"2026": 111.0}}}, {"type": "Feature", "geometry": {"type": "LineString", "coordinates": [[52.07234416666603, 42.85363881816433], [52.08432876213707, 42.89284812154243]]}, "properties": {"id": 489, "angle": 73.0, "positions": {"2026": 111.0}, "speed_m_per_year": 0.0, "total_change_m": 0.0, "r_squared": 0.0, "std_error": 0.0, "ci_95_low": 0.0, "ci_95_high": 0.0, "confidence": "low", "risk_class": "low", "total_retreat_m": null, "outliers_removed": 0, "valid_years": 1, "positions_clean": {"2026": 111.0}}}, {"type": "Feature", "geometry": {"type": "LineString", "coordinates": [[52.0742122134222, 42.852913618793586], [52.09024288962423, 42.89064977414235]]}, "properties": {"id": 490, "angle": 66.98, "positions": {"2026": 111.0}, "speed_m_per_year": 0.0, "total_change_m": 0.0, "r_squared": 0.0, "std_error": 0.0, "ci_95_low": 0.0, "ci_95_high": 0.0, "confidence": "low", "risk_class": "low", "total_retreat_m": null, "outliers_removed": 0, "valid_years": 1, "positions_clean": {"2026": 111.0}}}, {"type": "Feature", "geometry": {"type": "LineString", "coordinates": [[52.07615876944828, 42.852096530811274], [52.092042431151896, 42.88989480181518]]}, "properties": {"id": 491, "angle": 67.21, "positions": {"2026": 111.0}, "speed_m_per_year": 0.0, "total_change_m": 0.0, "r_squared": 0.0, "std_error": 0.0, "ci_95_low": 0.0, "ci_95_high": 0.0, "confidence": "low", "risk_class": "low", "total_retreat_m": null, "outliers_removed": 0, "valid_years": 1, "positions_clean": {"2026": 111.0}}}, {"type": "Feature", "geometry": {"type": "LineString", "coordinates": [[52.077942098470245, 42.85095435371054], [52.093409285533475, 42.88892494923328]]}, "properties": {"id": 492, "angle": 67.84, "positions": {"2026": 111.0}, "speed_m_per_year": 0.0, "total_change_m": 0.0, "r_squared": 0.0, "std_error": 0.0, "ci_95_low": 0.0, "ci_95_high": 0.0, "confidence": "low", "risk_class": "low", "total_retreat_m": null, "outliers_removed": 0, "valid_years": 1, "positions_clean": {"2026": 111.0}}}, {"type": "Feature", "geometry": {"type": "LineString", "coordinates": [[52.079709793982516, 42.849790272055515], [52.09478170538696, 42.88791949295782]]}, "properties": {"id": 493, "angle": 68.43, "positions": {"2026": 111.0}, "speed_m_per_year": 0.0, "total_change_m": 0.0, "r_squared": 0.0, "std_error": 0.0, "ci_95_low": 0.0, "ci_95_high": 0.0, "confidence": "low", "risk_class": "low", "total_retreat_m": null, "outliers_removed": 0, "valid_years": 1, "positions_clean": {"2026": 111.0}}}, {"type": "Feature", "geometry": {"type": "LineString", "coordinates": [[52.08171290828475, 42.84908467110817], [52.09602095268266, 42.88750705866423]]}, "properties": {"id": 494, "angle": 69.58, "positions": {"2026": 111.0}, "speed_m_per_year": 0.0, "total_change_m": 0.0, "r_squared": 0.0, "std_error": 0.0, "ci_95_low": 0.0, "ci_95_high": 0.0, "confidence": "low", "risk_class": "low", "total_retreat_m": null, "outliers_removed": 0, "valid_years": 1, "positions_clean": {"2026": 111.0}}}, {"type": "Feature", "geometry": {"type": "LineString", "coordinates": [[52.08376592071806, 42.8485203919431], [52.09728652246759, 42.88722689434684]]}, "properties": {"id": 495, "angle": 70.75, "positions": {"2026": 111.0}, "speed_m_per_year": 0.0, "total_change_m": 0.0, "r_squared": 0.0, "std_error": 0.0, "ci_95_low": 0.0, "ci_95_high": 0.0, "confidence": "low", "risk_class": "low", "total_retreat_m": null, "outliers_removed": 0, "valid_years": 1, "positions_clean": {"2026": 111.0}}}, {"type": "Feature", "geometry": {"type": "LineString", "coordinates": [[52.08580502027932, 42.84794757887447], [52.098970982933466, 42.886776143455066]]}, "properties": {"id": 496, "angle": 71.27, "positions": {"2026": 111.0}, "speed_m_per_year": 0.0, "total_change_m": 0.0, "r_squared": 0.0, "std_error": 0.0, "ci_95_low": 0.0, "ci_95_high": 0.0, "confidence": "low", "risk_class": "low", "total_retreat_m": null, "outliers_removed": 0, "valid_years": 1, "positions_clean": {"2026": 111.0}}}, {"type": "Feature", "geometry": {"type": "LineString", "coordinates": [[52.087834869022956, 42.847377955867124], [52.10102556967036, 42.88619812351785]]}, "properties": {"id": 497, "angle": 71.23, "positions": {"2026": 111.0}, "speed_m_per_year": 0.0, "total_change_m": 0.0, "r_squared": 0.0, "std_error": 0.0, "ci_95_low": 0.0, "ci_95_high": 0.0, "confidence": "low", "risk_class": "low", "total_retreat_m": null, "outliers_removed": 0, "valid_years": 1, "positions_clean": {"2026": 111.0}}}, {"type": "Feature", "geometry": {"type": "LineString", "coordinates": [[52.08986068562266, 42.8468096155847], [52.10324039040095, 42.88556504746264]]}, "properties": {"id": 498, "angle": 70.95, "positions": {"2026": 111.0}, "speed_m_per_year": 0.0, "total_change_m": 0.0, "r_squared": 0.0, "std_error": 0.0, "ci_95_low": 0.0, "ci_95_high": 0.0, "confidence": "low", "risk_class": "low", "total_retreat_m": null, "outliers_removed": 0, "valid_years": 1, "positions_clean": {"2026": 111.0}}}, {"type": "Feature", "geometry": {"type": "LineString", "coordinates": [[52.0918893697547, 42.84623997891756], [52.10533714535937, 42.88497184346455]]}, "properties": {"id": 499, "angle": 70.85, "positions": {"2026": 111.0}, "speed_m_per_year": 0.0, "total_change_m": 0.0, "r_squared": 0.0, "std_error": 0.0, "ci_95_low": 0.0, "ci_95_high": 0.0, "confidence": "low", "risk_class": "low", "total_retreat_m": null, "outliers_removed": 0, "valid_years": 1, "positions_clean": {"2026": 111.0}}}, {"type": "Feature", "geometry": {"type": "LineString", "coordinates": [[52.09392237864333, 42.845668821448804], [52.10726064675411, 42.88443853390331]]}, "properties": {"id": 500, "angle": 71.01, "positions": {"2026": 111.0}, "speed_m_per_year": 0.0, "total_change_m": 0.0, "r_squared": 0.0, "std_error": 0.0, "ci_95_low": 0.0, "ci_95_high": 0.0, "confidence": "low", "risk_class": "low", "total_retreat_m": null, "outliers_removed": 0, "valid_years": 1, "positions_clean": {"2026": 111.0}}}, {"type": "Feature", "geometry": {"type": "LineString", "coordinates": [[52.09595618905697, 42.845097400232184], [52.10915209412166, 42.88391579908536]]}, "properties": {"id": 501, "angle": 71.23, "positions": {"2026": 111.0}, "speed_m_per_year": 0.0, "total_change_m": 0.0, "r_squared": 0.0, "std_error": 0.0, "ci_95_low": 0.0, "ci_95_high": 0.0, "confidence": "low", "risk_class": "low", "total_retreat_m": null, "outliers_removed": 0, "valid_years": 1, "positions_clean": {"2026": 111.0}}}, {"type": "Feature", "geometry": {"type": "LineString", "coordinates": [[52.09798451898512, 42.844537047808736], [52.111356086093885, 42.88329528813329]]}, "properties": {"id": 502, "angle": 70.97, "positions": {"2026": 111.0}, "speed_m_per_year": 0.0, "total_change_m": 0.0, "r_squared": 0.0, "std_error": 0.0, "ci_95_low": 0.0, "ci_95_high": 0.0, "confidence": "low", "risk_class": "low", "total_retreat_m": null, "outliers_removed": 0, "valid_years": 1, "positions_clean": {"2026": 111.0}}}, {"type": "Feature", "geometry": {"type": "LineString", "coordinates": [[52.0999672882077, 42.843877991582914], [52.1139424443685, 42.8824227060102]]}, "properties": {"id": 503, "angle": 70.07, "positions": {"2026": 111.0}, "speed_m_per_year": 0.0, "total_change_m": 0.0, "r_squared": 0.0, "std_error": 0.0, "ci_95_low": 0.0, "ci_95_high": 0.0, "confidence": "low", "risk_class": "low", "total_retreat_m": null, "outliers_removed": 0, "valid_years": 1, "positions_clean": {"2026": 111.0}}}, {"type": "Feature", "geometry": {"type": "LineString", "coordinates": [[52.10174646837562, 42.84277262158521], [52.11617491227347, 42.88114995873472]]}, "properties": {"id": 504, "angle": 69.4, "positions": {"2026": 111.0}, "speed_m_per_year": 0.0, "total_change_m": 0.0, "r_squared": 0.0, "std_error": 0.0, "ci_95_low": 0.0, "ci_95_high": 0.0, "confidence": "low", "risk_class": "low", "total_retreat_m": null, "outliers_removed": 0, "valid_years": 1, "positions_clean": {"2026": 111.0}}}, {"type": "Feature", "geometry": {"type": "LineString", "coordinates": [[52.103493036311626, 42.84159238477468], [52.117954423961876, 42.879957320161424]]}, "properties": {"id": 505, "angle": 69.35, "positions": {"2026": 111.0}, "speed_m_per_year": 0.0, "total_change_m": 0.0, "r_squared": 0.0, "std_error": 0.0, "ci_95_low": 0.0, "ci_95_high": 0.0, "confidence": "low", "risk_class": "low", "total_retreat_m": null, "outliers_removed": 0, "valid_years": 1, "positions_clean": {"2026": 111.0}}}, {"type": "Feature", "geometry": {"type": "LineString", "coordinates": [[52.10539724413346, 42.840692480351], [52.11971360195511, 42.87911177106182]]}, "properties": {"id": 506, "angle": 69.56, "positions": {"2026": 111.0}, "speed_m_per_year": 0.0, "total_change_m": 0.0, "r_squared": 0.0, "std_error": 0.0, "ci_95_low": 0.0, "ci_95_high": 0.0, "confidence": "low", "risk_class": "low", "total_retreat_m": null, "outliers_removed": 0, "valid_years": 1, "positions_clean": {"2026": 111.0}}}, {"type": "Feature", "geometry": {"type": "LineString", "coordinates": [[52.107438175583354, 42.840126959866595], [52.12140169641227, 42.87867589092909]]}, "properties": {"id": 507, "angle": 70.09, "positions": {"2026": 111.0}, "speed_m_per_year": 0.0, "total_change_m": 0.0, "r_squared": 0.0, "std_error": 0.0, "ci_95_low": 0.0, "ci_95_high": 0.0, "confidence": "low", "risk_class": "low", "total_retreat_m": null, "outliers_removed": 0, "valid_years": 1, "positions_clean": {"2026": 111.0}}}, {"type": "Feature", "geometry": {"type": "LineString", "coordinates": [[52.10948579937247, 42.83954428651614], [52.12267346662216, 42.87836548475256]]}, "properties": {"id": 508, "angle": 71.24, "positions": {"2026": 111.0}, "speed_m_per_year": 0.0, "total_change_m": 0.0, "r_squared": 0.0, "std_error": 0.0, "ci_95_low": 0.0, "ci_95_high": 0.0, "confidence": "low", "risk_class": "low", "total_retreat_m": null, "outliers_removed": 0, "valid_years": 1, "positions_clean": {"2026": 111.0}}}, {"type": "Feature", "geometry": {"type": "LineString", "coordinates": [[52.111536661208156, 42.838961012605374], [52.1238157149692, 42.87807910098829]]}, "properties": {"id": 509, "angle": 72.57, "positions": {"2026": 111.0}, "speed_m_per_year": 0.0, "total_change_m": 0.0, "r_squared": 0.0, "std_error": 0.0, "ci_95_low": 0.0, "ci_95_high": 0.0, "confidence": "low", "risk_class": "low", "total_retreat_m": null, "outliers_removed": 0, "valid_years": 1, "positions_clean": {"2026": 111.0}}}, {"type": "Feature", "geometry": {"type": "LineString", "coordinates": [[52.113581713023414, 42.838380000405024], [52.12519036413318, 42.87770224880732]]}, "properties": {"id": 510, "angle": 73.55, "positions": {"2026": 111.0}, "speed_m_per_year": 0.0, "total_change_m": 0.0, "r_squared": 0.0, "std_error": 0.0, "ci_95_low": 0.0, "ci_95_high": 0.0, "confidence": "low", "risk_class": "low", "total_retreat_m": null, "outliers_removed": 0, "valid_years": 1, "positions_clean": {"2026": 111.0}}}, {"type": "Feature", "geometry": {"type": "LineString", "coordinates": [[52.1156215792132, 42.83780053479029], [52.1267701501889, 42.877255691173204]]}, "properties": {"id": 511, "angle": 74.22, "positions": {"2026": 111.0}, "speed_m_per_year": 0.0, "total_change_m": 0.0, "r_squared": 0.0, "std_error": 0.0, "ci_95_low": 0.0, "ci_95_high": 0.0, "confidence": "low", "risk_class": "low", "total_retreat_m": null, "outliers_removed": 0, "valid_years": 1, "positions_clean": {"2026": 111.0}}}, {"type": "Feature", "geometry": {"type": "LineString", "coordinates": [[52.1176629623097, 42.837243372235605], [52.128528204791486, 42.87677749048569]]}, "properties": {"id": 512, "angle": 74.63, "positions": {"2026": 111.0}, "speed_m_per_year": 0.0, "total_change_m": 0.0, "r_squared": 0.0, "std_error": 0.0, "ci_95_low": 0.0, "ci_95_high": 0.0, "confidence": "low", "risk_class": "low", "total_retreat_m": null, "outliers_removed": 0, "valid_years": 1, "positions_clean": {"2026": 111.0}}}, {"type": "Feature", "geometry": {"type": "LineString", "coordinates": [[52.119702036671875, 42.83670138279039], [52.13052849021922, 42.87624614102188]]}, "properties": {"id": 513, "angle": 74.69, "positions": {"2026": 111.0}, "speed_m_per_year": 0.0, "total_change_m": 0.0, "r_squared": 0.0, "std_error": 0.0, "ci_95_low": 0.0, "ci_95_high": 0.0, "confidence": "low", "risk_class": "low", "total_retreat_m": null, "outliers_removed": 0, "valid_years": 1, "positions_clean": {"2026": 111.0}}}, {"type": "Feature", "geometry": {"type": "LineString", "coordinates": [[52.12172467590425, 42.836162923477254], [52.133175012478866, 42.8755315631836]]}, "properties": {"id": 514, "angle": 73.78, "positions": {"2026": 111.0}, "speed_m_per_year": 0.0, "total_change_m": 0.0, "r_squared": 0.0, "std_error": 0.0, "ci_95_low": 0.0, "ci_95_high": 0.0, "confidence": "low", "risk_class": "low", "total_retreat_m": null, "outliers_removed": 0, "valid_years": 1, "positions_clean": {"2026": 111.0}}}, {"type": "Feature", "geometry": {"type": "LineString", "coordinates": [[52.123728114441725, 42.8356308551368], [52.13658956253431, 42.874561346438114]]}, "properties": {"id": 515, "angle": 71.72, "positions": {"2026": 111.0}, "speed_m_per_year": 0.0, "total_change_m": 0.0, "r_squared": 0.0, "std_error": 0.0, "ci_95_low": 0.0, "ci_95_high": 0.0, "confidence": "low", "risk_class": "low", "total_retreat_m": null, "outliers_removed": 0, "valid_years": 1, "positions_clean": {"2026": 111.0}}}, {"type": "Feature", "geometry": {"type": "LineString", "coordinates": [[52.125725902002586, 42.83510228902539], [52.1402301516544, 42.87345104053099]]}, "properties": {"id": 516, "angle": 69.28, "positions": {"2026": 111.0}, "speed_m_per_year": 0.0, "total_change_m": 0.0, "r_squared": 0.0, "std_error": 0.0, "ci_95_low": 0.0, "ci_95_high": 0.0, "confidence": "low", "risk_class": "low", "total_retreat_m": null, "outliers_removed": 0, "valid_years": 1, "positions_clean": {"2026": 111.0}}}, {"type": "Feature", "geometry": {"type": "LineString", "coordinates": [[52.12773448483093, 42.83459027485964], [52.14361943707334, 42.872388003524954]]}, "properties": {"id": 517, "angle": 67.2, "positions": {"2026": 111.0}, "speed_m_per_year": 0.0, "total_change_m": 0.0, "r_squared": 0.0, "std_error": 0.0, "ci_95_low": 0.0, "ci_95_high": 0.0, "confidence": "low", "risk_class": "low", "total_retreat_m": null, "outliers_removed": 0, "valid_years": 1, "positions_clean": {"2026": 111.0}}}, {"type": "Feature", "geometry": {"type": "LineString", "coordinates": [[52.129679778751274, 42.83388223181088], [52.146787053865395, 42.871142681864114]]}, "properties": {"id": 518, "angle": 65.34, "positions": {"2026": 111.0}, "speed_m_per_year": 0.0, "total_change_m": 0.0, "r_squared": 0.0, "std_error": 0.0, "ci_95_low": 0.0, "ci_95_high": 0.0, "confidence": "low", "risk_class": "low", "total_retreat_m": null, "outliers_removed": 0, "valid_years": 1, "positions_clean": {"2026": 111.0}}}, {"type": "Feature", "geometry": {"type": "LineString", "coordinates": [[52.13140660144056, 42.83273652393352], [52.14982758883156, 42.86936529982817]]}, "properties": {"id": 519, "angle": 63.3, "positions": {"2026": 111.0}, "speed_m_per_year": 0.0, "total_change_m": 0.0, "r_squared": 0.0, "std_error": 0.0, "ci_95_low": 0.0, "ci_95_high": 0.0, "confidence": "low", "risk_class": "low", "total_retreat_m": null, "outliers_removed": 0, "valid_years": 1, "positions_clean": {"2026": 111.0}}}, {"type": "Feature", "geometry": {"type": "LineString", "coordinates": [[52.133124287925234, 42.8315788645882], [52.15291392897588, 42.867486664675184]]}, "properties": {"id": 520, "angle": 61.14, "positions": {"2026": 111.0}, "speed_m_per_year": 0.0, "total_change_m": 0.0, "r_squared": 0.0, "std_error": 0.0, "ci_95_low": 0.0, "ci_95_high": 0.0, "confidence": "low", "risk_class": "low", "total_retreat_m": null, "outliers_removed": 0, "valid_years": 1, "positions_clean": {"2026": 111.0}}}, {"type": "Feature", "geometry": {"type": "LineString", "coordinates": [[52.13483749660836, 42.83041300788395], [52.15593205875897, 42.86557007613024]]}, "properties": {"id": 521, "angle": 59.04, "positions": {"2026": 111.0}, "speed_m_per_year": 0.0, "total_change_m": 0.0, "r_squared": 0.0, "std_error": 0.0, "ci_95_low": 0.0, "ci_95_high": 0.0, "confidence": "low", "risk_class": "low", "total_retreat_m": null, "outliers_removed": 0, "valid_years": 1, "positions_clean": {"2026": 111.0}}}, {"type": "Feature", "geometry": {"type": "LineString", "coordinates": [[52.13654715681802, 42.82923383175141], [52.15875783129354, 42.86369665141757]]}, "properties": {"id": 522, "angle": 57.2, "positions": {"2026": 111.0}, "speed_m_per_year": 0.0, "total_change_m": 0.0, "r_squared": 0.0, "std_error": 0.0, "ci_95_low": 0.0, "ci_95_high": 0.0, "confidence": "low", "risk_class": "low", "total_retreat_m": null, "outliers_removed": 0, "valid_years": 1, "positions_clean": {"2026": 111.0}}}, {"type": "Feature", "geometry": {"type": "LineString", "coordinates": [[52.13826240127792, 42.828051878223484], [52.16135656761847, 42.86192900149325]]}, "properties": {"id": 523, "angle": 55.72, "positions": {"2026": 111.0}, "speed_m_per_year": 0.0, "total_change_m": 0.0, "r_squared": 0.0, "std_error": 0.0, "ci_95_low": 0.0, "ci_95_high": 0.0, "confidence": "low", "risk_class": "low", "total_retreat_m": null, "outliers_removed": 0, "valid_years": 1, "positions_clean": {"2026": 111.0}}}, {"type": "Feature", "geometry": {"type": "LineString", "coordinates": [[52.13999209071728, 42.826880281415754], [52.16375096413084, 42.860294588742384]]}, "properties": {"id": 524, "angle": 54.59, "positions": {"2026": 111.0}, "speed_m_per_year": 0.0, "total_change_m": 0.0, "r_squared": 0.0, "std_error": 0.0, "ci_95_low": 0.0, "ci_95_high": 0.0, "confidence": "low", "risk_class": "low", "total_retreat_m": null, "outliers_removed": 0, "valid_years": 1, "positions_clean": {"2026": 111.0}}}, {"type": "Feature", "geometry": {"type": "LineString", "coordinates": [[52.141734882663286, 42.825715725865585], [52.16592056972049, 42.858822410108665]]}, "properties": {"id": 525, "angle": 53.85, "positions": {"2026": 111.0}, "speed_m_per_year": 0.0, "total_change_m": 0.0, "r_squared": 0.0, "std_error": 0.0, "ci_95_low": 0.0, "ci_95_high": 0.0, "confidence": "low", "risk_class": "low", "total_retreat_m": null, "outliers_removed": 0, "valid_years": 1, "positions_clean": {"2026": 111.0}}}, {"type": "Feature", "geometry": {"type": "LineString", "coordinates": [[52.143486156071866, 42.8245493621335], [52.167829312051374, 42.857540433000594]]}, "properties": {"id": 526, "angle": 53.58, "positions": {"2026": 111.0}, "speed_m_per_year": 0.0, "total_change_m": 0.0, "r_squared": 0.0, "std_error": 0.0, "ci_95_low": 0.0, "ci_95_high": 0.0, "confidence": "low", "risk_class": "low", "total_retreat_m": null, "outliers_removed": 0, "valid_years": 1, "positions_clean": {"2026": 111.0}}}, {"type": "Feature", "geometry": {"type": "LineString", "coordinates": [[52.145215561307886, 42.823335675263856], [52.16942039448307, 42.85642836404796]]}, "properties": {"id": 527, "angle": 53.82, "positions": {"2026": 111.0}, "speed_m_per_year": 0.0, "total_change_m": 0.0, "r_squared": 0.0, "std_error": 0.0, "ci_95_low": 0.0, "ci_95_high": 0.0, "confidence": "low", "risk_class": "low", "total_retreat_m": null, "outliers_removed": 0, "valid_years": 1, "positions_clean": {"2026": 111.0}}}, {"type": "Feature", "geometry": {"type": "LineString", "coordinates": [[52.146891526161006, 42.822039447744174], [52.17076782321916, 42.85536995087255]]}, "properties": {"id": 528, "angle": 54.38, "positions": {"2026": 111.0}, "speed_m_per_year": 0.0, "total_change_m": 0.0, "r_squared": 0.0, "std_error": 0.0, "ci_95_low": 0.0, "ci_95_high": 0.0, "confidence": "low", "risk_class": "low", "total_retreat_m": null, "outliers_removed": 0, "valid_years": 1, "positions_clean": {"2026": 111.0}}}, {"type": "Feature", "geometry": {"type": "LineString", "coordinates": [[52.148553228973526, 42.82074713428753], [52.172556671119686, 42.85398618910466]]}, "properties": {"id": 529, "angle": 54.17, "positions": {"2026": 111.0}, "speed_m_per_year": 0.0, "total_change_m": 0.0, "r_squared": 0.0, "std_error": 0.0, "ci_95_low": 0.0, "ci_95_high": 0.0, "confidence": "low", "risk_class": "low", "total_retreat_m": null, "outliers_removed": 0, "valid_years": 1, "positions_clean": {"2026": 111.0}}}, {"type": "Feature", "geometry": {"type": "LineString", "coordinates": [[52.15025585859305, 42.819508527074134], [52.17436276521873, 42.85267261989967]]}, "properties": {"id": 530, "angle": 53.99, "positions": {"2026": 111.0}, "speed_m_per_year": 0.0, "total_change_m": 0.0, "r_squared": 0.0, "std_error": 0.0, "ci_95_low": 0.0, "ci_95_high": 0.0, "confidence": "low", "risk_class": "low", "total_retreat_m": null, "outliers_removed": 0, "valid_years": 1, "positions_clean": {"2026": 111.0}}}, {"type": "Feature", "geometry": {"type": "LineString", "coordinates": [[52.15200336223566, 42.81833231872545], [52.17619020989409, 42.85143815507418]]}, "properties": {"id": 531, "angle": 53.85, "positions": {"2014": 46.6, "2026": 111.0}, "speed_m_per_year": 0.0, "total_change_m": 64.4, "r_squared": 0.0, "std_error": 0.0, "ci_95_low": 0.0, "ci_95_high": 0.0, "confidence": "low", "risk_class": "low", "total_retreat_m": -64.4, "outliers_removed": 0, "valid_years": 2, "positions_clean": {"2014": 46.6, "2026": 111.0}}}, {"type": "Feature", "geometry": {"type": "LineString", "coordinates": [[52.15375011451645, 42.81715372709817], [52.17799350221459, 42.850218181621386]]}, "properties": {"id": 532, "angle": 53.75, "positions": {"2026": 111.0}, "speed_m_per_year": 0.0, "total_change_m": 0.0, "r_squared": 0.0, "std_error": 0.0, "ci_95_low": 0.0, "ci_95_high": 0.0, "confidence": "low", "risk_class": "low", "total_retreat_m": null, "outliers_removed": 0, "valid_years": 1, "positions_clean": {"2026": 111.0}}}, {"type": "Feature", "geometry": {"type": "LineString", "coordinates": [[52.1554749129239, 42.81594210885954], [52.17975152681805, 42.848982175715314]]}, "properties": {"id": 533, "angle": 53.69, "positions": {"2026": 111.0}, "speed_m_per_year": 0.0, "total_change_m": 0.0, "r_squared": 0.0, "std_error": 0.0, "ci_95_low": 0.0, "ci_95_high": 0.0, "confidence": "low", "risk_class": "low", "total_retreat_m": null, "outliers_removed": 0, "valid_years": 1, "positions_clean": {"2026": 111.0}}}, {"type": "Feature", "geometry": {"type": "LineString", "coordinates": [[52.15718473592761, 42.81470814430728], [52.18147131359785, 42.84774088783651]]}, "properties": {"id": 534, "angle": 53.68, "positions": {"2026": 111.0}, "speed_m_per_year": 0.0, "total_change_m": 0.0, "r_squared": 0.0, "std_error": 0.0, "ci_95_low": 0.0, "ci_95_high": 0.0, "confidence": "low", "risk_class": "low", "total_retreat_m": null, "outliers_removed": 0, "valid_years": 1, "positions_clean": {"2026": 111.0}}}, {"type": "Feature", "geometry": {"type": "LineString", "coordinates": [[52.15889536564747, 42.81347410407645], [52.183168660125006, 42.84651660965951]]}, "properties": {"id": 535, "angle": 53.7, "positions": {"2026": 111.0}, "speed_m_per_year": 0.0, "total_change_m": 0.0, "r_squared": 0.0, "std_error": 0.0, "ci_95_low": 0.0, "ci_95_high": 0.0, "confidence": "low", "risk_class": "low", "total_retreat_m": null, "outliers_removed": 0, "valid_years": 1, "positions_clean": {"2026": 111.0}}}, {"type": "Feature", "geometry": {"type": "LineString", "coordinates": [[52.160588866750146, 42.8122155055829], [52.18482561047064, 42.84528483055071]]}, "properties": {"id": 536, "angle": 53.76, "positions": {"2026": 111.0}, "speed_m_per_year": 0.0, "total_change_m": 0.0, "r_squared": 0.0, "std_error": 0.0, "ci_95_low": 0.0, "ci_95_high": 0.0, "confidence": "low", "risk_class": "low", "total_retreat_m": null, "outliers_removed": 0, "valid_years": 1, "positions_clean": {"2026": 111.0}}}, {"type": "Feature", "geometry": {"type": "LineString", "coordinates": [[52.16227618745089, 42.810947428016746], [52.18645305630648, 42.844060552489374]]}, "properties": {"id": 537, "angle": 53.87, "positions": {"2026": 111.0}, "speed_m_per_year": 0.0, "total_change_m": 0.0, "r_squared": 0.0, "std_error": 0.0, "ci_95_low": 0.0, "ci_95_high": 0.0, "confidence": "low", "risk_class": "low", "total_retreat_m": null, "outliers_removed": 0, "valid_years": 1, "positions_clean": {"2026": 111.0}}}, {"type": "Feature", "geometry": {"type": "LineString", "coordinates": [[52.163964683889304, 42.809679743521436], [52.18805826155252, 42.84285352104807]]}, "properties": {"id": 538, "angle": 54.01, "positions": {}, "speed_m_per_year": 0.0, "total_change_m": 0.0, "r_squared": 0.0, "std_error": 0.0, "ci_95_low": 0.0, "ci_95_high": 0.0, "confidence": "low", "risk_class": "low", "total_retreat_m": null, "outliers_removed": 0, "valid_years": 0, "positions_clean": {}}}]}