{"type": "FeatureCollection", "features": [{"type": "Feature", "geometry": {"type": "LineString", "coordinates": [[50.30018171240844, 44.57077060249136], [50.1490007643721, 44.4899050545059]]}, "properties": {"transect_id": 1, "baseline_distance_m": 0, "positions": {"2000": -2494.2, "2001": null, "2002": null, "2003": null, "2004": null, "2005": null, "2006": null, "2007": -2446.9, "2008": -2576.4, "2009": -2448.6, "2010": -2445.8, "2011": -2449.6, "2013": null, "2014": -2446.2, "2015": -2496.9, "2016": -2504.2, "2017": -2502.9, "2018": null, "2019": -2504.0, "2020": -2494.3, "2021": -2500.5, "2022": -2527.2, "2023": -2544.1, "2024": -2548.3, "2025": -2557.9, "2026": -2556.5}, "total_retreat_m": 62.3, "speed_m_per_year": -3.29, "r_squared": 0.31, "std_error": 1.23, "ci_95_low": -5.89, "ci_95_high": -0.69, "valid_years": 18, "confidence": "low", "risk_class": "low", "anchor": [50.30018171240844, 44.57077060249136], "outliers_removed": 0}}, {"type": "Feature", "geometry": {"type": "LineString", "coordinates": [[50.30394774972914, 44.56716329409904], [50.15277077631663, 44.48630271212782]]}, "properties": {"transect_id": 2, "baseline_distance_m": 500, "positions": {"2000": -3189.5, "2001": null, "2002": null, "2003": null, "2004": null, "2005": null, "2006": null, "2007": -3186.0, "2008": -3419.1, "2009": -3272.1, "2010": -3465.6, "2011": -3484.4, "2013": null, "2014": -3449.9, "2015": -3531.3, "2016": -3537.2, "2017": -3535.3, "2018": null, "2019": -3510.7, "2020": -3481.2, "2021": -3537.0, "2022": -3470.8, "2023": -3464.7, "2024": -3474.1, "2025": -3449.3, "2026": -3475.0}, "total_retreat_m": 285.5, "speed_m_per_year": -10.23, "r_squared": 0.456, "std_error": 2.79, "ci_95_low": -16.14, "ci_95_high": -4.31, "valid_years": 18, "confidence": "low", "risk_class": "medium", "anchor": [50.30394774972914, 44.56716329409904], "outliers_removed": 0}}, {"type": "Feature", "geometry": {"type": "LineString", "coordinates": [[50.30771332030538, 44.563555856328286], [50.15654032271977, 44.48270023947758]]}, "properties": {"transect_id": 3, "baseline_distance_m": 1000, "positions": {"2000": -4882.0, "2001": null, "2002": null, "2003": null, "2004": null, "2005": null, "2006": null, "2007": -4915.7, "2008": -4894.7, "2009": -4910.3, "2010": -4903.7, "2011": -4947.6, "2013": null, "2014": -4914.6, "2015": -4957.4, "2016": -4961.1, "2017": -4953.8, "2018": null, "2019": -4962.9, "2020": -6698.1, "2021": -6696.9, "2022": -6703.0, "2023": -6718.1, "2024": -6734.1, "2025": -6744.7, "2026": -6752.4}, "total_retreat_m": 1870.4, "speed_m_per_year": -100.63, "r_squared": 0.66, "std_error": 18.07, "ci_95_low": -138.94, "ci_95_high": -62.31, "valid_years": 18, "confidence": "medium", "risk_class": "high", "anchor": [50.30771332030538, 44.563555856328286], "outliers_removed": 0}}, {"type": "Feature", "geometry": {"type": "LineString", "coordinates": [[50.31147842424357, 44.5599482892256], [50.16030940368711, 44.47909763660167]]}, "properties": {"transect_id": 4, "baseline_distance_m": 1500, "positions": {"2000": -4631.4, "2001": null, "2002": null, "2003": null, "2004": null, "2005": null, "2006": null, "2007": -4440.2, "2008": -4639.3, "2009": -4640.3, "2010": -4710.1, "2011": -4714.6, "2013": null, "2014": -4716.0, "2015": -4718.9, "2016": -4712.8, "2017": -4713.9, "2018": null, "2019": -4740.9, "2020": -4932.0, "2021": -7054.7, "2022": -7071.8, "2023": -4917.4, "2024": -4917.2, "2025": -7087.3, "2026": -7090.9}, "total_retreat_m": 2459.5, "speed_m_per_year": -89.67, "r_squared": 0.414, "std_error": 26.68, "ci_95_low": -146.22, "ci_95_high": -33.11, "valid_years": 18, "confidence": "low", "risk_class": "high", "anchor": [50.31147842424357, 44.5599482892256], "outliers_removed": 0}}, {"type": "Feature", "geometry": {"type": "LineString", "coordinates": [[50.31524306165009, 44.556340592837465], [50.164078019324215, 44.475494903546604]]}, "properties": {"transect_id": 5, "baseline_distance_m": 2000, "positions": {"2000": -7173.6, "2001": null, "2002": null, "2003": null, "2004": null, "2005": null, "2006": null, "2007": -7138.7, "2008": -7163.5, "2009": -7213.8, "2010": -7346.3, "2011": -7371.8, "2013": null, "2014": -7397.3, "2015": -7420.2, "2016": -7420.9, "2017": -7425.9, "2018": null, "2019": -7444.7, "2020": -7447.9, "2021": -7475.2, "2022": -7459.4, "2023": -7467.0, "2024": -7472.2, "2025": -7472.0, "2026": -7485.5}, "total_retreat_m": 311.9, "speed_m_per_year": -14.75, "r_squared": 0.806, "std_error": 1.81, "ci_95_low": -18.58, "ci_95_high": -10.92, "valid_years": 18, "confidence": "medium", "risk_class": "medium", "anchor": [50.31524306165009, 44.556340592837465], "outliers_removed": 0}}, {"type": "Feature", "geometry": {"type": "LineString", "coordinates": [[50.319007232631286, 44.552732767210316], [50.16784616973663, 44.47189204035884]]}, "properties": {"transect_id": 6, "baseline_distance_m": 2500, "positions": {"2000": -6042.9, "2001": null, "2002": null, "2003": null, "2004": null, "2005": null, "2006": null, "2007": -6076.5, "2008": -7607.1, "2009": -6072.2, "2010": -6069.5, "2011": -6197.6, "2013": null, "2014": -7634.4, "2015": -7680.6, "2016": -6211.1, "2017": -7686.7, "2018": null, "2019": -7692.8, "2020": -7688.5, "2021": -7698.1, "2022": -7709.2, "2023": -7722.5, "2024": -6079.6, "2025": -6117.6, "2026": -6114.3}, "total_retreat_m": 71.4, "speed_m_per_year": -30.06, "r_squared": 0.073, "std_error": 26.83, "ci_95_low": -86.95, "ci_95_high": 26.82, "valid_years": 18, "confidence": "low", "risk_class": "high", "anchor": [50.319007232631286, 44.552732767210316], "outliers_removed": 0}}, {"type": "Feature", "geometry": {"type": "LineString", "coordinates": [[50.322770937293534, 44.54912481239062], [50.17161385502989, 44.46828904708484]]}, "properties": {"transect_id": 7, "baseline_distance_m": 3000, "positions": {"2000": -7910.6, "2001": null, "2002": null, "2003": null, "2004": null, "2005": null, "2006": null, "2007": -7906.0, "2008": -7938.2, "2009": -7911.5, "2010": -7912.1, "2011": -7957.9, "2013": null, "2014": -7923.5, "2015": -7967.1, "2016": -7970.9, "2017": -7983.5, "2018": null, "2019": -7990.8, "2020": -7980.6, "2021": -8000.8, "2022": -8020.8, "2023": -8026.3, "2024": -8028.5, "2025": -8042.2, "2026": -8044.9}, "total_retreat_m": 134.3, "speed_m_per_year": -6.17, "r_squared": 0.871, "std_error": 0.59, "ci_95_low": -7.43, "ci_95_high": -4.91, "valid_years": 18, "confidence": "medium", "risk_class": "low", "anchor": [50.322770937293534, 44.54912481239062], "outliers_removed": 0}}, {"type": "Feature", "geometry": {"type": "LineString", "coordinates": [[50.326534175743156, 44.54551672842485], [50.175381075309524, 44.464685923771086]]}, "properties": {"transect_id": 8, "baseline_distance_m": 3500, "positions": {"2000": -8281.8, "2001": null, "2002": null, "2003": null, "2004": null, "2005": null, "2006": null, "2007": -8306.8, "2008": -8290.9, "2009": -8295.0, "2010": -8315.2, "2011": -8319.3, "2013": null, "2014": -8296.0, "2015": -8326.0, "2016": -8351.4, "2017": -8361.6, "2018": null, "2019": -8347.8, "2020": -8351.6, "2021": -8364.5, "2022": -8380.4, "2023": -8389.3, "2024": -8401.4, "2025": -8405.6, "2026": -8413.1}, "total_retreat_m": 131.3, "speed_m_per_year": -5.47, "r_squared": 0.877, "std_error": 0.51, "ci_95_low": -6.56, "ci_95_high": -4.39, "valid_years": 18, "confidence": "medium", "risk_class": "low", "anchor": [50.326534175743156, 44.54551672842485], "outliers_removed": 0}}, {"type": "Feature", "geometry": {"type": "LineString", "coordinates": [[50.330296948086456, 44.5419085153594], [50.17914783068102, 44.461082670464016]]}, "properties": {"transect_id": 9, "baseline_distance_m": 4000, "positions": {"2000": -8695.5, "2001": null, "2002": null, "2003": null, "2004": null, "2005": null, "2006": null, "2007": -2029.0, "2008": -2090.4, "2009": -2085.0, "2010": -2014.3, "2011": -2094.3, "2013": null, "2014": -2085.5, "2015": -2091.0, "2016": -8738.9, "2017": -8747.6, "2018": null, "2019": -8744.7, "2020": -8745.8, "2021": -8746.9, "2022": -8761.8, "2023": -8775.4, "2024": -8790.5, "2025": -8794.4, "2026": -2016.1}, "total_retreat_m": -6679.4, "speed_m_per_year": -206.91, "r_squared": 0.193, "std_error": 105.78, "ci_95_low": -431.16, "ci_95_high": 17.34, "valid_years": 18, "confidence": "low", "risk_class": "high", "anchor": [50.330296948086456, 44.5419085153594], "outliers_removed": 0}}, {"type": "Feature", "geometry": {"type": "LineString", "coordinates": [[50.33405925442974, 44.538300173240756], [50.182914121249866, 44.45747928721008]]}, "properties": {"transect_id": 10, "baseline_distance_m": 4500, "positions": {"2000": -9163.6, "2001": null, "2002": null, "2003": null, "2004": null, "2005": null, "2006": null, "2007": -9155.0, "2008": -9132.4, "2009": -9169.9, "2010": -9170.0, "2011": -9175.7, "2013": null, "2014": -9168.3, "2015": -9173.7, "2016": -9176.4, "2017": -9222.7, "2018": null, "2019": -9183.4, "2020": -9200.7, "2021": -9221.0, "2022": -9219.1, "2023": -9227.5, "2024": -9241.7, "2025": -9249.8, "2026": -9272.3}, "total_retreat_m": 108.7, "speed_m_per_year": -4.48, "r_squared": 0.749, "std_error": 0.65, "ci_95_low": -5.86, "ci_95_high": -3.11, "valid_years": 18, "confidence": "medium", "risk_class": "low", "anchor": [50.33405925442974, 44.538300173240756], "outliers_removed": 0}}, {"type": "Feature", "geometry": {"type": "LineString", "coordinates": [[50.337821094879274, 44.534691702115296], [50.18667994712153, 44.4538757740557]]}, "properties": {"transect_id": 11, "baseline_distance_m": 5000, "positions": {"2000": -9574.3, "2001": null, "2002": null, "2003": null, "2004": null, "2005": null, "2006": null, "2007": -9562.4, "2008": -9674.4, "2009": -9566.1, "2010": -9585.7, "2011": -9579.3, "2013": null, "2014": -9559.2, "2015": -9588.5, "2016": -9586.9, "2017": -9592.3, "2018": null, "2019": -9585.5, "2020": -9587.2, "2021": -9592.9, "2022": -9595.7, "2023": -9615.0, "2024": -9634.1, "2025": -9639.0, "2026": -9654.2}, "total_retreat_m": 79.9, "speed_m_per_year": -2.91, "r_squared": 0.609, "std_error": 0.6, "ci_95_low": -4.2, "ci_95_high": -1.63, "valid_years": 18, "confidence": "medium", "risk_class": "low", "anchor": [50.337821094879274, 44.534691702115296], "outliers_removed": 1}}, {"type": "Feature", "geometry": {"type": "LineString", "coordinates": [[50.34158246954133, 44.531083102029456], [50.190445308401465, 44.450272131047306]]}, "properties": {"transect_id": 12, "baseline_distance_m": 5500, "positions": {"2000": -9942.5, "2001": null, "2002": null, "2003": null, "2004": null, "2005": null, "2006": null, "2007": -9995.3, "2008": -9918.4, "2009": -9894.8, "2010": -9936.6, "2011": -9945.3, "2013": null, "2014": -9939.6, "2015": -9947.5, "2016": -9939.3, "2017": -9941.5, "2018": null, "2019": -9939.8, "2020": -9945.3, "2021": -9948.1, "2022": -9952.3, "2023": -9981.2, "2024": -9981.7, "2025": -9990.5, "2026": -9994.2}, "total_retreat_m": 51.7, "speed_m_per_year": -2.61, "r_squared": 0.535, "std_error": 0.63, "ci_95_low": -3.94, "ci_95_high": -1.27, "valid_years": 18, "confidence": "medium", "risk_class": "low", "anchor": [50.34158246954133, 44.531083102029456], "outliers_removed": 1}}, {"type": "Feature", "geometry": {"type": "LineString", "coordinates": [[50.345343378522166, 44.52747437302961], [50.1942102051951, 44.44666835823132]]}, "properties": {"transect_id": 13, "baseline_distance_m": 6000, "positions": {"2000": -10262.8, "2001": null, "2002": null, "2003": null, "2004": null, "2005": null, "2006": null, "2007": -10252.5, "2008": -10253.2, "2009": -10247.0, "2010": -10265.4, "2011": -10271.2, "2013": null, "2014": -10262.7, "2015": -10269.4, "2016": -10265.1, "2017": -10270.5, "2018": null, "2019": -10270.2, "2020": -10271.3, "2021": -10277.3, "2022": -10288.8, "2023": -10307.7, "2024": -10318.2, "2025": -10335.8, "2026": -10340.5}, "total_retreat_m": 77.7, "speed_m_per_year": -3.03, "r_squared": 0.627, "std_error": 0.58, "ci_95_low": -4.27, "ci_95_high": -1.79, "valid_years": 18, "confidence": "medium", "risk_class": "low", "anchor": [50.345343378522166, 44.52747437302961], "outliers_removed": 0}}, {"type": "Feature", "geometry": {"type": "LineString", "coordinates": [[50.34910382192798, 44.5238655151622], [50.19797463760784, 44.44306445565414]]}, "properties": {"transect_id": 14, "baseline_distance_m": 6500, "positions": {"2000": -10561.4, "2001": null, "2002": null, "2003": null, "2004": null, "2005": null, "2006": null, "2007": -10672.4, "2008": -10640.5, "2009": -10562.2, "2010": -10560.5, "2011": -10562.8, "2013": null, "2014": -10554.6, "2015": -10605.6, "2016": -10580.2, "2017": -10584.9, "2018": null, "2019": -10581.3, "2020": -10585.8, "2021": -10604.1, "2022": -10604.0, "2023": -10616.6, "2024": -10632.2, "2025": -10665.9, "2026": -10671.6}, "total_retreat_m": 110.2, "speed_m_per_year": -3.3, "r_squared": 0.41, "std_error": 1.02, "ci_95_low": -5.47, "ci_95_high": -1.12, "valid_years": 18, "confidence": "low", "risk_class": "low", "anchor": [50.34910382192798, 44.5238655151622], "outliers_removed": 1}}, {"type": "Feature", "geometry": {"type": "LineString", "coordinates": [[50.352863799865, 44.52025652847356], [50.2017386057451, 44.43946042336216]]}, "properties": {"transect_id": 15, "baseline_distance_m": 7000, "positions": {"2000": -10901.3, "2001": null, "2002": null, "2003": null, "2004": null, "2005": null, "2006": null, "2007": -10871.3, "2008": -10877.3, "2009": -10871.1, "2010": -10884.0, "2011": -10901.0, "2013": null, "2014": -10864.8, "2015": -10903.4, "2016": -10893.3, "2017": -10906.7, "2018": null, "2019": -10898.9, "2020": -10903.9, "2021": -10911.2, "2022": -10931.0, "2023": -10939.9, "2024": -10954.8, "2025": -10979.2, "2026": -10986.1}, "total_retreat_m": 84.8, "speed_m_per_year": -3.73, "r_squared": 0.583, "std_error": 0.79, "ci_95_low": -5.4, "ci_95_high": -2.05, "valid_years": 18, "confidence": "medium", "risk_class": "low", "anchor": [50.352863799865, 44.52025652847356], "outliers_removed": 0}}, {"type": "Feature", "geometry": {"type": "LineString", "coordinates": [[50.3566233124394, 44.5166474130101], [50.20550210971226, 44.43585626140177]]}, "properties": {"transect_id": 16, "baseline_distance_m": 7500, "positions": {"2000": -11203.0, "2001": null, "2002": null, "2003": null, "2004": null, "2005": null, "2006": null, "2007": -11181.1, "2008": -11215.6, "2009": -11169.0, "2010": -11155.9, "2011": -11171.0, "2013": null, "2014": -11154.0, "2015": -11200.8, "2016": -11186.4, "2017": -11198.4, "2018": null, "2019": -11190.3, "2020": -11188.0, "2021": -11203.9, "2022": -11208.0, "2023": -11225.1, "2024": -11251.3, "2025": -11264.6, "2026": -11273.3}, "total_retreat_m": 70.3, "speed_m_per_year": -2.91, "r_squared": 0.385, "std_error": 0.92, "ci_95_low": -4.85, "ci_95_high": -0.96, "valid_years": 18, "confidence": "low", "risk_class": "low", "anchor": [50.3566233124394, 44.5166474130101], "outliers_removed": 0}}, {"type": "Feature", "geometry": {"type": "LineString", "coordinates": [[50.360382359757395, 44.51303816881815], [50.20926514961468, 44.43225196981935]]}, "properties": {"transect_id": 17, "baseline_distance_m": 8000, "positions": {"2000": -11509.3, "2001": null, "2002": null, "2003": null, "2004": null, "2005": null, "2006": null, "2007": -11591.4, "2008": -11574.4, "2009": -11505.8, "2010": -11513.7, "2011": -11514.2, "2013": null, "2014": -11488.4, "2015": -11520.2, "2016": -11539.9, "2017": -11548.4, "2018": null, "2019": -11545.6, "2020": -11547.8, "2021": -11562.3, "2022": -11566.2, "2023": -11611.8, "2024": -11628.6, "2025": -11642.5, "2026": -11664.0}, "total_retreat_m": 154.7, "speed_m_per_year": -5.26, "r_squared": 0.596, "std_error": 1.16, "ci_95_low": -7.74, "ci_95_high": -2.78, "valid_years": 18, "confidence": "medium", "risk_class": "low", "anchor": [50.360382359757395, 44.51303816881815], "outliers_removed": 2}}, {"type": "Feature", "geometry": {"type": "LineString", "coordinates": [[50.3641409419251, 44.5094287959441], [50.21302772555771, 44.428647548661274]]}, "properties": {"transect_id": 18, "baseline_distance_m": 8500, "positions": {"2000": -11885.2, "2001": null, "2002": null, "2003": null, "2004": null, "2005": null, "2006": null, "2007": -11879.8, "2008": -11890.3, "2009": -11889.7, "2010": -11891.6, "2011": -11903.0, "2013": null, "2014": -11919.1, "2015": -11942.3, "2016": -11957.0, "2017": -11975.4, "2018": null, "2019": -11992.7, "2020": -12000.0, "2021": -12043.9, "2022": -12099.8, "2023": -12151.9, "2024": -12173.6, "2025": -12194.1, "2026": -12189.1}, "total_retreat_m": 303.9, "speed_m_per_year": -14.25, "r_squared": 0.814, "std_error": 1.7, "ci_95_low": -17.86, "ci_95_high": -10.64, "valid_years": 18, "confidence": "medium", "risk_class": "medium", "anchor": [50.3641409419251, 44.5094287959441], "outliers_removed": 0}}, {"type": "Feature", "geometry": {"type": "LineString", "coordinates": [[50.367899059048675, 44.50581929443427], [50.21678983764669, 44.4250429979739]]}, "properties": {"transect_id": 19, "baseline_distance_m": 9000, "positions": {"2000": -12063.9, "2001": null, "2002": null, "2003": null, "2004": null, "2005": null, "2006": null, "2007": -12161.0, "2008": -12142.0, "2009": -12085.1, "2010": -12127.9, "2011": -12126.1, "2013": null, "2014": -12113.9, "2015": -12130.7, "2016": -12133.8, "2017": -12138.8, "2018": null, "2019": -12148.7, "2020": -12155.2, "2021": -12179.5, "2022": -12185.5, "2023": -12212.4, "2024": -12223.6, "2025": -12241.6, "2026": -12256.0}, "total_retreat_m": 192.1, "speed_m_per_year": -6.05, "r_squared": 0.726, "std_error": 0.93, "ci_95_low": -8.01, "ci_95_high": -4.08, "valid_years": 18, "confidence": "medium", "risk_class": "low", "anchor": [50.367899059048675, 44.50581929443427], "outliers_removed": 0}}, {"type": "Feature", "geometry": {"type": "LineString", "coordinates": [[50.371656711234245, 44.50220966433503], [50.22055148598691, 44.421438317803556]]}, "properties": {"transect_id": 20, "baseline_distance_m": 9500, "positions": {"2000": -12376.1, "2001": null, "2002": null, "2003": null, "2004": null, "2005": null, "2006": null, "2007": -12379.8, "2008": -12402.9, "2009": -12328.1, "2010": -12336.1, "2011": -12336.4, "2013": null, "2014": -12318.0, "2015": -12333.0, "2016": -12360.1, "2017": -12358.1, "2018": null, "2019": -12359.3, "2020": -12359.3, "2021": -12364.6, "2022": -12385.3, "2023": -12388.2, "2024": -12415.2, "2025": -12441.8, "2026": -12462.5}, "total_retreat_m": 86.4, "speed_m_per_year": -1.82, "r_squared": 0.15, "std_error": 1.12, "ci_95_low": -4.21, "ci_95_high": 0.56, "valid_years": 18, "confidence": "low", "risk_class": "low", "anchor": [50.371656711234245, 44.50220966433503], "outliers_removed": 1}}, {"type": "Feature", "geometry": {"type": "LineString", "coordinates": [[50.3754138985879, 44.49859990569269], [50.224312670683695, 44.41783350819662]]}, "properties": {"transect_id": 21, "baseline_distance_m": 10000, "positions": {"2000": -12803.7, "2001": null, "2002": null, "2003": null, "2004": null, "2005": null, "2006": null, "2007": -12786.5, "2008": -13017.3, "2009": -12780.7, "2010": -12804.3, "2011": -12810.1, "2013": null, "2014": -12825.1, "2015": -12897.8, "2016": -12887.6, "2017": -12897.4, "2018": null, "2019": -12939.3, "2020": -12901.1, "2021": -12949.7, "2022": -12978.0, "2023": -12998.8, "2024": -12997.1, "2025": -13006.0, "2026": -13013.2}, "total_retreat_m": 209.5, "speed_m_per_year": -10.81, "r_squared": 0.861, "std_error": 1.12, "ci_95_low": -13.2, "ci_95_high": -8.42, "valid_years": 18, "confidence": "medium", "risk_class": "medium", "anchor": [50.3754138985879, 44.49859990569269], "outliers_removed": 1}}, {"type": "Feature", "geometry": {"type": "LineString", "coordinates": [[50.37917062121575, 44.494990018553544], [50.228073391842315, 44.414228569199395]]}, "properties": {"transect_id": 22, "baseline_distance_m": 10500, "positions": {"2000": -13417.0, "2001": null, "2002": null, "2003": null, "2004": null, "2005": null, "2006": null, "2007": -13419.8, "2008": -13557.6, "2009": -13443.4, "2010": -13458.1, "2011": -13463.7, "2013": null, "2014": -13425.3, "2015": -13465.6, "2016": -13460.1, "2017": -13471.4, "2018": null, "2019": -13466.9, "2020": -13466.7, "2021": -13482.6, "2022": -13487.6, "2023": -13498.0, "2024": -13514.8, "2025": -13532.8, "2026": -13539.3}, "total_retreat_m": 122.3, "speed_m_per_year": -4.38, "r_squared": 0.782, "std_error": 0.6, "ci_95_low": -5.65, "ci_95_high": -3.11, "valid_years": 18, "confidence": "medium", "risk_class": "low", "anchor": [50.37917062121575, 44.494990018553544], "outliers_removed": 1}}, {"type": "Feature", "geometry": {"type": "LineString", "coordinates": [[50.382926879223845, 44.49138000296396], [50.231833649568024, 44.41062350085823]]}, "properties": {"transect_id": 23, "baseline_distance_m": 11000, "positions": {"2000": -13646.1, "2001": null, "2002": null, "2003": null, "2004": null, "2005": null, "2006": null, "2007": -13844.0, "2008": -13864.3, "2009": -13672.2, "2010": -13669.3, "2011": -13804.5, "2013": null, "2014": -13727.9, "2015": -13860.5, "2016": -13867.1, "2017": -13877.1, "2018": null, "2019": -13887.6, "2020": -13888.1, "2021": -13908.3, "2022": -13924.8, "2023": -13947.6, "2024": -13958.4, "2025": -13967.7, "2026": -13976.4}, "total_retreat_m": 330.3, "speed_m_per_year": -12.36, "r_squared": 0.986, "std_error": 0.44, "ci_95_low": -13.32, "ci_95_high": -11.4, "valid_years": 18, "confidence": "medium", "risk_class": "medium", "anchor": [50.382926879223845, 44.49138000296396], "outliers_removed": 5}}, {"type": "Feature", "geometry": {"type": "LineString", "coordinates": [[50.38668267271826, 44.48776985897019], [50.23559344396608, 44.407018303219424]]}, "properties": {"transect_id": 24, "baseline_distance_m": 11500, "positions": {"2000": -13918.8, "2001": null, "2002": null, "2003": null, "2004": null, "2005": null, "2006": null, "2007": -13931.1, "2008": -13931.4, "2009": -13976.7, "2010": -13984.7, "2011": -14249.8, "2013": null, "2014": -14160.0, "2015": -14274.2, "2016": -14247.6, "2017": -14273.7, "2018": null, "2019": -14276.5, "2020": -14270.5, "2021": -14270.2, "2022": -14268.9, "2023": -14296.1, "2024": -14297.6, "2025": -14297.9, "2026": -14300.8}, "total_retreat_m": 382.0, "speed_m_per_year": -18.23, "r_squared": 0.768, "std_error": 2.51, "ci_95_low": -23.54, "ci_95_high": -12.92, "valid_years": 18, "confidence": "medium", "risk_class": "medium", "anchor": [50.38668267271826, 44.48776985897019], "outliers_removed": 0}}, {"type": "Feature", "geometry": {"type": "LineString", "coordinates": [[50.390438001805016, 44.484159586618546], [50.23935277514172, 44.403412976329264]]}, "properties": {"transect_id": 25, "baseline_distance_m": 12000, "positions": {"2000": -14124.8, "2001": null, "2002": null, "2003": null, "2004": null, "2005": null, "2006": null, "2007": -14141.5, "2008": -14155.8, "2009": -14198.9, "2010": -14212.5, "2011": -14251.2, "2013": null, "2014": -14250.3, "2015": -14479.7, "2016": -14481.4, "2017": -14500.7, "2018": null, "2019": -14507.1, "2020": -14505.1, "2021": -14530.8, "2022": -14604.9, "2023": -14615.3, "2024": -14623.4, "2025": -14631.7, "2026": -14633.5}, "total_retreat_m": 508.7, "speed_m_per_year": -25.23, "r_squared": 0.909, "std_error": 1.99, "ci_95_low": -29.46, "ci_95_high": -21.01, "valid_years": 18, "confidence": "medium", "risk_class": "high", "anchor": [50.390438001805016, 44.484159586618546], "outliers_removed": 0}}, {"type": "Feature", "geometry": {"type": "LineString", "coordinates": [[50.39419286659014, 44.48054918595532], [50.24311164320013, 44.39980752023409]]}, "properties": {"transect_id": 26, "baseline_distance_m": 12500, "positions": {"2000": -14586.9, "2001": null, "2002": null, "2003": null, "2004": null, "2005": null, "2006": null, "2007": -14721.5, "2008": null, "2009": -14672.5, "2010": -14636.9, "2011": -14832.4, "2013": null, "2014": -14678.2, "2015": -14864.5, "2016": -14831.9, "2017": -14847.0, "2018": null, "2019": -14860.8, "2020": -14838.6, "2021": -14887.0, "2022": -14910.2, "2023": -14914.8, "2024": -14911.9, "2025": -14928.6, "2026": -14921.6}, "total_retreat_m": 334.7, "speed_m_per_year": -13.23, "r_squared": 0.929, "std_error": 1.06, "ci_95_low": -15.54, "ci_95_high": -10.93, "valid_years": 17, "confidence": "medium", "risk_class": "medium", "anchor": [50.39419286659014, 44.48054918595532], "outliers_removed": 3}}, {"type": "Feature", "geometry": {"type": "LineString", "coordinates": [[50.397947267179624, 44.476938657026764], [50.24687004824653, 44.39620193498015]]}, "properties": {"transect_id": 27, "baseline_distance_m": 13000, "positions": {"2000": -14976.1, "2001": null, "2002": null, "2003": null, "2004": null, "2005": null, "2006": null, "2007": null, "2008": null, "2009": -14981.7, "2010": -14991.2, "2011": null, "2013": null, "2014": null, "2015": null, "2016": null, "2017": null, "2018": null, "2019": null, "2020": null, "2021": null, "2022": null, "2023": null, "2024": null, "2025": null, "2026": null}, "total_retreat_m": 15.1, "speed_m_per_year": -1.16, "r_squared": 0.699, "std_error": 0.76, "ci_95_low": -10.82, "ci_95_high": 8.5, "valid_years": 3, "confidence": "low", "risk_class": "low", "anchor": [50.397947267179624, 44.476938657026764], "outliers_removed": 0}}, {"type": "Feature", "geometry": {"type": "LineString", "coordinates": [[50.40170120367946, 44.47332799987916], [50.250627990386086, 44.39259622061375]]}, "properties": {"transect_id": 28, "baseline_distance_m": 13500, "positions": {"2000": null, "2001": null, "2002": null, "2003": null, "2004": null, "2005": null, "2006": null, "2007": null, "2008": null, "2009": null, "2010": null, "2011": null, "2013": null, "2014": null, "2015": null, "2016": null, "2017": null, "2018": null, "2019": null, "2020": null, "2021": null, "2022": null, "2023": null, "2024": null, "2025": null, "2026": null}, "total_retreat_m": null, "speed_m_per_year": 0.0, "r_squared": 0.0, "std_error": 0.0, "ci_95_low": 0.0, "ci_95_high": 0.0, "valid_years": 0, "confidence": "low", "risk_class": "low", "anchor": [50.40170120367946, 44.47332799987916], "outliers_removed": 0}}, {"type": "Feature", "geometry": {"type": "LineString", "coordinates": [[50.405454676195625, 44.46971721455875], [50.25438546972397, 44.38899037718113]]}, "properties": {"transect_id": 29, "baseline_distance_m": 14000, "positions": {"2000": null, "2001": null, "2002": null, "2003": null, "2004": null, "2005": null, "2006": null, "2007": null, "2008": null, "2009": null, "2010": null, "2011": null, "2013": null, "2014": null, "2015": null, "2016": null, "2017": null, "2018": null, "2019": null, "2020": null, "2021": null, "2022": null, "2023": null, "2024": null, "2025": null, "2026": null}, "total_retreat_m": null, "speed_m_per_year": 0.0, "r_squared": 0.0, "std_error": 0.0, "ci_95_low": 0.0, "ci_95_high": 0.0, "valid_years": 0, "confidence": "low", "risk_class": "low", "anchor": [50.405454676195625, 44.46971721455875], "outliers_removed": 0}}, {"type": "Feature", "geometry": {"type": "LineString", "coordinates": [[50.409207684834044, 44.46610630111179], [50.25814248636532, 44.38538440472856]]}, "properties": {"transect_id": 30, "baseline_distance_m": 14500, "positions": {"2000": null, "2001": null, "2002": null, "2003": null, "2004": null, "2005": null, "2006": null, "2007": null, "2008": null, "2009": null, "2010": null, "2011": null, "2013": null, "2014": null, "2015": null, "2016": null, "2017": null, "2018": null, "2019": null, "2020": null, "2021": null, "2022": null, "2023": null, "2024": null, "2025": null, "2026": null}, "total_retreat_m": null, "speed_m_per_year": 0.0, "r_squared": 0.0, "std_error": 0.0, "ci_95_low": 0.0, "ci_95_high": 0.0, "valid_years": 0, "confidence": "low", "risk_class": "low", "anchor": [50.409207684834044, 44.46610630111179], "outliers_removed": 0}}, {"type": "Feature", "geometry": {"type": "LineString", "coordinates": [[50.41296022970067, 44.46249525958452], [50.26189904041527, 44.38177830330231]]}, "properties": {"transect_id": 31, "baseline_distance_m": 15000, "positions": {"2000": null, "2001": null, "2002": null, "2003": null, "2004": null, "2005": null, "2006": null, "2007": null, "2008": null, "2009": null, "2010": null, "2011": null, "2013": null, "2014": null, "2015": null, "2016": null, "2017": null, "2018": null, "2019": null, "2020": null, "2021": null, "2022": null, "2023": null, "2024": null, "2025": null, "2026": null}, "total_retreat_m": null, "speed_m_per_year": 0.0, "r_squared": 0.0, "std_error": 0.0, "ci_95_low": 0.0, "ci_95_high": 0.0, "valid_years": 0, "confidence": "low", "risk_class": "low", "anchor": [50.41296022970067, 44.46249525958452], "outliers_removed": 0}}, {"type": "Feature", "geometry": {"type": "LineString", "coordinates": [[50.41671231090142, 44.45888409002315], [50.265655131978924, 44.37817207294861]]}, "properties": {"transect_id": 32, "baseline_distance_m": 15500, "positions": {"2000": null, "2001": null, "2002": null, "2003": null, "2004": null, "2005": null, "2006": null, "2007": null, "2008": null, "2009": null, "2010": null, "2011": null, "2013": null, "2014": null, "2015": null, "2016": null, "2017": null, "2018": null, "2019": null, "2020": null, "2021": null, "2022": null, "2023": null, "2024": null, "2025": null, "2026": null}, "total_retreat_m": null, "speed_m_per_year": 0.0, "r_squared": 0.0, "std_error": 0.0, "ci_95_low": 0.0, "ci_95_high": 0.0, "valid_years": 0, "confidence": "low", "risk_class": "low", "anchor": [50.41671231090142, 44.45888409002315], "outliers_removed": 0}}, {"type": "Feature", "geometry": {"type": "LineString", "coordinates": [[50.42046392854217, 44.455272792473906], [50.26941076116138, 44.37456571371366]]}, "properties": {"transect_id": 33, "baseline_distance_m": 16000, "positions": {"2000": null, "2001": null, "2002": null, "2003": null, "2004": null, "2005": null, "2006": null, "2007": null, "2008": null, "2009": null, "2010": null, "2011": null, "2013": null, "2014": null, "2015": null, "2016": null, "2017": null, "2018": null, "2019": null, "2020": null, "2021": null, "2022": null, "2023": null, "2024": null, "2025": null, "2026": null}, "total_retreat_m": null, "speed_m_per_year": 0.0, "r_squared": 0.0, "std_error": 0.0, "ci_95_low": 0.0, "ci_95_high": 0.0, "valid_years": 0, "confidence": "low", "risk_class": "low", "anchor": [50.42046392854217, 44.455272792473906], "outliers_removed": 0}}, {"type": "Feature", "geometry": {"type": "LineString", "coordinates": [[50.424215082728814, 44.451661366983025], [50.27316592806772, 44.37095922564374]]}, "properties": {"transect_id": 34, "baseline_distance_m": 16500, "positions": {"2000": null, "2001": null, "2002": null, "2003": null, "2004": null, "2005": null, "2006": null, "2007": null, "2008": null, "2009": null, "2010": null, "2011": null, "2013": null, "2014": null, "2015": null, "2016": null, "2017": null, "2018": null, "2019": null, "2020": null, "2021": null, "2022": null, "2023": null, "2024": null, "2025": null, "2026": null}, "total_retreat_m": null, "speed_m_per_year": 0.0, "r_squared": 0.0, "std_error": 0.0, "ci_95_low": 0.0, "ci_95_high": 0.0, "valid_years": 0, "confidence": "low", "risk_class": "low", "anchor": [50.424215082728814, 44.451661366983025], "outliers_removed": 0}}, {"type": "Feature", "geometry": {"type": "LineString", "coordinates": [[50.42796577356722, 44.44804981359668], [50.27692063280299, 44.367352608785026]]}, "properties": {"transect_id": 35, "baseline_distance_m": 17000, "positions": {"2000": null, "2001": null, "2002": null, "2003": null, "2004": null, "2005": null, "2006": null, "2007": null, "2008": null, "2009": null, "2010": null, "2011": null, "2013": null, "2014": null, "2015": null, "2016": null, "2017": null, "2018": null, "2019": null, "2020": null, "2021": null, "2022": null, "2023": null, "2024": null, "2025": null, "2026": null}, "total_retreat_m": null, "speed_m_per_year": 0.0, "r_squared": 0.0, "std_error": 0.0, "ci_95_low": 0.0, "ci_95_high": 0.0, "valid_years": 0, "confidence": "low", "risk_class": "low", "anchor": [50.42796577356722, 44.44804981359668], "outliers_removed": 0}}, {"type": "Feature", "geometry": {"type": "LineString", "coordinates": [[50.43171600116323, 44.444438132361064], [50.28067487547224, 44.363745863183745]]}, "properties": {"transect_id": 36, "baseline_distance_m": 17500, "positions": {"2000": null, "2001": null, "2002": null, "2003": null, "2004": null, "2005": null, "2006": null, "2007": null, "2008": null, "2009": null, "2010": null, "2011": null, "2013": null, "2014": null, "2015": null, "2016": null, "2017": null, "2018": null, "2019": null, "2020": null, "2021": null, "2022": null, "2023": null, "2024": null, "2025": null, "2026": null}, "total_retreat_m": null, "speed_m_per_year": 0.0, "r_squared": 0.0, "std_error": 0.0, "ci_95_low": 0.0, "ci_95_high": 0.0, "valid_years": 0, "confidence": "low", "risk_class": "low", "anchor": [50.43171600116323, 44.444438132361064], "outliers_removed": 0}}, {"type": "Feature", "geometry": {"type": "LineString", "coordinates": [[50.43546576562267, 44.440826323322355], [50.28442865618051, 44.360138988886064]]}, "properties": {"transect_id": 37, "baseline_distance_m": 18000, "positions": {"2000": null, "2001": null, "2002": null, "2003": null, "2004": null, "2005": null, "2006": null, "2007": null, "2008": null, "2009": null, "2010": null, "2011": null, "2013": null, "2014": null, "2015": null, "2016": null, "2017": null, "2018": null, "2019": null, "2020": null, "2021": null, "2022": null, "2023": null, "2024": null, "2025": null, "2026": null}, "total_retreat_m": null, "speed_m_per_year": 0.0, "r_squared": 0.0, "std_error": 0.0, "ci_95_low": 0.0, "ci_95_high": 0.0, "valid_years": 0, "confidence": "low", "risk_class": "low", "anchor": [50.43546576562267, 44.440826323322355], "outliers_removed": 0}}, {"type": "Feature", "geometry": {"type": "LineString", "coordinates": [[50.439215067051364, 44.43721438652674], [50.28818197503279, 44.35653198593818]]}, "properties": {"transect_id": 38, "baseline_distance_m": 18500, "positions": {"2000": null, "2001": null, "2002": null, "2003": null, "2004": null, "2005": null, "2006": null, "2007": null, "2008": null, "2009": null, "2010": null, "2011": null, "2013": null, "2014": null, "2015": null, "2016": null, "2017": null, "2018": null, "2019": null, "2020": null, "2021": null, "2022": null, "2023": null, "2024": null, "2025": null, "2026": null}, "total_retreat_m": null, "speed_m_per_year": 0.0, "r_squared": 0.0, "std_error": 0.0, "ci_95_low": 0.0, "ci_95_high": 0.0, "valid_years": 0, "confidence": "low", "risk_class": "low", "anchor": [50.439215067051364, 44.43721438652674], "outliers_removed": 0}}, {"type": "Feature", "geometry": {"type": "LineString", "coordinates": [[50.44296390555509, 44.43360232202038], [50.29193483213408, 44.3529248543863]]}, "properties": {"transect_id": 39, "baseline_distance_m": 19000, "positions": {"2000": null, "2001": null, "2002": null, "2003": null, "2004": null, "2005": null, "2006": null, "2007": null, "2008": null, "2009": null, "2010": null, "2011": null, "2013": null, "2014": null, "2015": null, "2016": null, "2017": null, "2018": null, "2019": null, "2020": null, "2021": null, "2022": null, "2023": null, "2024": null, "2025": null, "2026": null}, "total_retreat_m": null, "speed_m_per_year": 0.0, "r_squared": 0.0, "std_error": 0.0, "ci_95_low": 0.0, "ci_95_high": 0.0, "valid_years": 0, "confidence": "low", "risk_class": "low", "anchor": [50.44296390555509, 44.43360232202038], "outliers_removed": 0}}, {"type": "Feature", "geometry": {"type": "LineString", "coordinates": [[50.44671228123963, 44.429990129849415], [50.29568722758936, 44.34931759427655]]}, "properties": {"transect_id": 40, "baseline_distance_m": 19500, "positions": {"2000": null, "2001": null, "2002": null, "2003": null, "2004": null, "2005": null, "2006": null, "2007": null, "2008": null, "2009": null, "2010": null, "2011": null, "2013": null, "2014": null, "2015": null, "2016": null, "2017": null, "2018": null, "2019": null, "2020": null, "2021": null, "2022": null, "2023": null, "2024": null, "2025": null, "2026": null}, "total_retreat_m": null, "speed_m_per_year": 0.0, "r_squared": 0.0, "std_error": 0.0, "ci_95_low": 0.0, "ci_95_high": 0.0, "valid_years": 0, "confidence": "low", "risk_class": "low", "anchor": [50.44671228123963, 44.429990129849415], "outliers_removed": 0}}, {"type": "Feature", "geometry": {"type": "LineString", "coordinates": [[50.450460194210734, 44.42637781006002], [50.299439161503585, 44.345710205655124]]}, "properties": {"transect_id": 41, "baseline_distance_m": 20000, "positions": {"2000": null, "2001": null, "2002": null, "2003": null, "2004": null, "2005": null, "2006": null, "2007": null, "2008": null, "2009": null, "2010": null, "2011": null, "2013": null, "2014": null, "2015": null, "2016": null, "2017": null, "2018": null, "2019": null, "2020": null, "2021": null, "2022": null, "2023": null, "2024": null, "2025": null, "2026": null}, "total_retreat_m": null, "speed_m_per_year": 0.0, "r_squared": 0.0, "std_error": 0.0, "ci_95_low": 0.0, "ci_95_high": 0.0, "valid_years": 0, "confidence": "low", "risk_class": "low", "anchor": [50.450460194210734, 44.42637781006002], "outliers_removed": 0}}, {"type": "Feature", "geometry": {"type": "LineString", "coordinates": [[50.45420764457416, 44.4227653626983], [50.30319063398169, 44.34210268856814]]}, "properties": {"transect_id": 42, "baseline_distance_m": 20500, "positions": {"2000": null, "2001": null, "2002": null, "2003": null, "2004": null, "2005": null, "2006": null, "2007": null, "2008": null, "2009": null, "2010": null, "2011": null, "2013": null, "2014": null, "2015": null, "2016": null, "2017": null, "2018": null, "2019": null, "2020": null, "2021": null, "2022": null, "2023": null, "2024": null, "2025": null, "2026": null}, "total_retreat_m": null, "speed_m_per_year": 0.0, "r_squared": 0.0, "std_error": 0.0, "ci_95_low": 0.0, "ci_95_high": 0.0, "valid_years": 0, "confidence": "low", "risk_class": "low", "anchor": [50.45420764457416, 44.4227653626983], "outliers_removed": 0}}, {"type": "Feature", "geometry": {"type": "LineString", "coordinates": [[50.45795463243562, 44.41915278781039], [50.30694164512862, 44.33849504306176]]}, "properties": {"transect_id": 43, "baseline_distance_m": 21000, "positions": {"2000": null, "2001": null, "2002": null, "2003": null, "2004": null, "2005": null, "2006": null, "2007": null, "2008": null, "2009": null, "2010": null, "2011": null, "2013": null, "2014": null, "2015": null, "2016": null, "2017": null, "2018": null, "2019": null, "2020": null, "2021": null, "2022": null, "2023": null, "2024": null, "2025": null, "2026": null}, "total_retreat_m": null, "speed_m_per_year": 0.0, "r_squared": 0.0, "std_error": 0.0, "ci_95_low": 0.0, "ci_95_high": 0.0, "valid_years": 0, "confidence": "low", "risk_class": "low", "anchor": [50.45795463243562, 44.41915278781039], "outliers_removed": 0}}, {"type": "Feature", "geometry": {"type": "LineString", "coordinates": [[50.46170115790083, 44.41554008544242], [50.310692195049256, 44.334887269182126]]}, "properties": {"transect_id": 44, "baseline_distance_m": 21500, "positions": {"2000": null, "2001": null, "2002": null, "2003": null, "2004": null, "2005": null, "2006": null, "2007": null, "2008": null, "2009": null, "2010": null, "2011": null, "2013": null, "2014": null, "2015": null, "2016": null, "2017": null, "2018": null, "2019": null, "2020": null, "2021": null, "2022": null, "2023": null, "2024": null, "2025": null, "2026": null}, "total_retreat_m": null, "speed_m_per_year": 0.0, "r_squared": 0.0, "std_error": 0.0, "ci_95_low": 0.0, "ci_95_high": 0.0, "valid_years": 0, "confidence": "low", "risk_class": "low", "anchor": [50.46170115790083, 44.41554008544242], "outliers_removed": 0}}, {"type": "Feature", "geometry": {"type": "LineString", "coordinates": [[50.46544722107548, 44.41192725564049], [50.3144422838485, 44.331279366975345]]}, "properties": {"transect_id": 45, "baseline_distance_m": 22000, "positions": {"2000": -14897.7, "2001": null, "2002": -14893.2, "2003": null, "2004": null, "2005": null, "2006": null, "2007": null, "2008": -14782.7, "2009": null, "2010": -14895.5, "2011": -14895.4, "2013": null, "2014": null, "2015": -14895.5, "2016": -14886.1, "2017": -14894.9, "2018": null, "2019": -14886.2, "2020": -14880.4, "2021": -14877.8, "2022": -14879.2, "2023": -14870.9, "2024": -14869.8, "2025": -14870.5, "2026": -14868.1}, "total_retreat_m": -29.6, "speed_m_per_year": 1.16, "r_squared": 0.712, "std_error": 0.2, "ci_95_low": 0.72, "ci_95_high": 1.6, "valid_years": 16, "confidence": "medium", "risk_class": "low", "anchor": [50.46544722107548, 44.41192725564049], "outliers_removed": 1}}, {"type": "Feature", "geometry": {"type": "LineString", "coordinates": [[50.46919282206524, 44.40831429845072], [50.318191911631224, 44.32767133648752]]}, "properties": {"transect_id": 46, "baseline_distance_m": 22500, "positions": {"2000": -14567.5, "2001": null, "2002": -14584.9, "2003": null, "2004": null, "2005": null, "2006": null, "2007": -14596.0, "2008": -14515.5, "2009": -14572.4, "2010": -14589.3, "2011": -14640.3, "2013": null, "2014": null, "2015": -14644.7, "2016": -14642.0, "2017": -14670.1, "2018": null, "2019": -14655.7, "2020": -14643.7, "2021": -14656.2, "2022": -14658.9, "2023": -14668.6, "2024": -14661.5, "2025": -14684.6, "2026": -14683.0}, "total_retreat_m": 115.5, "speed_m_per_year": -4.47, "r_squared": 0.848, "std_error": 0.49, "ci_95_low": -5.51, "ci_95_high": -3.42, "valid_years": 18, "confidence": "medium", "risk_class": "low", "anchor": [50.46919282206524, 44.40831429845072], "outliers_removed": 1}}, {"type": "Feature", "geometry": {"type": "LineString", "coordinates": [[50.472937960975756, 44.40470121391916], [50.32194107850229, 44.324063177764785]]}, "properties": {"transect_id": 47, "baseline_distance_m": 23000, "positions": {"2000": -14268.0, "2001": null, "2002": -14262.3, "2003": null, "2004": null, "2005": null, "2006": null, "2007": -14284.6, "2008": -14244.5, "2009": -14232.5, "2010": -14269.6, "2011": -14287.5, "2013": null, "2014": null, "2015": -14303.4, "2016": -14332.7, "2017": -14310.3, "2018": null, "2019": -14347.8, "2020": -14338.7, "2021": -14351.2, "2022": -14396.9, "2023": -14454.3, "2024": -14456.6, "2025": -14498.9, "2026": -14479.1}, "total_retreat_m": 211.1, "speed_m_per_year": -9.18, "r_squared": 0.761, "std_error": 1.29, "ci_95_low": -11.91, "ci_95_high": -6.46, "valid_years": 18, "confidence": "medium", "risk_class": "medium", "anchor": [50.472937960975756, 44.40470121391916], "outliers_removed": 0}}, {"type": "Feature", "geometry": {"type": "LineString", "coordinates": [[50.476682637912674, 44.40108800209193], [50.32568978456655, 44.320454890853206]]}, "properties": {"transect_id": 48, "baseline_distance_m": 23500, "positions": {"2000": -14090.8, "2001": null, "2002": -14098.1, "2003": null, "2004": null, "2005": null, "2006": null, "2007": -14139.4, "2008": -14085.6, "2009": -14088.6, "2010": -14109.2, "2011": -14127.7, "2013": null, "2014": null, "2015": -14159.8, "2016": -14157.7, "2017": -14162.5, "2018": null, "2019": -14193.0, "2020": -14159.2, "2021": -14203.3, "2022": -14200.8, "2023": -14343.4, "2024": -14349.4, "2025": -14353.4, "2026": -14356.1}, "total_retreat_m": 265.3, "speed_m_per_year": -10.32, "r_squared": 0.721, "std_error": 1.61, "ci_95_low": -13.72, "ci_95_high": -6.91, "valid_years": 18, "confidence": "medium", "risk_class": "medium", "anchor": [50.476682637912674, 44.40108800209193], "outliers_removed": 0}}, {"type": "Feature", "geometry": {"type": "LineString", "coordinates": [[50.48042685298162, 44.39747466301509], [50.329438029928795, 44.316846475798904]]}, "properties": {"transect_id": 49, "baseline_distance_m": 24000, "positions": {"2000": -14119.8, "2001": null, "2002": -14035.9, "2003": null, "2004": null, "2005": null, "2006": null, "2007": -14113.1, "2008": -14037.5, "2009": -14122.4, "2010": -14122.7, "2011": -14136.3, "2013": null, "2014": null, "2015": -14154.5, "2016": -14162.8, "2017": -14156.7, "2018": null, "2019": -14160.7, "2020": -14159.4, "2021": -14182.7, "2022": -14224.0, "2023": -14316.2, "2024": -14316.9, "2025": -14387.7, "2026": -14332.8}, "total_retreat_m": 213.0, "speed_m_per_year": -10.44, "r_squared": 0.711, "std_error": 1.67, "ci_95_low": -13.98, "ci_95_high": -6.91, "valid_years": 18, "confidence": "medium", "risk_class": "medium", "anchor": [50.48042685298162, 44.39747466301509], "outliers_removed": 0}}, {"type": "Feature", "geometry": {"type": "LineString", "coordinates": [[50.484170606288195, 44.39386119673469], [50.333185814693856, 44.313237932647915]]}, "properties": {"transect_id": 50, "baseline_distance_m": 24500, "positions": {"2000": -13695.4, "2001": -13687.3, "2002": -13697.5, "2003": null, "2004": null, "2005": null, "2006": null, "2007": -13723.9, "2008": -13641.4, "2009": -13688.3, "2010": -13690.1, "2011": -13694.4, "2013": null, "2014": null, "2015": -13769.2, "2016": -13755.8, "2017": -13757.6, "2018": null, "2019": -13823.8, "2020": -13784.1, "2021": -13871.1, "2022": -13894.4, "2023": -13932.1, "2024": -13944.3, "2025": -13985.6, "2026": -13985.7}, "total_retreat_m": 290.3, "speed_m_per_year": -11.77, "r_squared": 0.781, "std_error": 1.51, "ci_95_low": -14.96, "ci_95_high": -8.59, "valid_years": 19, "confidence": "medium", "risk_class": "medium", "anchor": [50.484170606288195, 44.39386119673469], "outliers_removed": 0}}, {"type": "Feature", "geometry": {"type": "LineString", "coordinates": [[50.48791389793798, 44.39024760329681], [50.336933138966515, 44.30962926144633]]}, "properties": {"transect_id": 51, "baseline_distance_m": 25000, "positions": {"2000": -13313.8, "2001": -13308.5, "2002": -13310.5, "2003": null, "2004": null, "2005": null, "2006": null, "2007": -13314.5, "2008": -13309.1, "2009": -13310.6, "2010": -13310.3, "2011": -13323.3, "2013": null, "2014": null, "2015": -13409.3, "2016": -13409.1, "2017": -13408.8, "2018": null, "2019": -13412.4, "2020": -13398.1, "2021": -13514.6, "2022": -13658.8, "2023": -13651.9, "2024": -13658.0, "2025": -13657.9, "2026": -13666.1}, "total_retreat_m": 352.3, "speed_m_per_year": -15.02, "r_squared": 0.755, "std_error": 2.07, "ci_95_low": -19.39, "ci_95_high": -10.64, "valid_years": 19, "confidence": "medium", "risk_class": "medium", "anchor": [50.48791389793798, 44.39024760329681], "outliers_removed": 0}}, {"type": "Feature", "geometry": {"type": "LineString", "coordinates": [[50.49165672803653, 44.38663388274747], [50.340680002851535, 44.30602046224023]]}, "properties": {"transect_id": 52, "baseline_distance_m": 25500, "positions": {"2000": -13064.5, "2001": -13061.8, "2002": -13056.8, "2003": null, "2004": null, "2005": null, "2006": null, "2007": -13067.7, "2008": -13060.0, "2009": -13047.6, "2010": -13058.7, "2011": -13075.3, "2013": null, "2014": null, "2015": -13095.8, "2016": -13072.6, "2017": -13068.6, "2018": null, "2019": -13091.9, "2020": -13092.5, "2021": -13102.6, "2022": -13132.3, "2023": -13139.6, "2024": -13160.4, "2025": -13234.2, "2026": -13203.9}, "total_retreat_m": 139.4, "speed_m_per_year": -4.88, "r_squared": 0.615, "std_error": 0.94, "ci_95_low": -6.85, "ci_95_high": -2.9, "valid_years": 19, "confidence": "medium", "risk_class": "low", "anchor": [50.49165672803653, 44.38663388274747], "outliers_removed": 0}}, {"type": "Feature", "geometry": {"type": "LineString", "coordinates": [[50.49539909668943, 44.38302003513272], [50.344426406453685, 44.30241153507564]]}, "properties": {"transect_id": 53, "baseline_distance_m": 26000, "positions": {"2000": -12673.9, "2001": -12751.9, "2002": -12763.5, "2003": null, "2004": null, "2005": null, "2006": null, "2007": -12760.5, "2008": -12754.2, "2009": -12757.4, "2010": -12761.0, "2011": -12766.3, "2013": null, "2014": null, "2015": -12814.6, "2016": -12793.1, "2017": -12792.8, "2018": null, "2019": -12817.5, "2020": -12813.4, "2021": -12843.8, "2022": -12872.0, "2023": -12917.0, "2024": -12911.1, "2025": -12918.0, "2026": -12919.4}, "total_retreat_m": 245.5, "speed_m_per_year": -7.6, "r_squared": 0.838, "std_error": 0.81, "ci_95_low": -9.31, "ci_95_high": -5.89, "valid_years": 19, "confidence": "medium", "risk_class": "low", "anchor": [50.49539909668943, 44.38302003513272], "outliers_removed": 0}}, {"type": "Feature", "geometry": {"type": "LineString", "coordinates": [[50.49914100400219, 44.37940606049859], [50.3481723498777, 44.298802479998585]]}, "properties": {"transect_id": 54, "baseline_distance_m": 26500, "positions": {"2000": -12435.9, "2001": -12417.6, "2002": -12435.0, "2003": null, "2004": null, "2005": null, "2006": null, "2007": -12378.6, "2008": -12429.7, "2009": -12420.7, "2010": -12421.6, "2011": -12438.7, "2013": null, "2014": null, "2015": -12446.9, "2016": -12449.5, "2017": -12451.4, "2018": null, "2019": -12482.6, "2020": -12457.3, "2021": -12540.5, "2022": -12647.0, "2023": -12650.1, "2024": -12647.9, "2025": -12652.4, "2026": -12651.9}, "total_retreat_m": 216.0, "speed_m_per_year": -9.49, "r_squared": 0.657, "std_error": 1.67, "ci_95_low": -13.01, "ci_95_high": -5.98, "valid_years": 19, "confidence": "medium", "risk_class": "medium", "anchor": [50.49914100400219, 44.37940606049859], "outliers_removed": 0}}, {"type": "Feature", "geometry": {"type": "LineString", "coordinates": [[50.50288245008033, 44.375791958891085], [50.35191783322829, 44.295193297055135]]}, "properties": {"transect_id": 55, "baseline_distance_m": 27000, "positions": {"2000": -12225.8, "2001": -12217.9, "2002": -12226.3, "2003": null, "2004": null, "2005": null, "2006": null, "2007": -12217.6, "2008": -12223.0, "2009": -12219.2, "2010": -12224.1, "2011": -12238.8, "2013": null, "2014": null, "2015": -12272.8, "2016": -12283.3, "2017": -12289.5, "2018": null, "2019": -12369.3, "2020": -12300.5, "2021": -12403.4, "2022": -12431.4, "2023": -12462.8, "2024": -12507.6, "2025": -12546.5, "2026": -12541.3}, "total_retreat_m": 315.5, "speed_m_per_year": -12.44, "r_squared": 0.771, "std_error": 1.65, "ci_95_low": -15.92, "ci_95_high": -8.97, "valid_years": 19, "confidence": "medium", "risk_class": "medium", "anchor": [50.50288245008033, 44.375791958891085], "outliers_removed": 0}}, {"type": "Feature", "geometry": {"type": "LineString", "coordinates": [[50.50662343502935, 44.37217773035622], [50.35566285661018, 44.2915839862913]]}, "properties": {"transect_id": 56, "baseline_distance_m": 27500, "positions": {"2000": -12192.4, "2001": -12196.2, "2002": -12179.6, "2003": null, "2004": null, "2005": null, "2006": null, "2007": -12193.1, "2008": -12196.0, "2009": -12199.5, "2010": -12196.9, "2011": -12225.2, "2013": null, "2014": null, "2015": -12295.5, "2016": -12280.5, "2017": -12282.8, "2018": null, "2019": -12477.2, "2020": -12482.6, "2021": -12485.1, "2022": -12487.3, "2023": -12478.8, "2024": -12491.8, "2025": -12483.1, "2026": -12493.9}, "total_retreat_m": 301.5, "speed_m_per_year": -14.96, "r_squared": 0.837, "std_error": 1.6, "ci_95_low": -18.33, "ci_95_high": -11.58, "valid_years": 19, "confidence": "medium", "risk_class": "medium", "anchor": [50.50662343502935, 44.37217773035622], "outliers_removed": 0}}, {"type": "Feature", "geometry": {"type": "LineString", "coordinates": [[50.51036395895473, 44.36856337494001], [50.359407420128036, 44.28797454775309]]}, "properties": {"transect_id": 57, "baseline_distance_m": 28000, "positions": {"2000": -11890.9, "2001": -11890.6, "2002": -11892.8, "2003": null, "2004": null, "2005": null, "2006": null, "2007": -11892.6, "2008": -11881.3, "2009": -11894.5, "2010": -11889.5, "2011": -11900.4, "2013": null, "2014": null, "2015": -11899.7, "2016": -11911.2, "2017": -11912.7, "2018": null, "2019": -11925.9, "2020": -11911.2, "2021": -11934.2, "2022": -11952.6, "2023": -11961.3, "2024": -11955.9, "2025": -11988.6, "2026": -11987.7}, "total_retreat_m": 96.8, "speed_m_per_year": -3.48, "r_squared": 0.738, "std_error": 0.5, "ci_95_low": -4.54, "ci_95_high": -2.42, "valid_years": 19, "confidence": "medium", "risk_class": "low", "anchor": [50.51036395895473, 44.36856337494001], "outliers_removed": 0}}, {"type": "Feature", "geometry": {"type": "LineString", "coordinates": [[50.514104021961934, 44.36494889268841], [50.36315152388654, 44.2843649814865]]}, "properties": {"transect_id": 58, "baseline_distance_m": 28500, "positions": {"2000": -11748.7, "2001": -11735.7, "2002": -11751.1, "2003": null, "2004": null, "2005": null, "2006": null, "2007": -11736.5, "2008": -11668.5, "2009": -11726.6, "2010": -11733.6, "2011": -11737.3, "2013": null, "2014": null, "2015": -11743.4, "2016": -11769.0, "2017": -11762.9, "2018": null, "2019": -11751.6, "2020": -11761.7, "2021": -11757.2, "2022": -11756.5, "2023": -11728.5, "2024": -11735.1, "2025": -11742.3, "2026": -11747.8}, "total_retreat_m": -0.9, "speed_m_per_year": -0.3, "r_squared": 0.043, "std_error": 0.36, "ci_95_low": -1.06, "ci_95_high": 0.46, "valid_years": 19, "confidence": "low", "risk_class": "low", "anchor": [50.514104021961934, 44.36494889268841], "outliers_removed": 1}}, {"type": "Feature", "geometry": {"type": "LineString", "coordinates": [[50.51784362415642, 44.36133428364745], [50.36689516799034, 44.28075528753756]]}, "properties": {"transect_id": 59, "baseline_distance_m": 29000, "positions": {"2000": -11305.1, "2001": -11305.1, "2002": -11314.7, "2003": null, "2004": null, "2005": null, "2006": null, "2007": -11295.5, "2008": -11291.3, "2009": -11299.5, "2010": -11295.9, "2011": -11316.4, "2013": null, "2014": -14809.2, "2015": -11313.1, "2016": -11316.8, "2017": -11316.7, "2018": null, "2019": -11311.9, "2020": -11314.3, "2021": -11314.4, "2022": -11316.0, "2023": -11342.2, "2024": -11338.9, "2025": -11382.0, "2026": -11369.4}, "total_retreat_m": 64.3, "speed_m_per_year": -0.61, "r_squared": 0.0, "std_error": 22.48, "ci_95_low": -47.85, "ci_95_high": 46.62, "valid_years": 20, "confidence": "low", "risk_class": "low", "anchor": [50.51784362415642, 44.36133428364745], "outliers_removed": 20}}, {"type": "Feature", "geometry": {"type": "LineString", "coordinates": [[50.52158276564361, 44.357719547863056], [50.37063835254408, 44.27714546595221]]}, "properties": {"transect_id": 60, "baseline_distance_m": 29500, "positions": {"2000": -10923.5, "2001": -10915.1, "2002": -10913.8, "2003": null, "2004": null, "2005": null, "2006": null, "2007": -10924.6, "2008": -10912.0, "2009": -10911.1, "2010": -10930.6, "2011": -10935.9, "2013": null, "2014": null, "2015": -10954.9, "2016": -10923.5, "2017": -10919.5, "2018": null, "2019": -10927.2, "2020": -10945.0, "2021": -10951.7, "2022": -11006.7, "2023": -11012.5, "2024": -11017.4, "2025": -11037.5, "2026": -11029.8}, "total_retreat_m": 106.3, "speed_m_per_year": -4.16, "r_squared": 0.626, "std_error": 0.78, "ci_95_low": -5.81, "ci_95_high": -2.51, "valid_years": 19, "confidence": "medium", "risk_class": "low", "anchor": [50.52158276564361, 44.357719547863056], "outliers_removed": 0}}, {"type": "Feature", "geometry": {"type": "LineString", "coordinates": [[50.525321446528906, 44.35410468538122], [50.374381077652366, 44.27353551677646]]}, "properties": {"transect_id": 61, "baseline_distance_m": 30000, "positions": {"2000": -10522.3, "2001": -10516.5, "2002": -10518.9, "2003": null, "2004": null, "2005": null, "2006": null, "2007": -10508.3, "2008": -10509.5, "2009": -10516.3, "2010": -10512.9, "2011": -10515.5, "2013": null, "2014": -10595.7, "2015": -10633.9, "2016": -10574.8, "2017": -10576.5, "2018": null, "2019": -10574.5, "2020": -10573.6, "2021": -10581.0, "2022": -10583.7, "2023": -10580.9, "2024": -10628.8, "2025": -10623.9, "2026": -10667.6}, "total_retreat_m": 145.3, "speed_m_per_year": -4.91, "r_squared": 0.68, "std_error": 0.79, "ci_95_low": -6.58, "ci_95_high": -3.24, "valid_years": 20, "confidence": "medium", "risk_class": "low", "anchor": [50.525321446528906, 44.35410468538122], "outliers_removed": 0}}, {"type": "Feature", "geometry": {"type": "LineString", "coordinates": [[50.52905966691772, 44.35048969624788], [50.37812334341981, 44.26992544005629]]}, "properties": {"transect_id": 62, "baseline_distance_m": 30500, "positions": {"2000": -9862.9, "2001": -9860.6, "2002": -9854.1, "2003": null, "2004": null, "2005": null, "2006": null, "2007": -9855.4, "2008": -9850.8, "2009": -9844.4, "2010": -9852.2, "2011": -9890.1, "2013": null, "2014": -10142.4, "2015": -10043.6, "2016": -10017.5, "2017": -10012.0, "2018": null, "2019": -10039.4, "2020": -10034.2, "2021": -10048.0, "2022": -10052.8, "2023": -10046.1, "2024": -10050.8, "2025": -10046.6, "2026": -10097.8}, "total_retreat_m": 234.9, "speed_m_per_year": -10.46, "r_squared": 0.839, "std_error": 1.11, "ci_95_low": -12.8, "ci_95_high": -8.12, "valid_years": 20, "confidence": "high", "risk_class": "medium", "anchor": [50.52905966691772, 44.35048969624788], "outliers_removed": 1}}, {"type": "Feature", "geometry": {"type": "LineString", "coordinates": [[50.53279742691542, 44.346874580508995], [50.381865149951, 44.26631523583763]]}, "properties": {"transect_id": 63, "baseline_distance_m": 31000, "positions": {"2000": -9157.6, "2001": -9145.4, "2002": -9147.2, "2003": null, "2004": null, "2005": null, "2006": null, "2007": -9145.3, "2008": -9109.6, "2009": -9147.0, "2010": -9149.2, "2011": -9151.1, "2013": null, "2014": -9147.2, "2015": -9160.8, "2016": -9201.7, "2017": -9199.5, "2018": null, "2019": -9192.0, "2020": -9202.0, "2021": -9201.4, "2022": -9203.0, "2023": -9206.3, "2024": -9205.2, "2025": -9212.7, "2026": -9241.2}, "total_retreat_m": 83.6, "speed_m_per_year": -3.48, "r_squared": 0.713, "std_error": 0.52, "ci_95_low": -4.57, "ci_95_high": -2.38, "valid_years": 20, "confidence": "medium", "risk_class": "low", "anchor": [50.53279742691542, 44.346874580508995], "outliers_removed": 0}}, {"type": "Feature", "geometry": {"type": "LineString", "coordinates": [[50.53653472662737, 44.343259338210494], [50.385606497350494, 44.26270490416645]]}, "properties": {"transect_id": 64, "baseline_distance_m": 31500, "positions": {"2000": -8571.9, "2001": -8554.5, "2002": -8556.4, "2003": null, "2004": null, "2005": null, "2006": null, "2007": -8548.0, "2008": -8551.3, "2009": -8570.3, "2010": -8560.9, "2011": -8586.5, "2013": null, "2014": -8529.4, "2015": -8647.6, "2016": -8662.2, "2017": -8656.6, "2018": null, "2019": -8654.8, "2020": -8661.7, "2021": -8656.6, "2022": -8655.6, "2023": -8658.7, "2024": -8657.1, "2025": -8659.2, "2026": -8663.8}, "total_retreat_m": 91.9, "speed_m_per_year": -5.25, "r_squared": 0.809, "std_error": 0.62, "ci_95_low": -6.55, "ci_95_high": -3.94, "valid_years": 20, "confidence": "high", "risk_class": "low", "anchor": [50.53653472662737, 44.343259338210494], "outliers_removed": 1}}, {"type": "Feature", "geometry": {"type": "LineString", "coordinates": [[50.540271566158914, 44.33964396939831], [50.38934738572284, 44.25909444508867]]}, "properties": {"transect_id": 65, "baseline_distance_m": 32000, "positions": {"2000": -7958.2, "2001": -7929.1, "2002": -7959.6, "2003": null, "2004": null, "2005": null, "2006": null, "2007": -7955.3, "2008": -7949.9, "2009": -7925.5, "2010": -7928.2, "2011": -7949.1, "2013": null, "2014": -7951.1, "2015": -7966.6, "2016": -7967.6, "2017": -7961.0, "2018": null, "2019": -7971.0, "2020": -7973.6, "2021": -8017.3, "2022": -8023.9, "2023": -8023.8, "2024": -8061.7, "2025": -8065.3, "2026": -8071.7}, "total_retreat_m": 113.5, "speed_m_per_year": -4.57, "r_squared": 0.651, "std_error": 0.79, "ci_95_low": -6.23, "ci_95_high": -2.91, "valid_years": 20, "confidence": "medium", "risk_class": "low", "anchor": [50.540271566158914, 44.33964396939831], "outliers_removed": 0}}, {"type": "Feature", "geometry": {"type": "LineString", "coordinates": [[50.54400794561537, 44.336028474118336], [50.393087815172606, 44.255483858650244]]}, "properties": {"transect_id": 66, "baseline_distance_m": 32500, "positions": {"2000": -7432.7, "2001": -7433.5, "2002": -7436.1, "2003": null, "2004": null, "2005": null, "2006": null, "2007": -7425.4, "2008": -7415.2, "2009": -7411.2, "2010": -7405.0, "2011": -7417.8, "2013": null, "2014": -7422.5, "2015": -7467.3, "2016": -7443.2, "2017": -7436.1, "2018": null, "2019": -7446.0, "2020": -7480.0, "2021": -7491.2, "2022": -7528.8, "2023": -7529.5, "2024": -7532.1, "2025": -7537.8, "2026": -7541.7}, "total_retreat_m": 109.0, "speed_m_per_year": -4.71, "r_squared": 0.647, "std_error": 0.82, "ci_95_low": -6.44, "ci_95_high": -2.99, "valid_years": 20, "confidence": "medium", "risk_class": "low", "anchor": [50.54400794561537, 44.336028474118336], "outliers_removed": 0}}, {"type": "Feature", "geometry": {"type": "LineString", "coordinates": [[50.54774386510206, 44.332412852416525], [50.39682778580426, 44.251873144897104]]}, "properties": {"transect_id": 67, "baseline_distance_m": 33000, "positions": {"2000": -6798.3, "2001": -6822.8, "2002": -6826.5, "2003": null, "2004": null, "2005": null, "2006": null, "2007": -6822.2, "2008": -6806.0, "2009": -6828.1, "2010": -6830.1, "2011": -6841.8, "2013": null, "2014": -6839.4, "2015": -6880.9, "2016": -6845.2, "2017": -6845.3, "2018": null, "2019": -6846.2, "2020": -6846.9, "2021": -6853.6, "2022": -6872.6, "2023": -6882.3, "2024": -6889.4, "2025": -6897.5, "2026": -6898.2}, "total_retreat_m": 99.9, "speed_m_per_year": -3.15, "r_squared": 0.768, "std_error": 0.41, "ci_95_low": -4.0, "ci_95_high": -2.29, "valid_years": 20, "confidence": "medium", "risk_class": "low", "anchor": [50.54774386510206, 44.332412852416525], "outliers_removed": 0}}, {"type": "Feature", "geometry": {"type": "LineString", "coordinates": [[50.551479324724255, 44.32879710433873], [50.40056729772235, 44.248262303875144]]}, "properties": {"transect_id": 68, "baseline_distance_m": 33500, "positions": {"2000": -6352.7, "2001": -6355.6, "2002": -6352.9, "2003": null, "2004": null, "2005": null, "2006": null, "2007": -6347.4, "2008": -6355.2, "2009": -6356.5, "2010": -6351.6, "2011": -6359.1, "2013": null, "2014": -6355.5, "2015": -6460.8, "2016": -6450.3, "2017": -6487.2, "2018": null, "2019": -6490.1, "2020": -6493.9, "2021": -6499.3, "2022": -6506.4, "2023": -6507.3, "2024": -6513.3, "2025": -6515.6, "2026": -6529.1}, "total_retreat_m": 176.4, "speed_m_per_year": -8.29, "r_squared": 0.834, "std_error": 0.87, "ci_95_low": -10.12, "ci_95_high": -6.46, "valid_years": 20, "confidence": "high", "risk_class": "medium", "anchor": [50.551479324724255, 44.32879710433873], "outliers_removed": 0}}, {"type": "Feature", "geometry": {"type": "LineString", "coordinates": [[50.55521432458725, 44.32518122993088], [50.408731728417465, 44.24054419546333]]}, "properties": {"transect_id": 69, "baseline_distance_m": 34000, "positions": {"2000": -5585.0, "2001": -5587.8, "2002": -5569.1, "2003": null, "2004": null, "2005": null, "2006": null, "2007": -5581.1, "2008": -5586.5, "2009": -5597.3, "2010": -5590.4, "2011": -5613.2, "2013": null, "2014": -5601.3, "2015": -5623.0, "2016": -6879.7, "2017": -5655.9, "2018": null, "2019": -5649.5, "2020": -5654.9, "2021": -5654.6, "2022": -5649.8, "2023": -5648.6, "2024": -5652.8, "2025": -5655.1, "2026": -5664.6}, "total_retreat_m": 79.6, "speed_m_per_year": -4.57, "r_squared": 0.912, "std_error": 1.01, "ci_95_low": -8.91, "ci_95_high": -0.24, "valid_years": 20, "confidence": "high", "risk_class": "low", "anchor": [50.55521432458725, 44.32518122993088], "outliers_removed": 16}}, {"type": "Feature", "geometry": {"type": "LineString", "coordinates": [[50.55894886479629, 44.32156522923883], [50.41246979132373, 44.23693294972292]]}, "properties": {"transect_id": 70, "baseline_distance_m": 34500, "positions": {"2000": -4784.8, "2001": -4761.7, "2002": -4771.4, "2003": null, "2004": null, "2005": null, "2006": null, "2007": -4770.5, "2008": -4729.2, "2009": -4762.7, "2010": -4756.6, "2011": -4763.2, "2013": null, "2014": -4675.5, "2015": -4754.4, "2016": -4806.6, "2017": -4787.7, "2018": null, "2019": -4778.7, "2020": -4781.9, "2021": -4788.1, "2022": -4792.7, "2023": -4798.4, "2024": -4771.2, "2025": -4799.9, "2026": -4810.1}, "total_retreat_m": 25.3, "speed_m_per_year": -1.39, "r_squared": 0.331, "std_error": 0.48, "ci_95_low": -2.41, "ci_95_high": -0.38, "valid_years": 20, "confidence": "low", "risk_class": "low", "anchor": [50.55894886479629, 44.32156522923883], "outliers_removed": 1}}, {"type": "Feature", "geometry": {"type": "LineString", "coordinates": [[50.562682945456615, 44.317949102308475], [50.41620739594945, 44.23332157690496]]}, "properties": {"transect_id": 71, "baseline_distance_m": 35000, "positions": {"2000": -4349.6, "2001": -4337.2, "2002": -4346.0, "2003": null, "2004": null, "2005": null, "2006": null, "2007": -4335.7, "2008": -4336.5, "2009": -4346.7, "2010": -4341.3, "2011": -4379.1, "2013": null, "2014": -4341.9, "2015": -4372.6, "2016": -4354.9, "2017": -4339.8, "2018": -12814.0, "2019": -4382.6, "2020": -4380.5, "2021": -4412.7, "2022": -4414.5, "2023": -4433.7, "2024": -4463.9, "2025": -4475.8, "2026": -4464.7}, "total_retreat_m": 115.1, "speed_m_per_year": -4.73, "r_squared": 0.666, "std_error": 0.79, "ci_95_low": -6.38, "ci_95_high": -3.07, "valid_years": 21, "confidence": "medium", "risk_class": "low", "anchor": [50.562682945456615, 44.317949102308475], "outliers_removed": 1}}, {"type": "Feature", "geometry": {"type": "LineString", "coordinates": [[50.566416566673446, 44.31433284918566], [50.419944542399044, 44.22971007705538]]}, "properties": {"transect_id": 72, "baseline_distance_m": 35500, "positions": {"2000": -3790.4, "2001": -3789.0, "2002": -3790.9, "2003": null, "2004": null, "2005": null, "2006": null, "2007": -3786.8, "2008": -3791.4, "2009": -3777.1, "2010": -3789.3, "2011": -3793.9, "2013": null, "2014": -3776.8, "2015": -3802.7, "2016": -3780.4, "2017": -3779.6, "2018": null, "2019": -4028.6, "2020": -4028.4, "2021": -4043.2, "2022": -4046.3, "2023": -4046.5, "2024": -4059.0, "2025": -4089.7, "2026": -4093.6}, "total_retreat_m": 303.2, "speed_m_per_year": -13.65, "r_squared": 0.682, "std_error": 2.19, "ci_95_low": -18.26, "ci_95_high": -9.04, "valid_years": 20, "confidence": "medium", "risk_class": "medium", "anchor": [50.566416566673446, 44.31433284918566], "outliers_removed": 0}}, {"type": "Feature", "geometry": {"type": "LineString", "coordinates": [[50.57020713318511, 44.310749521978096], [50.423738470761066, 44.22613157550776]]}, "properties": {"transect_id": 73, "baseline_distance_m": 36000, "positions": {"2000": -3307.9, "2001": -3319.8, "2002": -3310.4, "2003": null, "2004": null, "2005": null, "2006": null, "2007": -3313.6, "2008": -3322.9, "2009": -3337.3, "2010": -3417.0, "2011": -3472.9, "2013": null, "2014": -3429.4, "2015": -3499.8, "2016": -3493.3, "2017": -3497.8, "2018": null, "2019": -3509.8, "2020": -3510.8, "2021": -3511.8, "2022": -3510.0, "2023": -3511.9, "2024": -3508.6, "2025": -3521.8, "2026": -3525.1}, "total_retreat_m": 217.2, "speed_m_per_year": -9.8, "r_squared": 0.848, "std_error": 0.98, "ci_95_low": -11.85, "ci_95_high": -7.75, "valid_years": 20, "confidence": "high", "risk_class": "medium", "anchor": [50.57020713318511, 44.310749521978096], "outliers_removed": 0}}, {"type": "Feature", "geometry": {"type": "LineString", "coordinates": [[50.57431209008181, 44.30734734121968], [50.427845887953794, 44.222734621226614]]}, "properties": {"transect_id": 74, "baseline_distance_m": 36500, "positions": {"2000": -2689.2, "2001": -2701.4, "2002": -2695.4, "2003": null, "2004": null, "2005": null, "2006": null, "2007": -2684.5, "2008": -2682.2, "2009": -2690.8, "2010": -2700.7, "2011": -2725.0, "2013": null, "2014": -2727.4, "2015": -2781.2, "2016": -2735.8, "2017": -2729.2, "2018": null, "2019": -2779.8, "2020": -2781.1, "2021": -2792.3, "2022": -2827.3, "2023": -2830.8, "2024": -2837.0, "2025": -2868.1, "2026": -2873.8}, "total_retreat_m": 184.6, "speed_m_per_year": -7.13, "r_squared": 0.822, "std_error": 0.78, "ci_95_low": -8.77, "ci_95_high": -5.49, "valid_years": 20, "confidence": "high", "risk_class": "low", "anchor": [50.57431209008181, 44.30734734121968], "outliers_removed": 0}}, {"type": "Feature", "geometry": {"type": "LineString", "coordinates": [[50.57841657239331, 44.3039450090697], [50.431952832281226, 44.21933751474898]]}, "properties": {"transect_id": 75, "baseline_distance_m": 37000, "positions": {"2000": -2193.3, "2001": -2194.6, "2002": -2189.7, "2003": null, "2004": null, "2005": null, "2006": null, "2007": -2187.3, "2008": -2182.1, "2009": -2182.4, "2010": -2191.7, "2011": -2195.1, "2013": null, "2014": -2211.7, "2015": -2212.5, "2016": -2257.8, "2017": -2254.8, "2018": null, "2019": -2251.0, "2020": -2254.5, "2021": -2258.8, "2022": -2303.1, "2023": -2332.0, "2024": -2353.1, "2025": -2353.5, "2026": -2355.3}, "total_retreat_m": 162.0, "speed_m_per_year": -6.71, "r_squared": 0.774, "std_error": 0.86, "ci_95_low": -8.51, "ci_95_high": -4.92, "valid_years": 20, "confidence": "medium", "risk_class": "low", "anchor": [50.57841657239331, 44.3039450090697], "outliers_removed": 0}}, {"type": "Feature", "geometry": {"type": "LineString", "coordinates": [[50.58252058021343, 44.300542525580276], [50.43605930383632, 44.21594025612694]]}, "properties": {"transect_id": 76, "baseline_distance_m": 37500, "positions": {"2000": -1738.3, "2001": -1743.3, "2002": -1741.6, "2003": null, "2004": null, "2005": null, "2006": null, "2007": -1737.8, "2008": -1782.1, "2009": -1736.3, "2010": -1731.4, "2011": -1740.3, "2013": null, "2014": -1691.6, "2015": -1753.1, "2016": -1794.2, "2017": -1789.1, "2018": null, "2019": -1805.3, "2020": -1806.1, "2021": -1823.8, "2022": -1825.5, "2023": -1837.1, "2024": -1884.5, "2025": -1889.5, "2026": -1907.7}, "total_retreat_m": 169.4, "speed_m_per_year": -5.92, "r_squared": 0.66, "std_error": 1.0, "ci_95_low": -8.02, "ci_95_high": -3.82, "valid_years": 20, "confidence": "medium", "risk_class": "low", "anchor": [50.58252058021343, 44.300542525580276], "outliers_removed": 0}}, {"type": "Feature", "geometry": {"type": "LineString", "coordinates": [[50.58662411363601, 44.29713989080353], [50.44016530271201, 44.212542845412564]]}, "properties": {"transect_id": 77, "baseline_distance_m": 38000, "positions": {"2000": -1392.4, "2001": -1406.7, "2002": -1397.2, "2003": null, "2004": null, "2005": null, "2006": null, "2007": -1389.7, "2008": -1389.0, "2009": -1407.8, "2010": -1401.3, "2011": -1439.1, "2013": null, "2014": -1321.4, "2015": -1452.0, "2016": -1445.6, "2017": -1466.6, "2018": -7973.7, "2019": -1477.8, "2020": -1476.9, "2021": -1480.5, "2022": -1486.8, "2023": -1482.3, "2024": -1487.4, "2025": -1496.3, "2026": -1495.8}, "total_retreat_m": 103.4, "speed_m_per_year": -4.64, "r_squared": 0.613, "std_error": 0.87, "ci_95_low": -6.47, "ci_95_high": -2.81, "valid_years": 21, "confidence": "medium", "risk_class": "low", "anchor": [50.58662411363601, 44.29713989080353], "outliers_removed": 1}}, {"type": "Feature", "geometry": {"type": "LineString", "coordinates": [[50.59072717275489, 44.29373710479157], [50.444270829001226, 44.20914528265793]]}, "properties": {"transect_id": 78, "baseline_distance_m": 38500, "positions": {"2000": -906.5, "2001": -897.5, "2002": -907.4, "2003": null, "2004": null, "2005": null, "2006": null, "2007": -885.8, "2008": -887.9, "2009": -893.9, "2010": -897.6, "2011": -906.8, "2013": null, "2014": -2414.7, "2015": -932.6, "2016": -935.9, "2017": -936.5, "2018": null, "2019": -955.1, "2020": -964.7, "2021": -968.9, "2022": -966.6, "2023": -973.8, "2024": -973.0, "2025": -987.5, "2026": -988.3}, "total_retreat_m": 81.8, "speed_m_per_year": -3.35, "r_squared": 0.007, "std_error": 9.55, "ci_95_low": -23.41, "ci_95_high": 16.71, "valid_years": 20, "confidence": "low", "risk_class": "low", "anchor": [50.59072717275489, 44.29373710479157], "outliers_removed": 20}}, {"type": "Feature", "geometry": {"type": "LineString", "coordinates": [[50.59482975766386, 44.29033416759651], [50.448375882796896, 44.20574756791508]]}, "properties": {"transect_id": 79, "baseline_distance_m": 39000, "positions": {"2000": -318.0, "2001": -326.7, "2002": -312.2, "2003": null, "2004": null, "2005": null, "2006": null, "2007": -310.6, "2008": -319.4, "2009": -290.4, "2010": -317.8, "2011": -321.3, "2013": null, "2014": -1049.7, "2015": -326.3, "2016": -323.4, "2017": -317.1, "2018": null, "2019": -318.9, "2020": -319.6, "2021": -319.1, "2022": -320.9, "2023": -334.9, "2024": -330.4, "2025": -366.9, "2026": -371.4}, "total_retreat_m": 53.4, "speed_m_per_year": -1.11, "r_squared": 0.327, "std_error": 0.4, "ci_95_low": -1.96, "ci_95_high": -0.27, "valid_years": 20, "confidence": "low", "risk_class": "low", "anchor": [50.59482975766386, 44.29033416759651], "outliers_removed": 2}}, {"type": "Feature", "geometry": {"type": "LineString", "coordinates": [[50.598931868456745, 44.28693107927044], [50.45248046419193, 44.202349701236066]]}, "properties": {"transect_id": 80, "baseline_distance_m": 39500, "positions": {"2000": null, "2001": null, "2002": null, "2003": null, "2004": null, "2005": null, "2006": null, "2007": null, "2008": null, "2009": null, "2010": null, "2011": null, "2013": null, "2014": -12279.5, "2015": null, "2016": -3294.5, "2017": null, "2018": -6367.0, "2019": -7212.8, "2020": null, "2021": null, "2022": null, "2023": null, "2024": null, "2025": null, "2026": -3239.6}, "total_retreat_m": -9039.9, "speed_m_per_year": 700.5, "r_squared": 0.87, "std_error": 191.43, "ci_95_low": -123.16, "ci_95_high": 1524.15, "valid_years": 5, "confidence": "low", "risk_class": "low", "anchor": [50.598931868456745, 44.28693107927044], "outliers_removed": 1}}, {"type": "Feature", "geometry": {"type": "LineString", "coordinates": [[50.603033505227344, 44.283527839865414], [50.45658457327922, 44.19895168267291]]}, "properties": {"transect_id": 81, "baseline_distance_m": 40000, "positions": {"2000": null, "2001": null, "2002": null, "2003": null, "2004": null, "2005": null, "2006": null, "2007": null, "2008": null, "2009": null, "2010": null, "2011": null, "2013": null, "2014": -12089.1, "2015": -14147.4, "2016": null, "2017": null, "2018": -12393.5, "2019": -6330.4, "2020": null, "2021": null, "2022": null, "2023": null, "2024": -6489.5, "2025": null, "2026": -3716.8}, "total_retreat_m": -8372.3, "speed_m_per_year": 774.73, "r_squared": 0.781, "std_error": 205.3, "ci_95_low": 204.72, "ci_95_high": 1344.74, "valid_years": 6, "confidence": "low", "risk_class": "low", "anchor": [50.603033505227344, 44.283527839865414], "outliers_removed": 0}}, {"type": "Feature", "geometry": {"type": "LineString", "coordinates": [[50.60713466806944, 44.28012444943354], [50.46068821015168, 44.19555351227767]]}, "properties": {"transect_id": 82, "baseline_distance_m": 40500, "positions": {"2000": null, "2001": null, "2002": null, "2003": null, "2004": null, "2005": null, "2006": null, "2007": null, "2008": null, "2009": null, "2010": null, "2011": null, "2013": null, "2014": -7262.0, "2015": -14362.3, "2016": -3320.5, "2017": null, "2018": -5156.6, "2019": -363.8, "2020": null, "2021": null, "2022": null, "2023": null, "2024": null, "2025": null, "2026": -1713.9}, "total_retreat_m": -5548.1, "speed_m_per_year": 688.31, "r_squared": 0.35, "std_error": 468.65, "ci_95_low": -612.87, "ci_95_high": 1989.49, "valid_years": 6, "confidence": "low", "risk_class": "low", "anchor": [50.60713466806944, 44.28012444943354], "outliers_removed": 0}}, {"type": "Feature", "geometry": {"type": "LineString", "coordinates": [[50.611235357076815, 44.276720908026874], [50.46479137490219, 44.19215519010235]]}, "properties": {"transect_id": 83, "baseline_distance_m": 41000, "positions": {"2000": null, "2001": null, "2002": null, "2003": null, "2004": null, "2005": null, "2006": null, "2007": null, "2008": null, "2009": null, "2010": null, "2011": null, "2013": null, "2014": -3140.9, "2015": -13384.7, "2016": -2091.4, "2017": null, "2018": null, "2019": -6772.7, "2020": null, "2021": null, "2022": null, "2023": null, "2024": null, "2025": null, "2026": -2012.1}, "total_retreat_m": -1128.8, "speed_m_per_year": 362.03, "r_squared": 0.132, "std_error": 535.33, "ci_95_low": -1341.63, "ci_95_high": 2065.69, "valid_years": 5, "confidence": "low", "risk_class": "low", "anchor": [50.611235357076815, 44.276720908026874], "outliers_removed": 0}}, {"type": "Feature", "geometry": {"type": "LineString", "coordinates": [[50.61533557234324, 44.273317215697475], [50.46889406762364, 44.18875671619895]]}, "properties": {"transect_id": 84, "baseline_distance_m": 41500, "positions": {"2000": null, "2001": null, "2002": null, "2003": null, "2004": null, "2005": null, "2006": null, "2007": null, "2008": null, "2009": null, "2010": null, "2011": null, "2013": null, "2014": -3047.4, "2015": -12510.5, "2016": null, "2017": null, "2018": -6703.8, "2019": -3982.6, "2020": null, "2021": null, "2022": null, "2023": null, "2024": null, "2025": null, "2026": -2335.6}, "total_retreat_m": -711.8, "speed_m_per_year": 431.45, "r_squared": 0.242, "std_error": 441.2, "ci_95_low": -972.63, "ci_95_high": 1835.54, "valid_years": 5, "confidence": "low", "risk_class": "low", "anchor": [50.61533557234324, 44.273317215697475], "outliers_removed": 0}}, {"type": "Feature", "geometry": {"type": "LineString", "coordinates": [[50.61943531396249, 44.26991337249738], [50.472996288408886, 44.1853580906195]]}, "properties": {"transect_id": 85, "baseline_distance_m": 42000, "positions": {"2000": null, "2001": null, "2002": null, "2003": null, "2004": null, "2005": null, "2006": null, "2007": null, "2008": null, "2009": null, "2010": null, "2011": null, "2013": null, "2014": -2609.3, "2015": -12632.7, "2016": -34.5, "2017": -4.0, "2018": -5497.5, "2019": -107.9, "2020": null, "2021": null, "2022": null, "2023": null, "2024": null, "2025": null, "2026": null}, "total_retreat_m": -2501.4, "speed_m_per_year": 33.68, "r_squared": 0.001, "std_error": 726.03, "ci_95_low": -2276.86, "ci_95_high": 2344.22, "valid_years": 6, "confidence": "low", "risk_class": "low", "anchor": [50.61943531396249, 44.26991337249738], "outliers_removed": 1}}, {"type": "Feature", "geometry": {"type": "LineString", "coordinates": [[50.623534582028306, 44.266509378478645], [50.4770980373508, 44.18195931341599]]}, "properties": {"transect_id": 86, "baseline_distance_m": 42500, "positions": {"2000": null, "2001": null, "2002": null, "2003": null, "2004": null, "2005": null, "2006": null, "2007": null, "2008": null, "2009": null, "2010": null, "2011": null, "2013": null, "2014": -3447.5, "2015": null, "2016": -639.6, "2017": null, "2018": null, "2019": -242.0, "2020": null, "2021": null, "2022": null, "2023": null, "2024": null, "2025": null, "2026": null}, "total_retreat_m": -3205.5, "speed_m_per_year": 600.95, "r_squared": 0.749, "std_error": 347.71, "ci_95_low": -3817.11, "ci_95_high": 5019.01, "valid_years": 3, "confidence": "low", "risk_class": "low", "anchor": [50.623534582028306, 44.266509378478645], "outliers_removed": 1}}, {"type": "Feature", "geometry": {"type": "LineString", "coordinates": [[50.62763337663444, 44.263105233693295], [50.481199314542245, 44.17856038464038]]}, "properties": {"transect_id": 87, "baseline_distance_m": 43000, "positions": {"2000": null, "2001": null, "2002": null, "2003": null, "2004": null, "2005": null, "2006": null, "2007": null, "2008": null, "2009": null, "2010": null, "2011": null, "2013": null, "2014": -3320.7, "2015": null, "2016": -1012.9, "2017": null, "2018": -7322.3, "2019": -13.3, "2020": null, "2021": null, "2022": null, "2023": null, "2024": -14413.7, "2025": null, "2026": null}, "total_retreat_m": 11093.0, "speed_m_per_year": -1561.28, "r_squared": 0.94, "std_error": 394.27, "ci_95_low": -6570.94, "ci_95_high": 3448.37, "valid_years": 5, "confidence": "low", "risk_class": "high", "anchor": [50.62763337663444, 44.263105233693295], "outliers_removed": 2}}, {"type": "Feature", "geometry": {"type": "LineString", "coordinates": [[50.631731697874635, 44.25970093819335], [50.48530012007606, 44.175161304344684]]}, "properties": {"transect_id": 88, "baseline_distance_m": 43500, "positions": {"2000": null, "2001": null, "2002": null, "2003": null, "2004": null, "2005": null, "2006": null, "2007": null, "2008": null, "2009": null, "2010": null, "2011": null, "2013": null, "2014": -3829.5, "2015": null, "2016": -827.2, "2017": null, "2018": -13443.2, "2019": -64.6, "2020": null, "2021": null, "2022": null, "2023": null, "2024": null, "2025": null, "2026": null}, "total_retreat_m": -3764.9, "speed_m_per_year": -393.07, "r_squared": 0.02, "std_error": 1942.45, "ci_95_low": -8750.76, "ci_95_high": 7964.62, "valid_years": 4, "confidence": "low", "risk_class": "high", "anchor": [50.631731697874635, 44.25970093819335], "outliers_removed": 0}}, {"type": "Feature", "geometry": {"type": "LineString", "coordinates": [[50.63582954584262, 44.25629649203081], [50.489400454045075, 44.17176207258083]]}, "properties": {"transect_id": 89, "baseline_distance_m": 44000, "positions": {"2000": null, "2001": null, "2002": null, "2003": null, "2004": null, "2005": null, "2006": null, "2007": null, "2008": null, "2009": null, "2010": null, "2011": null, "2013": null, "2014": -6514.4, "2015": null, "2016": -602.1, "2017": null, "2018": -10386.4, "2019": -14.2, "2020": -991.5, "2021": null, "2022": -14380.1, "2023": null, "2024": -2094.0, "2025": null, "2026": null}, "total_retreat_m": -4420.4, "speed_m_per_year": 386.59, "r_squared": 0.104, "std_error": 566.61, "ci_95_low": -1186.57, "ci_95_high": 1959.74, "valid_years": 7, "confidence": "low", "risk_class": "low", "anchor": [50.63582954584262, 44.25629649203081], "outliers_removed": 1}}, {"type": "Feature", "geometry": {"type": "LineString", "coordinates": [[50.63992692063211, 44.2528918952577], [50.493500316542125, 44.1683626894008]]}, "properties": {"transect_id": 90, "baseline_distance_m": 44500, "positions": {"2000": null, "2001": null, "2002": null, "2003": null, "2004": null, "2005": null, "2006": null, "2007": null, "2008": null, "2009": null, "2010": null, "2011": null, "2013": null, "2014": -9954.6, "2015": null, "2016": -1576.7, "2017": -3512.5, "2018": -10544.1, "2019": -249.2, "2020": -680.2, "2021": null, "2022": null, "2023": null, "2024": -972.1, "2025": null, "2026": null}, "total_retreat_m": -8982.5, "speed_m_per_year": 763.43, "r_squared": 0.302, "std_error": 519.25, "ci_95_low": -571.34, "ci_95_high": 2098.19, "valid_years": 7, "confidence": "low", "risk_class": "low", "anchor": [50.63992692063211, 44.2528918952577], "outliers_removed": 0}}, {"type": "Feature", "geometry": {"type": "LineString", "coordinates": [[50.644023822336806, 44.24948714792601], [50.497599707660044, 44.16496315485656]]}, "properties": {"transect_id": 91, "baseline_distance_m": 45000, "positions": {"2000": null, "2001": null, "2002": null, "2003": null, "2004": null, "2005": null, "2006": null, "2007": null, "2008": null, "2009": null, "2010": null, "2011": null, "2013": null, "2014": -8835.8, "2015": null, "2016": -1895.2, "2017": -4476.0, "2018": -12719.4, "2019": -5.4, "2020": -431.8, "2021": null, "2022": null, "2023": null, "2024": -1125.3, "2025": null, "2026": null}, "total_retreat_m": -7710.5, "speed_m_per_year": 723.02, "r_squared": 0.228, "std_error": 594.61, "ci_95_low": -805.47, "ci_95_high": 2251.51, "valid_years": 7, "confidence": "low", "risk_class": "low", "anchor": [50.644023822336806, 44.24948714792601], "outliers_removed": 0}}, {"type": "Feature", "geometry": {"type": "LineString", "coordinates": [[50.64812025105042, 44.246082250087724], [50.50169862749163, 44.16156346900002]]}, "properties": {"transect_id": 92, "baseline_distance_m": 45500, "positions": {"2000": null, "2001": null, "2002": null, "2003": null, "2004": null, "2005": null, "2006": null, "2007": null, "2008": null, "2009": null, "2010": null, "2011": null, "2013": null, "2014": -7734.1, "2015": null, "2016": null, "2017": -5158.7, "2018": -13327.3, "2019": -13.6, "2020": -554.8, "2021": null, "2022": null, "2023": null, "2024": -478.3, "2025": null, "2026": null}, "total_retreat_m": -7255.8, "speed_m_per_year": 789.3, "r_squared": 0.71, "std_error": 291.43, "ci_95_low": -138.17, "ci_95_high": 1716.77, "valid_years": 6, "confidence": "low", "risk_class": "low", "anchor": [50.64812025105042, 44.246082250087724], "outliers_removed": 1}}, {"type": "Feature", "geometry": {"type": "LineString", "coordinates": [[50.652216206866655, 44.24267720179481], [50.50579707612968, 44.15816363188312]]}, "properties": {"transect_id": 93, "baseline_distance_m": 46000, "positions": {"2000": null, "2001": null, "2002": null, "2003": null, "2004": null, "2005": null, "2006": null, "2007": null, "2008": null, "2009": null, "2010": null, "2011": null, "2013": null, "2014": -1762.4, "2015": null, "2016": null, "2017": -5759.0, "2018": -5347.1, "2019": -39.3, "2020": -222.7, "2021": null, "2022": null, "2023": null, "2024": -152.8, "2025": null, "2026": null}, "total_retreat_m": -1609.6, "speed_m_per_year": 366.19, "r_squared": 0.209, "std_error": 356.38, "ci_95_low": -623.27, "ci_95_high": 1355.65, "valid_years": 6, "confidence": "low", "risk_class": "low", "anchor": [50.652216206866655, 44.24267720179481], "outliers_removed": 0}}, {"type": "Feature", "geometry": {"type": "LineString", "coordinates": [[50.65631168987918, 44.239272003099245], [50.509895053667016, 44.1547636435578]]}, "properties": {"transect_id": 94, "baseline_distance_m": 46500, "positions": {"2000": null, "2001": null, "2002": null, "2003": null, "2004": null, "2005": null, "2006": null, "2007": null, "2008": null, "2009": null, "2010": null, "2011": null, "2013": null, "2014": -9415.7, "2015": null, "2016": null, "2017": null, "2018": -5901.0, "2019": -45.0, "2020": -291.6, "2021": -4765.6, "2022": null, "2023": null, "2024": -246.3, "2025": null, "2026": null}, "total_retreat_m": -9169.4, "speed_m_per_year": 882.17, "r_squared": 0.573, "std_error": 380.82, "ci_95_low": -175.15, "ci_95_high": 1939.5, "valid_years": 6, "confidence": "low", "risk_class": "low", "anchor": [50.65631168987918, 44.239272003099245], "outliers_removed": 0}}, {"type": "Feature", "geometry": {"type": "LineString", "coordinates": [[50.66040670018169, 44.23586665405301], [50.513992560196414, 44.15136350407598]]}, "properties": {"transect_id": 95, "baseline_distance_m": 47000, "positions": {"2000": null, "2001": null, "2002": null, "2003": null, "2004": null, "2005": null, "2006": null, "2007": null, "2008": null, "2009": null, "2010": null, "2011": null, "2013": null, "2014": -5777.1, "2015": null, "2016": -7059.5, "2017": -4269.9, "2018": -6607.6, "2019": -12.1, "2020": -39.4, "2021": -4409.5, "2022": null, "2023": -7780.6, "2024": -59.0, "2025": null, "2026": null}, "total_retreat_m": -5718.1, "speed_m_per_year": 340.88, "r_squared": 0.122, "std_error": 345.93, "ci_95_low": -477.11, "ci_95_high": 1158.88, "valid_years": 9, "confidence": "low", "risk_class": "low", "anchor": [50.66040670018169, 44.23586665405301], "outliers_removed": 0}}, {"type": "Feature", "geometry": {"type": "LineString", "coordinates": [[50.66450123786783, 44.23246115470802], [50.518089595810636, 44.14796321348954]]}, "properties": {"transect_id": 96, "baseline_distance_m": 47500, "positions": {"2000": null, "2001": null, "2002": null, "2003": null, "2004": null, "2005": null, "2006": null, "2007": null, "2008": null, "2009": null, "2010": null, "2011": null, "2013": null, "2014": -5625.3, "2015": null, "2016": -13058.1, "2017": -3682.0, "2018": -4025.1, "2019": -42.4, "2020": -43.1, "2021": null, "2022": null, "2023": -8549.7, "2024": -474.2, "2025": null, "2026": null}, "total_retreat_m": -5151.1, "speed_m_per_year": 130.41, "r_squared": 0.019, "std_error": 415.19, "ci_95_low": -936.88, "ci_95_high": 1197.69, "valid_years": 8, "confidence": "low", "risk_class": "low", "anchor": [50.66450123786783, 44.23246115470802], "outliers_removed": 1}}, {"type": "Feature", "geometry": {"type": "LineString", "coordinates": [[50.66859530303128, 44.229055505116236], [50.52218616060247, 44.14456277185039]]}, "properties": {"transect_id": 97, "baseline_distance_m": 48000, "positions": {"2000": null, "2001": null, "2002": null, "2003": null, "2004": null, "2005": null, "2006": null, "2007": null, "2008": null, "2009": null, "2010": null, "2011": null, "2013": null, "2014": -3700.4, "2015": null, "2016": -8389.7, "2017": -3978.2, "2018": -8083.3, "2019": -63.4, "2020": -46.2, "2021": -6475.8, "2022": null, "2023": -9279.5, "2024": -422.3, "2025": null, "2026": null}, "total_retreat_m": -3278.1, "speed_m_per_year": 141.09, "r_squared": 0.015, "std_error": 430.42, "ci_95_low": -876.69, "ci_95_high": 1158.87, "valid_years": 9, "confidence": "low", "risk_class": "low", "anchor": [50.66859530303128, 44.229055505116236], "outliers_removed": 0}}, {"type": "Feature", "geometry": {"type": "LineString", "coordinates": [[50.67268889576568, 44.22564970532958], [50.526282254664686, 44.14116217921042]]}, "properties": {"transect_id": 98, "baseline_distance_m": 48500, "positions": {"2000": null, "2001": null, "2002": null, "2003": null, "2004": null, "2005": null, "2006": null, "2007": null, "2008": null, "2009": null, "2010": null, "2011": null, "2013": null, "2014": -2356.6, "2015": null, "2016": null, "2017": -3721.7, "2018": -1694.8, "2019": -111.6, "2020": -415.1, "2021": -6329.1, "2022": null, "2023": -9053.0, "2024": -334.5, "2025": null, "2026": -13335.4}, "total_retreat_m": 10978.8, "speed_m_per_year": -696.8, "r_squared": 0.324, "std_error": 380.81, "ci_95_low": -1597.27, "ci_95_high": 203.66, "valid_years": 9, "confidence": "low", "risk_class": "high", "anchor": [50.67268889576568, 44.22564970532958], "outliers_removed": 0}}, {"type": "Feature", "geometry": {"type": "LineString", "coordinates": [[50.67678201616466, 44.222243755399994], [50.53037787809002, 44.137761435621506]]}, "properties": {"transect_id": 99, "baseline_distance_m": 49000, "positions": {"2000": null, "2001": null, "2002": null, "2003": null, "2004": null, "2005": null, "2006": null, "2007": null, "2008": null, "2009": null, "2010": null, "2011": null, "2013": null, "2014": -434.2, "2015": null, "2016": -9963.2, "2017": -2002.6, "2018": -1559.7, "2019": -283.4, "2020": -293.3, "2021": -9666.1, "2022": null, "2023": -7931.0, "2024": -200.6, "2025": null, "2026": -9020.8}, "total_retreat_m": 8586.6, "speed_m_per_year": -351.01, "r_squared": 0.091, "std_error": 392.26, "ci_95_low": -1255.56, "ci_95_high": 553.55, "valid_years": 10, "confidence": "low", "risk_class": "high", "anchor": [50.67678201616466, 44.222243755399994], "outliers_removed": 0}}, {"type": "Feature", "geometry": {"type": "LineString", "coordinates": [[50.68087466432188, 44.218837655379374], [50.53447303097122, 44.134360541135536]]}, "properties": {"transect_id": 100, "baseline_distance_m": 49500, "positions": {"2000": null, "2001": null, "2002": null, "2003": null, "2004": null, "2005": null, "2006": null, "2007": null, "2008": null, "2009": null, "2010": null, "2011": null, "2013": null, "2014": -970.3, "2015": null, "2016": null, "2017": -291.7, "2018": -1446.2, "2019": -287.7, "2020": -264.8, "2021": null, "2022": null, "2023": -8713.9, "2024": -845.5, "2025": null, "2026": -5998.8}, "total_retreat_m": 5028.5, "speed_m_per_year": -480.61, "r_squared": 0.358, "std_error": 263.03, "ci_95_low": -1124.21, "ci_95_high": 163.0, "valid_years": 8, "confidence": "low", "risk_class": "high", "anchor": [50.68087466432188, 44.218837655379374], "outliers_removed": 0}}, {"type": "Feature", "geometry": {"type": "LineString", "coordinates": [[50.68496684033093, 44.215431405319656], [50.53856771340103, 44.13095949580436]]}, "properties": {"transect_id": 101, "baseline_distance_m": 50000, "positions": {"2000": null, "2001": null, "2002": null, "2003": null, "2004": null, "2005": null, "2006": null, "2007": null, "2008": null, "2009": null, "2010": null, "2011": null, "2013": null, "2014": -1139.7, "2015": null, "2016": null, "2017": -1386.6, "2018": -1806.3, "2019": -273.3, "2020": -385.6, "2021": -9098.1, "2022": null, "2023": -6094.6, "2024": -16.5, "2025": null, "2026": -5778.4}, "total_retreat_m": 4638.7, "speed_m_per_year": -371.66, "r_squared": 0.181, "std_error": 298.58, "ci_95_low": -1077.7, "ci_95_high": 334.37, "valid_years": 9, "confidence": "low", "risk_class": "high", "anchor": [50.68496684033093, 44.215431405319656], "outliers_removed": 0}}, {"type": "Feature", "geometry": {"type": "LineString", "coordinates": [[50.689058544285444, 44.21202500527273], [50.542661925472174, 44.12755829967985]]}, "properties": {"transect_id": 102, "baseline_distance_m": 50500, "positions": {"2000": null, "2001": null, "2002": null, "2003": null, "2004": null, "2005": null, "2006": null, "2007": null, "2008": null, "2009": null, "2010": null, "2011": null, "2013": null, "2014": -6008.5, "2015": null, "2016": null, "2017": -1134.9, "2018": -5879.6, "2019": -458.4, "2020": -132.8, "2021": -8856.4, "2022": null, "2023": -9184.8, "2024": -52.2, "2025": null, "2026": -8013.7}, "total_retreat_m": 2005.2, "speed_m_per_year": -216.95, "r_squared": 0.042, "std_error": 389.79, "ci_95_low": -1138.66, "ci_95_high": 704.77, "valid_years": 9, "confidence": "low", "risk_class": "high", "anchor": [50.689058544285444, 44.21202500527273], "outliers_removed": 0}}, {"type": "Feature", "geometry": {"type": "LineString", "coordinates": [[50.69314977627903, 44.20861845529044], [50.546755667277374, 44.12415695281382]]}, "properties": {"transect_id": 103, "baseline_distance_m": 51000, "positions": {"2000": null, "2001": null, "2002": null, "2003": null, "2004": null, "2005": null, "2006": null, "2007": null, "2008": null, "2009": null, "2010": null, "2011": null, "2013": null, "2014": -5913.7, "2015": null, "2016": null, "2017": -400.1, "2018": -5867.4, "2019": -150.5, "2020": -100.3, "2021": -8552.6, "2022": null, "2023": -9713.1, "2024": -1200.5, "2025": null, "2026": -4315.4}, "total_retreat_m": -1598.3, "speed_m_per_year": -105.52, "r_squared": 0.011, "std_error": 375.64, "ci_95_low": -993.78, "ci_95_high": 782.74, "valid_years": 9, "confidence": "low", "risk_class": "high", "anchor": [50.69314977627903, 44.20861845529044], "outliers_removed": 0}}, {"type": "Feature", "geometry": {"type": "LineString", "coordinates": [[50.697240536405275, 44.20521175542472], [50.55084893890935, 44.12075545525811]]}, "properties": {"transect_id": 104, "baseline_distance_m": 51500, "positions": {"2000": null, "2001": null, "2002": null, "2003": null, "2004": null, "2005": null, "2006": null, "2007": null, "2008": null, "2009": null, "2010": null, "2011": null, "2013": null, "2014": -5229.0, "2015": null, "2016": null, "2017": -87.9, "2018": -6465.6, "2019": -430.9, "2020": -19.9, "2021": -8431.1, "2022": null, "2023": -9733.9, "2024": -97.3, "2025": null, "2026": -3574.4}, "total_retreat_m": -1654.6, "speed_m_per_year": -61.83, "r_squared": 0.004, "std_error": 389.65, "ci_95_low": -983.2, "ci_95_high": 859.54, "valid_years": 9, "confidence": "low", "risk_class": "high", "anchor": [50.697240536405275, 44.20521175542472], "outliers_removed": 0}}, {"type": "Feature", "geometry": {"type": "LineString", "coordinates": [[50.701330824757775, 44.201804905727414], [50.554941740460784, 44.11735380706457]]}, "properties": {"transect_id": 105, "baseline_distance_m": 52000, "positions": {"2000": null, "2001": null, "2002": null, "2003": null, "2004": null, "2005": null, "2006": null, "2007": null, "2008": null, "2009": null, "2010": null, "2011": null, "2013": null, "2014": -5524.2, "2015": null, "2016": -5240.5, "2017": -19.8, "2018": -10569.4, "2019": -157.7, "2020": -91.2, "2021": -8726.9, "2022": null, "2023": -5859.8, "2024": -1389.5, "2025": null, "2026": -3263.0}, "total_retreat_m": -2261.2, "speed_m_per_year": 124.24, "r_squared": 0.016, "std_error": 348.56, "ci_95_low": -679.55, "ci_95_high": 928.02, "valid_years": 10, "confidence": "low", "risk_class": "low", "anchor": [50.701330824757775, 44.201804905727414], "outliers_removed": 0}}, {"type": "Feature", "geometry": {"type": "LineString", "coordinates": [[50.70542064143011, 44.198397906250406], [50.559034072024374, 44.11395200828502]]}, "properties": {"transect_id": 106, "baseline_distance_m": 52500, "positions": {"2000": null, "2001": null, "2002": null, "2003": null, "2004": null, "2005": null, "2006": null, "2007": null, "2008": null, "2009": null, "2010": null, "2011": null, "2013": null, "2014": null, "2015": null, "2016": null, "2017": -221.1, "2018": -8429.6, "2019": -234.1, "2020": -200.1, "2021": -9803.9, "2022": null, "2023": -9496.4, "2024": -13.2, "2025": null, "2026": -3333.6}, "total_retreat_m": 3112.5, "speed_m_per_year": -130.28, "r_squared": 0.008, "std_error": 589.1, "ci_95_low": -1571.76, "ci_95_high": 1311.21, "valid_years": 8, "confidence": "low", "risk_class": "high", "anchor": [50.70542064143011, 44.198397906250406], "outliers_removed": 0}}, {"type": "Feature", "geometry": {"type": "LineString", "coordinates": [[50.70950998651584, 44.194990757045524], [50.563125933692824, 44.110550058971256]]}, "properties": {"transect_id": 107, "baseline_distance_m": 53000, "positions": {"2000": null, "2001": null, "2002": null, "2003": null, "2004": null, "2005": null, "2006": null, "2007": null, "2008": null, "2009": null, "2010": null, "2011": null, "2013": null, "2014": -7473.2, "2015": null, "2016": -237.1, "2017": -85.6, "2018": -12972.0, "2019": -71.2, "2020": -444.0, "2021": -8479.9, "2022": null, "2023": -10144.4, "2024": -697.2, "2025": null, "2026": -2705.5}, "total_retreat_m": -4767.7, "speed_m_per_year": -95.32, "r_squared": 0.008, "std_error": 394.88, "ci_95_low": -1029.05, "ci_95_high": 838.42, "valid_years": 10, "confidence": "low", "risk_class": "high", "anchor": [50.70950998651584, 44.194990757045524], "outliers_removed": 1}}, {"type": "Feature", "geometry": {"type": "LineString", "coordinates": [[50.71359886010853, 44.19158345816463], [50.567217325558794, 44.10714795917507]]}, "properties": {"transect_id": 108, "baseline_distance_m": 53500, "positions": {"2000": null, "2001": null, "2002": null, "2003": null, "2004": null, "2005": null, "2006": null, "2007": null, "2008": null, "2009": null, "2010": null, "2011": null, "2013": null, "2014": null, "2015": null, "2016": null, "2017": -60.0, "2018": -7721.0, "2019": -50.0, "2020": -85.1, "2021": -8438.9, "2022": null, "2023": null, "2024": -240.4, "2025": -6179.3, "2026": -2997.1}, "total_retreat_m": 2937.1, "speed_m_per_year": -130.73, "r_squared": 0.014, "std_error": 443.17, "ci_95_low": -1215.14, "ci_95_high": 953.68, "valid_years": 8, "confidence": "low", "risk_class": "high", "anchor": [50.71359886010853, 44.19158345816463], "outliers_removed": 0}}, {"type": "Feature", "geometry": {"type": "LineString", "coordinates": [[50.71768726230174, 44.188176009659564], [50.57130824771497, 44.103745708948274]]}, "properties": {"transect_id": 109, "baseline_distance_m": 54000, "positions": {"2000": null, "2001": null, "2002": null, "2003": null, "2004": null, "2005": null, "2006": null, "2007": null, "2008": null, "2009": null, "2010": null, "2011": null, "2013": null, "2014": -3346.8, "2015": null, "2016": null, "2017": -46.0, "2018": -8162.9, "2019": -1668.0, "2020": -368.7, "2021": -9129.7, "2022": null, "2023": null, "2024": -386.3, "2025": -5717.3, "2026": -3107.5}, "total_retreat_m": -239.3, "speed_m_per_year": -43.58, "r_squared": 0.003, "std_error": 324.53, "ci_95_low": -810.98, "ci_95_high": 723.81, "valid_years": 9, "confidence": "low", "risk_class": "high", "anchor": [50.71768726230174, 44.188176009659564], "outliers_removed": 0}}, {"type": "Feature", "geometry": {"type": "LineString", "coordinates": [[50.721775193189, 44.184768411582155], [50.57539870025399, 44.100343308342666]]}, "properties": {"transect_id": 110, "baseline_distance_m": 54500, "positions": {"2000": null, "2001": null, "2002": null, "2003": null, "2004": null, "2005": null, "2006": null, "2007": null, "2008": null, "2009": null, "2010": null, "2011": null, "2013": null, "2014": null, "2015": null, "2016": -13471.7, "2017": -59.0, "2018": -4702.3, "2019": -327.9, "2020": -1079.0, "2021": -8584.3, "2022": null, "2023": -9564.4, "2024": -301.4, "2025": -7725.8, "2026": -4818.7}, "total_retreat_m": -8653.0, "speed_m_per_year": 30.7, "r_squared": 0.001, "std_error": 474.99, "ci_95_low": -1064.62, "ci_95_high": 1126.02, "valid_years": 10, "confidence": "low", "risk_class": "low", "anchor": [50.721775193189, 44.184768411582155], "outliers_removed": 0}}, {"type": "Feature", "geometry": {"type": "LineString", "coordinates": [[50.72586265286387, 44.181360663984194], [50.57948868326852, 44.09694075740999]]}, "properties": {"transect_id": 111, "baseline_distance_m": 55000, "positions": {"2000": null, "2001": null, "2002": null, "2003": null, "2004": null, "2005": null, "2006": null, "2007": null, "2008": null, "2009": null, "2010": null, "2011": null, "2013": null, "2014": null, "2015": null, "2016": -2741.4, "2017": -75.7, "2018": -956.8, "2019": -683.6, "2020": -49.7, "2021": -7664.8, "2022": null, "2023": -8619.2, "2024": -1410.1, "2025": -5487.7, "2026": -4232.1}, "total_retreat_m": 1490.7, "speed_m_per_year": -454.32, "r_squared": 0.25, "std_error": 278.53, "ci_95_low": -1096.61, "ci_95_high": 187.98, "valid_years": 10, "confidence": "low", "risk_class": "high", "anchor": [50.72586265286387, 44.181360663984194], "outliers_removed": 0}}, {"type": "Feature", "geometry": {"type": "LineString", "coordinates": [[50.72994964141985, 44.177952766917535], [50.58357819685121, 44.093538056202014]]}, "properties": {"transect_id": 112, "baseline_distance_m": 55500, "positions": {"2000": null, "2001": null, "2002": null, "2003": null, "2004": null, "2005": null, "2006": null, "2007": null, "2008": null, "2009": null, "2010": null, "2011": null, "2013": null, "2014": null, "2015": null, "2016": null, "2017": -178.8, "2018": -7597.7, "2019": -1067.5, "2020": -2170.4, "2021": -7266.0, "2022": null, "2023": -8268.1, "2024": -1342.8, "2025": -13663.2, "2026": -3907.0}, "total_retreat_m": 3728.2, "speed_m_per_year": -568.38, "r_squared": 0.167, "std_error": 479.47, "ci_95_low": -1702.14, "ci_95_high": 565.38, "valid_years": 9, "confidence": "low", "risk_class": "high", "anchor": [50.72994964141985, 44.177952766917535], "outliers_removed": 0}}, {"type": "Feature", "geometry": {"type": "LineString", "coordinates": [[50.73403615895047, 44.17454472043393], [50.58766724109467, 44.09013520477052]]}, "properties": {"transect_id": 113, "baseline_distance_m": 56000, "positions": {"2000": null, "2001": null, "2002": null, "2003": null, "2004": null, "2005": null, "2006": null, "2007": null, "2008": null, "2009": null, "2010": null, "2011": null, "2013": null, "2014": null, "2015": null, "2016": null, "2017": -553.6, "2018": -2339.4, "2019": -94.5, "2020": -2052.3, "2021": -7426.4, "2022": null, "2023": -7767.2, "2024": -1476.9, "2025": null, "2026": -2312.0}, "total_retreat_m": 1758.4, "speed_m_per_year": -294.87, "r_squared": 0.097, "std_error": 367.03, "ci_95_low": -1192.95, "ci_95_high": 603.21, "valid_years": 8, "confidence": "low", "risk_class": "high", "anchor": [50.73403615895047, 44.17454472043393], "outliers_removed": 0}}, {"type": "Feature", "geometry": {"type": "LineString", "coordinates": [[50.73812220554923, 44.17113652458521], [50.59175581609155, 44.08673220316724]]}, "properties": {"transect_id": 114, "baseline_distance_m": 56500, "positions": {"2000": null, "2001": null, "2002": null, "2003": null, "2004": null, "2005": null, "2006": null, "2007": null, "2008": null, "2009": null, "2010": null, "2011": null, "2013": null, "2014": null, "2015": null, "2016": -4261.6, "2017": -3509.3, "2018": -7253.6, "2019": -931.2, "2020": -1138.1, "2021": -3382.4, "2022": null, "2023": -5464.4, "2024": -1314.5, "2025": -14507.2, "2026": -1335.4}, "total_retreat_m": -2926.2, "speed_m_per_year": -218.38, "r_squared": 0.034, "std_error": 414.37, "ci_95_low": -1173.92, "ci_95_high": 737.17, "valid_years": 10, "confidence": "low", "risk_class": "high", "anchor": [50.73812220554923, 44.17113652458521], "outliers_removed": 0}}, {"type": "Feature", "geometry": {"type": "LineString", "coordinates": [[50.742207781309645, 44.167728179423136], [50.595843921934446, 44.08332905144392]]}, "properties": {"transect_id": 115, "baseline_distance_m": 57000, "positions": {"2000": null, "2001": null, "2002": null, "2003": null, "2004": null, "2005": null, "2006": null, "2007": null, "2008": null, "2009": null, "2010": null, "2011": null, "2013": null, "2014": null, "2015": null, "2016": null, "2017": -2355.1, "2018": -3693.0, "2019": -304.9, "2020": -1740.8, "2021": -3092.8, "2022": null, "2023": -5019.1, "2024": -1565.4, "2025": null, "2026": -1532.6}, "total_retreat_m": -822.5, "speed_m_per_year": 6.66, "r_squared": 0.0, "std_error": 193.54, "ci_95_low": -466.91, "ci_95_high": 480.22, "valid_years": 8, "confidence": "low", "risk_class": "low", "anchor": [50.742207781309645, 44.167728179423136], "outliers_removed": 0}}, {"type": "Feature", "geometry": {"type": "LineString", "coordinates": [[50.746292886325186, 44.164319684999505], [50.599931558715994, 44.0799257496523]]}, "properties": {"transect_id": 116, "baseline_distance_m": 57500, "positions": {"2000": null, "2001": null, "2002": null, "2003": null, "2004": null, "2005": null, "2006": null, "2007": null, "2008": null, "2009": null, "2010": null, "2011": null, "2013": null, "2014": null, "2015": null, "2016": null, "2017": -900.6, "2018": -5345.6, "2019": -144.5, "2020": -1014.5, "2021": -2589.3, "2022": null, "2023": -5993.1, "2024": -1252.8, "2025": -7761.3, "2026": -536.2}, "total_retreat_m": -364.4, "speed_m_per_year": -208.92, "r_squared": 0.057, "std_error": 320.44, "ci_95_low": -966.64, "ci_95_high": 548.8, "valid_years": 9, "confidence": "low", "risk_class": "high", "anchor": [50.746292886325186, 44.164319684999505], "outliers_removed": 0}}, {"type": "Feature", "geometry": {"type": "LineString", "coordinates": [[50.75037752068935, 44.160911041366056], [50.60401872652877, 44.07652229784407]]}, "properties": {"transect_id": 117, "baseline_distance_m": 58000, "positions": {"2000": null, "2001": null, "2002": null, "2003": null, "2004": null, "2005": null, "2006": null, "2007": null, "2008": null, "2009": null, "2010": null, "2011": null, "2013": null, "2014": null, "2015": null, "2016": null, "2017": -287.5, "2018": -2895.8, "2019": -9.9, "2020": -1739.7, "2021": -1935.4, "2022": null, "2023": -134.3, "2024": -14.2, "2025": null, "2026": -51.0}, "total_retreat_m": -236.5, "speed_m_per_year": 162.22, "r_squared": 0.198, "std_error": 133.1, "ci_95_low": -163.47, "ci_95_high": 487.9, "valid_years": 8, "confidence": "low", "risk_class": "low", "anchor": [50.75037752068935, 44.160911041366056], "outliers_removed": 0}}, {"type": "Feature", "geometry": {"type": "LineString", "coordinates": [[50.7544616844956, 44.157502248574566], [50.60810542546539, 44.073118696071]]}, "properties": {"transect_id": 118, "baseline_distance_m": 58500, "positions": {"2000": null, "2001": null, "2002": null, "2003": null, "2004": null, "2005": null, "2006": null, "2007": null, "2008": null, "2009": null, "2010": null, "2011": null, "2013": null, "2014": -7104.9, "2015": null, "2016": null, "2017": -4092.3, "2018": -2782.8, "2019": -0.8, "2020": -699.5, "2021": -1127.2, "2022": null, "2023": -8251.9, "2024": -1748.9, "2025": null, "2026": -87.0}, "total_retreat_m": -7017.9, "speed_m_per_year": 482.36, "r_squared": 0.585, "std_error": 165.71, "ci_95_low": 76.88, "ci_95_high": 887.84, "valid_years": 9, "confidence": "low", "risk_class": "low", "anchor": [50.7544616844956, 44.157502248574566], "outliers_removed": 1}}, {"type": "Feature", "geometry": {"type": "LineString", "coordinates": [[50.7585453778374, 44.15409330667677], [50.61219165561841, 44.069714944384764]]}, "properties": {"transect_id": 119, "baseline_distance_m": 59000, "positions": {"2000": null, "2001": null, "2002": null, "2003": null, "2004": null, "2005": null, "2006": null, "2007": null, "2008": null, "2009": null, "2010": null, "2011": null, "2013": null, "2014": -6710.4, "2015": null, "2016": null, "2017": -3353.3, "2018": -6143.3, "2019": -49.6, "2020": -1738.3, "2021": -135.0, "2022": null, "2023": -7161.5, "2024": -1622.6, "2025": null, "2026": -3664.2}, "total_retreat_m": -3046.2, "speed_m_per_year": 173.53, "r_squared": 0.056, "std_error": 270.53, "ci_95_low": -466.18, "ci_95_high": 813.24, "valid_years": 9, "confidence": "low", "risk_class": "low", "anchor": [50.7585453778374, 44.15409330667677], "outliers_removed": 0}}, {"type": "Feature", "geometry": {"type": "LineString", "coordinates": [[50.76262860080821, 44.150684215724425], [50.61627741708042, 44.06631104283704]]}, "properties": {"transect_id": 120, "baseline_distance_m": 59500, "positions": {"2000": null, "2001": null, "2002": null, "2003": null, "2004": null, "2005": null, "2006": null, "2007": null, "2008": null, "2009": null, "2010": null, "2011": null, "2013": null, "2014": -5525.9, "2015": -6896.8, "2016": null, "2017": -1956.5, "2018": -3682.9, "2019": -1392.8, "2020": -718.7, "2021": -1037.5, "2022": null, "2023": -17.5, "2024": -1495.2, "2025": null, "2026": -469.7}, "total_retreat_m": -5056.2, "speed_m_per_year": 480.68, "r_squared": 0.659, "std_error": 122.14, "ci_95_low": 199.03, "ci_95_high": 762.33, "valid_years": 10, "confidence": "low", "risk_class": "low", "anchor": [50.76262860080821, 44.150684215724425], "outliers_removed": 0}}, {"type": "Feature", "geometry": {"type": "LineString", "coordinates": [[50.76671135350147, 44.14727497576924], [50.62036270994399, 44.062906991479544]]}, "properties": {"transect_id": 121, "baseline_distance_m": 60000, "positions": {"2000": null, "2001": null, "2002": null, "2003": null, "2004": null, "2005": null, "2006": null, "2007": null, "2008": null, "2009": null, "2010": null, "2011": null, "2013": null, "2014": -5217.1, "2015": -6715.6, "2016": null, "2017": -2194.8, "2018": -4197.9, "2019": -1024.8, "2020": -1738.5, "2021": -157.4, "2022": null, "2023": -624.2, "2024": -89.0, "2025": null, "2026": -85.5}, "total_retreat_m": -5131.6, "speed_m_per_year": 524.42, "r_squared": 0.739, "std_error": 110.24, "ci_95_low": 270.2, "ci_95_high": 778.64, "valid_years": 10, "confidence": "low", "risk_class": "low", "anchor": [50.76671135350147, 44.14727497576924], "outliers_removed": 0}}, {"type": "Feature", "geometry": {"type": "LineString", "coordinates": [[50.77079363601063, 44.14386558686296], [50.624447534301666, 44.059502790363936]]}, "properties": {"transect_id": 122, "baseline_distance_m": 60500, "positions": {"2000": null, "2001": null, "2002": null, "2003": null, "2004": null, "2005": null, "2006": null, "2007": null, "2008": null, "2009": null, "2010": null, "2011": null, "2013": null, "2014": -5310.7, "2015": null, "2016": -7418.7, "2017": -1724.1, "2018": -8866.9, "2019": -290.5, "2020": -2029.8, "2021": -1.3, "2022": null, "2023": -47.2, "2024": -52.6, "2025": null, "2026": -6761.3}, "total_retreat_m": 1450.6, "speed_m_per_year": 292.43, "r_squared": 0.1, "std_error": 310.16, "ci_95_low": -422.81, "ci_95_high": 1007.67, "valid_years": 10, "confidence": "low", "risk_class": "low", "anchor": [50.77079363601063, 44.14386558686296], "outliers_removed": 0}}, {"type": "Feature", "geometry": {"type": "LineString", "coordinates": [[50.77487544842911, 44.14045604905726], [50.62853189024601, 44.05609843954191]]}, "properties": {"transect_id": 123, "baseline_distance_m": 61000, "positions": {"2000": null, "2001": null, "2002": null, "2003": null, "2004": null, "2005": null, "2006": null, "2007": null, "2008": null, "2009": null, "2010": null, "2011": null, "2013": null, "2014": -10752.7, "2015": null, "2016": null, "2017": -1405.6, "2018": -7284.3, "2019": -1103.4, "2020": -1823.6, "2021": -7809.1, "2022": null, "2023": -679.5, "2024": -69.1, "2025": null, "2026": -6753.5}, "total_retreat_m": -3999.2, "speed_m_per_year": 377.69, "r_squared": 0.128, "std_error": 372.9, "ci_95_low": -504.07, "ci_95_high": 1259.45, "valid_years": 9, "confidence": "low", "risk_class": "low", "anchor": [50.77487544842911, 44.14045604905726], "outliers_removed": 0}}, {"type": "Feature", "geometry": {"type": "LineString", "coordinates": [[50.778956790850316, 44.1370463624039], [50.63261577786955, 44.05269393906512]]}, "properties": {"transect_id": 124, "baseline_distance_m": 61500, "positions": {"2000": null, "2001": null, "2002": null, "2003": null, "2004": null, "2005": null, "2006": null, "2007": null, "2008": null, "2009": null, "2010": null, "2011": null, "2013": null, "2014": -4505.6, "2015": null, "2016": null, "2017": -2801.4, "2018": -7792.4, "2019": -1422.4, "2020": -2225.8, "2021": -2809.8, "2022": null, "2023": -444.3, "2024": -2.4, "2025": null, "2026": -6934.8}, "total_retreat_m": 2429.2, "speed_m_per_year": 117.56, "r_squared": 0.026, "std_error": 271.21, "ci_95_low": -523.75, "ci_95_high": 758.87, "valid_years": 9, "confidence": "low", "risk_class": "low", "anchor": [50.778956790850316, 44.1370463624039], "outliers_removed": 0}}, {"type": "Feature", "geometry": {"type": "LineString", "coordinates": [[50.78303766336767, 44.13363652695454], [50.63669919726482, 44.04928928898522]]}, "properties": {"transect_id": 125, "baseline_distance_m": 62000, "positions": {"2000": null, "2001": null, "2002": -6352.7, "2003": null, "2004": null, "2005": null, "2006": null, "2007": null, "2008": null, "2009": null, "2010": null, "2011": null, "2013": null, "2014": -4602.9, "2015": null, "2016": null, "2017": -2193.2, "2018": -8104.3, "2019": -922.3, "2020": -70.7, "2021": -43.5, "2022": null, "2023": -71.9, "2024": -3973.4, "2025": null, "2026": -7643.4}, "total_retreat_m": 1290.7, "speed_m_per_year": 120.12, "r_squared": 0.065, "std_error": 161.59, "ci_95_low": -252.51, "ci_95_high": 492.75, "valid_years": 10, "confidence": "low", "risk_class": "low", "anchor": [50.78303766336767, 44.13363652695454], "outliers_removed": 0}}, {"type": "Feature", "geometry": {"type": "LineString", "coordinates": [[50.787118066074584, 44.13022654276087], [50.64078214852435, 44.04588448935384]]}, "properties": {"transect_id": 126, "baseline_distance_m": 62500, "positions": {"2000": null, "2001": null, "2002": null, "2003": null, "2004": null, "2005": null, "2006": null, "2007": null, "2008": null, "2009": null, "2010": null, "2011": null, "2013": null, "2014": -4667.2, "2015": null, "2016": null, "2017": -12365.1, "2018": -8119.7, "2019": -1300.2, "2020": -45.7, "2021": -537.0, "2022": null, "2023": -538.3, "2024": -4173.7, "2025": null, "2026": -7437.5}, "total_retreat_m": 2770.3, "speed_m_per_year": 249.87, "r_squared": 0.048, "std_error": 420.46, "ci_95_low": -744.35, "ci_95_high": 1244.09, "valid_years": 9, "confidence": "low", "risk_class": "low", "anchor": [50.787118066074584, 44.13022654276087], "outliers_removed": 0}}, {"type": "Feature", "geometry": {"type": "LineString", "coordinates": [[50.79119799906444, 44.126816409874564], [50.64486463174065, 44.04247954022262]]}, "properties": {"transect_id": 127, "baseline_distance_m": 63000, "positions": {"2000": null, "2001": null, "2002": null, "2003": null, "2004": null, "2005": null, "2006": null, "2007": null, "2008": null, "2009": null, "2010": null, "2011": null, "2013": null, "2014": -3752.1, "2015": null, "2016": null, "2017": -12533.5, "2018": null, "2019": -259.5, "2020": -1370.4, "2021": -581.7, "2022": null, "2023": -612.0, "2024": -3407.8, "2025": null, "2026": -3157.4}, "total_retreat_m": -594.7, "speed_m_per_year": 10.0, "r_squared": 0.001, "std_error": 172.2, "ci_95_low": -432.66, "ci_95_high": 452.65, "valid_years": 8, "confidence": "low", "risk_class": "low", "anchor": [50.79119799906444, 44.126816409874564], "outliers_removed": 1}}, {"type": "Feature", "geometry": {"type": "LineString", "coordinates": [[50.79527746243061, 44.12340612834729], [50.64894664700623, 44.039074441643216]]}, "properties": {"transect_id": 128, "baseline_distance_m": 63500, "positions": {"2000": null, "2001": null, "2002": null, "2003": null, "2004": null, "2005": null, "2006": null, "2007": null, "2008": null, "2009": null, "2010": null, "2011": null, "2013": null, "2014": -4704.2, "2015": null, "2016": null, "2017": -5127.4, "2018": -10998.7, "2019": -753.6, "2020": -1426.0, "2021": -1345.1, "2022": null, "2023": -1467.3, "2024": -4331.6, "2025": null, "2026": -7610.6}, "total_retreat_m": 2906.4, "speed_m_per_year": 53.91, "r_squared": 0.003, "std_error": 346.68, "ci_95_low": -765.86, "ci_95_high": 873.67, "valid_years": 9, "confidence": "low", "risk_class": "low", "anchor": [50.79527746243061, 44.12340612834729], "outliers_removed": 0}}, {"type": "Feature", "geometry": {"type": "LineString", "coordinates": [[50.79935645626649, 44.11999569823074], [50.65302819441358, 44.03566919366721]]}, "properties": {"transect_id": 129, "baseline_distance_m": 64000, "positions": {"2000": null, "2001": null, "2002": null, "2003": null, "2004": null, "2005": null, "2006": null, "2007": null, "2008": null, "2009": null, "2010": null, "2011": null, "2013": null, "2014": -4605.1, "2015": null, "2016": null, "2017": -12668.9, "2018": null, "2019": -68.1, "2020": -1078.1, "2021": -1567.4, "2022": null, "2023": -1027.0, "2024": -4139.0, "2025": null, "2026": -3614.7}, "total_retreat_m": -990.4, "speed_m_per_year": 350.91, "r_squared": 0.115, "std_error": 396.68, "ci_95_low": -619.73, "ci_95_high": 1321.56, "valid_years": 8, "confidence": "low", "risk_class": "low", "anchor": [50.79935645626649, 44.11999569823074], "outliers_removed": 0}}, {"type": "Feature", "geometry": {"type": "LineString", "coordinates": [[50.80343498066543, 44.116585119576534], [50.657109274055195, 44.03226379634623]]}, "properties": {"transect_id": 130, "baseline_distance_m": 64500, "positions": {"2000": null, "2001": null, "2002": null, "2003": null, "2004": null, "2005": null, "2006": null, "2007": null, "2008": null, "2009": null, "2010": null, "2011": null, "2013": null, "2014": -4307.0, "2015": null, "2016": null, "2017": -12422.6, "2018": null, "2019": -296.3, "2020": -127.5, "2021": -915.3, "2022": null, "2023": -1052.4, "2024": -4071.5, "2025": null, "2026": -7844.6}, "total_retreat_m": 3537.6, "speed_m_per_year": 108.48, "r_squared": 0.009, "std_error": 454.49, "ci_95_low": -1003.63, "ci_95_high": 1220.58, "valid_years": 8, "confidence": "low", "risk_class": "low", "anchor": [50.80343498066543, 44.116585119576534], "outliers_removed": 0}}, {"type": "Feature", "geometry": {"type": "LineString", "coordinates": [[50.807513035720795, 44.11317439243632], [50.66118988602355, 44.02885824973186]]}, "properties": {"transect_id": 131, "baseline_distance_m": 65000, "positions": {"2000": null, "2001": null, "2002": null, "2003": null, "2004": null, "2005": null, "2006": null, "2007": null, "2008": null, "2009": null, "2010": null, "2011": null, "2013": null, "2014": -6970.8, "2015": null, "2016": null, "2017": -6908.6, "2018": -8401.2, "2019": -1200.1, "2020": -221.2, "2021": -8112.9, "2022": null, "2023": -11.8, "2024": -591.2, "2025": null, "2026": -427.8}, "total_retreat_m": -6543.0, "speed_m_per_year": 670.27, "r_squared": 0.436, "std_error": 287.96, "ci_95_low": -10.66, "ci_95_high": 1351.2, "valid_years": 9, "confidence": "low", "risk_class": "low", "anchor": [50.807513035720795, 44.11317439243632], "outliers_removed": 0}}, {"type": "Feature", "geometry": {"type": "LineString", "coordinates": [[50.81159062152592, 44.109763516861726], [50.66527003041112, 44.02545255387572]]}, "properties": {"transect_id": 132, "baseline_distance_m": 65500, "positions": {"2000": null, "2001": null, "2002": null, "2003": null, "2004": null, "2005": null, "2006": null, "2007": null, "2008": null, "2009": null, "2010": null, "2011": null, "2013": null, "2014": -7956.5, "2015": -613.5, "2016": null, "2017": null, "2018": -9136.3, "2019": -194.3, "2020": -73.0, "2021": -7234.9, "2022": null, "2023": -16.4, "2024": -4184.1, "2025": null, "2026": -1293.8}, "total_retreat_m": -6662.7, "speed_m_per_year": 292.89, "r_squared": 0.096, "std_error": 339.05, "ci_95_low": -508.84, "ci_95_high": 1094.62, "valid_years": 9, "confidence": "low", "risk_class": "low", "anchor": [50.81159062152592, 44.109763516861726], "outliers_removed": 0}}, {"type": "Feature", "geometry": {"type": "LineString", "coordinates": [[50.815667738174156, 44.106352492904406], [50.66934970731037, 44.02204670882939]]}, "properties": {"transect_id": 133, "baseline_distance_m": 66000, "positions": {"2000": null, "2001": null, "2002": null, "2003": null, "2004": null, "2005": null, "2006": null, "2007": null, "2008": null, "2009": null, "2010": null, "2011": null, "2013": null, "2014": -6525.1, "2015": null, "2016": null, "2017": -12813.0, "2018": null, "2019": -551.4, "2020": -112.1, "2021": -6876.6, "2022": null, "2023": -6668.2, "2024": -4913.1, "2025": null, "2026": -1641.7}, "total_retreat_m": -4883.4, "speed_m_per_year": 394.41, "r_squared": 0.132, "std_error": 412.37, "ci_95_low": -614.61, "ci_95_high": 1403.44, "valid_years": 8, "confidence": "low", "risk_class": "low", "anchor": [50.815667738174156, 44.106352492904406], "outliers_removed": 0}}, {"type": "Feature", "geometry": {"type": "LineString", "coordinates": [[50.81974438575883, 44.102941320615955], [50.67342891681375, 44.01864071464443]]}, "properties": {"transect_id": 134, "baseline_distance_m": 66500, "positions": {"2000": null, "2001": null, "2002": null, "2003": null, "2004": null, "2005": null, "2006": null, "2007": null, "2008": null, "2009": null, "2010": null, "2011": null, "2013": null, "2014": -3511.0, "2015": null, "2016": null, "2017": -13042.4, "2018": null, "2019": -1297.2, "2020": -834.4, "2021": -6127.7, "2022": null, "2023": -6136.4, "2024": -3607.1, "2025": null, "2026": -1184.7}, "total_retreat_m": -2326.3, "speed_m_per_year": 314.03, "r_squared": 0.091, "std_error": 404.96, "ci_95_low": -676.87, "ci_95_high": 1304.93, "valid_years": 8, "confidence": "low", "risk_class": "low", "anchor": [50.81974438575883, 44.102941320615955], "outliers_removed": 0}}, {"type": "Feature", "geometry": {"type": "LineString", "coordinates": [[50.823820564373264, 44.09953000004797], [50.677507659013706, 44.0152345713724]]}, "properties": {"transect_id": 135, "baseline_distance_m": 67000, "positions": {"2000": null, "2001": null, "2002": null, "2003": null, "2004": null, "2005": null, "2006": null, "2007": null, "2008": null, "2009": null, "2010": null, "2011": null, "2013": null, "2014": -4885.7, "2015": null, "2016": null, "2017": -13252.6, "2018": -9197.0, "2019": -429.3, "2020": -1145.2, "2021": -4594.9, "2022": null, "2023": -6279.7, "2024": -1006.5, "2025": null, "2026": -2010.5}, "total_retreat_m": -2875.2, "speed_m_per_year": 518.88, "r_squared": 0.203, "std_error": 388.07, "ci_95_low": -398.76, "ci_95_high": 1436.51, "valid_years": 9, "confidence": "low", "risk_class": "low", "anchor": [50.823820564373264, 44.09953000004797], "outliers_removed": 0}}, {"type": "Feature", "geometry": {"type": "LineString", "coordinates": [[50.827896274110756, 44.09611853125206], [50.68178480730822, 44.01164924391288]]}, "properties": {"transect_id": 136, "baseline_distance_m": 67500, "positions": {"2000": null, "2001": null, "2002": null, "2003": null, "2004": null, "2005": null, "2006": null, "2007": null, "2008": null, "2009": null, "2010": null, "2011": null, "2013": null, "2014": -2098.9, "2015": null, "2016": null, "2017": null, "2018": -10643.4, "2019": -1590.4, "2020": -179.0, "2021": -3927.3, "2022": null, "2023": -6185.1, "2024": -4340.3, "2025": null, "2026": -1394.3}, "total_retreat_m": -704.6, "speed_m_per_year": 62.43, "r_squared": 0.005, "std_error": 363.35, "ci_95_low": -826.65, "ci_95_high": 951.51, "valid_years": 8, "confidence": "low", "risk_class": "low", "anchor": [50.827896274110756, 44.09611853125206], "outliers_removed": 0}}, {"type": "Feature", "geometry": {"type": "LineString", "coordinates": [[50.83197151506463, 44.09270691427983], [50.685862591511835, 44.00824279534689]]}, "properties": {"transect_id": 137, "baseline_distance_m": 68000, "positions": {"2000": null, "2001": null, "2002": null, "2003": null, "2004": null, "2005": null, "2006": null, "2007": null, "2008": null, "2009": null, "2010": null, "2011": null, "2013": null, "2014": -1350.1, "2015": null, "2016": null, "2017": null, "2018": -11295.2, "2019": -1634.0, "2020": -246.9, "2021": -3295.6, "2022": null, "2023": -4640.9, "2024": -3492.7, "2025": null, "2026": -90.1}, "total_retreat_m": -1260.0, "speed_m_per_year": 168.95, "r_squared": 0.031, "std_error": 385.59, "ci_95_low": -774.55, "ci_95_high": 1112.44, "valid_years": 8, "confidence": "low", "risk_class": "low", "anchor": [50.83197151506463, 44.09270691427983], "outliers_removed": 0}}, {"type": "Feature", "geometry": {"type": "LineString", "coordinates": [[50.83604628732816, 44.08929514918283], [50.689939908694136, 44.004836197851056]]}, "properties": {"transect_id": 138, "baseline_distance_m": 68500, "positions": {"2000": null, "2001": null, "2002": null, "2003": null, "2004": null, "2005": null, "2006": null, "2007": null, "2008": null, "2009": null, "2010": null, "2011": null, "2013": null, "2014": -1293.4, "2015": null, "2016": null, "2017": -6650.8, "2018": -11652.9, "2019": -1785.5, "2020": -243.1, "2021": -2328.3, "2022": null, "2023": -4225.1, "2024": -3019.3, "2025": null, "2026": -45.2}, "total_retreat_m": -1248.2, "speed_m_per_year": 290.39, "r_squared": 0.086, "std_error": 356.89, "ci_95_low": -553.52, "ci_95_high": 1134.31, "valid_years": 9, "confidence": "low", "risk_class": "low", "anchor": [50.83604628732816, 44.08929514918283], "outliers_removed": 0}}, {"type": "Feature", "geometry": {"type": "LineString", "coordinates": [[50.840120590994644, 44.08588323601266], [50.694016758947534, 44.00142945147692]]}, "properties": {"transect_id": 139, "baseline_distance_m": 69000, "positions": {"2000": null, "2001": null, "2002": null, "2003": null, "2004": null, "2005": null, "2006": null, "2007": null, "2008": null, "2009": null, "2010": null, "2011": null, "2013": null, "2014": -2302.3, "2015": -4056.3, "2016": null, "2017": -13764.4, "2018": -12735.7, "2019": -178.1, "2020": -132.9, "2021": -1953.8, "2022": null, "2023": -3877.1, "2024": -2387.7, "2025": null, "2026": -149.5}, "total_retreat_m": -2152.8, "speed_m_per_year": 474.24, "r_squared": 0.136, "std_error": 423.07, "ci_95_low": -501.37, "ci_95_high": 1449.85, "valid_years": 10, "confidence": "low", "risk_class": "low", "anchor": [50.840120590994644, 44.08588323601266], "outliers_removed": 0}}, {"type": "Feature", "geometry": {"type": "LineString", "coordinates": [[50.84419442615736, 44.082471174820895], [50.698093142364414, 43.998022556276005]]}, "properties": {"transect_id": 140, "baseline_distance_m": 69500, "positions": {"2000": null, "2001": null, "2002": null, "2003": null, "2004": null, "2005": null, "2006": null, "2007": null, "2008": null, "2009": null, "2010": null, "2011": null, "2013": null, "2014": -2362.1, "2015": null, "2016": null, "2017": -6933.2, "2018": -11459.3, "2019": -2659.5, "2020": -708.6, "2021": -1688.3, "2022": null, "2023": -1933.3, "2024": -3081.4, "2025": null, "2026": -241.6}, "total_retreat_m": -2120.5, "speed_m_per_year": 414.06, "r_squared": 0.189, "std_error": 324.67, "ci_95_low": -353.66, "ci_95_high": 1181.78, "valid_years": 9, "confidence": "low", "risk_class": "low", "anchor": [50.84419442615736, 44.082471174820895], "outliers_removed": 0}}, {"type": "Feature", "geometry": {"type": "LineString", "coordinates": [[50.84826779290955, 44.07905896565906], [50.70216905903718, 43.99461551229983]]}, "properties": {"transect_id": 141, "baseline_distance_m": 70000, "positions": {"2000": null, "2001": null, "2002": null, "2003": null, "2004": null, "2005": null, "2006": null, "2007": null, "2008": null, "2009": null, "2010": null, "2011": null, "2013": null, "2014": -1403.0, "2015": null, "2016": null, "2017": -13533.2, "2018": -12769.0, "2019": -2001.5, "2020": -10.1, "2021": -126.4, "2022": null, "2023": -2206.9, "2024": -3105.0, "2025": null, "2026": -232.4}, "total_retreat_m": -1170.6, "speed_m_per_year": 572.45, "r_squared": 0.161, "std_error": 494.63, "ci_95_low": -597.17, "ci_95_high": 1742.06, "valid_years": 9, "confidence": "low", "risk_class": "low", "anchor": [50.84826779290955, 44.07905896565906], "outliers_removed": 0}}, {"type": "Feature", "geometry": {"type": "LineString", "coordinates": [[50.852340691344494, 44.075646608578715], [50.706244509058216, 43.9912083195999]]}, "properties": {"transect_id": 142, "baseline_distance_m": 70500, "positions": {"2000": null, "2001": null, "2002": null, "2003": null, "2004": null, "2005": null, "2006": null, "2007": null, "2008": null, "2009": null, "2010": null, "2011": null, "2013": null, "2014": -1928.5, "2015": null, "2016": null, "2017": -6765.4, "2018": -8511.8, "2019": -2517.8, "2020": -1993.3, "2021": -103.1, "2022": -6005.2, "2023": -3047.3, "2024": -5017.8, "2025": null, "2026": -147.0}, "total_retreat_m": -1781.5, "speed_m_per_year": 206.42, "r_squared": 0.067, "std_error": 272.72, "ci_95_low": -422.47, "ci_95_high": 835.32, "valid_years": 10, "confidence": "low", "risk_class": "low", "anchor": [50.852340691344494, 44.075646608578715], "outliers_removed": 0}}, {"type": "Feature", "geometry": {"type": "LineString", "coordinates": [[50.85641312155544, 44.072234103631395], [50.7103194925199, 43.987800978227696]]}, "properties": {"transect_id": 143, "baseline_distance_m": 71000, "positions": {"2000": null, "2001": null, "2002": null, "2003": null, "2004": null, "2005": null, "2006": null, "2007": null, "2008": null, "2009": null, "2010": null, "2011": null, "2013": null, "2014": -964.1, "2015": null, "2016": null, "2017": -6667.2, "2018": -10432.7, "2019": -4086.3, "2020": -1117.8, "2021": -6.5, "2022": -4670.9, "2023": -2246.5, "2024": -5084.0, "2025": -10058.0, "2026": -460.5}, "total_retreat_m": -503.6, "speed_m_per_year": -9.51, "r_squared": 0.0, "std_error": 335.77, "ci_95_low": -769.07, "ci_95_high": 750.05, "valid_years": 11, "confidence": "low", "risk_class": "medium", "anchor": [50.85641312155544, 44.072234103631395], "outliers_removed": 0}}, {"type": "Feature", "geometry": {"type": "LineString", "coordinates": [[50.860485083635616, 44.068821450868626], [50.71439400951459, 43.98439348823472]]}, "properties": {"transect_id": 144, "baseline_distance_m": 71500, "positions": {"2000": null, "2001": null, "2002": null, "2003": null, "2004": null, "2005": null, "2006": null, "2007": null, "2008": null, "2009": null, "2010": null, "2011": null, "2013": null, "2014": -1271.2, "2015": null, "2016": null, "2017": -4146.9, "2018": -13556.8, "2019": -3091.6, "2020": -313.3, "2021": -605.1, "2022": -2665.0, "2023": -910.4, "2024": -4414.0, "2025": null, "2026": -139.9}, "total_retreat_m": -1131.3, "speed_m_per_year": 71.32, "r_squared": 0.025, "std_error": 168.51, "ci_95_low": -327.15, "ci_95_high": 469.8, "valid_years": 10, "confidence": "low", "risk_class": "low", "anchor": [50.860485083635616, 44.068821450868626], "outliers_removed": 1}}, {"type": "Feature", "geometry": {"type": "LineString", "coordinates": [[50.864556577678265, 44.06540865034193], [50.71846806013466, 43.980985849672436]]}, "properties": {"transect_id": 145, "baseline_distance_m": 72000, "positions": {"2000": null, "2001": null, "2002": null, "2003": null, "2004": null, "2005": null, "2006": null, "2007": null, "2008": null, "2009": null, "2010": null, "2011": null, "2013": null, "2014": -2212.6, "2015": null, "2016": null, "2017": -5816.8, "2018": -4590.9, "2019": -3066.6, "2020": -12.3, "2021": -1.7, "2022": -3287.3, "2023": -6266.4, "2024": null, "2025": null, "2026": -110.3}, "total_retreat_m": -2102.3, "speed_m_per_year": 169.37, "r_squared": 0.06, "std_error": 253.38, "ci_95_low": -429.79, "ci_95_high": 768.53, "valid_years": 9, "confidence": "low", "risk_class": "low", "anchor": [50.864556577678265, 44.06540865034193], "outliers_removed": 0}}, {"type": "Feature", "geometry": {"type": "LineString", "coordinates": [[50.868627603776595, 44.06199570210282], [50.72254164447244, 43.97757806259233]]}, "properties": {"transect_id": 146, "baseline_distance_m": 72500, "positions": {"2000": null, "2001": null, "2002": null, "2003": null, "2004": null, "2005": null, "2006": null, "2007": null, "2008": null, "2009": null, "2010": null, "2011": null, "2013": null, "2014": -3119.9, "2015": null, "2016": null, "2017": -4752.7, "2018": -717.5, "2019": -2906.9, "2020": -788.6, "2021": -671.9, "2022": -3318.5, "2023": -6406.7, "2024": null, "2025": null, "2026": -956.5}, "total_retreat_m": -2163.4, "speed_m_per_year": 50.51, "r_squared": 0.008, "std_error": 217.08, "ci_95_low": -462.81, "ci_95_high": 563.84, "valid_years": 9, "confidence": "low", "risk_class": "low", "anchor": [50.868627603776595, 44.06199570210282], "outliers_removed": 0}}, {"type": "Feature", "geometry": {"type": "LineString", "coordinates": [[50.87238729355749, 44.05840557687517], [50.72630477015598, 43.97399269985377]]}, "properties": {"transect_id": 147, "baseline_distance_m": 73000, "positions": {"2000": -83.1, "2001": -90.5, "2002": -90.8, "2003": null, "2004": null, "2005": null, "2006": null, "2007": -85.5, "2008": -51.3, "2009": -64.8, "2010": -78.4, "2011": -83.7, "2013": null, "2014": -61.4, "2015": -83.7, "2016": -103.6, "2017": -4876.8, "2018": -66.6, "2019": -75.1, "2020": -112.5, "2021": -72.5, "2022": -73.4, "2023": -108.7, "2024": -81.9, "2025": -83.2, "2026": -92.3}, "total_retreat_m": 9.2, "speed_m_per_year": 1.51, "r_squared": 0.229, "std_error": 1.13, "ci_95_low": -1.26, "ci_95_high": 4.29, "valid_years": 21, "confidence": "low", "risk_class": "low", "anchor": [50.87238729355749, 44.05840557687517], "outliers_removed": 13}}, {"type": "Feature", "geometry": {"type": "LineString", "coordinates": [[50.876047580639515, 44.0547589788849], [50.72996877319967, 43.970350736875545]]}, "properties": {"transect_id": 148, "baseline_distance_m": 73500, "positions": {"2000": -619.8, "2001": -622.4, "2002": -621.1, "2003": null, "2004": null, "2005": null, "2006": null, "2007": -623.5, "2008": -613.7, "2009": -607.1, "2010": -621.6, "2011": -620.7, "2013": null, "2014": -615.3, "2015": -622.6, "2016": -639.8, "2017": -4633.1, "2018": -631.3, "2019": -637.7, "2020": -635.1, "2021": -640.9, "2022": -639.7, "2023": -651.9, "2024": -641.8, "2025": -650.2, "2026": -645.6}, "total_retreat_m": 25.8, "speed_m_per_year": 0.4, "r_squared": 0.099, "std_error": 0.5, "ci_95_low": -0.81, "ci_95_high": 1.61, "valid_years": 21, "confidence": "low", "risk_class": "low", "anchor": [50.876047580639515, 44.0547589788849], "outliers_removed": 13}}, {"type": "Feature", "geometry": {"type": "LineString", "coordinates": [[50.87970741827207, 44.051112260789886], [50.73363232795648, 43.96670865295367]]}, "properties": {"transect_id": 149, "baseline_distance_m": 74000, "positions": {"2000": -1070.8, "2001": -1063.0, "2002": -1161.7, "2003": null, "2004": null, "2005": null, "2006": null, "2007": -1057.5, "2008": -1061.2, "2009": -1064.7, "2010": -1060.8, "2011": -1067.3, "2013": null, "2014": -1053.3, "2015": -1063.1, "2016": -1066.3, "2017": -4172.3, "2018": -971.2, "2019": -1042.4, "2020": -1198.0, "2021": -1056.1, "2022": -1054.8, "2023": -1214.8, "2024": -1065.0, "2025": -1067.2, "2026": -1066.7}, "total_retreat_m": -4.1, "speed_m_per_year": -0.24, "r_squared": 0.001, "std_error": 1.57, "ci_95_low": -3.53, "ci_95_high": 3.06, "valid_years": 21, "confidence": "low", "risk_class": "low", "anchor": [50.87970741827207, 44.051112260789886], "outliers_removed": 1}}, {"type": "Feature", "geometry": {"type": "LineString", "coordinates": [[50.88336680655996, 44.047465422634595], [50.737295434530395, 43.96306644813263]]}, "properties": {"transect_id": 150, "baseline_distance_m": 74500, "positions": {"2000": -1530.4, "2001": -1532.6, "2002": -1530.5, "2003": null, "2004": null, "2005": null, "2006": null, "2007": -1483.6, "2008": -1445.5, "2009": -1481.2, "2010": -1532.5, "2011": -1535.5, "2013": null, "2014": -1532.8, "2015": -1535.5, "2016": -1537.0, "2017": -3538.6, "2018": -1537.2, "2019": -1541.1, "2020": -1542.1, "2021": -1541.7, "2022": -1541.7, "2023": -1543.9, "2024": -1537.2, "2025": -1536.9, "2026": -1535.6}, "total_retreat_m": 5.2, "speed_m_per_year": -0.31, "r_squared": 0.602, "std_error": 0.14, "ci_95_low": -0.76, "ci_95_high": 0.15, "valid_years": 21, "confidence": "medium", "risk_class": "low", "anchor": [50.88336680655996, 44.047465422634595], "outliers_removed": 16}}, {"type": "Feature", "geometry": {"type": "LineString", "coordinates": [[50.887025745607964, 44.043818464463506], [50.740958093025455, 43.959424122456895]]}, "properties": {"transect_id": 151, "baseline_distance_m": 75000, "positions": {"2000": -1854.1, "2001": -1847.5, "2002": -1847.7, "2003": null, "2004": null, "2005": null, "2006": null, "2007": -1877.2, "2008": -1979.1, "2009": -1849.0, "2010": -1858.9, "2011": -1853.6, "2013": null, "2014": -1842.1, "2015": -1857.2, "2016": -1869.1, "2017": -3101.2, "2018": -1767.6, "2019": -1873.7, "2020": -1876.1, "2021": -1873.6, "2022": -1877.8, "2023": -1929.4, "2024": -1919.5, "2025": -1925.1, "2026": -1952.2}, "total_retreat_m": 98.1, "speed_m_per_year": -2.32, "r_squared": 0.244, "std_error": 0.99, "ci_95_low": -4.42, "ci_95_high": -0.23, "valid_years": 21, "confidence": "low", "risk_class": "low", "anchor": [50.887025745607964, 44.043818464463506], "outliers_removed": 2}}, {"type": "Feature", "geometry": {"type": "LineString", "coordinates": [[50.89068423552084, 44.04017138632106], [50.74462030354564, 43.95578167597098]]}, "properties": {"transect_id": 152, "baseline_distance_m": 75500, "positions": {"2000": -1968.2, "2001": -1975.8, "2002": -1970.9, "2003": null, "2004": null, "2005": null, "2006": null, "2007": -1973.5, "2008": -1952.8, "2009": -1971.0, "2010": -1963.2, "2011": -1976.4, "2013": null, "2014": -3506.8, "2015": -2002.9, "2016": -2006.5, "2017": -3830.8, "2018": -1944.1, "2019": -1955.0, "2020": -2012.5, "2021": -2008.4, "2022": -1956.4, "2023": -2011.7, "2024": -1964.6, "2025": -1963.0, "2026": -1961.6}, "total_retreat_m": -6.6, "speed_m_per_year": -2.92, "r_squared": 0.002, "std_error": 14.65, "ci_95_low": -33.58, "ci_95_high": 27.74, "valid_years": 21, "confidence": "low", "risk_class": "low", "anchor": [50.89068423552084, 44.04017138632106], "outliers_removed": 21}}, {"type": "Feature", "geometry": {"type": "LineString", "coordinates": [[50.89434227640332, 44.03652418825177], [50.74828206619491, 43.95213910871933]]}, "properties": {"transect_id": 153, "baseline_distance_m": 76000, "positions": {"2000": -2178.3, "2001": -2196.0, "2002": -2180.0, "2003": null, "2004": null, "2005": null, "2006": null, "2007": -2162.9, "2008": -2130.8, "2009": -2195.1, "2010": -2172.9, "2011": -2182.1, "2013": null, "2014": -3363.9, "2015": -2196.7, "2016": -2191.2, "2017": null, "2018": -2186.7, "2019": -2212.0, "2020": -2216.3, "2021": -2214.4, "2022": -2220.6, "2023": -2236.9, "2024": -2230.5, "2025": -2238.0, "2026": -2237.4}, "total_retreat_m": 59.1, "speed_m_per_year": -2.03, "r_squared": 0.952, "std_error": 0.23, "ci_95_low": -2.66, "ci_95_high": -1.39, "valid_years": 20, "confidence": "high", "risk_class": "low", "anchor": [50.89434227640332, 44.03652418825177], "outliers_removed": 14}}, {"type": "Feature", "geometry": {"type": "LineString", "coordinates": [[50.89799986836014, 44.03287687030001], [50.75194338107725, 43.9484964207464]]}, "properties": {"transect_id": 154, "baseline_distance_m": 76500, "positions": {"2000": -2078.0, "2001": -2081.5, "2002": -2083.5, "2003": null, "2004": null, "2005": null, "2006": null, "2007": -2079.4, "2008": -2068.0, "2009": -2047.0, "2010": -2082.5, "2011": -2089.1, "2013": null, "2014": -2472.2, "2015": -2133.6, "2016": -2117.8, "2017": null, "2018": -2116.1, "2019": -2117.0, "2020": -2118.8, "2021": -2115.9, "2022": -2114.3, "2023": -2115.0, "2024": -2114.8, "2025": -2135.7, "2026": -2133.2}, "total_retreat_m": 55.2, "speed_m_per_year": -2.19, "r_squared": 0.74, "std_error": 0.33, "ci_95_low": -2.88, "ci_95_high": -1.5, "valid_years": 20, "confidence": "medium", "risk_class": "low", "anchor": [50.89799986836014, 44.03287687030001], "outliers_removed": 2}}, {"type": "Feature", "geometry": {"type": "LineString", "coordinates": [[50.901657011496, 44.02922943251026], [50.75560424829657, 43.94485361209665]]}, "properties": {"transect_id": 155, "baseline_distance_m": 77000, "positions": {"2000": -1966.8, "2001": -2012.5, "2002": -1966.6, "2003": null, "2004": null, "2005": null, "2006": null, "2007": -1965.5, "2008": -1988.4, "2009": -1960.5, "2010": -1972.2, "2011": -2011.6, "2013": null, "2014": -2721.4, "2015": -2022.3, "2016": -2025.7, "2017": -5867.3, "2018": -2028.1, "2019": -2026.1, "2020": -2027.9, "2021": -2026.0, "2022": -2023.6, "2023": -2017.5, "2024": -1999.2, "2025": -1988.2, "2026": -1988.3}, "total_retreat_m": 21.5, "speed_m_per_year": 0.1, "r_squared": 0.0, "std_error": 26.44, "ci_95_low": -335.89, "ci_95_high": 336.09, "valid_years": 21, "confidence": "low", "risk_class": "low", "anchor": [50.901657011496, 44.02922943251026], "outliers_removed": 18}}, {"type": "Feature", "geometry": {"type": "LineString", "coordinates": [[50.905313705915574, 44.02558187492696], [50.759264667956806, 43.941210682814535]]}, "properties": {"transect_id": 156, "baseline_distance_m": 77500, "positions": {"2000": -1836.5, "2001": -1827.1, "2002": -1841.4, "2003": null, "2004": null, "2005": null, "2006": null, "2007": -1841.6, "2008": -1805.1, "2009": -1820.9, "2010": -1840.3, "2011": -1884.2, "2013": null, "2014": -2400.3, "2015": -1889.5, "2016": -1869.4, "2017": null, "2018": -1854.2, "2019": -1868.6, "2020": -1882.6, "2021": -1870.2, "2022": -1879.8, "2023": -1883.9, "2024": -1885.4, "2025": -1888.5, "2026": -1888.4}, "total_retreat_m": 51.9, "speed_m_per_year": -2.11, "r_squared": 0.715, "std_error": 0.34, "ci_95_low": -2.85, "ci_95_high": -1.38, "valid_years": 20, "confidence": "medium", "risk_class": "low", "anchor": [50.905313705915574, 44.02558187492696], "outliers_removed": 3}}, {"type": "Feature", "geometry": {"type": "LineString", "coordinates": [[50.908969951723556, 44.0219341975945], [50.762924640161856, 43.93756763294448]]}, "properties": {"transect_id": 157, "baseline_distance_m": 78000, "positions": {"2000": -1569.9, "2001": -1581.1, "2002": -1680.5, "2003": null, "2004": null, "2005": null, "2006": null, "2007": -1609.6, "2008": -1617.2, "2009": -1654.1, "2010": -1694.1, "2011": -1711.5, "2013": null, "2014": -2467.0, "2015": -1763.6, "2016": -1755.1, "2017": null, "2018": -1705.4, "2019": -1794.8, "2020": -1800.8, "2021": -1810.1, "2022": -1810.0, "2023": -1835.2, "2024": -1846.6, "2025": -1854.0, "2026": -1850.7}, "total_retreat_m": 280.8, "speed_m_per_year": -10.07, "r_squared": 0.95, "std_error": 0.64, "ci_95_low": -11.45, "ci_95_high": -8.69, "valid_years": 20, "confidence": "high", "risk_class": "medium", "anchor": [50.908969951723556, 44.0219341975945], "outliers_removed": 5}}, {"type": "Feature", "geometry": {"type": "LineString", "coordinates": [[50.912625749024585, 44.01828640055728], [50.76658416501561, 43.93392446253089]]}, "properties": {"transect_id": 158, "baseline_distance_m": 78500, "positions": {"2000": -1169.9, "2001": -1172.0, "2002": -1169.6, "2003": null, "2004": null, "2005": null, "2006": null, "2007": -1175.9, "2008": -1097.6, "2009": -1156.2, "2010": -1175.4, "2011": -1180.9, "2013": null, "2014": -1188.7, "2015": -1209.4, "2016": -1193.8, "2017": -7932.6, "2018": -1179.3, "2019": -1260.6, "2020": -1259.1, "2021": -1290.5, "2022": -1342.1, "2023": -1386.0, "2024": -1389.5, "2025": -1415.0, "2026": -1415.1}, "total_retreat_m": 245.2, "speed_m_per_year": -0.83, "r_squared": 0.785, "std_error": 0.31, "ci_95_low": -2.14, "ci_95_high": 0.49, "valid_years": 21, "confidence": "medium", "risk_class": "low", "anchor": [50.912625749024585, 44.01828640055728], "outliers_removed": 17}}, {"type": "Feature", "geometry": {"type": "LineString", "coordinates": [[50.91628109792329, 44.01463848385975], [50.77024324262192, 43.93028117161821]]}, "properties": {"transect_id": 159, "baseline_distance_m": 79000, "positions": {"2000": -465.9, "2001": -477.2, "2002": -461.3, "2003": null, "2004": null, "2005": null, "2006": null, "2007": -455.9, "2008": -437.5, "2009": -392.6, "2010": -459.0, "2011": -464.8, "2013": null, "2014": -2836.6, "2015": -544.2, "2016": -472.3, "2017": -8586.0, "2018": -466.7, "2019": -634.0, "2020": -640.8, "2021": -644.0, "2022": -645.4, "2023": -656.4, "2024": -657.1, "2025": -691.6, "2026": -694.5}, "total_retreat_m": 228.6, "speed_m_per_year": 2.3, "r_squared": 0.079, "std_error": 7.85, "ci_95_low": -97.47, "ci_95_high": 102.07, "valid_years": 21, "confidence": "low", "risk_class": "low", "anchor": [50.91628109792329, 44.01463848385975], "outliers_removed": 18}}, {"type": "Feature", "geometry": {"type": "LineString", "coordinates": [[50.91993599852428, 44.01099044754629], [50.773901873084654, 43.92663776025085]]}, "properties": {"transect_id": 160, "baseline_distance_m": 79500, "positions": {"2000": -142.8, "2001": -165.4, "2002": -178.8, "2003": null, "2004": null, "2005": null, "2006": null, "2007": -149.3, "2008": -143.7, "2009": -167.3, "2010": -171.2, "2011": -187.4, "2013": null, "2014": -2758.3, "2015": -236.1, "2016": -184.1, "2017": -9340.9, "2018": -196.7, "2019": -212.5, "2020": -225.6, "2021": -234.0, "2022": -236.1, "2023": -236.9, "2024": -234.1, "2025": -249.7, "2026": -253.5}, "total_retreat_m": 110.7, "speed_m_per_year": -1.22, "r_squared": 0.104, "std_error": 1.47, "ci_95_low": -4.81, "ci_95_high": 2.37, "valid_years": 21, "confidence": "low", "risk_class": "low", "anchor": [50.91993599852428, 44.01099044754629], "outliers_removed": 13}}, {"type": "Feature", "geometry": {"type": "LineString", "coordinates": [[50.92359045093217, 44.00734229166125], [50.77756005650763, 43.922994228473186]]}, "properties": {"transect_id": 161, "baseline_distance_m": 80000, "positions": {"2000": null, "2001": null, "2002": null, "2003": null, "2004": null, "2005": null, "2006": null, "2007": null, "2008": null, "2009": null, "2010": null, "2011": null, "2013": null, "2014": -3151.4, "2015": -2623.2, "2016": -10733.2, "2017": null, "2018": -11061.0, "2019": -16.1, "2020": -9445.4, "2021": -26.0, "2022": -29.9, "2023": -47.8, "2024": -44.9, "2025": -51.6, "2026": -59.8}, "total_retreat_m": -3091.6, "speed_m_per_year": 611.86, "r_squared": 0.283, "std_error": 307.83, "ci_95_low": -74.03, "ci_95_high": 1297.74, "valid_years": 12, "confidence": "low", "risk_class": "low", "anchor": [50.92359045093217, 44.00734229166125], "outliers_removed": 0}}, {"type": "Feature", "geometry": {"type": "LineString", "coordinates": [[50.92724445525152, 44.00369401624905], [50.781217792994674, 43.91935057632962]]}, "properties": {"transect_id": 162, "baseline_distance_m": 80500, "positions": {"2000": null, "2001": null, "2002": null, "2003": null, "2004": null, "2005": null, "2006": null, "2007": null, "2008": null, "2009": null, "2010": null, "2011": null, "2013": null, "2014": -3618.7, "2015": null, "2016": null, "2017": -10593.6, "2018": -11316.5, "2019": -11649.7, "2020": -10108.5, "2021": null, "2022": -12815.2, "2023": null, "2024": null, "2025": null, "2026": -10509.5}, "total_retreat_m": 6890.8, "speed_m_per_year": -396.48, "r_squared": 0.478, "std_error": 414.34, "ci_95_low": -5661.15, "ci_95_high": 4868.19, "valid_years": 7, "confidence": "low", "risk_class": "high", "anchor": [50.92724445525152, 44.00369401624905], "outliers_removed": 4}}, {"type": "Feature", "geometry": {"type": "LineString", "coordinates": [[50.9308980115869, 44.00004562135404], [50.78487508264956, 43.91570680386454]]}, "properties": {"transect_id": 163, "baseline_distance_m": 81000, "positions": {"2000": null, "2001": null, "2002": null, "2003": null, "2004": null, "2005": null, "2006": null, "2007": null, "2008": null, "2009": null, "2010": null, "2011": null, "2013": null, "2014": -1487.9, "2015": null, "2016": null, "2017": null, "2018": null, "2019": -12417.6, "2020": -10804.2, "2021": null, "2022": -13357.4, "2023": null, "2024": -12111.4, "2025": null, "2026": -11335.3}, "total_retreat_m": 9847.4, "speed_m_per_year": -794.36, "r_squared": 0.583, "std_error": 335.62, "ci_95_low": -1726.18, "ci_95_high": 137.46, "valid_years": 6, "confidence": "low", "risk_class": "high", "anchor": [50.9308980115869, 44.00004562135404], "outliers_removed": 0}}, {"type": "Feature", "geometry": {"type": "LineString", "coordinates": [[50.93455112004284, 43.99639710702058], [50.78853192557608, 43.91206291112231]]}, "properties": {"transect_id": 164, "baseline_distance_m": 81500, "positions": {"2000": null, "2001": null, "2002": null, "2003": null, "2004": null, "2005": null, "2006": null, "2007": null, "2008": null, "2009": null, "2010": null, "2011": null, "2013": null, "2014": -2029.0, "2015": null, "2016": null, "2017": null, "2018": null, "2019": -12928.9, "2020": -12071.1, "2021": null, "2022": -13292.4, "2023": null, "2024": -13738.2, "2025": null, "2026": -12630.5}, "total_retreat_m": 10601.5, "speed_m_per_year": -862.77, "r_squared": 0.657, "std_error": 311.84, "ci_95_low": -1728.57, "ci_95_high": 3.04, "valid_years": 6, "confidence": "low", "risk_class": "high", "anchor": [50.93455112004284, 43.99639710702058], "outliers_removed": 0}}, {"type": "Feature", "geometry": {"type": "LineString", "coordinates": [[50.93820378072387, 43.99274847329299], [50.79218832187799, 43.90841889814729]]}, "properties": {"transect_id": 165, "baseline_distance_m": 82000, "positions": {"2000": null, "2001": null, "2002": null, "2003": null, "2004": null, "2005": null, "2006": null, "2007": null, "2008": null, "2009": null, "2010": null, "2011": null, "2013": null, "2014": -3982.9, "2015": null, "2016": null, "2017": -12733.7, "2018": null, "2019": -13951.1, "2020": -12392.0, "2021": null, "2022": null, "2023": null, "2024": null, "2025": null, "2026": null}, "total_retreat_m": 8409.1, "speed_m_per_year": -1504.75, "r_squared": 0.759, "std_error": 600.03, "ci_95_low": -4086.47, "ci_95_high": 1076.98, "valid_years": 4, "confidence": "low", "risk_class": "high", "anchor": [50.93820378072387, 43.99274847329299], "outliers_removed": 0}}, {"type": "Feature", "geometry": {"type": "LineString", "coordinates": [[50.94185599373449, 43.98909972021567], [50.79584427165903, 43.90477476498385]]}, "properties": {"transect_id": 166, "baseline_distance_m": 82500, "positions": {"2000": null, "2001": null, "2002": null, "2003": null, "2004": null, "2005": null, "2006": null, "2007": null, "2008": null, "2009": null, "2010": null, "2011": null, "2013": null, "2014": -4159.0, "2015": null, "2016": null, "2017": null, "2018": null, "2019": null, "2020": -13466.7, "2021": null, "2022": null, "2023": null, "2024": null, "2025": null, "2026": null}, "total_retreat_m": 9307.7, "speed_m_per_year": 0.0, "r_squared": 0.0, "std_error": 0.0, "ci_95_low": 0.0, "ci_95_high": 0.0, "valid_years": 2, "confidence": "low", "risk_class": "low", "anchor": [50.94185599373449, 43.98909972021567], "outliers_removed": 0}}, {"type": "Feature", "geometry": {"type": "LineString", "coordinates": [[50.94550775917921, 43.985450847832915], [50.79949977502293, 43.901130511676335]]}, "properties": {"transect_id": 167, "baseline_distance_m": 83000, "positions": {"2000": null, "2001": null, "2002": null, "2003": null, "2004": null, "2005": null, "2006": null, "2007": null, "2008": null, "2009": null, "2010": null, "2011": null, "2013": null, "2014": -4016.6, "2015": null, "2016": null, "2017": null, "2018": null, "2019": null, "2020": -14085.1, "2021": null, "2022": null, "2023": null, "2024": null, "2025": null, "2026": -14661.5}, "total_retreat_m": 10644.9, "speed_m_per_year": -887.07, "r_squared": 0.79, "std_error": 456.69, "ci_95_low": -6689.86, "ci_95_high": 4915.71, "valid_years": 3, "confidence": "low", "risk_class": "high", "anchor": [50.94550775917921, 43.985450847832915], "outliers_removed": 3}}, {"type": "Feature", "geometry": {"type": "LineString", "coordinates": [[50.949159077162456, 43.98180185618904], [50.803154832073396, 43.89748613826905]]}, "properties": {"transect_id": 168, "baseline_distance_m": 83500, "positions": {"2000": null, "2001": null, "2002": null, "2003": null, "2004": null, "2005": null, "2006": null, "2007": null, "2008": null, "2009": null, "2010": null, "2011": null, "2013": null, "2014": -529.8, "2015": -1395.7, "2016": null, "2017": null, "2018": null, "2019": null, "2020": null, "2021": null, "2022": null, "2023": null, "2024": -4.9, "2025": -20.2, "2026": -14.7}, "total_retreat_m": -515.1, "speed_m_per_year": 45.84, "r_squared": 0.973, "std_error": 5.36, "ci_95_low": 22.77, "ci_95_high": 68.91, "valid_years": 5, "confidence": "low", "risk_class": "low", "anchor": [50.949159077162456, 43.98180185618904], "outliers_removed": 1}}, {"type": "Feature", "geometry": {"type": "LineString", "coordinates": [[50.95280994778871, 43.97815274532839], [50.80680944291411, 43.89384164480637]]}, "properties": {"transect_id": 169, "baseline_distance_m": 84000, "positions": {"2000": null, "2001": null, "2002": null, "2003": null, "2004": null, "2005": null, "2006": null, "2007": null, "2008": null, "2009": null, "2010": null, "2011": null, "2013": null, "2014": -65.1, "2015": null, "2016": null, "2017": null, "2018": null, "2019": null, "2020": -14527.9, "2021": null, "2022": null, "2023": null, "2024": null, "2025": null, "2026": null}, "total_retreat_m": 14462.8, "speed_m_per_year": 0.0, "r_squared": 0.0, "std_error": 0.0, "ci_95_low": 0.0, "ci_95_high": 0.0, "valid_years": 2, "confidence": "low", "risk_class": "low", "anchor": [50.95280994778871, 43.97815274532839], "outliers_removed": 0}}, {"type": "Feature", "geometry": {"type": "LineString", "coordinates": [[50.95646037116239, 43.97450351529526], [50.810463607648735, 43.8901970313326]]}, "properties": {"transect_id": 170, "baseline_distance_m": 84500, "positions": {"2000": null, "2001": null, "2002": null, "2003": null, "2004": null, "2005": null, "2006": null, "2007": null, "2008": null, "2009": null, "2010": null, "2011": null, "2013": null, "2014": -3775.5, "2015": null, "2016": null, "2017": null, "2018": null, "2019": null, "2020": null, "2021": null, "2022": null, "2023": null, "2024": null, "2025": null, "2026": null}, "total_retreat_m": null, "speed_m_per_year": 0.0, "r_squared": 0.0, "std_error": 0.0, "ci_95_low": 0.0, "ci_95_high": 0.0, "valid_years": 1, "confidence": "low", "risk_class": "low", "anchor": [50.95646037116239, 43.97450351529526], "outliers_removed": 0}}, {"type": "Feature", "geometry": {"type": "LineString", "coordinates": [[50.960110347387925, 43.97085416613391], [50.81411732638094, 43.88655229789203]]}, "properties": {"transect_id": 171, "baseline_distance_m": 85000, "positions": {"2000": null, "2001": null, "2002": null, "2003": null, "2004": null, "2005": null, "2006": null, "2007": null, "2008": null, "2009": null, "2010": null, "2011": null, "2013": null, "2014": -3107.6, "2015": null, "2016": null, "2017": null, "2018": null, "2019": null, "2020": null, "2021": null, "2022": null, "2023": null, "2024": null, "2025": null, "2026": null}, "total_retreat_m": null, "speed_m_per_year": 0.0, "r_squared": 0.0, "std_error": 0.0, "ci_95_low": 0.0, "ci_95_high": 0.0, "valid_years": 1, "confidence": "low", "risk_class": "low", "anchor": [50.960110347387925, 43.97085416613391], "outliers_removed": 0}}, {"type": "Feature", "geometry": {"type": "LineString", "coordinates": [[50.963759876569696, 43.96720469788868], [50.81777059921435, 43.88290744452898]]}, "properties": {"transect_id": 172, "baseline_distance_m": 85500, "positions": {"2000": null, "2001": null, "2002": null, "2003": null, "2004": null, "2005": null, "2006": null, "2007": null, "2008": null, "2009": null, "2010": null, "2011": null, "2013": null, "2014": -3317.4, "2015": null, "2016": null, "2017": null, "2018": null, "2019": null, "2020": null, "2021": null, "2022": null, "2023": null, "2024": null, "2025": null, "2026": null}, "total_retreat_m": null, "speed_m_per_year": 0.0, "r_squared": 0.0, "std_error": 0.0, "ci_95_low": 0.0, "ci_95_high": 0.0, "valid_years": 1, "confidence": "low", "risk_class": "low", "anchor": [50.963759876569696, 43.96720469788868], "outliers_removed": 0}}, {"type": "Feature", "geometry": {"type": "LineString", "coordinates": [[50.96740895881208, 43.96355511060384], [50.821423426252586, 43.87926247128777]]}, "properties": {"transect_id": 173, "baseline_distance_m": 86000, "positions": {"2000": null, "2001": null, "2002": null, "2003": null, "2004": null, "2005": null, "2006": null, "2007": null, "2008": null, "2009": null, "2010": null, "2011": null, "2013": null, "2014": -3472.0, "2015": null, "2016": null, "2017": null, "2018": null, "2019": null, "2020": null, "2021": null, "2022": null, "2023": null, "2024": null, "2025": null, "2026": null}, "total_retreat_m": null, "speed_m_per_year": 0.0, "r_squared": 0.0, "std_error": 0.0, "ci_95_low": 0.0, "ci_95_high": 0.0, "valid_years": 1, "confidence": "low", "risk_class": "low", "anchor": [50.96740895881208, 43.96355511060384], "outliers_removed": 0}}, {"type": "Feature", "geometry": {"type": "LineString", "coordinates": [[50.97105759421944, 43.959905404323635], [50.82507580759924, 43.875617378212624]]}, "properties": {"transect_id": 174, "baseline_distance_m": 86500, "positions": {"2000": null, "2001": null, "2002": null, "2003": null, "2004": null, "2005": null, "2006": null, "2007": null, "2008": null, "2009": null, "2010": null, "2011": null, "2013": null, "2014": -1591.6, "2015": null, "2016": null, "2017": null, "2018": null, "2019": null, "2020": null, "2021": null, "2022": null, "2023": null, "2024": null, "2025": null, "2026": null}, "total_retreat_m": null, "speed_m_per_year": 0.0, "r_squared": 0.0, "std_error": 0.0, "ci_95_low": 0.0, "ci_95_high": 0.0, "valid_years": 1, "confidence": "low", "risk_class": "low", "anchor": [50.97105759421944, 43.959905404323635], "outliers_removed": 0}}, {"type": "Feature", "geometry": {"type": "LineString", "coordinates": [[50.97470578289611, 43.95625557909234], [50.8287277433579, 43.87197216534787]]}, "properties": {"transect_id": 175, "baseline_distance_m": 87000, "positions": {"2000": null, "2001": null, "2002": null, "2003": null, "2004": null, "2005": null, "2006": null, "2007": null, "2008": null, "2009": null, "2010": null, "2011": null, "2013": null, "2014": -2199.6, "2015": null, "2016": null, "2017": null, "2018": null, "2019": null, "2020": null, "2021": null, "2022": null, "2023": null, "2024": null, "2025": null, "2026": null}, "total_retreat_m": null, "speed_m_per_year": 0.0, "r_squared": 0.0, "std_error": 0.0, "ci_95_low": 0.0, "ci_95_high": 0.0, "valid_years": 1, "confidence": "low", "risk_class": "low", "anchor": [50.97470578289611, 43.95625557909234], "outliers_removed": 0}}, {"type": "Feature", "geometry": {"type": "LineString", "coordinates": [[50.97835352494643, 43.95260563495421], [50.832379233632125, 43.86832683273774]]}, "properties": {"transect_id": 176, "baseline_distance_m": 87500, "positions": {"2000": null, "2001": null, "2002": null, "2003": null, "2004": null, "2005": null, "2006": null, "2007": null, "2008": null, "2009": null, "2010": null, "2011": null, "2013": null, "2014": -1638.1, "2015": null, "2016": null, "2017": null, "2018": null, "2019": null, "2020": null, "2021": null, "2022": -9939.5, "2023": null, "2024": null, "2025": null, "2026": null}, "total_retreat_m": 8301.4, "speed_m_per_year": 0.0, "r_squared": 0.0, "std_error": 0.0, "ci_95_low": 0.0, "ci_95_high": 0.0, "valid_years": 2, "confidence": "low", "risk_class": "low", "anchor": [50.97835352494643, 43.95260563495421], "outliers_removed": 0}}, {"type": "Feature", "geometry": {"type": "LineString", "coordinates": [[50.98200082047469, 43.948955571953505], [50.83603027852546, 43.86468138042655]]}, "properties": {"transect_id": 177, "baseline_distance_m": 88000, "positions": {"2000": null, "2001": null, "2002": null, "2003": null, "2004": null, "2005": null, "2006": null, "2007": null, "2008": null, "2009": null, "2010": null, "2011": null, "2013": null, "2014": -818.7, "2015": null, "2016": null, "2017": null, "2018": null, "2019": null, "2020": null, "2021": null, "2022": -11174.4, "2023": null, "2024": null, "2025": null, "2026": null}, "total_retreat_m": 10355.7, "speed_m_per_year": 0.0, "r_squared": 0.0, "std_error": 0.0, "ci_95_low": 0.0, "ci_95_high": 0.0, "valid_years": 2, "confidence": "low", "risk_class": "low", "anchor": [50.98200082047469, 43.948955571953505], "outliers_removed": 0}}, {"type": "Feature", "geometry": {"type": "LineString", "coordinates": [[50.98564766958517, 43.94530539013442], [50.839680878141436, 43.861035808458496]]}, "properties": {"transect_id": 178, "baseline_distance_m": 88500, "positions": {"2000": null, "2001": null, "2002": null, "2003": null, "2004": null, "2005": null, "2006": null, "2007": null, "2008": null, "2009": null, "2010": null, "2011": null, "2013": null, "2014": -759.7, "2015": null, "2016": null, "2017": null, "2018": null, "2019": null, "2020": null, "2021": null, "2022": null, "2023": null, "2024": null, "2025": null, "2026": null}, "total_retreat_m": null, "speed_m_per_year": 0.0, "r_squared": 0.0, "std_error": 0.0, "ci_95_low": 0.0, "ci_95_high": 0.0, "valid_years": 1, "confidence": "low", "risk_class": "low", "anchor": [50.98564766958517, 43.94530539013442], "outliers_removed": 0}}, {"type": "Feature", "geometry": {"type": "LineString", "coordinates": [[50.98929407238216, 43.94165508954121], [50.843331032583556, 43.85739011687781]]}, "properties": {"transect_id": 179, "baseline_distance_m": 89000, "positions": {"2000": null, "2001": null, "2002": null, "2003": null, "2004": null, "2005": null, "2006": null, "2007": null, "2008": null, "2009": null, "2010": null, "2011": null, "2013": null, "2014": -3692.5, "2015": null, "2016": null, "2017": null, "2018": null, "2019": null, "2020": null, "2021": null, "2022": null, "2023": null, "2024": null, "2025": null, "2026": null}, "total_retreat_m": null, "speed_m_per_year": 0.0, "r_squared": 0.0, "std_error": 0.0, "ci_95_low": 0.0, "ci_95_high": 0.0, "valid_years": 1, "confidence": "low", "risk_class": "low", "anchor": [50.98929407238216, 43.94165508954121], "outliers_removed": 0}}, {"type": "Feature", "geometry": {"type": "LineString", "coordinates": [[50.99294002896988, 43.9380046702181], [50.84698074195532, 43.85374430572878]]}, "properties": {"transect_id": 180, "baseline_distance_m": 89500, "positions": {"2000": null, "2001": null, "2002": null, "2003": null, "2004": null, "2005": null, "2006": null, "2007": null, "2008": null, "2009": null, "2010": null, "2011": null, "2013": null, "2014": -2613.7, "2015": null, "2016": null, "2017": null, "2018": null, "2019": null, "2020": null, "2021": null, "2022": null, "2023": null, "2024": null, "2025": -13.0, "2026": -16.4}, "total_retreat_m": -2597.3, "speed_m_per_year": 224.71, "r_squared": 0.994, "std_error": 17.18, "ci_95_low": 6.44, "ci_95_high": 442.97, "valid_years": 3, "confidence": "low", "risk_class": "low", "anchor": [50.99294002896988, 43.9380046702181], "outliers_removed": 0}}, {"type": "Feature", "geometry": {"type": "LineString", "coordinates": [[50.99658553945259, 43.934354132209286], [50.8506300063602, 43.85009837505559]]}, "properties": {"transect_id": 181, "baseline_distance_m": 90000, "positions": {"2000": -205.2, "2001": -208.5, "2002": -208.3, "2003": null, "2004": null, "2005": null, "2006": null, "2007": -191.4, "2008": -163.0, "2009": -185.4, "2010": -171.6, "2011": -189.1, "2013": null, "2014": -1086.8, "2015": -214.1, "2016": null, "2017": null, "2018": -177.1, "2019": -205.4, "2020": -203.5, "2021": -209.8, "2022": -211.1, "2023": -217.5, "2024": -213.0, "2025": -213.2, "2026": -212.4}, "total_retreat_m": 7.2, "speed_m_per_year": -0.2, "r_squared": 0.226, "std_error": 0.12, "ci_95_low": -0.47, "ci_95_high": 0.06, "valid_years": 19, "confidence": "low", "risk_class": "low", "anchor": [50.99658553945259, 43.934354132209286], "outliers_removed": 7}}, {"type": "Feature", "geometry": {"type": "LineString", "coordinates": [[51.0002306039345, 43.93070347555895], [50.85427882590164, 43.84645232490245]]}, "properties": {"transect_id": 182, "baseline_distance_m": 90500, "positions": {"2000": -461.8, "2001": -414.2, "2002": -422.1, "2003": null, "2004": null, "2005": null, "2006": null, "2007": -411.7, "2008": -407.6, "2009": -414.5, "2010": -409.3, "2011": -429.1, "2013": null, "2014": -517.6, "2015": -434.3, "2016": -2565.6, "2017": null, "2018": -400.7, "2019": -450.6, "2020": -426.6, "2021": -457.3, "2022": -465.5, "2023": -482.4, "2024": -483.7, "2025": -484.0, "2026": -484.0}, "total_retreat_m": 22.2, "speed_m_per_year": -4.62, "r_squared": 0.006, "std_error": 13.61, "ci_95_low": -33.22, "ci_95_high": 23.97, "valid_years": 20, "confidence": "low", "risk_class": "low", "anchor": [51.0002306039345, 43.93070347555895], "outliers_removed": 18}}, {"type": "Feature", "geometry": {"type": "LineString", "coordinates": [[51.003875222519774, 43.92705270031131], [50.85792720068309, 43.842806155313596]]}, "properties": {"transect_id": 183, "baseline_distance_m": 91000, "positions": {"2000": -694.7, "2001": -713.4, "2002": -716.6, "2003": null, "2004": null, "2005": null, "2006": null, "2007": -705.6, "2008": -690.7, "2009": -702.5, "2010": -712.3, "2011": -717.7, "2013": null, "2014": -714.8, "2015": -721.7, "2016": -572.9, "2017": null, "2018": -728.8, "2019": -734.7, "2020": -711.9, "2021": -737.1, "2022": -736.6, "2023": -765.1, "2024": -765.9, "2025": -768.8, "2026": -768.4}, "total_retreat_m": 73.7, "speed_m_per_year": -2.44, "r_squared": 0.686, "std_error": 0.4, "ci_95_low": -3.29, "ci_95_high": -1.6, "valid_years": 20, "confidence": "medium", "risk_class": "low", "anchor": [51.003875222519774, 43.92705270031131], "outliers_removed": 1}}, {"type": "Feature", "geometry": {"type": "LineString", "coordinates": [[51.00751939531262, 43.92340180651054], [50.86157513080797, 43.83915986633321]]}, "properties": {"transect_id": 184, "baseline_distance_m": 91500, "positions": {"2000": -981.6, "2001": -982.1, "2002": -992.2, "2003": null, "2004": null, "2005": null, "2006": null, "2007": -975.6, "2008": -972.1, "2009": -976.7, "2010": -979.3, "2011": -986.6, "2013": null, "2014": -992.6, "2015": -996.1, "2016": -885.3, "2017": null, "2018": -988.9, "2019": -1003.8, "2020": -1004.7, "2021": -1012.7, "2022": -1014.2, "2023": -1044.0, "2024": -1043.8, "2025": -1047.0, "2026": -1048.8}, "total_retreat_m": 67.2, "speed_m_per_year": -2.57, "r_squared": 0.691, "std_error": 0.42, "ci_95_low": -3.45, "ci_95_high": -1.69, "valid_years": 20, "confidence": "medium", "risk_class": "low", "anchor": [51.00751939531262, 43.92340180651054], "outliers_removed": 1}}, {"type": "Feature", "geometry": {"type": "LineString", "coordinates": [[51.01116312241719, 43.91975079420082], [50.86522261637967, 43.83551345800548]]}, "properties": {"transect_id": 185, "baseline_distance_m": 92000, "positions": {"2000": -1323.6, "2001": -1330.9, "2002": -1326.0, "2003": null, "2004": null, "2005": null, "2006": null, "2007": -1323.6, "2008": -1281.1, "2009": -1303.0, "2010": -1327.9, "2011": -1331.4, "2013": null, "2014": -1284.3, "2015": -1348.5, "2016": null, "2017": null, "2018": -1328.0, "2019": -1342.8, "2020": -1347.6, "2021": -1356.3, "2022": -1354.1, "2023": -1379.7, "2024": -1395.4, "2025": -1395.5, "2026": -1397.3}, "total_retreat_m": 73.7, "speed_m_per_year": -2.89, "r_squared": 0.515, "std_error": 0.68, "ci_95_low": -4.33, "ci_95_high": -1.46, "valid_years": 19, "confidence": "medium", "risk_class": "low", "anchor": [51.01116312241719, 43.91975079420082], "outliers_removed": 0}}, {"type": "Feature", "geometry": {"type": "LineString", "coordinates": [[51.01480640393762, 43.91609966342631], [50.86886965750159, 43.83186693037458]]}, "properties": {"transect_id": 186, "baseline_distance_m": 92500, "positions": {"2000": -1653.7, "2001": -1629.8, "2002": -1615.1, "2003": null, "2004": null, "2005": null, "2006": null, "2007": -1627.9, "2008": -1612.6, "2009": -1607.7, "2010": -1625.0, "2011": -1630.6, "2013": null, "2014": -1637.9, "2015": -1686.1, "2016": -1160.0, "2017": null, "2018": -1659.7, "2019": -1693.9, "2020": -1704.7, "2021": -1719.6, "2022": -1723.3, "2023": -1762.6, "2024": -1774.3, "2025": -1808.1, "2026": -1816.8}, "total_retreat_m": 163.1, "speed_m_per_year": -6.87, "r_squared": 0.731, "std_error": 1.01, "ci_95_low": -9.0, "ci_95_high": -4.73, "valid_years": 20, "confidence": "medium", "risk_class": "low", "anchor": [51.01480640393762, 43.91609966342631], "outliers_removed": 1}}, {"type": "Feature", "geometry": {"type": "LineString", "coordinates": [[51.018449239978025, 43.912448414231164], [50.872516254277095, 43.82822028348472]]}, "properties": {"transect_id": 187, "baseline_distance_m": 93000, "positions": {"2000": -1895.6, "2001": -1915.7, "2002": -1903.0, "2003": null, "2004": null, "2005": null, "2006": null, "2007": -1892.2, "2008": -1835.5, "2009": -1883.6, "2010": -1893.5, "2011": -1918.2, "2013": null, "2014": -1896.8, "2015": -1936.7, "2016": -2407.8, "2017": null, "2018": -1941.7, "2019": -1956.0, "2020": -1965.1, "2021": -1983.4, "2022": -2005.3, "2023": -2012.8, "2024": -2015.7, "2025": -2018.1, "2026": -2020.8}, "total_retreat_m": 125.2, "speed_m_per_year": -5.22, "r_squared": 0.771, "std_error": 0.71, "ci_95_low": -6.73, "ci_95_high": -3.72, "valid_years": 20, "confidence": "medium", "risk_class": "low", "anchor": [51.018449239978025, 43.912448414231164], "outliers_removed": 2}}, {"type": "Feature", "geometry": {"type": "LineString", "coordinates": [[51.02209163064253, 43.90879704665952], [50.87616240680952, 43.82457351738]]}, "properties": {"transect_id": 188, "baseline_distance_m": 93500, "positions": {"2000": -2050.9, "2001": -2072.5, "2002": -2065.9, "2003": null, "2004": null, "2005": null, "2006": null, "2007": -2071.8, "2008": -2038.0, "2009": -2061.0, "2010": -2066.6, "2011": -2077.3, "2013": null, "2014": -2078.8, "2015": -2124.5, "2016": -2283.6, "2017": null, "2018": -2071.1, "2019": -2106.7, "2020": -2110.5, "2021": -2130.8, "2022": -2138.0, "2023": -2157.6, "2024": -2157.0, "2025": -2159.7, "2026": -2160.8}, "total_retreat_m": 109.9, "speed_m_per_year": -4.25, "r_squared": 0.757, "std_error": 0.58, "ci_95_low": -5.47, "ci_95_high": -3.02, "valid_years": 20, "confidence": "medium", "risk_class": "low", "anchor": [51.02209163064253, 43.90879704665952], "outliers_removed": 1}}, {"type": "Feature", "geometry": {"type": "LineString", "coordinates": [[51.02573357603519, 43.905145560755535], [50.87980811520221, 43.820926632104616]]}, "properties": {"transect_id": 189, "baseline_distance_m": 94000, "positions": {"2000": -2278.8, "2001": -2284.8, "2002": -2313.3, "2003": null, "2004": null, "2005": null, "2006": null, "2007": -2308.8, "2008": -2265.2, "2009": -2289.6, "2010": -2312.0, "2011": -2318.1, "2013": null, "2014": -2316.7, "2015": -2333.0, "2016": -2342.9, "2017": null, "2018": -2326.9, "2019": -2334.7, "2020": -2357.2, "2021": -2359.4, "2022": -2378.1, "2023": -2413.4, "2024": -2417.8, "2025": -2421.5, "2026": -2422.8}, "total_retreat_m": 144.0, "speed_m_per_year": -5.31, "r_squared": 0.787, "std_error": 0.65, "ci_95_low": -6.67, "ci_95_high": -3.94, "valid_years": 20, "confidence": "medium", "risk_class": "low", "anchor": [51.02573357603519, 43.905145560755535], "outliers_removed": 0}}, {"type": "Feature", "geometry": {"type": "LineString", "coordinates": [[51.0293750762601, 43.90149395656335], [50.88345337955847, 43.81727962770272]]}, "properties": {"transect_id": 190, "baseline_distance_m": 94500, "positions": {"2000": -2521.5, "2001": -2542.4, "2002": -2537.9, "2003": null, "2004": null, "2005": null, "2006": null, "2007": -2540.6, "2008": -2534.4, "2009": -2550.1, "2010": -2543.1, "2011": -2552.7, "2013": null, "2014": -2553.6, "2015": -2592.1, "2016": -2285.1, "2017": null, "2018": -2569.6, "2019": -2573.3, "2020": -2584.4, "2021": -2595.4, "2022": -2613.8, "2023": -2631.3, "2024": -2636.0, "2025": -2644.6, "2026": -2656.7}, "total_retreat_m": 135.2, "speed_m_per_year": -4.51, "r_squared": 0.828, "std_error": 0.5, "ci_95_low": -5.56, "ci_95_high": -3.46, "valid_years": 20, "confidence": "high", "risk_class": "low", "anchor": [51.0293750762601, 43.90149395656335], "outliers_removed": 1}}, {"type": "Feature", "geometry": {"type": "LineString", "coordinates": [[51.033016131421306, 43.897842234127054], [50.8870981999816, 43.813632504218404]]}, "properties": {"transect_id": 191, "baseline_distance_m": 95000, "positions": {"2000": -2887.4, "2001": -2779.5, "2002": -2780.7, "2003": null, "2004": null, "2005": null, "2006": null, "2007": -2777.8, "2008": -2725.8, "2009": -2782.4, "2010": -2779.4, "2011": -2782.3, "2013": null, "2014": -2782.4, "2015": -2792.2, "2016": -2808.3, "2017": null, "2018": -2800.6, "2019": -2816.4, "2020": -2831.5, "2021": -2833.5, "2022": -2834.5, "2023": -2854.0, "2024": -2855.7, "2025": -2866.9, "2026": -2862.6}, "total_retreat_m": -24.8, "speed_m_per_year": -4.22, "r_squared": 0.747, "std_error": 0.6, "ci_95_low": -5.47, "ci_95_high": -2.96, "valid_years": 20, "confidence": "medium", "risk_class": "low", "anchor": [51.033016131421306, 43.897842234127054], "outliers_removed": 1}}, {"type": "Feature", "geometry": {"type": "LineString", "coordinates": [[51.03665674162283, 43.89419039349076], [50.89074257657487, 43.809985261695836]]}, "properties": {"transect_id": 192, "baseline_distance_m": 95500, "positions": {"2000": -3107.1, "2001": -3051.5, "2002": -3042.3, "2003": null, "2004": null, "2005": null, "2006": null, "2007": -3270.6, "2008": -3046.5, "2009": -3023.8, "2010": -3054.8, "2011": -3041.9, "2013": null, "2014": -2997.1, "2015": -3045.9, "2016": -3014.7, "2017": null, "2018": -2699.5, "2019": -3015.1, "2020": -3070.6, "2021": -2934.4, "2022": -3021.5, "2023": -3054.5, "2024": -3051.4, "2025": -3051.0, "2026": -3050.8}, "total_retreat_m": -56.3, "speed_m_per_year": 1.23, "r_squared": 0.086, "std_error": 1.0, "ci_95_low": -0.9, "ci_95_high": 3.35, "valid_years": 20, "confidence": "low", "risk_class": "low", "anchor": [51.03665674162283, 43.89419039349076], "outliers_removed": 2}}, {"type": "Feature", "geometry": {"type": "LineString", "coordinates": [[51.04029690696868, 43.89053843469861], [50.89438650944155, 43.80633790017912]]}, "properties": {"transect_id": 193, "baseline_distance_m": 96000, "positions": {"2000": -3455.4, "2001": -3300.4, "2002": -3294.6, "2003": null, "2004": null, "2005": null, "2006": null, "2007": -3572.2, "2008": -3240.7, "2009": -3293.1, "2010": -3298.7, "2011": -3299.9, "2013": null, "2014": -3306.5, "2015": -3328.8, "2016": -3308.9, "2017": null, "2018": -3305.2, "2019": -3327.2, "2020": -3342.5, "2021": -3357.4, "2022": -3365.8, "2023": -3400.8, "2024": -3413.9, "2025": -3423.8, "2026": -3422.8}, "total_retreat_m": -32.6, "speed_m_per_year": -5.25, "r_squared": 0.689, "std_error": 0.91, "ci_95_low": -7.19, "ci_95_high": -3.31, "valid_years": 20, "confidence": "medium", "risk_class": "low", "anchor": [51.04029690696868, 43.89053843469861], "outliers_removed": 3}}, {"type": "Feature", "geometry": {"type": "LineString", "coordinates": [[51.04393662756286, 43.88688635779466], [50.89802999868488, 43.802690419712384]]}, "properties": {"transect_id": 194, "baseline_distance_m": 96500, "positions": {"2000": -3500.4, "2001": -3514.5, "2002": -3482.3, "2003": null, "2004": null, "2005": null, "2006": null, "2007": -3654.0, "2008": -3479.8, "2009": -3663.2, "2010": -3503.3, "2011": -3520.0, "2013": null, "2014": -3508.7, "2015": -3526.2, "2016": -3523.5, "2017": null, "2018": -3523.6, "2019": -3550.9, "2020": -3557.1, "2021": -3578.7, "2022": -3568.9, "2023": -3592.0, "2024": -3572.3, "2025": -3581.9, "2026": -3599.5}, "total_retreat_m": 99.1, "speed_m_per_year": -3.98, "r_squared": 0.77, "std_error": 0.54, "ci_95_low": -5.14, "ci_95_high": -2.83, "valid_years": 20, "confidence": "medium", "risk_class": "low", "anchor": [51.04393662756286, 43.88688635779466], "outliers_removed": 2}}, {"type": "Feature", "geometry": {"type": "LineString", "coordinates": [[51.04757590350934, 43.883234162823015], [50.90167304440808, 43.799042820339714]]}, "properties": {"transect_id": 195, "baseline_distance_m": 97000, "positions": {"2000": -4886.3, "2001": -3680.6, "2002": -3674.4, "2003": null, "2004": null, "2005": null, "2006": null, "2007": -3674.7, "2008": -3624.3, "2009": -3669.3, "2010": -3674.5, "2011": -3675.7, "2013": null, "2014": -3673.4, "2015": -3680.4, "2016": -3677.4, "2017": null, "2018": -3674.5, "2019": -3691.2, "2020": -3689.0, "2021": -3698.2, "2022": -3710.0, "2023": -3727.3, "2024": -3725.6, "2025": -3732.0, "2026": -3731.7}, "total_retreat_m": -1154.6, "speed_m_per_year": -2.68, "r_squared": 0.577, "std_error": 0.56, "ci_95_low": -3.85, "ci_95_high": -1.5, "valid_years": 20, "confidence": "medium", "risk_class": "low", "anchor": [51.04757590350934, 43.883234162823015], "outliers_removed": 1}}, {"type": "Feature", "geometry": {"type": "LineString", "coordinates": [[51.05121473491208, 43.879581849827744], [50.90531564671435, 43.795395102105196]]}, "properties": {"transect_id": 196, "baseline_distance_m": 97500, "positions": {"2000": -4023.9, "2001": -3943.7, "2002": -3920.1, "2003": null, "2004": null, "2005": null, "2006": null, "2007": -4140.4, "2008": -3914.9, "2009": -3923.8, "2010": -3937.2, "2011": -3952.0, "2013": null, "2014": -3949.0, "2015": -3972.9, "2016": -3965.0, "2017": null, "2018": -3972.2, "2019": -3979.5, "2020": -3982.7, "2021": -3989.3, "2022": -3993.9, "2023": -3998.5, "2024": -4008.9, "2025": -3990.2, "2026": -4010.2}, "total_retreat_m": -13.7, "speed_m_per_year": -2.25, "r_squared": 0.329, "std_error": 0.78, "ci_95_low": -3.89, "ci_95_high": -0.6, "valid_years": 20, "confidence": "low", "risk_class": "low", "anchor": [51.05121473491208, 43.879581849827744], "outliers_removed": 1}}, {"type": "Feature", "geometry": {"type": "LineString", "coordinates": [[51.05485312187502, 43.87592941885293], [50.908957805706876, 43.791747265052926]]}, "properties": {"transect_id": 197, "baseline_distance_m": 98000, "positions": {"2000": -4130.0, "2001": -4148.1, "2002": -4145.3, "2003": null, "2004": null, "2005": null, "2006": null, "2007": -4390.5, "2008": -4137.4, "2009": -4135.1, "2010": -4133.5, "2011": -4147.4, "2013": null, "2014": -4140.4, "2015": -4171.5, "2016": -4167.7, "2017": null, "2018": -4175.5, "2019": -4176.3, "2020": -4179.5, "2021": -4191.6, "2022": -4207.7, "2023": -4237.5, "2024": -4232.3, "2025": -4253.2, "2026": -4258.3}, "total_retreat_m": 128.3, "speed_m_per_year": -4.4, "r_squared": 0.739, "std_error": 0.63, "ci_95_low": -5.73, "ci_95_high": -3.06, "valid_years": 20, "confidence": "medium", "risk_class": "low", "anchor": [51.05485312187502, 43.87592941885293], "outliers_removed": 1}}, {"type": "Feature", "geometry": {"type": "LineString", "coordinates": [[51.05849106450209, 43.87227686994262], [50.91259952148884, 43.788099309226986]]}, "properties": {"transect_id": 198, "baseline_distance_m": 98500, "positions": {"2000": -4267.0, "2001": -4300.7, "2002": -4298.6, "2003": null, "2004": null, "2005": null, "2006": null, "2007": -4305.8, "2008": -4298.4, "2009": -4267.2, "2010": -4295.9, "2011": -4309.6, "2013": null, "2014": -4292.4, "2015": -4305.9, "2016": -4301.8, "2017": null, "2018": -4292.7, "2019": -4315.1, "2020": -4323.8, "2021": -4326.8, "2022": -4322.9, "2023": -4334.3, "2024": -4336.0, "2025": -4342.6, "2026": -4342.4}, "total_retreat_m": 75.4, "speed_m_per_year": -2.12, "r_squared": 0.639, "std_error": 0.37, "ci_95_low": -2.9, "ci_95_high": -1.33, "valid_years": 20, "confidence": "medium", "risk_class": "low", "anchor": [51.05849106450209, 43.87227686994262], "outliers_removed": 0}}, {"type": "Feature", "geometry": {"type": "LineString", "coordinates": [[51.062128562897186, 43.868624203140854], [50.9162407941634, 43.78445123467142]]}, "properties": {"transect_id": 199, "baseline_distance_m": 99000, "positions": {"2000": -4713.8, "2001": -4551.4, "2002": -4547.8, "2003": null, "2004": null, "2005": null, "2006": null, "2007": -4547.1, "2008": -4556.8, "2009": -4536.5, "2010": -4554.3, "2011": -4559.2, "2013": null, "2014": -4584.4, "2015": -4608.7, "2016": -4603.0, "2017": null, "2018": -4593.4, "2019": -4599.8, "2020": -4605.5, "2021": -4637.8, "2022": -4616.0, "2023": -4621.6, "2024": -4612.9, "2025": -4622.9, "2026": -4638.2}, "total_retreat_m": -75.6, "speed_m_per_year": -4.0, "r_squared": 0.841, "std_error": 0.42, "ci_95_low": -4.89, "ci_95_high": -3.11, "valid_years": 20, "confidence": "high", "risk_class": "low", "anchor": [51.062128562897186, 43.868624203140854], "outliers_removed": 1}}, {"type": "Feature", "geometry": {"type": "LineString", "coordinates": [[51.06576561716419, 43.864971418491706], [50.919881623833675, 43.78080304143032]]}, "properties": {"transect_id": 200, "baseline_distance_m": 99500, "positions": {"2000": -5014.5, "2001": -4889.1, "2002": -4884.0, "2003": null, "2004": null, "2005": null, "2006": null, "2007": -5989.9, "2008": -5034.5, "2009": -4876.1, "2010": -4872.7, "2011": -4884.2, "2013": null, "2014": -4963.5, "2015": -4928.5, "2016": -4907.0, "2017": null, "2018": -4902.0, "2019": -4918.6, "2020": -4935.7, "2021": -4965.6, "2022": -4986.0, "2023": -5231.1, "2024": -5227.2, "2025": -5287.7, "2026": -5285.6}, "total_retreat_m": 271.1, "speed_m_per_year": -10.71, "r_squared": 0.37, "std_error": 3.39, "ci_95_low": -17.87, "ci_95_high": -3.55, "valid_years": 20, "confidence": "low", "risk_class": "medium", "anchor": [51.06576561716419, 43.864971418491706], "outliers_removed": 1}}, {"type": "Feature", "geometry": {"type": "LineString", "coordinates": [[51.06940222740697, 43.861318516039184], [50.923522010602774, 43.7771547295477]]}, "properties": {"transect_id": 201, "baseline_distance_m": 100000, "positions": {"2000": -5142.2, "2001": -5137.3, "2002": -5130.1, "2003": null, "2004": null, "2005": null, "2006": null, "2007": -6198.7, "2008": -5131.2, "2009": -5145.3, "2010": -5146.3, "2011": -5149.5, "2013": null, "2014": -5081.7, "2015": -5156.5, "2016": -5166.3, "2017": null, "2018": -5160.9, "2019": -5169.7, "2020": -5162.2, "2021": -5203.7, "2022": -5199.0, "2023": -5214.7, "2024": -5210.4, "2025": -5235.0, "2026": -5245.3}, "total_retreat_m": 103.1, "speed_m_per_year": -3.8, "r_squared": 0.586, "std_error": 0.78, "ci_95_low": -5.44, "ci_95_high": -2.16, "valid_years": 20, "confidence": "medium", "risk_class": "low", "anchor": [51.06940222740697, 43.861318516039184], "outliers_removed": 1}}, {"type": "Feature", "geometry": {"type": "LineString", "coordinates": [[51.072635181066104, 43.857491696455696], [50.926759731209586, 43.77333198310185]]}, "properties": {"transect_id": 202, "baseline_distance_m": 100500, "positions": {"2000": -5196.6, "2001": -5183.3, "2002": -5181.7, "2003": null, "2004": null, "2005": null, "2006": null, "2007": -6559.5, "2008": -5150.3, "2009": -5226.5, "2010": -5177.3, "2011": -5183.7, "2013": null, "2014": -5158.9, "2015": -5186.8, "2016": -5198.7, "2017": null, "2018": -5194.3, "2019": -5196.5, "2020": -5201.0, "2021": -5201.0, "2022": -5192.7, "2023": -5209.9, "2024": -5205.6, "2025": -5220.7, "2026": -5229.6}, "total_retreat_m": 33.0, "speed_m_per_year": -1.24, "r_squared": 0.255, "std_error": 0.52, "ci_95_low": -2.33, "ci_95_high": -0.15, "valid_years": 20, "confidence": "low", "risk_class": "low", "anchor": [51.072635181066104, 43.857491696455696], "outliers_removed": 1}}, {"type": "Feature", "geometry": {"type": "LineString", "coordinates": [[51.075343050953, 43.853438632828436], [50.91684468152761, 43.782238917565515]]}, "properties": {"transect_id": 203, "baseline_distance_m": 101000, "positions": {"2000": -5137.7, "2001": -5100.4, "2002": -5096.0, "2003": null, "2004": null, "2005": null, "2006": null, "2007": -5213.2, "2008": -5040.1, "2009": -5097.8, "2010": -5102.9, "2011": -5101.7, "2013": null, "2014": -5096.8, "2015": -5117.4, "2016": -5111.4, "2017": null, "2018": -5111.7, "2019": -5113.9, "2020": -5120.8, "2021": -5117.8, "2022": -5110.5, "2023": -5107.0, "2024": -5099.7, "2025": -5099.0, "2026": -5101.6}, "total_retreat_m": -36.1, "speed_m_per_year": 0.11, "r_squared": 0.007, "std_error": 0.32, "ci_95_low": -0.58, "ci_95_high": 0.8, "valid_years": 20, "confidence": "low", "risk_class": "low", "anchor": [51.075343050953, 43.853438632828436], "outliers_removed": 2}}, {"type": "Feature", "geometry": {"type": "LineString", "coordinates": [[51.078050554363045, 43.84938550242541], [50.91955967853559, 43.7781894966286]]}, "properties": {"transect_id": 204, "baseline_distance_m": 101500, "positions": {"2000": -5135.9, "2001": -5144.9, "2002": -5166.0, "2003": null, "2004": null, "2005": null, "2006": null, "2007": -6385.0, "2008": -5121.5, "2009": -5140.9, "2010": -5128.4, "2011": -5148.4, "2013": null, "2014": -5151.8, "2015": -5165.2, "2016": -5147.7, "2017": null, "2018": -5138.7, "2019": -5156.1, "2020": -5162.9, "2021": -5163.3, "2022": -5159.3, "2023": -5187.9, "2024": -5214.4, "2025": -5195.3, "2026": -5211.2}, "total_retreat_m": 75.3, "speed_m_per_year": -2.18, "r_squared": 0.477, "std_error": 0.55, "ci_95_low": -3.35, "ci_95_high": -1.01, "valid_years": 20, "confidence": "low", "risk_class": "low", "anchor": [51.078050554363045, 43.84938550242541], "outliers_removed": 1}}, {"type": "Feature", "geometry": {"type": "LineString", "coordinates": [[51.08075769140227, 43.84533230527367], [50.92227430880577, 43.774140008045]]}, "properties": {"transect_id": 205, "baseline_distance_m": 102000, "positions": {"2000": -5309.9, "2001": -5312.0, "2002": -5310.5, "2003": null, "2004": null, "2005": null, "2006": null, "2007": -5919.1, "2008": -5274.3, "2009": -5309.2, "2010": -5313.3, "2011": -5319.0, "2013": null, "2014": -5284.7, "2015": -5319.3, "2016": -5312.8, "2017": null, "2018": -5309.6, "2019": -5313.3, "2020": -5315.7, "2021": -5324.7, "2022": -5328.6, "2023": -5364.5, "2024": -5363.8, "2025": -5386.1, "2026": -5376.8}, "total_retreat_m": 66.9, "speed_m_per_year": -2.37, "r_squared": 0.446, "std_error": 0.64, "ci_95_low": -3.72, "ci_95_high": -1.02, "valid_years": 20, "confidence": "low", "risk_class": "low", "anchor": [51.08075769140227, 43.84533230527367], "outliers_removed": 1}}, {"type": "Feature", "geometry": {"type": "LineString", "coordinates": [[51.08346446217669, 43.84127904140031], [50.924988572443844, 43.77009045184191]]}, "properties": {"transect_id": 206, "baseline_distance_m": 102500, "positions": {"2000": -5515.4, "2001": -5516.3, "2002": -5517.5, "2003": null, "2004": null, "2005": null, "2006": null, "2007": -6030.2, "2008": -5512.3, "2009": -5517.1, "2010": -5508.9, "2011": -5521.1, "2013": null, "2014": -5519.1, "2015": -5524.3, "2016": -5573.5, "2017": null, "2018": -5571.1, "2019": -5576.8, "2020": -5574.0, "2021": -5576.6, "2022": -5580.9, "2023": -5681.0, "2024": -5586.3, "2025": -5639.0, "2026": -5660.6}, "total_retreat_m": 145.2, "speed_m_per_year": -5.26, "r_squared": 0.674, "std_error": 0.89, "ci_95_low": -7.13, "ci_95_high": -3.39, "valid_years": 20, "confidence": "medium", "risk_class": "low", "anchor": [51.08346446217669, 43.84127904140031], "outliers_removed": 1}}, {"type": "Feature", "geometry": {"type": "LineString", "coordinates": [[51.08617086679229, 43.83722571083239], [50.927702469555484, 43.76604082804653]]}, "properties": {"transect_id": 207, "baseline_distance_m": 103000, "positions": {"2000": -5774.4, "2001": -5726.4, "2002": -5722.6, "2003": null, "2004": null, "2005": null, "2006": null, "2007": -5807.1, "2008": -5706.5, "2009": -5705.2, "2010": -5720.6, "2011": -5725.8, "2013": null, "2014": -5717.2, "2015": -5725.0, "2016": -5850.2, "2017": null, "2018": -5727.0, "2019": -5732.6, "2020": -5742.2, "2021": -5749.4, "2022": -5742.1, "2023": -5761.1, "2024": -5749.0, "2025": -5753.0, "2026": -5749.0}, "total_retreat_m": -25.4, "speed_m_per_year": -0.82, "r_squared": 0.138, "std_error": 0.51, "ci_95_low": -1.91, "ci_95_high": 0.27, "valid_years": 20, "confidence": "low", "risk_class": "low", "anchor": [51.08617086679229, 43.83722571083239], "outliers_removed": 2}}, {"type": "Feature", "geometry": {"type": "LineString", "coordinates": [[51.08887690535499, 43.833172313597], [50.930416000246346, 43.76199113668602]]}, "properties": {"transect_id": 208, "baseline_distance_m": 103500, "positions": {"2000": -6044.3, "2001": -5721.2, "2002": -5723.6, "2003": null, "2004": null, "2005": null, "2006": null, "2007": -6027.8, "2008": -5700.3, "2009": -5718.7, "2010": -5720.8, "2011": -5724.0, "2013": null, "2014": -5713.1, "2015": -5727.8, "2016": -5715.7, "2017": null, "2018": -5730.6, "2019": -5750.8, "2020": -5750.6, "2021": -5751.6, "2022": -5752.7, "2023": -5767.3, "2024": -5755.9, "2025": -5763.2, "2026": -5762.4}, "total_retreat_m": -281.9, "speed_m_per_year": -2.2, "r_squared": 0.67, "std_error": 0.39, "ci_95_low": -3.02, "ci_95_high": -1.38, "valid_years": 20, "confidence": "medium", "risk_class": "low", "anchor": [51.08887690535499, 43.833172313597], "outliers_removed": 2}}, {"type": "Feature", "geometry": {"type": "LineString", "coordinates": [[51.09158257797073, 43.82911884972118], [50.93312916462204, 43.75794137778756]]}, "properties": {"transect_id": 209, "baseline_distance_m": 104000, "positions": {"2000": -5840.9, "2001": -5784.5, "2002": -5785.2, "2003": null, "2004": null, "2005": null, "2006": null, "2007": -5899.7, "2008": -5774.5, "2009": -6105.2, "2010": -5785.9, "2011": -5785.0, "2013": null, "2014": -5760.5, "2015": -5791.5, "2016": -5772.4, "2017": null, "2018": -5766.0, "2019": -5778.1, "2020": -5779.0, "2021": -5786.4, "2022": -5790.7, "2023": -5804.7, "2024": -5806.4, "2025": -5802.0, "2026": -5805.5}, "total_retreat_m": -35.4, "speed_m_per_year": 0.77, "r_squared": 0.043, "std_error": 0.89, "ci_95_low": -1.1, "ci_95_high": 2.65, "valid_years": 20, "confidence": "low", "risk_class": "low", "anchor": [51.09158257797073, 43.82911884972118], "outliers_removed": 1}}, {"type": "Feature", "geometry": {"type": "LineString", "coordinates": [[51.0942878847454, 43.82506531923196], [50.93584196278816, 43.75389155137833]]}, "properties": {"transect_id": 210, "baseline_distance_m": 104500, "positions": {"2000": -5830.5, "2001": -5859.6, "2002": -5858.0, "2003": null, "2004": null, "2005": null, "2006": null, "2007": -5886.7, "2008": -5842.6, "2009": -5843.7, "2010": -5833.2, "2011": -5861.3, "2013": null, "2014": -5858.4, "2015": -5865.5, "2016": -5866.4, "2017": null, "2018": -5886.1, "2019": -5890.9, "2020": -5877.8, "2021": -5947.3, "2022": -5967.5, "2023": -6007.0, "2024": -6022.5, "2025": -6096.3, "2026": -6106.2}, "total_retreat_m": 275.7, "speed_m_per_year": -8.09, "r_squared": 0.608, "std_error": 1.53, "ci_95_low": -11.31, "ci_95_high": -4.87, "valid_years": 20, "confidence": "medium", "risk_class": "medium", "anchor": [51.0942878847454, 43.82506531923196], "outliers_removed": 0}}, {"type": "Feature", "geometry": {"type": "LineString", "coordinates": [[51.096992825784845, 43.82101172215642], [50.93855439485027, 43.749841657485455]]}, "properties": {"transect_id": 211, "baseline_distance_m": 105000, "positions": {"2000": -5762.7, "2001": -5729.0, "2002": -5732.5, "2003": null, "2004": null, "2005": null, "2006": null, "2007": -5758.3, "2008": -5713.7, "2009": -5734.2, "2010": -5725.9, "2011": -5731.4, "2013": null, "2014": -6329.7, "2015": -5742.1, "2016": -5750.5, "2017": null, "2018": -5745.4, "2019": -5781.6, "2020": -5776.8, "2021": -5841.3, "2022": -5856.7, "2023": -5911.1, "2024": -5920.6, "2025": -5951.7, "2026": -5973.1}, "total_retreat_m": 210.4, "speed_m_per_year": -7.84, "r_squared": 0.609, "std_error": 1.52, "ci_95_low": -11.05, "ci_95_high": -4.62, "valid_years": 20, "confidence": "medium", "risk_class": "low", "anchor": [51.096992825784845, 43.82101172215642], "outliers_removed": 1}}, {"type": "Feature", "geometry": {"type": "LineString", "coordinates": [[51.0996974011949, 43.81695805852157], [50.941266460913894, 43.745791696136116]]}, "properties": {"transect_id": 212, "baseline_distance_m": 105500, "positions": {"2000": -5948.5, "2001": -5667.5, "2002": -5662.0, "2003": null, "2004": null, "2005": null, "2006": null, "2007": -5733.3, "2008": -5679.6, "2009": -5736.6, "2010": -5674.9, "2011": -5682.1, "2013": null, "2014": -5833.6, "2015": -5719.0, "2016": -5714.4, "2017": null, "2018": -5730.2, "2019": -5782.1, "2020": -5750.8, "2021": -5807.5, "2022": -5849.3, "2023": -5906.3, "2024": -5908.7, "2025": -5916.0, "2026": -5914.8}, "total_retreat_m": -33.7, "speed_m_per_year": -10.1, "r_squared": 0.722, "std_error": 1.52, "ci_95_low": -13.3, "ci_95_high": -6.9, "valid_years": 20, "confidence": "medium", "risk_class": "medium", "anchor": [51.0996974011949, 43.81695805852157], "outliers_removed": 1}}, {"type": "Feature", "geometry": {"type": "LineString", "coordinates": [[51.10240161108137, 43.81290432835446], [50.94397816108455, 43.741741667357466]]}, "properties": {"transect_id": 213, "baseline_distance_m": 106000, "positions": {"2000": -5663.8, "2001": -5670.9, "2002": -5666.8, "2003": null, "2004": null, "2005": null, "2006": null, "2007": -5630.1, "2008": -5610.4, "2009": -5645.7, "2010": -5664.0, "2011": -5668.3, "2013": null, "2014": -5906.8, "2015": -5679.5, "2016": -5676.4, "2017": null, "2018": -5678.1, "2019": -5718.1, "2020": -5684.4, "2021": -5763.8, "2022": -5773.8, "2023": -5800.8, "2024": -5811.0, "2025": -5834.7, "2026": -5836.5}, "total_retreat_m": 172.7, "speed_m_per_year": -6.83, "r_squared": 0.659, "std_error": 1.19, "ci_95_low": -9.35, "ci_95_high": -4.31, "valid_years": 20, "confidence": "medium", "risk_class": "low", "anchor": [51.10240161108137, 43.81290432835446], "outliers_removed": 1}}, {"type": "Feature", "geometry": {"type": "LineString", "coordinates": [[51.10510545555002, 43.8088505316821], [50.94668949546769, 43.737691571176626]]}, "properties": {"transect_id": 214, "baseline_distance_m": 106500, "positions": {"2000": -5512.3, "2001": -5513.6, "2002": -5513.2, "2003": null, "2004": null, "2005": null, "2006": null, "2007": -5517.3, "2008": -5572.2, "2009": -5521.4, "2010": -5535.9, "2011": -5536.2, "2013": null, "2014": -5510.0, "2015": -5557.6, "2016": -5544.4, "2017": null, "2018": -5536.8, "2019": -5534.5, "2020": -5541.4, "2021": -5558.3, "2022": -5633.5, "2023": -5677.3, "2024": -5679.2, "2025": -5680.5, "2026": -5682.0}, "total_retreat_m": 169.7, "speed_m_per_year": -5.93, "r_squared": 0.583, "std_error": 1.18, "ci_95_low": -8.41, "ci_95_high": -3.45, "valid_years": 20, "confidence": "medium", "risk_class": "low", "anchor": [51.10510545555002, 43.8088505316821], "outliers_removed": 0}}, {"type": "Feature", "geometry": {"type": "LineString", "coordinates": [[51.10780893470659, 43.804796668531516], [50.94940046416877, 43.73364140762072]]}, "properties": {"transect_id": 215, "baseline_distance_m": 107000, "positions": {"2000": -5794.8, "2001": -5402.4, "2002": -5400.3, "2003": null, "2004": null, "2005": null, "2006": null, "2007": -5397.7, "2008": -5400.4, "2009": -5403.0, "2010": -5403.8, "2011": -5416.2, "2013": null, "2014": -5404.1, "2015": -5426.2, "2016": -5420.8, "2017": null, "2018": -5419.2, "2019": -5425.0, "2020": -5434.2, "2021": -5452.8, "2022": -5453.1, "2023": -5481.7, "2024": -5485.2, "2025": -5515.4, "2026": -5512.6}, "total_retreat_m": -282.2, "speed_m_per_year": -4.28, "r_squared": 0.726, "std_error": 0.64, "ci_95_low": -5.62, "ci_95_high": -2.93, "valid_years": 20, "confidence": "medium", "risk_class": "low", "anchor": [51.10780893470659, 43.804796668531516], "outliers_removed": 1}}, {"type": "Feature", "geometry": {"type": "LineString", "coordinates": [[51.1105120486568, 43.800742738929735], [50.9521110672932, 43.729591176716895]]}, "properties": {"transect_id": 216, "baseline_distance_m": 107500, "positions": {"2000": -5668.5, "2001": -5344.4, "2002": -5347.4, "2003": null, "2004": null, "2005": null, "2006": null, "2007": -5318.2, "2008": -5274.3, "2009": -5443.2, "2010": -5366.9, "2011": -5378.8, "2013": null, "2014": -5325.8, "2015": -5385.6, "2016": -5384.0, "2017": null, "2018": -5375.5, "2019": -5392.9, "2020": -5405.0, "2021": -5405.0, "2022": -5406.4, "2023": -5438.6, "2024": -5447.1, "2025": -5459.2, "2026": -5462.9}, "total_retreat_m": -205.6, "speed_m_per_year": -4.86, "r_squared": 0.535, "std_error": 1.1, "ci_95_low": -7.18, "ci_95_high": -2.55, "valid_years": 20, "confidence": "medium", "risk_class": "low", "anchor": [51.1105120486568, 43.800742738929735], "outliers_removed": 1}}, {"type": "Feature", "geometry": {"type": "LineString", "coordinates": [[51.11321479750632, 43.79668874290371], [50.95482130494637, 43.72554087849226]]}, "properties": {"transect_id": 217, "baseline_distance_m": 108000, "positions": {"2000": -5432.0, "2001": -5209.0, "2002": -5206.1, "2003": null, "2004": null, "2005": null, "2006": null, "2007": -5195.5, "2008": -5182.8, "2009": -5254.6, "2010": -5208.7, "2011": -5224.6, "2013": null, "2014": -5504.1, "2015": -5276.0, "2016": -5252.1, "2017": null, "2018": -5248.9, "2019": -5247.7, "2020": -5252.3, "2021": -5255.4, "2022": -5248.7, "2023": -5259.6, "2024": -5254.6, "2025": -5287.3, "2026": -5283.8}, "total_retreat_m": -148.2, "speed_m_per_year": -3.11, "r_squared": 0.656, "std_error": 0.56, "ci_95_low": -4.3, "ci_95_high": -1.92, "valid_years": 20, "confidence": "medium", "risk_class": "low", "anchor": [51.11321479750632, 43.79668874290371], "outliers_removed": 2}}, {"type": "Feature", "geometry": {"type": "LineString", "coordinates": [[51.11591718136082, 43.79263468048049], [50.957531177233626, 43.72149051297395]]}, "properties": {"transect_id": 218, "baseline_distance_m": 108500, "positions": {"2000": -5368.0, "2001": -5122.2, "2002": -5126.0, "2003": null, "2004": null, "2005": null, "2006": null, "2007": -5101.3, "2008": -5043.8, "2009": -5059.1, "2010": -5123.0, "2011": -5130.0, "2013": null, "2014": -5081.3, "2015": -5128.3, "2016": -5129.2, "2017": null, "2018": -5117.6, "2019": -5121.0, "2020": -5124.7, "2021": -5125.8, "2022": -5122.4, "2023": -5132.7, "2024": -5134.2, "2025": -5154.6, "2026": -5163.9}, "total_retreat_m": -204.1, "speed_m_per_year": -1.11, "r_squared": 0.227, "std_error": 0.53, "ci_95_low": -2.23, "ci_95_high": 0.02, "valid_years": 20, "confidence": "low", "risk_class": "low", "anchor": [51.11591718136082, 43.79263468048049], "outliers_removed": 3}}, {"type": "Feature", "geometry": {"type": "LineString", "coordinates": [[51.11861920032591, 43.78858055168703], [50.96024068426031, 43.717440080189036]]}, "properties": {"transect_id": 219, "baseline_distance_m": 109000, "positions": {"2000": -5078.2, "2001": -4981.8, "2002": -4984.9, "2003": null, "2004": null, "2005": null, "2006": null, "2007": -5194.1, "2008": -5055.7, "2009": -4977.3, "2010": -4951.6, "2011": -4988.4, "2013": null, "2014": -5180.5, "2015": -4947.3, "2016": -4991.1, "2017": null, "2018": -4964.5, "2019": -4970.5, "2020": -4988.2, "2021": -4994.6, "2022": -4990.5, "2023": -5001.2, "2024": -5002.7, "2025": -5009.3, "2026": -5009.5}, "total_retreat_m": -68.7, "speed_m_per_year": 0.7, "r_squared": 0.034, "std_error": 0.93, "ci_95_low": -1.28, "ci_95_high": 2.67, "valid_years": 20, "confidence": "low", "risk_class": "low", "anchor": [51.11861920032591, 43.78858055168703], "outliers_removed": 2}}, {"type": "Feature", "geometry": {"type": "LineString", "coordinates": [[51.121320854507196, 43.78452635655034], [50.96294982613172, 43.71338958016463]]}, "properties": {"transect_id": 220, "baseline_distance_m": 109500, "positions": {"2000": null, "2001": -4930.2, "2002": -4931.6, "2003": null, "2004": null, "2005": null, "2006": null, "2007": -4868.3, "2008": -4860.0, "2009": -4906.0, "2010": -4814.1, "2011": -4924.9, "2013": null, "2014": -4896.0, "2015": -4895.8, "2016": -4759.4, "2017": null, "2018": -4898.3, "2019": -4897.7, "2020": -4911.3, "2021": -4905.6, "2022": -4900.3, "2023": -4925.4, "2024": -4938.9, "2025": -4940.4, "2026": -4944.1}, "total_retreat_m": 13.9, "speed_m_per_year": -1.41, "r_squared": 0.117, "std_error": 0.97, "ci_95_low": -3.47, "ci_95_high": 0.64, "valid_years": 19, "confidence": "low", "risk_class": "low", "anchor": [51.121320854507196, 43.78452635655034], "outliers_removed": 1}}, {"type": "Feature", "geometry": {"type": "LineString", "coordinates": [[51.12402214401023, 43.780472095097394], [50.96565860295311, 43.70933901292784]]}, "properties": {"transect_id": 221, "baseline_distance_m": 110000, "positions": {"2000": null, "2001": -4948.9, "2002": -4944.1, "2003": null, "2004": null, "2005": null, "2006": null, "2007": -5474.9, "2008": -4930.1, "2009": -4916.6, "2010": -4941.1, "2011": -4941.2, "2013": null, "2014": -4916.6, "2015": -4925.3, "2016": -4923.9, "2017": null, "2018": -4938.5, "2019": -4940.7, "2020": -4945.2, "2021": -4951.6, "2022": -4954.5, "2023": -4989.7, "2024": -4994.9, "2025": -5006.9, "2026": -5011.1}, "total_retreat_m": 62.2, "speed_m_per_year": -2.45, "r_squared": 0.396, "std_error": 0.76, "ci_95_low": -4.06, "ci_95_high": -0.85, "valid_years": 19, "confidence": "low", "risk_class": "low", "anchor": [51.12402214401023, 43.780472095097394], "outliers_removed": 1}}, {"type": "Feature", "geometry": {"type": "LineString", "coordinates": [[51.126723068940564, 43.776417767355134], [50.96836701482973, 43.70528837850574]]}, "properties": {"transect_id": 222, "baseline_distance_m": 110500, "positions": {"2000": null, "2001": -5012.3, "2002": -4994.6, "2003": null, "2004": null, "2005": null, "2006": null, "2007": -5108.7, "2008": -4989.7, "2009": -4997.5, "2010": -4919.0, "2011": -5010.7, "2013": null, "2014": null, "2015": -5002.3, "2016": -5020.0, "2017": null, "2018": -5045.9, "2019": -5058.5, "2020": -5086.0, "2021": -5106.6, "2022": -5105.7, "2023": -5160.4, "2024": -5166.7, "2025": -5205.8, "2026": -5199.1}, "total_retreat_m": 186.8, "speed_m_per_year": -7.82, "r_squared": 0.578, "std_error": 1.67, "ci_95_low": -11.36, "ci_95_high": -4.28, "valid_years": 18, "confidence": "medium", "risk_class": "low", "anchor": [51.126723068940564, 43.776417767355134], "outliers_removed": 0}}, {"type": "Feature", "geometry": {"type": "LineString", "coordinates": [[51.12942362940369, 43.77236337335057], [50.97107506186679, 43.70123767692542]]}, "properties": {"transect_id": 223, "baseline_distance_m": 111000, "positions": {"2000": null, "2001": -5003.4, "2002": -5018.8, "2003": null, "2004": null, "2005": null, "2006": null, "2007": -4927.9, "2008": -4941.9, "2009": -4986.2, "2010": -5000.0, "2011": -5034.9, "2013": null, "2014": null, "2015": -5014.2, "2016": -6157.5, "2017": null, "2018": -5026.5, "2019": -5039.5, "2020": -5058.7, "2021": -5064.8, "2022": -5071.7, "2023": -5091.9, "2024": -5117.8, "2025": -5117.8, "2026": -5114.0}, "total_retreat_m": 110.6, "speed_m_per_year": -4.7, "r_squared": 0.742, "std_error": 0.8, "ci_95_low": -6.44, "ci_95_high": -2.96, "valid_years": 18, "confidence": "medium", "risk_class": "low", "anchor": [51.12942362940369, 43.77236337335057], "outliers_removed": 4}}, {"type": "Feature", "geometry": {"type": "LineString", "coordinates": [[51.13212382550509, 43.768308913110644], [50.973782744169476, 43.697186908213936]]}, "properties": {"transect_id": 224, "baseline_distance_m": 111500, "positions": {"2000": null, "2001": -5072.9, "2002": -5061.5, "2003": null, "2004": null, "2005": null, "2006": null, "2007": -5113.5, "2008": -5069.2, "2009": -5085.6, "2010": -5036.2, "2011": -5104.2, "2013": null, "2014": -6668.5, "2015": -5087.6, "2016": -5099.7, "2017": null, "2018": -5096.2, "2019": -5131.6, "2020": -5120.0, "2021": -5161.8, "2022": -5165.6, "2023": -5189.9, "2024": -5203.0, "2025": -5258.0, "2026": -5250.5}, "total_retreat_m": 177.6, "speed_m_per_year": -6.55, "r_squared": 0.742, "std_error": 1.03, "ci_95_low": -8.77, "ci_95_high": -4.34, "valid_years": 19, "confidence": "medium", "risk_class": "low", "anchor": [51.13212382550509, 43.768308913110644], "outliers_removed": 3}}, {"type": "Feature", "geometry": {"type": "LineString", "coordinates": [[51.13482365735022, 43.76425438666228], [50.97649006184294, 43.69313607239837]]}, "properties": {"transect_id": 225, "baseline_distance_m": 112000, "positions": {"2000": null, "2001": -5095.9, "2002": -5099.0, "2003": null, "2004": null, "2005": null, "2006": null, "2007": -7553.9, "2008": -5071.8, "2009": -4375.4, "2010": -5094.3, "2011": -5112.7, "2013": null, "2014": null, "2015": -5244.4, "2016": -5099.9, "2017": null, "2018": -5108.1, "2019": -5139.3, "2020": -5140.0, "2021": -5177.1, "2022": -5231.8, "2023": -5321.1, "2024": -5327.5, "2025": -5343.8, "2026": -5335.8}, "total_retreat_m": 239.9, "speed_m_per_year": -9.79, "r_squared": 0.588, "std_error": 2.19, "ci_95_low": -14.48, "ci_95_high": -5.09, "valid_years": 18, "confidence": "medium", "risk_class": "medium", "anchor": [51.13482365735022, 43.76425438666228], "outliers_removed": 2}}, {"type": "Feature", "geometry": {"type": "LineString", "coordinates": [[51.13752312504449, 43.76019979403247], [50.9791970149923, 43.68908516950578]]}, "properties": {"transect_id": 226, "baseline_distance_m": 112500, "positions": {"2000": -12283.2, "2001": -5177.2, "2002": -5186.5, "2003": null, "2004": null, "2005": null, "2006": null, "2007": -7752.5, "2008": -5177.8, "2009": -5173.5, "2010": -5228.5, "2011": -5190.1, "2013": null, "2014": null, "2015": -5291.7, "2016": -5225.4, "2017": null, "2018": -5241.1, "2019": -5272.3, "2020": -5271.8, "2021": -5295.5, "2022": -5316.7, "2023": -5345.4, "2024": -5345.4, "2025": -5357.0, "2026": -5347.8}, "total_retreat_m": -6935.4, "speed_m_per_year": 12.58, "r_squared": 0.028, "std_error": 18.49, "ci_95_low": -26.62, "ci_95_high": 51.77, "valid_years": 19, "confidence": "low", "risk_class": "low", "anchor": [51.13752312504449, 43.76019979403247], "outliers_removed": 1}}, {"type": "Feature", "geometry": {"type": "LineString", "coordinates": [[51.14022222869329, 43.7561451352481], [50.98190360372266, 43.68503419956322]]}, "properties": {"transect_id": 227, "baseline_distance_m": 113000, "positions": {"2000": -11595.6, "2001": -5270.2, "2002": -5269.3, "2003": null, "2004": null, "2005": null, "2006": null, "2007": -10611.9, "2008": -5259.3, "2009": -5102.0, "2010": -5211.0, "2011": -5355.6, "2013": null, "2014": null, "2015": -5411.8, "2016": -5459.6, "2017": null, "2018": -5445.9, "2019": -5500.9, "2020": -5502.6, "2021": -5501.1, "2022": -5502.5, "2023": -5507.0, "2024": -5519.6, "2025": -5560.9, "2026": -5525.7}, "total_retreat_m": -6069.9, "speed_m_per_year": -14.98, "r_squared": 0.748, "std_error": 2.25, "ci_95_low": -19.78, "ci_95_high": -10.19, "valid_years": 19, "confidence": "medium", "risk_class": "medium", "anchor": [51.14022222869329, 43.7561451352481], "outliers_removed": 2}}, {"type": "Feature", "geometry": {"type": "LineString", "coordinates": [[51.14292096840198, 43.752090410336145], [50.98460982813908, 43.68098316259772]]}, "properties": {"transect_id": 228, "baseline_distance_m": 113500, "positions": {"2000": -11136.9, "2001": -5152.4, "2002": -5145.8, "2003": null, "2004": null, "2005": null, "2006": null, "2007": -10878.1, "2008": -5128.2, "2009": -5122.2, "2010": -5131.7, "2011": -5149.6, "2013": null, "2014": null, "2015": -5171.6, "2016": -5153.7, "2017": null, "2018": -5150.4, "2019": -5155.2, "2020": -5168.4, "2021": -5177.0, "2022": -5173.8, "2023": -5576.2, "2024": -5573.4, "2025": -5574.5, "2026": -5564.1}, "total_retreat_m": -5572.8, "speed_m_per_year": -15.7, "r_squared": 0.445, "std_error": 4.53, "ci_95_low": -25.35, "ci_95_high": -6.05, "valid_years": 19, "confidence": "low", "risk_class": "medium", "anchor": [51.14292096840198, 43.752090410336145], "outliers_removed": 2}}, {"type": "Feature", "geometry": {"type": "LineString", "coordinates": [[51.1456193442759, 43.748035619323524], [50.9873156883466, 43.676932058636346]]}, "properties": {"transect_id": 229, "baseline_distance_m": 114000, "positions": {"2000": null, "2001": -5171.2, "2002": -5168.1, "2003": null, "2004": null, "2005": null, "2006": null, "2007": -9425.8, "2008": -5137.0, "2009": -5322.9, "2010": -5098.9, "2011": -5206.3, "2013": null, "2014": -13959.4, "2015": -5453.5, "2016": -5109.3, "2017": null, "2018": -5228.9, "2019": -5234.6, "2020": -5241.7, "2021": -5266.8, "2022": -5232.8, "2023": -5541.6, "2024": -5528.2, "2025": -5564.6, "2026": -5564.6}, "total_retreat_m": 393.4, "speed_m_per_year": -14.13, "r_squared": 0.446, "std_error": 4.07, "ci_95_low": -22.8, "ci_95_high": -5.46, "valid_years": 19, "confidence": "low", "risk_class": "medium", "anchor": [51.1456193442759, 43.748035619323524], "outliers_removed": 2}}, {"type": "Feature", "geometry": {"type": "LineString", "coordinates": [[51.14831735642036, 43.74398076223712], [50.99002118445022, 43.67288088770612]]}, "properties": {"transect_id": 230, "baseline_distance_m": 114500, "positions": {"2000": -12159.9, "2001": -4966.3, "2002": -4968.3, "2003": null, "2004": null, "2005": null, "2006": null, "2007": -8681.4, "2008": -4944.4, "2009": null, "2010": -281.4, "2011": -4967.7, "2013": null, "2014": -14289.1, "2015": -4908.8, "2016": -5016.7, "2017": null, "2018": -4955.6, "2019": -4958.1, "2020": -4970.7, "2021": -4970.2, "2022": -5023.3, "2023": -5320.9, "2024": -5297.8, "2025": -5311.2, "2026": -5324.0}, "total_retreat_m": -6835.9, "speed_m_per_year": 22.27, "r_squared": 0.038, "std_error": 29.85, "ci_95_low": -41.74, "ci_95_high": 86.28, "valid_years": 19, "confidence": "low", "risk_class": "low", "anchor": [51.14831735642036, 43.74398076223712], "outliers_removed": 3}}, {"type": "Feature", "geometry": {"type": "LineString", "coordinates": [[51.1510150049406, 43.7399258391039], [50.992726316554936, 43.66882964983408]]}, "properties": {"transect_id": 231, "baseline_distance_m": 115000, "positions": {"2000": -10866.4, "2001": -4863.5, "2002": -4862.5, "2003": null, "2004": null, "2005": null, "2006": null, "2007": -8764.9, "2008": -4873.2, "2009": -6646.4, "2010": -4857.0, "2011": -4867.8, "2013": null, "2014": -14430.2, "2015": -4864.6, "2016": -4879.5, "2017": null, "2018": -4867.4, "2019": -4895.8, "2020": -4887.1, "2021": -4911.8, "2022": -4905.2, "2023": -4933.2, "2024": -4929.6, "2025": -4961.5, "2026": -4961.9}, "total_retreat_m": -5904.5, "speed_m_per_year": 38.21, "r_squared": 0.094, "std_error": 29.59, "ci_95_low": -24.51, "ci_95_high": 100.93, "valid_years": 20, "confidence": "low", "risk_class": "low", "anchor": [51.1510150049406, 43.7399258391039], "outliers_removed": 2}}, {"type": "Feature", "geometry": {"type": "LineString", "coordinates": [[51.15371228994189, 43.735870849950715], [50.99543108476569, 43.66477834504721]]}, "properties": {"transect_id": 232, "baseline_distance_m": 115500, "positions": {"2000": -12442.1, "2001": -4875.6, "2002": -4863.5, "2003": null, "2004": null, "2005": null, "2006": null, "2007": -9331.5, "2008": -4860.9, "2009": null, "2010": -4855.6, "2011": -4925.9, "2013": null, "2014": null, "2015": -4903.5, "2016": -4948.2, "2017": null, "2018": -4872.0, "2019": -4870.8, "2020": -4888.8, "2021": -5027.1, "2022": -2188.5, "2023": -5033.0, "2024": -5039.2, "2025": -5059.8, "2026": -5065.1}, "total_retreat_m": -7377.0, "speed_m_per_year": 48.17, "r_squared": 0.088, "std_error": 40.15, "ci_95_low": -37.4, "ci_95_high": 133.75, "valid_years": 18, "confidence": "low", "risk_class": "low", "anchor": [51.15371228994189, 43.735870849950715], "outliers_removed": 1}}, {"type": "Feature", "geometry": {"type": "LineString", "coordinates": [[51.156409211529436, 43.73181579480451], [50.9981354891874, 43.66072697337259]]}, "properties": {"transect_id": 233, "baseline_distance_m": 116000, "positions": {"2000": null, "2001": -4841.7, "2002": -4839.7, "2003": null, "2004": null, "2005": null, "2006": null, "2007": -10735.0, "2008": -4803.5, "2009": -7139.7, "2010": -4856.7, "2011": -4865.0, "2013": null, "2014": null, "2015": -4901.4, "2016": -4525.8, "2017": null, "2018": -4906.4, "2019": -4915.8, "2020": -4925.2, "2021": -4927.1, "2022": -4941.9, "2023": -4971.9, "2024": -4964.6, "2025": -5004.2, "2026": -5005.8}, "total_retreat_m": 164.1, "speed_m_per_year": 9.14, "r_squared": 0.016, "std_error": 18.23, "ci_95_low": -29.72, "ci_95_high": 47.99, "valid_years": 18, "confidence": "low", "risk_class": "low", "anchor": [51.156409211529436, 43.73181579480451], "outliers_removed": 1}}, {"type": "Feature", "geometry": {"type": "LineString", "coordinates": [[51.15910576980843, 43.727760673692146], [51.00083952992496, 43.65667553483716]]}, "properties": {"transect_id": 234, "baseline_distance_m": 116500, "positions": {"2000": null, "2001": -4813.8, "2002": -4813.0, "2003": null, "2004": null, "2005": null, "2006": null, "2007": -9640.8, "2008": -4802.3, "2009": null, "2010": -4768.5, "2011": -4831.2, "2013": null, "2014": null, "2015": -4870.2, "2016": -8811.1, "2017": null, "2018": -4851.3, "2019": -4883.0, "2020": -4882.5, "2021": -4907.2, "2022": -4911.9, "2023": -4979.1, "2024": -4966.2, "2025": -5026.4, "2026": -5029.4}, "total_retreat_m": 215.6, "speed_m_per_year": -8.52, "r_squared": 0.731, "std_error": 1.43, "ci_95_low": -11.61, "ci_95_high": -5.42, "valid_years": 17, "confidence": "medium", "risk_class": "medium", "anchor": [51.15910576980843, 43.727760673692146], "outliers_removed": 2}}, {"type": "Feature", "geometry": {"type": "LineString", "coordinates": [[51.16180196488401, 43.723705486640526], [51.00354320708324, 43.652624029467965]]}, "properties": {"transect_id": 235, "baseline_distance_m": 117000, "positions": {"2000": -14328.9, "2001": -4870.8, "2002": -4871.3, "2003": null, "2004": null, "2005": null, "2006": null, "2007": -10773.9, "2008": -4847.9, "2009": -8905.6, "2010": -4829.2, "2011": -4876.1, "2013": null, "2014": null, "2015": -4851.6, "2016": -6033.0, "2017": null, "2018": -4908.4, "2019": -4932.2, "2020": -4945.3, "2021": -4958.7, "2022": -4946.4, "2023": -4980.8, "2024": -4990.3, "2025": -5079.1, "2026": -5090.8}, "total_retreat_m": -9238.1, "speed_m_per_year": 62.94, "r_squared": 0.094, "std_error": 48.95, "ci_95_low": -40.83, "ci_95_high": 166.72, "valid_years": 19, "confidence": "low", "risk_class": "low", "anchor": [51.16180196488401, 43.723705486640526], "outliers_removed": 1}}, {"type": "Feature", "geometry": {"type": "LineString", "coordinates": [[51.16449779686133, 43.71965023367653], [51.006246520767064, 43.64857245729199]]}, "properties": {"transect_id": 236, "baseline_distance_m": 117500, "positions": {"2000": null, "2001": -4803.4, "2002": -4813.6, "2003": null, "2004": null, "2005": null, "2006": null, "2007": -13300.0, "2008": -4798.6, "2009": null, "2010": -4819.7, "2011": -4830.5, "2013": null, "2014": null, "2015": -4855.0, "2016": -12956.2, "2017": null, "2018": -4844.0, "2019": -4879.1, "2020": -4884.7, "2021": -4903.6, "2022": -4935.1, "2023": -4966.4, "2024": -4961.2, "2025": -4972.0, "2026": -4971.2}, "total_retreat_m": 167.8, "speed_m_per_year": -9.97, "r_squared": 0.899, "std_error": 1.01, "ci_95_low": -12.19, "ci_95_high": -7.76, "valid_years": 17, "confidence": "medium", "risk_class": "medium", "anchor": [51.16449779686133, 43.71965023367653], "outliers_removed": 4}}, {"type": "Feature", "geometry": {"type": "LineString", "coordinates": [[51.16719326584547, 43.715594914827015], [51.008949471081245, 43.644520818336204]]}, "properties": {"transect_id": 237, "baseline_distance_m": 118000, "positions": {"2000": null, "2001": -4944.4, "2002": -4943.5, "2003": null, "2004": null, "2005": null, "2006": null, "2007": -11317.3, "2008": -4938.8, "2009": null, "2010": -142.8, "2011": -4936.1, "2013": null, "2014": null, "2015": -4867.7, "2016": null, "2017": null, "2018": -4938.4, "2019": -4939.3, "2020": -4948.0, "2021": -4953.5, "2022": -4961.7, "2023": -4987.1, "2024": -4993.6, "2025": -5063.0, "2026": -5066.6}, "total_retreat_m": 122.2, "speed_m_per_year": -3.49, "r_squared": 0.309, "std_error": 1.5, "ci_95_low": -6.76, "ci_95_high": -0.21, "valid_years": 16, "confidence": "low", "risk_class": "low", "anchor": [51.16719326584547, 43.715594914827015], "outliers_removed": 2}}, {"type": "Feature", "geometry": {"type": "LineString", "coordinates": [[51.169888371941504, 43.71153953011887], [51.01165205813056, 43.640469112627606]]}, "properties": {"transect_id": 238, "baseline_distance_m": 118500, "positions": {"2000": null, "2001": -5099.8, "2002": -5101.9, "2003": null, "2004": null, "2005": null, "2006": null, "2007": -11826.9, "2008": -5098.4, "2009": null, "2010": -5057.6, "2011": -5098.0, "2013": null, "2014": null, "2015": -5346.2, "2016": -5047.0, "2017": null, "2018": -5092.2, "2019": -5099.5, "2020": -5105.8, "2021": -5103.2, "2022": -5112.1, "2023": -5108.6, "2024": -5105.7, "2025": -5110.9, "2026": -5109.8}, "total_retreat_m": 10.0, "speed_m_per_year": -0.2, "r_squared": 0.0, "std_error": 2.67, "ci_95_low": -5.98, "ci_95_high": 5.58, "valid_years": 17, "confidence": "low", "risk_class": "low", "anchor": [51.169888371941504, 43.71153953011887], "outliers_removed": 2}}, {"type": "Feature", "geometry": {"type": "LineString", "coordinates": [[51.17272445669255, 43.707539639726114], [51.01449531085696, 43.63647309674379]]}, "properties": {"transect_id": 239, "baseline_distance_m": 119000, "positions": {"2000": -14971.0, "2001": -5193.0, "2002": -5178.8, "2003": null, "2004": null, "2005": null, "2006": null, "2007": null, "2008": -5171.0, "2009": null, "2010": -5207.0, "2011": -5305.9, "2013": null, "2014": null, "2015": -5257.6, "2016": -5015.0, "2017": null, "2018": -5194.2, "2019": -5210.9, "2020": -5207.0, "2021": -5214.8, "2022": -5212.4, "2023": -5219.4, "2024": -5215.7, "2025": -5229.9, "2026": -5224.8}, "total_retreat_m": -9746.2, "speed_m_per_year": -1.04, "r_squared": 0.019, "std_error": 1.99, "ci_95_low": -5.31, "ci_95_high": 3.24, "valid_years": 17, "confidence": "low", "risk_class": "low", "anchor": [51.17272445669255, 43.707539639726114], "outliers_removed": 1}}, {"type": "Feature", "geometry": {"type": "LineString", "coordinates": [[51.17593646348981, 43.70368759320793], [51.01771365335483, 43.6326254467099]]}, "properties": {"transect_id": 240, "baseline_distance_m": 119500, "positions": {"2000": null, "2001": -5176.3, "2002": -5170.8, "2003": null, "2004": null, "2005": null, "2006": null, "2007": null, "2008": -5365.1, "2009": null, "2010": -5193.7, "2011": -5222.1, "2013": null, "2014": null, "2015": -5289.9, "2016": null, "2017": null, "2018": null, "2019": -5215.4, "2020": -5217.6, "2021": -5260.2, "2022": -4058.6, "2023": -5378.0, "2024": -5357.7, "2025": -5381.5, "2026": -5380.5}, "total_retreat_m": 204.2, "speed_m_per_year": -6.6, "r_squared": 0.455, "std_error": 2.18, "ci_95_low": -11.39, "ci_95_high": -1.81, "valid_years": 14, "confidence": "low", "risk_class": "low", "anchor": [51.17593646348981, 43.70368759320793], "outliers_removed": 1}}, {"type": "Feature", "geometry": {"type": "LineString", "coordinates": [[51.17914805947939, 43.69983545453396], [51.02093158527805, 43.628777703553794]]}, "properties": {"transect_id": 241, "baseline_distance_m": 120000, "positions": {"2000": null, "2001": -5284.6, "2002": -5267.9, "2003": null, "2004": null, "2005": null, "2006": null, "2007": null, "2008": -5356.0, "2009": null, "2010": -5281.0, "2011": -5290.3, "2013": null, "2014": null, "2015": -5339.9, "2016": -8668.4, "2017": null, "2018": null, "2019": -5358.5, "2020": -5359.3, "2021": -5359.8, "2022": -5359.9, "2023": -5372.3, "2024": -5363.4, "2025": -5371.2, "2026": -5069.0}, "total_retreat_m": -215.6, "speed_m_per_year": -0.05, "r_squared": 0.0, "std_error": 29.63, "ci_95_low": -64.05, "ci_95_high": 63.95, "valid_years": 15, "confidence": "low", "risk_class": "low", "anchor": [51.17914805947939, 43.69983545453396], "outliers_removed": 15}}, {"type": "Feature", "geometry": {"type": "LineString", "coordinates": [[51.18235924476874, 43.695983223740456], [51.02414910673357, 43.62492986731177]]}, "properties": {"transect_id": 242, "baseline_distance_m": 120500, "positions": {"2000": null, "2001": -5299.3, "2002": -5281.9, "2003": null, "2004": null, "2005": null, "2006": null, "2007": null, "2008": -5292.4, "2009": null, "2010": -5276.3, "2011": -5288.7, "2013": null, "2014": null, "2015": -5271.7, "2016": -9420.4, "2017": null, "2018": null, "2019": -5277.5, "2020": -5293.6, "2021": -5283.0, "2022": -5273.0, "2023": -5292.5, "2024": -5305.3, "2025": -5348.5, "2026": -5345.8}, "total_retreat_m": 46.5, "speed_m_per_year": -0.31, "r_squared": 0.0, "std_error": 36.33, "ci_95_low": -78.79, "ci_95_high": 78.17, "valid_years": 15, "confidence": "low", "risk_class": "low", "anchor": [51.18235924476874, 43.695983223740456], "outliers_removed": 15}}, {"type": "Feature", "geometry": {"type": "LineString", "coordinates": [[51.185570019465324, 43.692130900863646], [51.027366217828344, 43.62108193802014]]}, "properties": {"transect_id": 243, "baseline_distance_m": 121000, "positions": {"2000": null, "2001": -5246.2, "2002": -5245.5, "2003": null, "2004": null, "2005": null, "2006": null, "2007": null, "2008": -5183.3, "2009": null, "2010": -5249.9, "2011": -5248.3, "2013": null, "2014": null, "2015": -5241.6, "2016": -9005.5, "2017": null, "2018": null, "2019": -5266.9, "2020": -5267.5, "2021": -5267.9, "2022": -2882.5, "2023": -5280.8, "2024": -5280.5, "2025": -5128.6, "2026": -5280.7}, "total_retreat_m": 34.5, "speed_m_per_year": -0.61, "r_squared": 0.014, "std_error": 1.51, "ci_95_low": -3.94, "ci_95_high": 2.72, "valid_years": 15, "confidence": "low", "risk_class": "low", "anchor": [51.185570019465324, 43.692130900863646], "outliers_removed": 2}}, {"type": "Feature", "geometry": {"type": "LineString", "coordinates": [[51.18878038367658, 43.68827848593969], [51.030582918669275, 43.61723391571519]]}, "properties": {"transect_id": 244, "baseline_distance_m": 121500, "positions": {"2000": null, "2001": -5402.3, "2002": -5391.8, "2003": null, "2004": null, "2005": null, "2006": null, "2007": null, "2008": -5325.4, "2009": null, "2010": -5448.3, "2011": -5380.4, "2013": null, "2014": null, "2015": -5368.0, "2016": null, "2017": null, "2018": null, "2019": -5408.3, "2020": -5413.3, "2021": -5422.6, "2022": -3583.5, "2023": -5450.7, "2024": -1698.7, "2025": -5451.9, "2026": -5449.4}, "total_retreat_m": 47.1, "speed_m_per_year": 11.07, "r_squared": 0.034, "std_error": 17.76, "ci_95_low": -28.03, "ci_95_high": 50.16, "valid_years": 14, "confidence": "low", "risk_class": "low", "anchor": [51.18878038367658, 43.68827848593969], "outliers_removed": 1}}, {"type": "Feature", "geometry": {"type": "LineString", "coordinates": [[51.19199033750989, 43.68442597900483], [51.03379920936325, 43.61338580043323]]}, "properties": {"transect_id": 245, "baseline_distance_m": 122000, "positions": {"2000": null, "2001": -5488.1, "2002": -5484.2, "2003": null, "2004": null, "2005": null, "2006": null, "2007": null, "2008": -5382.4, "2009": null, "2010": -5585.2, "2011": -5486.3, "2013": null, "2014": null, "2015": -5436.0, "2016": -6897.6, "2017": null, "2018": null, "2019": -3826.9, "2020": -5480.7, "2021": -5466.2, "2022": -3824.9, "2023": -5461.5, "2024": -3827.5, "2025": -3821.8, "2026": -3826.6}, "total_retreat_m": -1661.5, "speed_m_per_year": 63.04, "r_squared": 0.294, "std_error": 27.12, "ci_95_low": 4.45, "ci_95_high": 121.64, "valid_years": 15, "confidence": "low", "risk_class": "low", "anchor": [51.19199033750989, 43.68442597900483], "outliers_removed": 0}}, {"type": "Feature", "geometry": {"type": "LineString", "coordinates": [[51.19519988107267, 43.68057338009523], [51.03701509001714, 43.60953759221051]]}, "properties": {"transect_id": 246, "baseline_distance_m": 122500, "positions": {"2000": null, "2001": -5507.0, "2002": -5500.6, "2003": null, "2004": null, "2005": null, "2006": null, "2007": null, "2008": -5499.0, "2009": null, "2010": -5453.1, "2011": -5513.5, "2013": null, "2014": null, "2015": -5489.8, "2016": -9402.8, "2017": null, "2018": null, "2019": -5501.0, "2020": -5503.3, "2021": -5502.9, "2022": -5526.4, "2023": -5555.2, "2024": -5533.7, "2025": -5556.9, "2026": -5556.1}, "total_retreat_m": 49.1, "speed_m_per_year": -1.31, "r_squared": 0.0, "std_error": 34.24, "ci_95_low": -75.29, "ci_95_high": 72.67, "valid_years": 15, "confidence": "low", "risk_class": "low", "anchor": [51.19519988107267, 43.68057338009523], "outliers_removed": 15}}, {"type": "Feature", "geometry": {"type": "LineString", "coordinates": [[51.19840901447223, 43.67672068924711], [51.04023056073779, 43.60568929108332]]}, "properties": {"transect_id": 247, "baseline_distance_m": 123000, "positions": {"2000": null, "2001": -5476.8, "2002": -5475.5, "2003": null, "2004": null, "2005": null, "2006": null, "2007": null, "2008": -5533.8, "2009": null, "2010": -5404.5, "2011": -5488.1, "2013": null, "2014": null, "2015": -5445.0, "2016": -7590.1, "2017": null, "2018": null, "2019": -5498.1, "2020": -5509.5, "2021": -5505.9, "2022": -5498.1, "2023": -5514.5, "2024": -5508.7, "2025": -5515.4, "2026": -5517.0}, "total_retreat_m": 40.2, "speed_m_per_year": -1.34, "r_squared": 0.0, "std_error": 18.5, "ci_95_low": -41.3, "ci_95_high": 38.62, "valid_years": 15, "confidence": "low", "risk_class": "low", "anchor": [51.19840901447223, 43.67672068924711], "outliers_removed": 15}}, {"type": "Feature", "geometry": {"type": "LineString", "coordinates": [[51.20161773781594, 43.67286790649662], [51.043445621632, 43.60184089708792]]}, "properties": {"transect_id": 248, "baseline_distance_m": 123500, "positions": {"2000": null, "2001": -5443.9, "2002": -5439.6, "2003": null, "2004": null, "2005": null, "2006": null, "2007": null, "2008": -5378.6, "2009": null, "2010": -5361.1, "2011": -5427.4, "2013": null, "2014": null, "2015": -5344.6, "2016": null, "2017": null, "2018": null, "2019": -5423.9, "2020": -5433.6, "2021": -5436.9, "2022": -5439.7, "2023": -5441.2, "2024": -5443.5, "2025": -5468.9, "2026": -5450.3}, "total_retreat_m": 6.4, "speed_m_per_year": -0.97, "r_squared": 0.166, "std_error": 0.69, "ci_95_low": -2.5, "ci_95_high": 0.56, "valid_years": 14, "confidence": "low", "risk_class": "low", "anchor": [51.20161773781594, 43.67286790649662], "outliers_removed": 2}}, {"type": "Feature", "geometry": {"type": "LineString", "coordinates": [[51.204826051211086, 43.669015031879965], [51.04666027280658, 43.597992410260574]]}, "properties": {"transect_id": 249, "baseline_distance_m": 124000, "positions": {"2000": null, "2001": -5391.0, "2002": -5369.1, "2003": null, "2004": null, "2005": null, "2006": null, "2007": null, "2008": -5361.5, "2009": null, "2010": -5273.6, "2011": -5392.1, "2013": null, "2014": null, "2015": -5345.5, "2016": -8109.0, "2017": null, "2018": null, "2019": -5392.7, "2020": -5394.9, "2021": -5398.2, "2022": -5403.1, "2023": -1869.9, "2024": -1877.3, "2025": -5424.5, "2026": -5418.2}, "total_retreat_m": 27.2, "speed_m_per_year": -2.32, "r_squared": 0.241, "std_error": 1.3, "ci_95_low": -5.22, "ci_95_high": 0.58, "valid_years": 15, "confidence": "low", "risk_class": "low", "anchor": [51.204826051211086, 43.669015031879965], "outliers_removed": 3}}, {"type": "Feature", "geometry": {"type": "LineString", "coordinates": [[51.20803395476494, 43.66516206543325], [51.04987451436829, 43.5941438306375]]}, "properties": {"transect_id": 250, "baseline_distance_m": 124500, "positions": {"2000": null, "2001": -5344.4, "2002": -5344.1, "2003": null, "2004": null, "2005": null, "2006": null, "2007": null, "2008": -5340.6, "2009": null, "2010": -5361.9, "2011": -5345.8, "2013": null, "2014": null, "2015": -5347.0, "2016": null, "2017": null, "2018": null, "2019": -5369.5, "2020": -5375.8, "2021": -5378.2, "2022": -5400.9, "2023": -5414.7, "2024": -5412.2, "2025": -5490.6, "2026": -5484.5}, "total_retreat_m": 140.1, "speed_m_per_year": -4.59, "r_squared": 0.609, "std_error": 1.06, "ci_95_low": -6.91, "ci_95_high": -2.28, "valid_years": 14, "confidence": "low", "risk_class": "low", "anchor": [51.20803395476494, 43.66516206543325], "outliers_removed": 0}}, {"type": "Feature", "geometry": {"type": "LineString", "coordinates": [[51.211241448584786, 43.661309007192685], [51.05308834642387, 43.59029515825496]]}, "properties": {"transect_id": 251, "baseline_distance_m": 125000, "positions": {"2000": null, "2001": -1539.9, "2002": -1517.2, "2003": null, "2004": null, "2005": null, "2006": null, "2007": null, "2008": -1672.3, "2009": null, "2010": -1675.1, "2011": -1684.0, "2013": null, "2014": null, "2015": -1684.7, "2016": null, "2017": null, "2018": null, "2019": -1677.0, "2020": -1675.0, "2021": -1689.2, "2022": -1674.1, "2023": -1684.7, "2024": -1672.4, "2025": -1543.9, "2026": -1701.3}, "total_retreat_m": 161.4, "speed_m_per_year": -5.31, "r_squared": 0.59, "std_error": 1.34, "ci_95_low": -8.25, "ci_95_high": -2.37, "valid_years": 14, "confidence": "low", "risk_class": "low", "anchor": [51.211241448584786, 43.661309007192685], "outliers_removed": 1}}, {"type": "Feature", "geometry": {"type": "LineString", "coordinates": [[51.21444853277784, 43.6574558571944], [51.05630176908004, 43.586446393149195]]}, "properties": {"transect_id": 252, "baseline_distance_m": 125500, "positions": {"2000": null, "2001": -1016.6, "2002": -964.7, "2003": null, "2004": null, "2005": null, "2006": null, "2007": null, "2008": -964.0, "2009": null, "2010": -957.1, "2011": -975.6, "2013": null, "2014": null, "2015": -1021.2, "2016": null, "2017": null, "2018": null, "2019": -969.1, "2020": -976.5, "2021": -972.1, "2022": -968.1, "2023": -969.1, "2024": -965.7, "2025": -965.4, "2026": -969.5}, "total_retreat_m": -47.1, "speed_m_per_year": 0.71, "r_squared": 0.099, "std_error": 0.62, "ci_95_low": -0.64, "ci_95_high": 2.06, "valid_years": 14, "confidence": "low", "risk_class": "low", "anchor": [51.21444853277784, 43.6574558571944], "outliers_removed": 0}}, {"type": "Feature", "geometry": {"type": "LineString", "coordinates": [[51.21765520745131, 43.65360261547449], [51.0595147824435, 43.58259753535641]]}, "properties": {"transect_id": 253, "baseline_distance_m": 126000, "positions": {"2000": null, "2001": -5256.8, "2002": -5257.8, "2003": null, "2004": null, "2005": null, "2006": null, "2007": null, "2008": -5255.7, "2009": null, "2010": -5255.6, "2011": -5262.6, "2013": null, "2014": null, "2015": -5246.5, "2016": null, "2017": null, "2018": null, "2019": -5255.1, "2020": -5277.7, "2021": -5269.5, "2022": -5253.8, "2023": -5262.6, "2024": -5264.9, "2025": -5269.6, "2026": -176.2}, "total_retreat_m": -5080.6, "speed_m_per_year": -0.43, "r_squared": 0.185, "std_error": 0.27, "ci_95_low": -1.03, "ci_95_high": 0.17, "valid_years": 14, "confidence": "low", "risk_class": "low", "anchor": [51.21765520745131, 43.65360261547449], "outliers_removed": 1}}, {"type": "Feature", "geometry": {"type": "LineString", "coordinates": [[51.22086147271237, 43.64974928206914], [51.06272738662092, 43.578748584912844]]}, "properties": {"transect_id": 254, "baseline_distance_m": 126500, "positions": {"2000": null, "2001": -4194.3, "2002": -4189.4, "2003": null, "2004": null, "2005": null, "2006": null, "2007": null, "2008": -4200.4, "2009": null, "2010": -4173.4, "2011": -4184.4, "2013": null, "2014": null, "2015": -4126.0, "2016": null, "2017": null, "2018": null, "2019": -4210.3, "2020": -4233.0, "2021": -4239.7, "2022": -4245.2, "2023": -4300.6, "2024": -4303.0, "2025": -4325.2, "2026": -4321.8}, "total_retreat_m": 127.5, "speed_m_per_year": -5.35, "r_squared": 0.547, "std_error": 1.4, "ci_95_low": -8.4, "ci_95_high": -2.29, "valid_years": 14, "confidence": "low", "risk_class": "low", "anchor": [51.22086147271237, 43.64974928206914], "outliers_removed": 0}}, {"type": "Feature", "geometry": {"type": "LineString", "coordinates": [[51.22385333952225, 43.645807267312584], [51.06572607597452, 43.57481065471888]]}, "properties": {"transect_id": 255, "baseline_distance_m": 127000, "positions": {"2000": null, "2001": -2670.9, "2002": -2603.5, "2003": null, "2004": null, "2005": null, "2006": null, "2007": null, "2008": -2605.4, "2009": null, "2010": -2607.3, "2011": -2669.9, "2013": null, "2014": null, "2015": -2926.0, "2016": null, "2017": null, "2018": null, "2019": -2920.3, "2020": -2975.0, "2021": -3087.5, "2022": -2944.1, "2023": -3088.2, "2024": -3766.5, "2025": -3084.7, "2026": -3835.3}, "total_retreat_m": 1164.4, "speed_m_per_year": -22.3, "r_squared": 0.827, "std_error": 3.22, "ci_95_low": -29.48, "ci_95_high": -15.12, "valid_years": 14, "confidence": "low", "risk_class": "high", "anchor": [51.22385333952225, 43.645807267312584], "outliers_removed": 2}}, {"type": "Feature", "geometry": {"type": "LineString", "coordinates": [[51.22678651367839, 43.641841036097574], [51.06866620432054, 43.570848426089874]]}, "properties": {"transect_id": 256, "baseline_distance_m": 127500, "positions": {"2000": null, "2001": -3311.2, "2002": -3295.2, "2003": null, "2004": null, "2005": null, "2006": null, "2007": null, "2008": -3084.2, "2009": null, "2010": -3156.3, "2011": -3296.0, "2013": null, "2014": null, "2015": -3273.7, "2016": null, "2017": null, "2018": null, "2019": -3368.6, "2020": -3374.5, "2021": -3396.9, "2022": -3397.6, "2023": -3434.0, "2024": -3456.7, "2025": -3528.6, "2026": -3518.2}, "total_retreat_m": 207.0, "speed_m_per_year": -11.22, "r_squared": 0.567, "std_error": 2.83, "ci_95_low": -17.38, "ci_95_high": -5.06, "valid_years": 14, "confidence": "low", "risk_class": "medium", "anchor": [51.22678651367839, 43.641841036097574], "outliers_removed": 0}}, {"type": "Feature", "geometry": {"type": "LineString", "coordinates": [[51.22971930270461, 43.63787472771581], [51.07160594743701, 43.56688611936187]]}, "properties": {"transect_id": 257, "baseline_distance_m": 128000, "positions": {"2000": null, "2001": -2401.9, "2002": -2954.7, "2003": null, "2004": null, "2005": null, "2006": null, "2007": null, "2008": -2766.7, "2009": null, "2010": -1310.0, "2011": -2961.6, "2013": null, "2014": null, "2015": -2833.7, "2016": null, "2017": null, "2018": null, "2019": -1253.8, "2020": -3009.8, "2021": -3055.3, "2022": -1310.7, "2023": -3207.6, "2024": -3121.2, "2025": -3305.1, "2026": -3277.3}, "total_retreat_m": 875.4, "speed_m_per_year": -23.74, "r_squared": 0.708, "std_error": 5.08, "ci_95_low": -35.23, "ci_95_high": -12.26, "valid_years": 14, "confidence": "low", "risk_class": "high", "anchor": [51.22971930270461, 43.63787472771581], "outliers_removed": 3}}, {"type": "Feature", "geometry": {"type": "LineString", "coordinates": [[51.2326517067077, 43.63390834219839], [51.07454530543031, 43.562923734566105]]}, "properties": {"transect_id": 258, "baseline_distance_m": 128500, "positions": {"2000": null, "2001": -2563.9, "2002": -2564.5, "2003": null, "2004": null, "2005": null, "2006": null, "2007": null, "2008": -2770.6, "2009": null, "2010": -2497.8, "2011": -2555.3, "2013": null, "2014": null, "2015": -2511.6, "2016": null, "2017": null, "2018": null, "2019": -2570.5, "2020": -2584.4, "2021": -2588.5, "2022": -2611.1, "2023": -2634.7, "2024": -2562.2, "2025": -2643.0, "2026": -2658.3}, "total_retreat_m": 94.4, "speed_m_per_year": -3.45, "r_squared": 0.375, "std_error": 1.34, "ci_95_low": -6.41, "ci_95_high": -0.5, "valid_years": 14, "confidence": "low", "risk_class": "low", "anchor": [51.2326517067077, 43.63390834219839], "outliers_removed": 1}}, {"type": "Feature", "geometry": {"type": "LineString", "coordinates": [[51.235583725794406, 43.62994187957642], [51.07748427840681, 43.55896127173379]]}, "properties": {"transect_id": 259, "baseline_distance_m": 129000, "positions": {"2000": null, "2001": -2356.2, "2002": -2354.5, "2003": null, "2004": null, "2005": null, "2006": null, "2007": null, "2008": -1182.9, "2009": null, "2010": -2528.6, "2011": -2633.7, "2013": null, "2014": null, "2015": -2399.6, "2016": null, "2017": null, "2018": null, "2019": -1216.0, "2020": -2406.3, "2021": -2409.1, "2022": -1228.7, "2023": -2446.2, "2024": -1205.0, "2025": -1183.5, "2026": -1223.4}, "total_retreat_m": -1132.8, "speed_m_per_year": 34.44, "r_squared": 0.207, "std_error": 19.43, "ci_95_low": -7.9, "ci_95_high": 76.78, "valid_years": 14, "confidence": "low", "risk_class": "low", "anchor": [51.235583725794406, 43.62994187957642], "outliers_removed": 0}}, {"type": "Feature", "geometry": {"type": "LineString", "coordinates": [[51.23851536007147, 43.62597533988102], [51.08042286647282, 43.5549987308961]]}, "properties": {"transect_id": 260, "baseline_distance_m": 129500, "positions": {"2000": null, "2001": -1113.4, "2002": -1067.1, "2003": null, "2004": null, "2005": null, "2006": null, "2007": null, "2008": -959.9, "2009": null, "2010": -973.3, "2011": -1064.7, "2013": null, "2014": null, "2015": -1082.6, "2016": null, "2017": null, "2018": null, "2019": -714.4, "2020": -1000.2, "2021": -1056.4, "2022": -624.5, "2023": -707.9, "2024": -693.6, "2025": -687.6, "2026": -958.6}, "total_retreat_m": -154.8, "speed_m_per_year": 13.86, "r_squared": 0.429, "std_error": 4.62, "ci_95_low": 3.79, "ci_95_high": 23.92, "valid_years": 14, "confidence": "low", "risk_class": "low", "anchor": [51.23851536007147, 43.62597533988102], "outliers_removed": 0}}, {"type": "Feature", "geometry": {"type": "LineString", "coordinates": [[51.241446609645585, 43.62200872314326], [51.08336106973468, 43.55103611208423]]}, "properties": {"transect_id": 261, "baseline_distance_m": 130000, "positions": {"2000": null, "2001": -1176.4, "2002": -1163.4, "2003": null, "2004": null, "2005": null, "2006": null, "2007": null, "2008": -652.4, "2009": null, "2010": -638.9, "2011": -1191.2, "2013": null, "2014": null, "2015": -631.3, "2016": null, "2017": null, "2018": null, "2019": -600.4, "2020": -616.8, "2021": -613.0, "2022": -146.9, "2023": -607.4, "2024": -615.0, "2025": -597.9, "2026": -603.6}, "total_retreat_m": -572.8, "speed_m_per_year": 19.77, "r_squared": 0.662, "std_error": 4.47, "ci_95_low": 9.81, "ci_95_high": 29.73, "valid_years": 14, "confidence": "low", "risk_class": "low", "anchor": [51.241446609645585, 43.62200872314326], "outliers_removed": 2}}, {"type": "Feature", "geometry": {"type": "LineString", "coordinates": [[51.24437747462342, 43.61804202939419], [51.08629888829864, 43.5470734153294]]}, "properties": {"transect_id": 262, "baseline_distance_m": 130500, "positions": {"2000": null, "2001": -2177.2, "2002": -2174.0, "2003": null, "2004": null, "2005": null, "2006": null, "2007": null, "2008": -761.8, "2009": null, "2010": -652.3, "2011": -793.7, "2013": null, "2014": null, "2015": -224.6, "2016": null, "2017": null, "2018": null, "2019": -2401.3, "2020": -2415.6, "2021": -2418.2, "2022": -443.1, "2023": -2408.3, "2024": -2391.5, "2025": -2388.0, "2026": -2423.3}, "total_retreat_m": 246.1, "speed_m_per_year": -33.33, "r_squared": 0.098, "std_error": 29.19, "ci_95_low": -96.93, "ci_95_high": 30.26, "valid_years": 14, "confidence": "low", "risk_class": "high", "anchor": [51.24437747462342, 43.61804202939419], "outliers_removed": 0}}, {"type": "Feature", "geometry": {"type": "LineString", "coordinates": [[51.24730795511163, 43.61407525866494], [51.08923632227097, 43.54311064066275]]}, "properties": {"transect_id": 263, "baseline_distance_m": 131000, "positions": {"2000": null, "2001": -2757.0, "2002": -338.9, "2003": null, "2004": null, "2005": null, "2006": null, "2007": null, "2008": -298.6, "2009": null, "2010": -96.7, "2011": -319.6, "2013": null, "2014": null, "2015": -231.9, "2016": null, "2017": null, "2018": null, "2019": -1375.0, "2020": -1382.9, "2021": -2802.2, "2022": -234.8, "2023": -2797.4, "2024": -2804.3, "2025": -2798.5, "2026": -2796.9}, "total_retreat_m": 39.9, "speed_m_per_year": -70.0, "r_squared": 0.234, "std_error": 36.59, "ci_95_low": -149.72, "ci_95_high": 9.72, "valid_years": 14, "confidence": "low", "risk_class": "high", "anchor": [51.24730795511163, 43.61407525866494], "outliers_removed": 0}}, {"type": "Feature", "geometry": {"type": "LineString", "coordinates": [[51.25023805121683, 43.610108410986555], [51.092173371757895, 43.539147788115486]]}, "properties": {"transect_id": 264, "baseline_distance_m": 131500, "positions": {"2000": null, "2001": -131.5, "2002": -37.2, "2003": null, "2004": null, "2005": null, "2006": null, "2007": null, "2008": -2802.0, "2009": null, "2010": -16.1, "2011": -19.9, "2013": null, "2014": null, "2015": -469.6, "2016": null, "2017": null, "2018": null, "2019": -18.1, "2020": -2805.3, "2021": -2825.7, "2022": -45.0, "2023": -2785.1, "2024": -2785.5, "2025": -567.4, "2026": -324.3}, "total_retreat_m": 192.8, "speed_m_per_year": -50.61, "r_squared": 0.106, "std_error": 42.48, "ci_95_low": -143.17, "ci_95_high": 41.96, "valid_years": 14, "confidence": "low", "risk_class": "high", "anchor": [51.25023805121683, 43.610108410986555], "outliers_removed": 0}}, {"type": "Feature", "geometry": {"type": "LineString", "coordinates": [[51.25316776304562, 43.6061414863901], [51.0951100368656, 43.53518485771873]]}, "properties": {"transect_id": 265, "baseline_distance_m": 132000, "positions": {"2000": null, "2001": -2462.9, "2002": -2464.4, "2003": null, "2004": null, "2005": null, "2006": null, "2007": null, "2008": -2459.9, "2009": null, "2010": null, "2011": -2464.5, "2013": null, "2014": null, "2015": -2458.2, "2016": null, "2017": null, "2018": null, "2019": -2457.9, "2020": -2479.3, "2021": -2476.2, "2022": -2488.2, "2023": -2529.4, "2024": -2537.0, "2025": -2551.4, "2026": -2554.8}, "total_retreat_m": 91.9, "speed_m_per_year": -3.15, "r_squared": 0.517, "std_error": 0.92, "ci_95_low": -5.17, "ci_95_high": -1.13, "valid_years": 13, "confidence": "low", "risk_class": "low", "anchor": [51.25316776304562, 43.6061414863901], "outliers_removed": 0}}, {"type": "Feature", "geometry": {"type": "LineString", "coordinates": [[51.25609709070454, 43.60217448490662], [51.098046317700266, 43.53122184950368]]}, "properties": {"transect_id": 266, "baseline_distance_m": 132500, "positions": {"2000": null, "2001": -2076.8, "2002": -2080.3, "2003": null, "2004": null, "2005": null, "2006": null, "2007": null, "2008": -2089.9, "2009": null, "2010": null, "2011": -2198.9, "2013": null, "2014": null, "2015": -2304.5, "2016": null, "2017": null, "2018": null, "2019": -2263.7, "2020": -2245.6, "2021": -2256.4, "2022": -2279.8, "2023": -2405.1, "2024": -2408.3, "2025": -2445.2, "2026": -2443.4}, "total_retreat_m": 366.6, "speed_m_per_year": -14.2, "r_squared": 0.845, "std_error": 1.83, "ci_95_low": -18.23, "ci_95_high": -10.16, "valid_years": 13, "confidence": "low", "risk_class": "medium", "anchor": [51.25609709070454, 43.60217448490662], "outliers_removed": 0}}, {"type": "Feature", "geometry": {"type": "LineString", "coordinates": [[51.25902603430016, 43.59820740656718], [51.10098221436804, 43.52725876350148]]}, "properties": {"transect_id": 267, "baseline_distance_m": 133000, "positions": {"2000": null, "2001": -1729.8, "2002": -1731.0, "2003": null, "2004": null, "2005": null, "2006": null, "2007": null, "2008": -1726.3, "2009": null, "2010": null, "2011": -1731.5, "2013": null, "2014": null, "2015": -1808.9, "2016": null, "2017": null, "2018": null, "2019": -1969.4, "2020": -1835.4, "2021": -1996.3, "2022": -2022.5, "2023": -2184.4, "2024": -2191.0, "2025": -2287.9, "2026": -2281.4}, "total_retreat_m": 551.6, "speed_m_per_year": -22.02, "r_squared": 0.752, "std_error": 3.81, "ci_95_low": -30.41, "ci_95_high": -13.63, "valid_years": 13, "confidence": "low", "risk_class": "high", "anchor": [51.25902603430016, 43.59820740656718], "outliers_removed": 0}}, {"type": "Feature", "geometry": {"type": "LineString", "coordinates": [[51.261954593938974, 43.594240251402795], [51.10391772697503, 43.52329559974324]]}, "properties": {"transect_id": 268, "baseline_distance_m": 133500, "positions": {"2000": null, "2001": -1570.3, "2002": -1560.6, "2003": null, "2004": null, "2005": null, "2006": null, "2007": null, "2008": -1571.3, "2009": null, "2010": null, "2011": -1583.3, "2013": null, "2014": null, "2015": -1889.6, "2016": null, "2017": null, "2018": null, "2019": -1753.9, "2020": -1692.4, "2021": -1815.4, "2022": -1880.0, "2023": -2048.9, "2024": -2055.0, "2025": -2167.1, "2026": -2095.0}, "total_retreat_m": 524.7, "speed_m_per_year": -21.98, "r_squared": 0.737, "std_error": 3.96, "ci_95_low": -30.7, "ci_95_high": -13.26, "valid_years": 13, "confidence": "low", "risk_class": "high", "anchor": [51.261954593938974, 43.594240251402795], "outliers_removed": 0}}, {"type": "Feature", "geometry": {"type": "LineString", "coordinates": [[51.26488276972746, 43.59027301944452], [51.10685285562733, 43.51933235826012]]}, "properties": {"transect_id": 269, "baseline_distance_m": 134000, "positions": {"2000": null, "2001": -1463.7, "2002": -1553.3, "2003": null, "2004": null, "2005": null, "2006": null, "2007": null, "2008": -1462.3, "2009": null, "2010": -1710.3, "2011": -1477.9, "2013": null, "2014": null, "2015": -1680.2, "2016": null, "2017": null, "2018": null, "2019": -1594.3, "2020": -1485.8, "2021": -1623.8, "2022": -1660.7, "2023": -1712.1, "2024": -30.9, "2025": -1936.3, "2026": -1984.7}, "total_retreat_m": 521.0, "speed_m_per_year": -13.41, "r_squared": 0.454, "std_error": 4.44, "ci_95_low": -23.18, "ci_95_high": -3.64, "valid_years": 14, "confidence": "low", "risk_class": "medium", "anchor": [51.26488276972746, 43.59027301944452], "outliers_removed": 1}}, {"type": "Feature", "geometry": {"type": "LineString", "coordinates": [[51.26781056177207, 43.586305710723344], [51.109787600431005, 43.515369039083275]]}, "properties": {"transect_id": 270, "baseline_distance_m": 134500, "positions": {"2000": null, "2001": -1307.2, "2002": -1310.6, "2003": null, "2004": null, "2005": null, "2006": null, "2007": null, "2008": -1313.6, "2009": null, "2010": -4393.5, "2011": -1327.0, "2013": null, "2014": null, "2015": -1407.8, "2016": null, "2017": null, "2018": null, "2019": -1454.8, "2020": -417.8, "2021": -1474.6, "2022": -172.1, "2023": -1516.4, "2024": -1530.5, "2025": -1568.8, "2026": -1568.2}, "total_retreat_m": 261.0, "speed_m_per_year": 0.84, "r_squared": 0.0, "std_error": 15.5, "ci_95_low": -33.29, "ci_95_high": 34.96, "valid_years": 14, "confidence": "low", "risk_class": "low", "anchor": [51.26781056177207, 43.586305710723344], "outliers_removed": 1}}, {"type": "Feature", "geometry": {"type": "LineString", "coordinates": [[51.270737970179255, 43.58233832527032], [51.105755563383696, 43.520345790619565]]}, "properties": {"transect_id": 271, "baseline_distance_m": 135000, "positions": {"2000": null, "2001": -1171.5, "2002": -1179.2, "2003": null, "2004": null, "2005": null, "2006": null, "2007": null, "2008": -1178.7, "2009": null, "2010": null, "2011": -1185.6, "2013": null, "2014": null, "2015": -1214.4, "2016": null, "2017": null, "2018": null, "2019": -1221.9, "2020": -450.5, "2021": -1293.7, "2022": -456.8, "2023": -1387.0, "2024": -166.4, "2025": -1416.6, "2026": -1416.3}, "total_retreat_m": 244.8, "speed_m_per_year": 8.52, "r_squared": 0.031, "std_error": 14.31, "ci_95_low": -22.97, "ci_95_high": 40.0, "valid_years": 13, "confidence": "low", "risk_class": "low", "anchor": [51.270737970179255, 43.58233832527032], "outliers_removed": 0}}, {"type": "Feature", "geometry": {"type": "LineString", "coordinates": [[51.273664995055384, 43.57837086311647], [51.108690429045616, 43.51638250018408]]}, "properties": {"transect_id": 272, "baseline_distance_m": 135500, "positions": {"2000": null, "2001": -1137.0, "2002": -1134.4, "2003": null, "2004": null, "2005": null, "2006": null, "2007": null, "2008": -1133.5, "2009": null, "2010": null, "2011": -1153.8, "2013": null, "2014": null, "2015": -1159.2, "2016": null, "2017": null, "2018": null, "2019": -1175.0, "2020": -500.0, "2021": -95.2, "2022": -1189.2, "2023": -1200.7, "2024": -229.0, "2025": -1210.9, "2026": -1346.7}, "total_retreat_m": 209.7, "speed_m_per_year": 6.78, "r_squared": 0.033, "std_error": 11.55, "ci_95_low": -18.95, "ci_95_high": 32.5, "valid_years": 13, "confidence": "low", "risk_class": "low", "anchor": [51.273664995055384, 43.57837086311647], "outliers_removed": 1}}, {"type": "Feature", "geometry": {"type": "LineString", "coordinates": [[51.276591636506865, 43.57440332429275], [51.11162491093455, 43.51241913207556]]}, "properties": {"transect_id": 273, "baseline_distance_m": 136000, "positions": {"2000": null, "2001": -29.1, "2002": -1057.3, "2003": null, "2004": null, "2005": null, "2006": null, "2007": null, "2008": -32.4, "2009": null, "2010": null, "2011": -1063.6, "2013": null, "2014": null, "2015": -1059.9, "2016": null, "2017": null, "2018": null, "2019": -57.3, "2020": -76.8, "2021": -53.1, "2022": -1057.1, "2023": -58.1, "2024": -43.4, "2025": -38.8, "2026": -45.9}, "total_retreat_m": 16.8, "speed_m_per_year": 3.53, "r_squared": 0.543, "std_error": 1.45, "ci_95_low": -0.19, "ci_95_high": 7.24, "valid_years": 13, "confidence": "low", "risk_class": "low", "anchor": [51.276591636506865, 43.57440332429275], "outliers_removed": 6}}, {"type": "Feature", "geometry": {"type": "LineString", "coordinates": [[51.27951789464001, 43.57043570883019], [51.114559009156515, 43.50845568632512]]}, "properties": {"transect_id": 274, "baseline_distance_m": 136500, "positions": {"2000": null, "2001": -315.4, "2002": -458.5, "2003": null, "2004": null, "2005": null, "2006": null, "2007": null, "2008": -454.5, "2009": null, "2010": null, "2011": -1060.5, "2013": null, "2014": null, "2015": -1055.3, "2016": null, "2017": null, "2018": null, "2019": -1054.7, "2020": -408.1, "2021": -1057.6, "2022": -1055.2, "2023": -1071.2, "2024": -408.6, "2025": -220.3, "2026": -1130.8}, "total_retreat_m": 815.4, "speed_m_per_year": -14.22, "r_squared": 0.112, "std_error": 12.06, "ci_95_low": -40.75, "ci_95_high": 12.32, "valid_years": 13, "confidence": "low", "risk_class": "medium", "anchor": [51.27951789464001, 43.57043570883019], "outliers_removed": 0}}, {"type": "Feature", "geometry": {"type": "LineString", "coordinates": [[51.28244376956116, 43.56646801675977], [51.11749272381749, 43.50449216296386]]}, "properties": {"transect_id": 275, "baseline_distance_m": 137000, "positions": {"2000": null, "2001": -410.3, "2002": -405.7, "2003": null, "2004": null, "2005": null, "2006": null, "2007": null, "2008": -401.7, "2009": null, "2010": null, "2011": -1083.5, "2013": null, "2014": null, "2015": -1074.5, "2016": null, "2017": null, "2018": null, "2019": -1076.7, "2020": -382.8, "2021": -1079.0, "2022": -1075.8, "2023": -1079.6, "2024": -329.1, "2025": -1080.0, "2026": -1080.3}, "total_retreat_m": 670.0, "speed_m_per_year": -20.88, "r_squared": 0.26, "std_error": 10.61, "ci_95_low": -44.23, "ci_95_high": 2.47, "valid_years": 13, "confidence": "low", "risk_class": "high", "anchor": [51.28244376956116, 43.56646801675977], "outliers_removed": 0}}, {"type": "Feature", "geometry": {"type": "LineString", "coordinates": [[51.285369261376594, 43.56250024811248], [51.12042605502346, 43.500528562022886]]}, "properties": {"transect_id": 276, "baseline_distance_m": 137500, "positions": {"2000": null, "2001": -1122.7, "2002": -1124.5, "2003": null, "2004": null, "2005": null, "2006": null, "2007": null, "2008": -1197.4, "2009": null, "2010": null, "2011": -1132.5, "2013": null, "2014": null, "2015": -1287.3, "2016": null, "2017": null, "2018": null, "2019": -1119.8, "2020": -235.5, "2021": -1122.6, "2022": -1118.7, "2023": -1128.8, "2024": -1130.5, "2025": -1138.6, "2026": -1141.3}, "total_retreat_m": 18.6, "speed_m_per_year": 0.39, "r_squared": 0.027, "std_error": 0.78, "ci_95_low": -1.38, "ci_95_high": 2.16, "valid_years": 13, "confidence": "low", "risk_class": "low", "anchor": [51.285369261376594, 43.56250024811248], "outliers_removed": 2}}, {"type": "Feature", "geometry": {"type": "LineString", "coordinates": [[51.28829437019258, 43.558532402919276], [51.123359002880335, 43.4965648835333]]}, "properties": {"transect_id": 277, "baseline_distance_m": 138000, "positions": {"2000": null, "2001": -382.3, "2002": -382.0, "2003": null, "2004": null, "2005": null, "2006": null, "2007": null, "2008": -383.6, "2009": null, "2010": null, "2011": -378.1, "2013": null, "2014": null, "2015": -1146.4, "2016": null, "2017": null, "2018": null, "2019": -1182.4, "2020": -58.2, "2021": -1187.2, "2022": -1182.4, "2023": -1184.7, "2024": -55.2, "2025": -1206.0, "2026": -1205.6}, "total_retreat_m": 823.3, "speed_m_per_year": -41.07, "r_squared": 0.83, "std_error": 6.19, "ci_95_low": -55.07, "ci_95_high": -27.06, "valid_years": 13, "confidence": "low", "risk_class": "high", "anchor": [51.28829437019258, 43.558532402919276], "outliers_removed": 2}}, {"type": "Feature", "geometry": {"type": "LineString", "coordinates": [[51.29121909611536, 43.55456448121114], [51.126291567494036, 43.4926011275262]]}, "properties": {"transect_id": 278, "baseline_distance_m": 138500, "positions": {"2000": null, "2001": -371.0, "2002": -359.9, "2003": null, "2004": null, "2005": null, "2006": null, "2007": null, "2008": -362.4, "2009": null, "2010": null, "2011": -368.1, "2013": null, "2014": null, "2015": -1203.9, "2016": null, "2017": null, "2018": null, "2019": -358.6, "2020": -605.4, "2021": -306.7, "2022": -256.7, "2023": -365.0, "2024": -305.5, "2025": -352.7, "2026": -356.3}, "total_retreat_m": -14.7, "speed_m_per_year": 1.19, "r_squared": 0.228, "std_error": 0.78, "ci_95_low": -0.6, "ci_95_high": 2.98, "valid_years": 13, "confidence": "low", "risk_class": "low", "anchor": [51.29121909611536, 43.55456448121114], "outliers_removed": 3}}, {"type": "Feature", "geometry": {"type": "LineString", "coordinates": [[51.29414343925115, 43.55059648301903], [51.129223748970446, 43.48863729403264]]}, "properties": {"transect_id": 279, "baseline_distance_m": 139000, "positions": {"2000": null, "2001": -322.4, "2002": -196.7, "2003": null, "2004": null, "2005": null, "2006": null, "2007": null, "2008": -201.6, "2009": null, "2010": null, "2011": -312.9, "2013": null, "2014": null, "2015": -1296.3, "2016": null, "2017": null, "2018": null, "2019": -324.9, "2020": -332.2, "2021": -322.7, "2022": -1322.5, "2023": -332.3, "2024": -326.7, "2025": -210.0, "2026": -320.3}, "total_retreat_m": -2.1, "speed_m_per_year": -3.39, "r_squared": 0.353, "std_error": 2.29, "ci_95_low": -9.75, "ci_95_high": 2.98, "valid_years": 13, "confidence": "low", "risk_class": "low", "anchor": [51.29414343925115, 43.55059648301903], "outliers_removed": 7}}, {"type": "Feature", "geometry": {"type": "LineString", "coordinates": [[51.297067399706116, 43.54662840837389], [51.13215554741541, 43.48467338308372]]}, "properties": {"transect_id": 280, "baseline_distance_m": 139500, "positions": {"2000": null, "2001": -763.5, "2002": -761.0, "2003": null, "2004": null, "2005": null, "2006": null, "2007": null, "2008": -762.8, "2009": null, "2010": null, "2011": -759.3, "2013": null, "2014": null, "2015": -1451.8, "2016": null, "2017": null, "2018": null, "2019": -669.1, "2020": -765.8, "2021": -688.1, "2022": -669.6, "2023": -1457.5, "2024": -1457.8, "2025": -1464.0, "2026": -1465.4}, "total_retreat_m": 701.9, "speed_m_per_year": -22.23, "r_squared": 0.265, "std_error": 11.17, "ci_95_low": -46.82, "ci_95_high": 2.35, "valid_years": 13, "confidence": "low", "risk_class": "high", "anchor": [51.297067399706116, 43.54662840837389], "outliers_removed": 0}}, {"type": "Feature", "geometry": {"type": "LineString", "coordinates": [[51.29999097758642, 43.54266025730667], [51.135086962934764, 43.48070939471049]]}, "properties": {"transect_id": 281, "baseline_distance_m": 140000, "positions": {"2000": null, "2001": -1529.5, "2002": -1534.4, "2003": null, "2004": null, "2005": null, "2006": null, "2007": null, "2008": -1532.3, "2009": null, "2010": -5440.2, "2011": -1550.1, "2013": null, "2014": null, "2015": -1550.8, "2016": null, "2017": null, "2018": null, "2019": -1537.3, "2020": -1546.6, "2021": -1550.4, "2022": -1546.6, "2023": -1552.4, "2024": -1549.0, "2025": -1555.2, "2026": -1562.8}, "total_retreat_m": 33.3, "speed_m_per_year": -0.92, "r_squared": 0.425, "std_error": 0.36, "ci_95_low": -1.72, "ci_95_high": -0.11, "valid_years": 14, "confidence": "low", "risk_class": "low", "anchor": [51.29999097758642, 43.54266025730667], "outliers_removed": 3}}, {"type": "Feature", "geometry": {"type": "LineString", "coordinates": [[51.30291417299819, 43.53869202984833], [51.13801799563431, 43.47674532894402]]}, "properties": {"transect_id": 282, "baseline_distance_m": 140500, "positions": {"2000": null, "2001": -1652.5, "2002": -1646.6, "2003": null, "2004": null, "2005": null, "2006": null, "2007": null, "2008": -1633.4, "2009": null, "2010": null, "2011": -1647.4, "2013": null, "2014": null, "2015": -1634.3, "2016": null, "2017": null, "2018": null, "2019": -1642.5, "2020": -1647.3, "2021": -1645.9, "2022": -1642.6, "2023": -1647.7, "2024": -1650.7, "2025": -1650.3, "2026": -1652.5}, "total_retreat_m": 0.0, "speed_m_per_year": -0.15, "r_squared": 0.042, "std_error": 0.21, "ci_95_low": -0.61, "ci_95_high": 0.32, "valid_years": 13, "confidence": "low", "risk_class": "low", "anchor": [51.30291417299819, 43.53869202984833], "outliers_removed": 0}}, {"type": "Feature", "geometry": {"type": "LineString", "coordinates": [[51.30583698604753, 43.534723726029775], [51.14094864561981, 43.47278118581533]]}, "properties": {"transect_id": 283, "baseline_distance_m": 141000, "positions": {"2000": null, "2001": -1818.3, "2002": -1809.6, "2003": null, "2004": null, "2005": null, "2006": null, "2007": null, "2008": -1824.4, "2009": null, "2010": null, "2011": -1841.5, "2013": null, "2014": null, "2015": -1805.5, "2016": null, "2017": null, "2018": null, "2019": -1821.0, "2020": -1225.8, "2021": -1825.5, "2022": -1826.4, "2023": -1835.9, "2024": -1829.5, "2025": -1840.6, "2026": -1840.8}, "total_retreat_m": 22.5, "speed_m_per_year": -0.76, "r_squared": 0.32, "std_error": 0.35, "ci_95_low": -1.53, "ci_95_high": 0.02, "valid_years": 13, "confidence": "low", "risk_class": "low", "anchor": [51.30583698604753, 43.534723726029775], "outliers_removed": 1}}, {"type": "Feature", "geometry": {"type": "LineString", "coordinates": [[51.308759416840516, 43.53075534588192], [51.143878912997025, 43.4688169653555]]}, "properties": {"transect_id": 284, "baseline_distance_m": 141500, "positions": {"2000": null, "2001": -2083.1, "2002": -2075.7, "2003": null, "2004": null, "2005": null, "2006": null, "2007": null, "2008": -2069.8, "2009": null, "2010": -2622.6, "2011": -2121.8, "2013": null, "2014": null, "2015": -2136.4, "2016": null, "2017": null, "2018": null, "2019": -2145.3, "2020": -946.3, "2021": -2154.7, "2022": -2146.6, "2023": -1314.5, "2024": -1317.8, "2025": -2302.6, "2026": -2301.5}, "total_retreat_m": 218.4, "speed_m_per_year": 15.04, "r_squared": 0.077, "std_error": 15.05, "ci_95_low": -17.76, "ci_95_high": 47.84, "valid_years": 14, "confidence": "low", "risk_class": "low", "anchor": [51.308759416840516, 43.53075534588192], "outliers_removed": 0}}, {"type": "Feature", "geometry": {"type": "LineString", "coordinates": [[51.31168146548318, 43.52678688943571], [51.14680879787167, 43.464852667595565]]}, "properties": {"transect_id": 285, "baseline_distance_m": 142000, "positions": {"2000": null, "2001": -2201.4, "2002": -2204.3, "2003": null, "2004": null, "2005": null, "2006": null, "2007": null, "2008": -2160.7, "2009": null, "2010": -2299.2, "2011": -2230.4, "2013": null, "2014": null, "2015": -2258.2, "2016": null, "2017": null, "2018": null, "2019": -2295.5, "2020": -1327.3, "2021": -2327.8, "2022": -2347.0, "2023": -2379.6, "2024": -2369.2, "2025": -2387.0, "2026": -2512.0}, "total_retreat_m": 310.6, "speed_m_per_year": -8.12, "r_squared": 0.812, "std_error": 1.23, "ci_95_low": -10.86, "ci_95_high": -5.37, "valid_years": 14, "confidence": "low", "risk_class": "medium", "anchor": [51.31168146548318, 43.52678688943571], "outliers_removed": 2}}, {"type": "Feature", "geometry": {"type": "LineString", "coordinates": [[51.31460313208157, 43.52281835672205], [51.149738300349426, 43.460888292566544]]}, "properties": {"transect_id": 286, "baseline_distance_m": 142500, "positions": {"2000": null, "2001": -2233.6, "2002": -2224.8, "2003": null, "2004": null, "2005": null, "2006": null, "2007": null, "2008": -2227.7, "2009": null, "2010": -2318.7, "2011": -2239.7, "2013": null, "2014": null, "2015": -2234.4, "2016": null, "2017": null, "2018": null, "2019": -2245.8, "2020": -1213.2, "2021": -2250.8, "2022": -2253.2, "2023": -2277.2, "2024": -2273.5, "2025": -2275.0, "2026": -2301.7}, "total_retreat_m": 68.1, "speed_m_per_year": -1.72, "r_squared": 0.265, "std_error": 0.87, "ci_95_low": -3.63, "ci_95_high": 0.18, "valid_years": 14, "confidence": "low", "risk_class": "low", "anchor": [51.31460313208157, 43.52281835672205], "outliers_removed": 1}}, {"type": "Feature", "geometry": {"type": "LineString", "coordinates": [[51.31752441674165, 43.51884974777184], [51.15266742053598, 43.45692384029947]]}, "properties": {"transect_id": 287, "baseline_distance_m": 143000, "positions": {"2000": null, "2001": -2285.5, "2002": -2694.2, "2003": null, "2004": null, "2005": null, "2006": null, "2007": null, "2008": -2280.4, "2009": null, "2010": -2272.8, "2011": -2284.5, "2013": null, "2014": null, "2015": -2276.0, "2016": null, "2017": null, "2018": null, "2019": -2283.3, "2020": -2288.0, "2021": -2299.6, "2022": -2287.9, "2023": -2294.0, "2024": -2282.9, "2025": -2284.7, "2026": -2298.1}, "total_retreat_m": 12.6, "speed_m_per_year": -0.52, "r_squared": 0.264, "std_error": 0.26, "ci_95_low": -1.1, "ci_95_high": 0.06, "valid_years": 14, "confidence": "low", "risk_class": "low", "anchor": [51.31752441674165, 43.51884974777184], "outliers_removed": 1}}, {"type": "Feature", "geometry": {"type": "LineString", "coordinates": [[51.3204453195694, 43.51488106261596], [51.15559615853696, 43.45295931082534]]}, "properties": {"transect_id": 288, "baseline_distance_m": 143500, "positions": {"2000": null, "2001": -2401.0, "2002": null, "2003": null, "2004": null, "2005": null, "2006": null, "2007": null, "2008": -2398.2, "2009": null, "2010": -2388.8, "2011": -2396.0, "2013": null, "2014": null, "2015": -2379.5, "2016": null, "2017": null, "2018": null, "2019": -2376.5, "2020": -1545.9, "2021": -2391.7, "2022": -2391.0, "2023": -2437.0, "2024": -2391.8, "2025": -2395.5, "2026": -2393.9}, "total_retreat_m": -7.1, "speed_m_per_year": 0.26, "r_squared": 0.082, "std_error": 0.29, "ci_95_low": -0.4, "ci_95_high": 0.92, "valid_years": 13, "confidence": "low", "risk_class": "low", "anchor": [51.3204453195694, 43.51488106261596], "outliers_removed": 2}}, {"type": "Feature", "geometry": {"type": "LineString", "coordinates": [[51.323365840670746, 43.510912301285316], [51.158524514457966, 43.448994704175185]]}, "properties": {"transect_id": 289, "baseline_distance_m": 144000, "positions": {"2000": null, "2001": -2582.3, "2002": -3247.8, "2003": null, "2004": null, "2005": null, "2006": null, "2007": null, "2008": -2534.1, "2009": null, "2010": -2569.3, "2011": -2579.9, "2013": null, "2014": null, "2015": -2564.6, "2016": null, "2017": null, "2018": null, "2019": -2579.5, "2020": -1793.3, "2021": -1792.4, "2022": -1762.8, "2023": -1800.1, "2024": -1803.8, "2025": -1805.7, "2026": -2581.6}, "total_retreat_m": -0.7, "speed_m_per_year": 41.74, "r_squared": 0.547, "std_error": 10.97, "ci_95_low": 17.84, "ci_95_high": 65.64, "valid_years": 14, "confidence": "low", "risk_class": "low", "anchor": [51.323365840670746, 43.510912301285316], "outliers_removed": 0}}, {"type": "Feature", "geometry": {"type": "LineString", "coordinates": [[51.32628598015161, 43.50694346381079], [51.16145248840461, 43.44503002038]]}, "properties": {"transect_id": 290, "baseline_distance_m": 144500, "positions": {"2000": null, "2001": -2775.7, "2002": -3365.7, "2003": null, "2004": null, "2005": null, "2006": null, "2007": null, "2008": -2759.9, "2009": null, "2010": -2746.2, "2011": -2776.0, "2013": null, "2014": null, "2015": -2845.7, "2016": null, "2017": null, "2018": null, "2019": -2810.0, "2020": -2815.3, "2021": -2809.7, "2022": -2821.3, "2023": -2823.5, "2024": -2824.1, "2025": -2833.2, "2026": -2836.4}, "total_retreat_m": 60.7, "speed_m_per_year": -3.2, "r_squared": 0.619, "std_error": 0.76, "ci_95_low": -4.87, "ci_95_high": -1.53, "valid_years": 14, "confidence": "low", "risk_class": "low", "anchor": [51.32628598015161, 43.50694346381079], "outliers_removed": 1}}, {"type": "Feature", "geometry": {"type": "LineString", "coordinates": [[51.32920573811788, 43.50297455022325], [51.16438008048243, 43.44106525947076]]}, "properties": {"transect_id": 291, "baseline_distance_m": 145000, "positions": {"2000": null, "2001": -3003.7, "2002": -3594.2, "2003": null, "2004": null, "2005": null, "2006": null, "2007": null, "2008": -2992.4, "2009": null, "2010": -3003.6, "2011": -3022.6, "2013": null, "2014": null, "2015": -3062.7, "2016": null, "2017": null, "2018": null, "2019": -3077.5, "2020": -3085.8, "2021": -3089.4, "2022": -2610.6, "2023": -2615.4, "2024": -2622.5, "2025": -2612.9, "2026": -3275.3}, "total_retreat_m": 271.6, "speed_m_per_year": 17.48, "r_squared": 0.273, "std_error": 8.24, "ci_95_low": -0.48, "ci_95_high": 35.45, "valid_years": 14, "confidence": "low", "risk_class": "low", "anchor": [51.32920573811788, 43.50297455022325], "outliers_removed": 0}}, {"type": "Feature", "geometry": {"type": "LineString", "coordinates": [[51.33212511467539, 43.499005560553556], [51.16730729079696, 43.437100421478476]]}, "properties": {"transect_id": 292, "baseline_distance_m": 145500, "positions": {"2000": null, "2001": -3077.0, "2002": -3839.2, "2003": null, "2004": null, "2005": null, "2006": null, "2007": null, "2008": -3072.2, "2009": null, "2010": -3100.8, "2011": -3085.4, "2013": null, "2014": null, "2015": -3114.8, "2016": null, "2017": null, "2018": null, "2019": -3127.0, "2020": -2215.3, "2021": -3133.7, "2022": -3131.2, "2023": -3149.3, "2024": -3138.0, "2025": -3143.5, "2026": -3264.4}, "total_retreat_m": 187.4, "speed_m_per_year": -4.82, "r_squared": 0.583, "std_error": 1.29, "ci_95_low": -7.69, "ci_95_high": -1.95, "valid_years": 14, "confidence": "low", "risk_class": "low", "anchor": [51.33212511467539, 43.499005560553556], "outliers_removed": 2}}, {"type": "Feature", "geometry": {"type": "LineString", "coordinates": [[51.335044109929996, 43.49503649483257], [51.17023411945372, 43.43313550643413]]}, "properties": {"transect_id": 293, "baseline_distance_m": 146000, "positions": {"2000": null, "2001": -2146.6, "2002": -3151.2, "2003": null, "2004": null, "2005": null, "2006": null, "2007": null, "2008": -3123.1, "2009": null, "2010": -3099.2, "2011": -3154.1, "2013": null, "2014": null, "2015": -3173.7, "2016": null, "2017": null, "2018": null, "2019": -2124.6, "2020": -1718.5, "2021": -2128.5, "2022": -2129.3, "2023": -2141.2, "2024": -2143.7, "2025": -2147.0, "2026": -2153.6}, "total_retreat_m": 7.0, "speed_m_per_year": 61.77, "r_squared": 0.722, "std_error": 11.57, "ci_95_low": 36.31, "ci_95_high": 87.22, "valid_years": 14, "confidence": "low", "risk_class": "low", "anchor": [51.335044109929996, 43.49503649483257], "outliers_removed": 1}}, {"type": "Feature", "geometry": {"type": "LineString", "coordinates": [[51.33796272398749, 43.49106735309117], [51.17316056655817, 43.42917051436868]]}, "properties": {"transect_id": 294, "baseline_distance_m": 146500, "positions": {"2000": null, "2001": -1994.4, "2002": null, "2003": null, "2004": null, "2005": null, "2006": null, "2007": null, "2008": -1821.1, "2009": null, "2010": -3204.5, "2011": -3226.7, "2013": null, "2014": null, "2015": -1646.2, "2016": null, "2017": null, "2018": null, "2019": -2004.3, "2020": -1917.6, "2021": -2164.7, "2022": -1653.1, "2023": -2171.7, "2024": -2185.0, "2025": -2196.2, "2026": -2217.8}, "total_retreat_m": 223.4, "speed_m_per_year": 13.52, "r_squared": 0.044, "std_error": 19.1, "ci_95_low": -28.51, "ci_95_high": 55.55, "valid_years": 13, "confidence": "low", "risk_class": "low", "anchor": [51.33796272398749, 43.49106735309117], "outliers_removed": 0}}, {"type": "Feature", "geometry": {"type": "LineString", "coordinates": [[51.34088095695365, 43.487098135360164], [51.176086632215764, 43.4252054453131]]}, "properties": {"transect_id": 295, "baseline_distance_m": 147000, "positions": {"2000": null, "2001": -1791.0, "2002": -3275.1, "2003": null, "2004": null, "2005": null, "2006": null, "2007": null, "2008": -1791.2, "2009": null, "2010": -3272.6, "2011": -3242.0, "2013": null, "2014": null, "2015": -119.9, "2016": null, "2017": null, "2018": null, "2019": -185.6, "2020": -1812.3, "2021": -189.2, "2022": -186.5, "2023": -191.8, "2024": -191.6, "2025": -190.2, "2026": -191.3}, "total_retreat_m": -1599.7, "speed_m_per_year": 118.96, "r_squared": 0.592, "std_error": 28.53, "ci_95_low": 56.8, "ci_95_high": 181.12, "valid_years": 14, "confidence": "low", "risk_class": "low", "anchor": [51.34088095695365, 43.487098135360164], "outliers_removed": 0}}, {"type": "Feature", "geometry": {"type": "LineString", "coordinates": [[51.34379880893421, 43.4831288416704], [51.17901231653193, 43.42124029929832]]}, "properties": {"transect_id": 296, "baseline_distance_m": 147500, "positions": {"2000": null, "2001": -3365.4, "2002": -9426.6, "2003": null, "2004": null, "2005": null, "2006": null, "2007": null, "2008": -3295.7, "2009": null, "2010": -11.9, "2011": -84.2, "2013": null, "2014": null, "2015": -413.7, "2016": null, "2017": null, "2018": null, "2019": -467.4, "2020": -1404.0, "2021": -478.8, "2022": -469.6, "2023": -564.9, "2024": -464.2, "2025": -629.6, "2026": -571.1}, "total_retreat_m": -2794.3, "speed_m_per_year": 88.12, "r_squared": 0.373, "std_error": 34.48, "ci_95_low": 12.22, "ci_95_high": 164.02, "valid_years": 14, "confidence": "low", "risk_class": "low", "anchor": [51.34379880893421, 43.4831288416704], "outliers_removed": 1}}, {"type": "Feature", "geometry": {"type": "LineString", "coordinates": [[51.346716280034904, 43.47915947205274], [51.18193761961207, 43.41727507635535]]}, "properties": {"transect_id": 297, "baseline_distance_m": 148000, "positions": {"2000": null, "2001": -225.7, "2002": -198.3, "2003": null, "2004": null, "2005": null, "2006": null, "2007": null, "2008": -228.4, "2009": null, "2010": -201.9, "2011": -458.7, "2013": null, "2014": null, "2015": -808.1, "2016": null, "2017": null, "2018": null, "2019": -827.8, "2020": -140.9, "2021": -846.4, "2022": -821.7, "2023": -861.8, "2024": -800.7, "2025": -867.2, "2026": -870.2}, "total_retreat_m": 644.5, "speed_m_per_year": -31.97, "r_squared": 0.901, "std_error": 3.36, "ci_95_low": -39.46, "ci_95_high": -24.49, "valid_years": 14, "confidence": "low", "risk_class": "high", "anchor": [51.346716280034904, 43.47915947205274], "outliers_removed": 2}}, {"type": "Feature", "geometry": {"type": "LineString", "coordinates": [[51.349633370361424, 43.47519002653798], [51.18486254156156, 43.41330977651508]]}, "properties": {"transect_id": 298, "baseline_distance_m": 148500, "positions": {"2000": null, "2001": -586.4, "2002": -524.3, "2003": null, "2004": null, "2005": null, "2006": null, "2007": null, "2008": -581.9, "2009": null, "2010": -584.4, "2011": -826.5, "2013": null, "2014": null, "2015": -1120.0, "2016": null, "2017": null, "2018": null, "2019": -1305.1, "2020": -397.3, "2021": -3455.8, "2022": -1366.7, "2023": -3460.9, "2024": -3459.0, "2025": -3465.0, "2026": -3466.3}, "total_retreat_m": 2879.9, "speed_m_per_year": -122.96, "r_squared": 0.592, "std_error": 29.45, "ci_95_low": -187.13, "ci_95_high": -58.8, "valid_years": 14, "confidence": "low", "risk_class": "high", "anchor": [51.349633370361424, 43.47519002653798], "outliers_removed": 0}}, {"type": "Feature", "geometry": {"type": "LineString", "coordinates": [[51.35255008001944, 43.47122050515695], [51.18778708248572, 43.40934439980849]]}, "properties": {"transect_id": 299, "baseline_distance_m": 149000, "positions": {"2000": null, "2001": -742.2, "2002": -741.2, "2003": null, "2004": null, "2005": null, "2006": null, "2007": null, "2008": -739.2, "2009": null, "2010": -753.4, "2011": -1169.2, "2013": null, "2014": null, "2015": -1605.1, "2016": null, "2017": null, "2018": null, "2019": -3555.5, "2020": -611.1, "2021": -3572.1, "2022": -3577.6, "2023": -3584.6, "2024": -3583.3, "2025": -3591.4, "2026": -3595.3}, "total_retreat_m": 2853.1, "speed_m_per_year": -148.2, "r_squared": 0.876, "std_error": 16.85, "ci_95_low": -185.28, "ci_95_high": -111.12, "valid_years": 14, "confidence": "low", "risk_class": "high", "anchor": [51.35255008001944, 43.47122050515695], "outliers_removed": 1}}, {"type": "Feature", "geometry": {"type": "LineString", "coordinates": [[51.35546640911459, 43.46725090794044], [51.19071124248989, 43.405378946266474]]}, "properties": {"transect_id": 300, "baseline_distance_m": 149500, "positions": {"2000": null, "2001": -1006.4, "2002": -972.0, "2003": null, "2004": null, "2005": null, "2006": null, "2007": null, "2008": -1007.1, "2009": null, "2010": -1010.8, "2011": -1369.7, "2013": null, "2014": null, "2015": -1600.2, "2016": null, "2017": null, "2018": null, "2019": -1604.4, "2020": -863.9, "2021": -3730.7, "2022": -3733.0, "2023": -3746.3, "2024": -3748.7, "2025": -3752.9, "2026": -3757.0}, "total_retreat_m": 2750.6, "speed_m_per_year": -128.21, "r_squared": 0.657, "std_error": 26.76, "ci_95_low": -186.53, "ci_95_high": -69.9, "valid_years": 14, "confidence": "low", "risk_class": "high", "anchor": [51.35546640911459, 43.46725090794044], "outliers_removed": 0}}, {"type": "Feature", "geometry": {"type": "LineString", "coordinates": [[51.35838235775248, 43.463281234919265], [51.19363502167934, 43.40141341591999]]}, "properties": {"transect_id": 301, "baseline_distance_m": 150000, "positions": {"2000": null, "2001": -1483.9, "2002": -1494.2, "2003": null, "2004": null, "2005": null, "2006": null, "2007": null, "2008": -1490.5, "2009": null, "2010": -1487.5, "2011": -1491.3, "2013": null, "2014": null, "2015": -2450.6, "2016": null, "2017": null, "2018": null, "2019": -2446.5, "2020": -2450.4, "2021": -2449.5, "2022": -2453.3, "2023": -2478.5, "2024": -2471.1, "2025": -2467.0, "2026": -4001.9}, "total_retreat_m": 2518.0, "speed_m_per_year": -53.56, "r_squared": 0.817, "std_error": 7.63, "ci_95_low": -70.36, "ci_95_high": -36.77, "valid_years": 14, "confidence": "low", "risk_class": "high", "anchor": [51.35838235775248, 43.463281234919265], "outliers_removed": 1}}, {"type": "Feature", "geometry": {"type": "LineString", "coordinates": [[51.3612979260387, 43.459311486124236], [51.19655842015935, 43.39744780879992]]}, "properties": {"transect_id": 302, "baseline_distance_m": 150500, "positions": {"2000": null, "2001": -4223.4, "2002": -9080.9, "2003": null, "2004": null, "2005": null, "2006": null, "2007": null, "2008": -2982.1, "2009": null, "2010": -2887.4, "2011": -4224.7, "2013": null, "2014": null, "2015": -2963.5, "2016": null, "2017": null, "2018": null, "2019": -4250.5, "2020": -2839.9, "2021": -4269.5, "2022": -4273.0, "2023": -4304.1, "2024": -4306.8, "2025": -4321.9, "2026": -4322.5}, "total_retreat_m": 99.1, "speed_m_per_year": -33.26, "r_squared": 0.153, "std_error": 23.64, "ci_95_low": -85.29, "ci_95_high": 18.76, "valid_years": 14, "confidence": "low", "risk_class": "high", "anchor": [51.3612979260387, 43.459311486124236], "outliers_removed": 1}}, {"type": "Feature", "geometry": {"type": "LineString", "coordinates": [[51.36421311407882, 43.45534166158611], [51.19948143803516, 43.393482124937194]]}, "properties": {"transect_id": 303, "baseline_distance_m": 151000, "positions": {"2000": null, "2001": -2688.9, "2002": -2423.0, "2003": null, "2004": null, "2005": null, "2006": null, "2007": null, "2008": -2693.0, "2009": null, "2010": -2362.8, "2011": -2525.6, "2013": null, "2014": null, "2015": -2604.5, "2016": null, "2017": null, "2018": null, "2019": -2720.3, "2020": -2779.7, "2021": -3091.5, "2022": -3087.7, "2023": -3191.7, "2024": -3151.2, "2025": -3126.8, "2026": -3156.3}, "total_retreat_m": 467.4, "speed_m_per_year": -28.96, "r_squared": 0.679, "std_error": 5.75, "ci_95_low": -41.48, "ci_95_high": -16.43, "valid_years": 14, "confidence": "low", "risk_class": "high", "anchor": [51.36421311407882, 43.45534166158611], "outliers_removed": 0}}, {"type": "Feature", "geometry": {"type": "LineString", "coordinates": [[51.36712792197836, 43.45137176133569], [51.20240407541196, 43.389516364362706]]}, "properties": {"transect_id": 304, "baseline_distance_m": 151500, "positions": {"2000": null, "2001": -2613.7, "2002": -2428.1, "2003": null, "2004": null, "2005": null, "2006": null, "2007": null, "2008": -2580.5, "2009": null, "2010": -2415.0, "2011": -2582.8, "2013": null, "2014": null, "2015": -2689.5, "2016": null, "2017": null, "2018": null, "2019": -2785.5, "2020": -2858.7, "2021": -3172.5, "2022": -3143.3, "2023": -4718.0, "2024": -3427.7, "2025": -3260.7, "2026": -3407.3}, "total_retreat_m": 793.6, "speed_m_per_year": -37.54, "r_squared": 0.776, "std_error": 6.08, "ci_95_low": -50.93, "ci_95_high": -24.15, "valid_years": 14, "confidence": "low", "risk_class": "high", "anchor": [51.36712792197836, 43.45137176133569], "outliers_removed": 1}}, {"type": "Feature", "geometry": {"type": "LineString", "coordinates": [[51.37004234984281, 43.447401785403756], [51.20532633239495, 43.385550527107355]]}, "properties": {"transect_id": 305, "baseline_distance_m": 152000, "positions": {"2000": null, "2001": -2859.7, "2002": -2769.2, "2003": null, "2004": null, "2005": null, "2006": null, "2007": null, "2008": -2770.3, "2009": null, "2010": -2680.9, "2011": -2840.2, "2013": null, "2014": null, "2015": -2893.7, "2016": null, "2017": null, "2018": null, "2019": -3000.3, "2020": -2999.4, "2021": -3367.5, "2022": -3003.5, "2023": -4940.0, "2024": -3241.5, "2025": -3086.1, "2026": -3241.5}, "total_retreat_m": 381.8, "speed_m_per_year": -19.27, "r_squared": 0.628, "std_error": 4.48, "ci_95_low": -29.12, "ci_95_high": -9.42, "valid_years": 14, "confidence": "low", "risk_class": "medium", "anchor": [51.37004234984281, 43.447401785403756], "outliers_removed": 1}}, {"type": "Feature", "geometry": {"type": "LineString", "coordinates": [[51.37295639777768, 43.443431733821065], [51.20824820908927, 43.38158461320202]]}, "properties": {"transect_id": 306, "baseline_distance_m": 152500, "positions": {"2000": null, "2001": -2952.0, "2002": -2771.1, "2003": null, "2004": null, "2005": null, "2006": null, "2007": null, "2008": -2861.5, "2009": null, "2010": -2754.3, "2011": -2939.4, "2013": null, "2014": null, "2015": -3009.9, "2016": null, "2017": null, "2018": null, "2019": -3205.4, "2020": -3103.5, "2021": -3687.5, "2022": -3216.1, "2023": -3873.5, "2024": -3415.3, "2025": -3249.0, "2026": -3392.3}, "total_retreat_m": 440.3, "speed_m_per_year": -25.7, "r_squared": 0.635, "std_error": 5.88, "ci_95_low": -38.63, "ci_95_high": -12.76, "valid_years": 14, "confidence": "low", "risk_class": "high", "anchor": [51.37295639777768, 43.443431733821065], "outliers_removed": 1}}, {"type": "Feature", "geometry": {"type": "LineString", "coordinates": [[51.37587006588841, 43.43946160661836], [51.21116970560007, 43.37761862267759]]}, "properties": {"transect_id": 307, "baseline_distance_m": 153000, "positions": {"2000": null, "2001": -3262.9, "2002": -2993.7, "2003": null, "2004": null, "2005": null, "2006": null, "2007": null, "2008": -3009.8, "2009": null, "2010": -2999.7, "2011": -3123.9, "2013": null, "2014": null, "2015": -3281.3, "2016": null, "2017": null, "2018": null, "2019": -3147.9, "2020": -3330.7, "2021": -3502.9, "2022": -3497.6, "2023": -3586.6, "2024": -3534.9, "2025": -3561.8, "2026": -3513.8}, "total_retreat_m": 250.9, "speed_m_per_year": -21.68, "r_squared": 0.664, "std_error": 4.45, "ci_95_low": -31.37, "ci_95_high": -11.99, "valid_years": 14, "confidence": "low", "risk_class": "high", "anchor": [51.37587006588841, 43.43946160661836], "outliers_removed": 0}}, {"type": "Feature", "geometry": {"type": "LineString", "coordinates": [[51.3787833542804, 43.43549140382642], [51.21409082203244, 43.37365255556494]]}, "properties": {"transect_id": 308, "baseline_distance_m": 153500, "positions": {"2000": null, "2001": -3434.0, "2002": -3361.8, "2003": null, "2004": null, "2005": null, "2006": null, "2007": null, "2008": -3376.1, "2009": null, "2010": -3372.8, "2011": -3420.8, "2013": null, "2014": null, "2015": -3470.4, "2016": null, "2017": null, "2018": null, "2019": -3366.9, "2020": -3499.6, "2021": -5075.9, "2022": -3550.9, "2023": -5654.1, "2024": -3673.8, "2025": -3658.8, "2026": -3648.7}, "total_retreat_m": 214.7, "speed_m_per_year": -10.86, "r_squared": 0.633, "std_error": 2.61, "ci_95_low": -16.69, "ci_95_high": -5.04, "valid_years": 14, "confidence": "low", "risk_class": "medium", "anchor": [51.3787833542804, 43.43549140382642], "outliers_removed": 2}}, {"type": "Feature", "geometry": {"type": "LineString", "coordinates": [[51.38169626305907, 43.431521125475975], [51.21701155849146, 43.36968641189491]]}, "properties": {"transect_id": 309, "baseline_distance_m": 154000, "positions": {"2000": null, "2001": -3692.8, "2002": -3618.0, "2003": null, "2004": null, "2005": null, "2006": null, "2007": null, "2008": -3622.4, "2009": null, "2010": -3624.6, "2011": -3685.7, "2013": null, "2014": null, "2015": -3707.8, "2016": null, "2017": null, "2018": null, "2019": -3623.7, "2020": -3737.2, "2021": -3957.9, "2022": -3743.7, "2023": -5989.7, "2024": -3769.4, "2025": -3789.1, "2026": -3777.2}, "total_retreat_m": 84.4, "speed_m_per_year": -6.92, "r_squared": 0.388, "std_error": 2.62, "ci_95_low": -12.69, "ci_95_high": -1.15, "valid_years": 14, "confidence": "low", "risk_class": "low", "anchor": [51.38169626305907, 43.431521125475975], "outliers_removed": 1}}, {"type": "Feature", "geometry": {"type": "LineString", "coordinates": [[51.38460879232979, 43.427550771597794], [51.21993191508218, 43.365720191698394]]}, "properties": {"transect_id": 310, "baseline_distance_m": 154500, "positions": {"2000": null, "2001": -3824.5, "2002": -3691.8, "2003": null, "2004": null, "2005": null, "2006": null, "2007": null, "2008": -3765.3, "2009": null, "2010": -3766.7, "2011": -3783.6, "2013": null, "2014": null, "2015": -3865.4, "2016": null, "2017": null, "2018": null, "2019": -3833.2, "2020": -3961.4, "2021": -4050.7, "2022": -4000.3, "2023": -4334.0, "2024": -4026.5, "2025": -4019.8, "2026": -4023.6}, "total_retreat_m": 199.1, "speed_m_per_year": -16.13, "r_squared": 0.944, "std_error": 1.31, "ci_95_low": -19.09, "ci_95_high": -13.18, "valid_years": 14, "confidence": "low", "risk_class": "medium", "anchor": [51.38460879232979, 43.427550771597794], "outliers_removed": 3}}, {"type": "Feature", "geometry": {"type": "LineString", "coordinates": [[51.387520942197895, 43.423580342222564], [51.22285189190962, 43.36175389500623]]}, "properties": {"transect_id": 311, "baseline_distance_m": 155000, "positions": {"2000": null, "2001": -4150.3, "2002": -3978.1, "2003": null, "2004": null, "2005": null, "2006": null, "2007": null, "2008": -4077.4, "2009": null, "2010": -4055.7, "2011": -4130.3, "2013": null, "2014": null, "2015": -4188.1, "2016": null, "2017": null, "2018": null, "2019": -3988.6, "2020": -4279.4, "2021": -4318.7, "2022": -4422.1, "2023": -6606.7, "2024": -4521.3, "2025": -4533.5, "2026": -4520.4}, "total_retreat_m": 370.1, "speed_m_per_year": -20.27, "r_squared": 0.828, "std_error": 2.92, "ci_95_low": -26.79, "ci_95_high": -13.75, "valid_years": 14, "confidence": "low", "risk_class": "high", "anchor": [51.387520942197895, 43.423580342222564], "outliers_removed": 2}}, {"type": "Feature", "geometry": {"type": "LineString", "coordinates": [[51.39043271276871, 43.41960983738103], [51.22577148907877, 43.35778752184926]]}, "properties": {"transect_id": 312, "baseline_distance_m": 155500, "positions": {"2000": null, "2001": -4497.7, "2002": -4392.9, "2003": null, "2004": null, "2005": null, "2006": null, "2007": null, "2008": -4422.6, "2009": null, "2010": -4460.4, "2011": -4485.4, "2013": null, "2014": null, "2015": -4523.6, "2016": null, "2017": null, "2018": null, "2019": -4426.2, "2020": -4592.5, "2021": -5059.9, "2022": -5011.9, "2023": -6878.6, "2024": -4848.3, "2025": -4750.7, "2026": -4722.0}, "total_retreat_m": 224.3, "speed_m_per_year": -18.53, "r_squared": 0.484, "std_error": 5.77, "ci_95_low": -31.23, "ci_95_high": -5.83, "valid_years": 14, "confidence": "low", "risk_class": "medium", "anchor": [51.39043271276871, 43.41960983738103], "outliers_removed": 1}}, {"type": "Feature", "geometry": {"type": "LineString", "coordinates": [[51.3933441041475, 43.415639257103926], [51.228690706694614, 43.353821072258334]]}, "properties": {"transect_id": 313, "baseline_distance_m": 156000, "positions": {"2000": null, "2001": -4832.8, "2002": -4652.3, "2003": null, "2004": null, "2005": null, "2006": null, "2007": null, "2008": -4722.1, "2009": null, "2010": -4772.6, "2011": -4823.2, "2013": null, "2014": null, "2015": -4854.3, "2016": null, "2017": null, "2018": null, "2019": -4686.0, "2020": -4930.9, "2021": -4975.0, "2022": -4965.9, "2023": -7082.8, "2024": -5005.9, "2025": -4990.4, "2026": -4986.3}, "total_retreat_m": 153.5, "speed_m_per_year": -11.96, "r_squared": 0.811, "std_error": 1.83, "ci_95_low": -16.03, "ci_95_high": -7.89, "valid_years": 14, "confidence": "low", "risk_class": "medium", "anchor": [51.3933441041475, 43.415639257103926], "outliers_removed": 2}}, {"type": "Feature", "geometry": {"type": "LineString", "coordinates": [[51.39625511643955, 43.41166860142193], [51.23160954486208, 43.34985454626426]]}, "properties": {"transect_id": 314, "baseline_distance_m": 156500, "positions": {"2000": null, "2001": -5167.9, "2002": -5077.5, "2003": null, "2004": null, "2005": null, "2006": null, "2007": null, "2008": -5105.4, "2009": null, "2010": -5106.8, "2011": -5118.3, "2013": null, "2014": null, "2015": -5181.9, "2016": null, "2017": null, "2018": null, "2019": -5111.6, "2020": -5245.0, "2021": -5321.9, "2022": -5372.2, "2023": -5456.0, "2024": -5382.3, "2025": -5445.8, "2026": -5357.4}, "total_retreat_m": 189.5, "speed_m_per_year": -13.38, "r_squared": 0.666, "std_error": 2.73, "ci_95_low": -19.33, "ci_95_high": -7.43, "valid_years": 14, "confidence": "low", "risk_class": "medium", "anchor": [51.39625511643955, 43.41166860142193], "outliers_removed": 0}}, {"type": "Feature", "geometry": {"type": "LineString", "coordinates": [[51.39916574975009, 43.40769787036579], [51.234528003686094, 43.345887943897885]]}, "properties": {"transect_id": 315, "baseline_distance_m": 157000, "positions": {"2000": null, "2001": -5652.0, "2002": -5520.0, "2003": null, "2004": null, "2005": null, "2006": null, "2007": null, "2008": -5558.1, "2009": null, "2010": -5617.7, "2011": -5631.7, "2013": null, "2014": null, "2015": -5702.6, "2016": null, "2017": null, "2018": null, "2019": -5684.1, "2020": -7590.2, "2021": -6391.6, "2022": -7600.5, "2023": -7631.5, "2024": -6383.3, "2025": -6313.5, "2026": -6376.2}, "total_retreat_m": 724.2, "speed_m_per_year": -61.71, "r_squared": 0.422, "std_error": 20.84, "ci_95_low": -107.12, "ci_95_high": -16.31, "valid_years": 14, "confidence": "low", "risk_class": "high", "anchor": [51.39916574975009, 43.40769787036579], "outliers_removed": 0}}, {"type": "Feature", "geometry": {"type": "LineString", "coordinates": [[51.40207600418432, 43.40372706396615], [51.23744608327154, 43.34192126519002]]}, "properties": {"transect_id": 316, "baseline_distance_m": 157500, "positions": {"2000": null, "2001": -6170.9, "2002": -6049.5, "2003": null, "2004": null, "2005": null, "2006": null, "2007": null, "2008": -6077.0, "2009": null, "2010": -6162.2, "2011": -6159.3, "2013": null, "2014": null, "2015": -6244.8, "2016": null, "2017": null, "2018": null, "2019": -6148.6, "2020": -7892.5, "2021": -6905.0, "2022": -7915.2, "2023": -7930.5, "2024": -7931.8, "2025": -6439.4, "2026": -6417.5}, "total_retreat_m": 246.6, "speed_m_per_year": -57.22, "r_squared": 0.367, "std_error": 21.71, "ci_95_low": -104.53, "ci_95_high": -9.91, "valid_years": 14, "confidence": "low", "risk_class": "high", "anchor": [51.40207600418432, 43.40372706396615], "outliers_removed": 0}}, {"type": "Feature", "geometry": {"type": "LineString", "coordinates": [[51.40498587984743, 43.39975618225374], [51.24036378372328, 43.33795451017145]]}, "properties": {"transect_id": 317, "baseline_distance_m": 158000, "positions": {"2000": null, "2001": -6423.8, "2002": -6392.7, "2003": null, "2004": null, "2005": null, "2006": null, "2007": null, "2008": -6394.5, "2009": null, "2010": -6412.0, "2011": -6466.2, "2013": null, "2014": null, "2015": -6511.8, "2016": null, "2017": null, "2018": null, "2019": -6391.3, "2020": -7121.9, "2021": -7126.2, "2022": -8221.8, "2023": -8248.7, "2024": -6656.5, "2025": -8269.0, "2026": -8275.3}, "total_retreat_m": 1851.5, "speed_m_per_year": -70.46, "r_squared": 0.529, "std_error": 19.17, "ci_95_low": -112.23, "ci_95_high": -28.68, "valid_years": 14, "confidence": "low", "risk_class": "high", "anchor": [51.40498587984743, 43.39975618225374], "outliers_removed": 0}}, {"type": "Feature", "geometry": {"type": "LineString", "coordinates": [[51.40789537684457, 43.39578522525922], [51.24328110514616, 43.33398767887301]]}, "properties": {"transect_id": 318, "baseline_distance_m": 158500, "positions": {"2000": null, "2001": -6929.6, "2002": -6865.1, "2003": null, "2004": null, "2005": null, "2006": null, "2007": null, "2008": -6868.0, "2009": null, "2010": -6917.6, "2011": -6932.7, "2013": null, "2014": null, "2015": -8588.5, "2016": null, "2017": null, "2018": null, "2019": -6996.2, "2020": -8507.0, "2021": -7175.8, "2022": -8526.7, "2023": -8557.1, "2024": -8567.2, "2025": -7171.7, "2026": -7238.4}, "total_retreat_m": 308.8, "speed_m_per_year": -48.56, "r_squared": 0.281, "std_error": 22.44, "ci_95_low": -97.46, "ci_95_high": 0.33, "valid_years": 14, "confidence": "low", "risk_class": "high", "anchor": [51.40789537684457, 43.39578522525922], "outliers_removed": 0}}, {"type": "Feature", "geometry": {"type": "LineString", "coordinates": [[51.41080449528087, 43.39181419301326], [51.246198047644974, 43.33002077132548]]}, "properties": {"transect_id": 319, "baseline_distance_m": 159000, "positions": {"2000": null, "2001": -7412.8, "2002": -7378.2, "2003": null, "2004": null, "2005": null, "2006": null, "2007": null, "2008": -7387.9, "2009": null, "2010": -7396.0, "2011": -7451.9, "2013": null, "2014": null, "2015": -8773.8, "2016": null, "2017": null, "2018": null, "2019": -7595.5, "2020": -7536.5, "2021": -7614.2, "2022": -7624.6, "2023": -8850.7, "2024": -7614.2, "2025": -7604.9, "2026": -7647.7}, "total_retreat_m": 234.9, "speed_m_per_year": -11.33, "r_squared": 0.884, "std_error": 1.3, "ci_95_low": -14.22, "ci_95_high": -8.44, "valid_years": 14, "confidence": "low", "risk_class": "medium", "anchor": [51.41080449528087, 43.39181419301326], "outliers_removed": 2}}, {"type": "Feature", "geometry": {"type": "LineString", "coordinates": [[51.413713235261426, 43.38784308554657], [51.24911461132451, 43.32605378755965]]}, "properties": {"transect_id": 320, "baseline_distance_m": 159500, "positions": {"2000": null, "2001": -7829.2, "2002": -7787.5, "2003": null, "2004": null, "2005": null, "2006": null, "2007": null, "2008": -7783.1, "2009": null, "2010": -7783.1, "2011": -7826.4, "2013": null, "2014": null, "2015": -7868.8, "2016": -9085.3, "2017": null, "2018": -9094.3, "2019": -7833.7, "2020": -7893.4, "2021": -7878.7, "2022": -7872.3, "2023": -7869.0, "2024": -7836.7, "2025": -7832.2, "2026": -7874.0}, "total_retreat_m": 44.8, "speed_m_per_year": -4.83, "r_squared": 0.008, "std_error": 14.48, "ci_95_low": -35.88, "ci_95_high": 26.22, "valid_years": 16, "confidence": "low", "risk_class": "low", "anchor": [51.413713235261426, 43.38784308554657], "outliers_removed": 15}}, {"type": "Feature", "geometry": {"type": "LineString", "coordinates": [[51.41662159689131, 43.38387190288976], [51.25203079628952, 43.32208672760629]]}, "properties": {"transect_id": 321, "baseline_distance_m": 160000, "positions": {"2000": null, "2001": -8240.3, "2002": -8182.0, "2003": null, "2004": null, "2005": null, "2006": null, "2007": null, "2008": -8175.2, "2009": null, "2010": -8182.5, "2011": -9610.7, "2013": null, "2014": null, "2015": -9377.2, "2016": -8256.2, "2017": null, "2018": -8545.0, "2019": -9413.3, "2020": -9403.8, "2021": -9426.3, "2022": -9426.4, "2023": -9454.4, "2024": -9466.2, "2025": -9476.1, "2026": -9478.3}, "total_retreat_m": 1238.0, "speed_m_per_year": -62.76, "r_squared": 0.784, "std_error": 9.51, "ci_95_low": -83.49, "ci_95_high": -42.03, "valid_years": 16, "confidence": "medium", "risk_class": "high", "anchor": [51.41662159689131, 43.38387190288976], "outliers_removed": 2}}, {"type": "Feature", "geometry": {"type": "LineString", "coordinates": [[51.41952958027557, 43.379900645073505], [51.25494660264474, 43.31811959149619]]}, "properties": {"transect_id": 322, "baseline_distance_m": 160500, "positions": {"2000": null, "2001": -8391.1, "2002": -8325.1, "2003": null, "2004": null, "2005": null, "2006": null, "2007": null, "2008": -8362.3, "2009": null, "2010": -8399.2, "2011": -8483.2, "2013": null, "2014": null, "2015": -9721.8, "2016": -8416.1, "2017": null, "2018": -9743.7, "2019": -9765.7, "2020": -9766.8, "2021": -9775.4, "2022": -9789.6, "2023": -9814.4, "2024": -9826.8, "2025": -9830.4, "2026": -9833.4}, "total_retreat_m": 1442.3, "speed_m_per_year": -76.83, "r_squared": 0.754, "std_error": 11.74, "ci_95_low": -102.01, "ci_95_high": -51.66, "valid_years": 16, "confidence": "medium", "risk_class": "high", "anchor": [51.41952958027557, 43.379900645073505], "outliers_removed": 0}}, {"type": "Feature", "geometry": {"type": "LineString", "coordinates": [[51.42243718551923, 43.37592931212843], [51.25786203049488, 43.31415237926011]]}, "properties": {"transect_id": 323, "baseline_distance_m": 161000, "positions": {"2000": null, "2001": -8520.7, "2002": -8511.9, "2003": null, "2004": null, "2005": null, "2006": null, "2007": null, "2008": -641.3, "2009": null, "2010": -8589.7, "2011": -10136.1, "2013": null, "2014": null, "2015": -10081.7, "2016": -8776.0, "2017": null, "2018": -8773.2, "2019": -10122.3, "2020": -10125.7, "2021": -10127.9, "2022": -10132.3, "2023": -10157.9, "2024": -10158.4, "2025": -10172.4, "2026": -10178.3}, "total_retreat_m": 1657.6, "speed_m_per_year": -71.27, "r_squared": 0.57, "std_error": 17.17, "ci_95_low": -108.37, "ci_95_high": -34.18, "valid_years": 16, "confidence": "medium", "risk_class": "high", "anchor": [51.42243718551923, 43.37592931212843], "outliers_removed": 1}}, {"type": "Feature", "geometry": {"type": "LineString", "coordinates": [[51.42534441272727, 43.37195790408522], [51.260777079944596, 43.31018509092882]]}, "properties": {"transect_id": 324, "baseline_distance_m": 161500, "positions": {"2000": null, "2001": -10460.4, "2002": -8829.8, "2003": null, "2004": null, "2005": null, "2006": null, "2007": null, "2008": -743.3, "2009": null, "2010": -10403.5, "2011": -10463.3, "2013": null, "2014": null, "2015": -10481.4, "2016": -8910.9, "2017": null, "2018": -10471.8, "2019": -10492.3, "2020": -10498.9, "2021": -10513.5, "2022": -10513.8, "2023": -10550.4, "2024": -10570.9, "2025": -10572.3, "2026": -10572.6}, "total_retreat_m": 112.2, "speed_m_per_year": -56.03, "r_squared": 0.397, "std_error": 19.93, "ci_95_low": -99.47, "ci_95_high": -12.6, "valid_years": 16, "confidence": "low", "risk_class": "high", "anchor": [51.42534441272727, 43.37195790408522], "outliers_removed": 2}}, {"type": "Feature", "geometry": {"type": "LineString", "coordinates": [[51.42825126200467, 43.36798642097449], [51.26369175109855, 43.306217726533056]]}, "properties": {"transect_id": 325, "baseline_distance_m": 162000, "positions": {"2000": null, "2001": -9262.5, "2002": -9200.6, "2003": null, "2004": null, "2005": null, "2006": null, "2007": null, "2008": -9211.2, "2009": null, "2010": -9215.6, "2011": -10826.0, "2013": null, "2014": null, "2015": -10822.6, "2016": -9218.4, "2017": null, "2018": -9625.9, "2019": -10874.6, "2020": -10861.2, "2021": -10886.1, "2022": -10891.5, "2023": -10925.9, "2024": -10945.6, "2025": -10950.3, "2026": -10949.7}, "total_retreat_m": 1687.2, "speed_m_per_year": -84.93, "r_squared": 0.776, "std_error": 13.16, "ci_95_low": -113.62, "ci_95_high": -56.25, "valid_years": 16, "confidence": "medium", "risk_class": "high", "anchor": [51.42825126200467, 43.36798642097449], "outliers_removed": 2}}, {"type": "Feature", "geometry": {"type": "LineString", "coordinates": [[51.43115773345636, 43.364014862826856], [51.26660604406136, 43.302250286103565]]}, "properties": {"transect_id": 326, "baseline_distance_m": 162500, "positions": {"2000": null, "2001": -9700.2, "2002": -9567.2, "2003": null, "2004": null, "2005": null, "2006": null, "2007": null, "2008": -9636.6, "2009": null, "2010": -10007.9, "2011": -9969.3, "2013": null, "2014": null, "2015": -11249.9, "2016": -9616.1, "2017": null, "2018": -10342.7, "2019": -11268.5, "2020": -11270.9, "2021": -11273.2, "2022": -11277.2, "2023": -11324.4, "2024": -11324.5, "2025": -11119.4, "2026": -11114.1}, "total_retreat_m": 1413.9, "speed_m_per_year": -79.47, "r_squared": 0.7, "std_error": 13.91, "ci_95_low": -109.31, "ci_95_high": -49.63, "valid_years": 16, "confidence": "medium", "risk_class": "high", "anchor": [51.43115773345636, 43.364014862826856], "outliers_removed": 0}}, {"type": "Feature", "geometry": {"type": "LineString", "coordinates": [[51.43406382718726, 43.36004322967293], [51.26951995893762, 43.29828276967111]]}, "properties": {"transect_id": 327, "baseline_distance_m": 163000, "positions": {"2000": null, "2001": -10520.9, "2002": -9909.6, "2003": null, "2004": null, "2005": null, "2006": null, "2007": null, "2008": -10204.5, "2009": null, "2010": -10489.3, "2011": -10458.0, "2013": null, "2014": null, "2015": -11699.1, "2016": -9923.1, "2017": null, "2018": -11692.6, "2019": -11705.4, "2020": -11707.7, "2021": -11717.3, "2022": -11727.4, "2023": -11767.4, "2024": -11768.7, "2025": -11782.3, "2026": -11774.7}, "total_retreat_m": 1253.8, "speed_m_per_year": -78.74, "r_squared": 0.825, "std_error": 10.05, "ci_95_low": -100.45, "ci_95_high": -57.03, "valid_years": 16, "confidence": "medium", "risk_class": "high", "anchor": [51.43406382718726, 43.36004322967293], "outliers_removed": 1}}, {"type": "Feature", "geometry": {"type": "LineString", "coordinates": [[51.43696954330225, 43.35607152154334], [51.27243349583191, 43.2943151772664]]}, "properties": {"transect_id": 328, "baseline_distance_m": 163500, "positions": {"2000": null, "2001": -10787.9, "2002": -10406.1, "2003": null, "2004": null, "2005": null, "2006": null, "2007": null, "2008": -10422.6, "2009": null, "2010": -12072.3, "2011": -11148.7, "2013": null, "2014": null, "2015": -12095.6, "2016": -10408.5, "2017": null, "2018": -12108.4, "2019": -12133.9, "2020": -12129.5, "2021": -12146.8, "2022": -12145.9, "2023": -12157.6, "2024": -12163.9, "2025": -12167.1, "2026": -12171.8}, "total_retreat_m": 1383.9, "speed_m_per_year": -71.53, "r_squared": 0.731, "std_error": 12.03, "ci_95_low": -97.51, "ci_95_high": -45.54, "valid_years": 16, "confidence": "medium", "risk_class": "high", "anchor": [51.43696954330225, 43.35607152154334], "outliers_removed": 1}}, {"type": "Feature", "geometry": {"type": "LineString", "coordinates": [[51.43987488190618, 43.35209973846868], [51.27534665484877, 43.29034750892014]]}, "properties": {"transect_id": 329, "baseline_distance_m": 164000, "positions": {"2000": null, "2001": -11676.3, "2002": -11664.7, "2003": null, "2004": null, "2005": null, "2006": null, "2007": null, "2008": -11645.3, "2009": null, "2010": -11754.6, "2011": -11695.9, "2013": null, "2014": null, "2015": -11708.9, "2016": -11646.1, "2017": null, "2018": -11637.6, "2019": -11681.5, "2020": -12559.2, "2021": -12563.7, "2022": -12596.1, "2023": -12617.5, "2024": -12623.7, "2025": -12626.4, "2026": -12633.3}, "total_retreat_m": 957.0, "speed_m_per_year": -46.79, "r_squared": 0.603, "std_error": 10.16, "ci_95_low": -68.58, "ci_95_high": -25.01, "valid_years": 16, "confidence": "medium", "risk_class": "high", "anchor": [51.43987488190618, 43.35209973846868], "outliers_removed": 0}}, {"type": "Feature", "geometry": {"type": "LineString", "coordinates": [[51.44277984310389, 43.34812788047955], [51.2782594360927, 43.2863797646631]]}, "properties": {"transect_id": 330, "baseline_distance_m": 164500, "positions": {"2000": null, "2001": -12942.0, "2002": -12951.1, "2003": null, "2004": null, "2005": null, "2006": null, "2007": null, "2008": -12881.1, "2009": null, "2010": -12927.8, "2011": -12955.0, "2013": null, "2014": null, "2015": -12942.0, "2016": -12973.6, "2017": null, "2018": -12965.9, "2019": -12992.7, "2020": -12997.2, "2021": -13013.5, "2022": -13019.0, "2023": -13039.8, "2024": -13048.8, "2025": -13044.7, "2026": -13073.1}, "total_retreat_m": 131.1, "speed_m_per_year": -5.57, "r_squared": 0.705, "std_error": 0.96, "ci_95_low": -7.63, "ci_95_high": -3.51, "valid_years": 16, "confidence": "medium", "risk_class": "low", "anchor": [51.44277984310389, 43.34812788047955], "outliers_removed": 0}}, {"type": "Feature", "geometry": {"type": "LineString", "coordinates": [[51.44568442700019, 43.34415594760655], [51.28117183966821, 43.28241194452594]]}, "properties": {"transect_id": 331, "baseline_distance_m": 165000, "positions": {"2000": null, "2001": -13364.6, "2002": -12535.5, "2003": null, "2004": null, "2005": null, "2006": null, "2007": null, "2008": -12522.3, "2009": null, "2010": -13416.9, "2011": -13396.6, "2013": null, "2014": null, "2015": -13368.5, "2016": -13396.8, "2017": null, "2018": -13323.4, "2019": -13389.5, "2020": -13416.4, "2021": -13435.7, "2022": -13434.8, "2023": -13478.2, "2024": -13487.4, "2025": -13490.2, "2026": -13489.9}, "total_retreat_m": 125.3, "speed_m_per_year": -9.38, "r_squared": 0.602, "std_error": 2.41, "ci_95_low": -14.75, "ci_95_high": -4.01, "valid_years": 16, "confidence": "medium", "risk_class": "medium", "anchor": [51.44568442700019, 43.34415594760655], "outliers_removed": 4}}, {"type": "Feature", "geometry": {"type": "LineString", "coordinates": [[51.44858863369984, 43.34018393988025], [51.28408386567975, 43.27844404853941]]}, "properties": {"transect_id": 332, "baseline_distance_m": 165500, "positions": {"2000": null, "2001": -13794.4, "2002": -13780.6, "2003": null, "2004": null, "2005": null, "2006": null, "2007": null, "2008": -13757.1, "2009": null, "2010": -13712.8, "2011": -13800.3, "2013": null, "2014": null, "2015": -13786.7, "2016": -13797.3, "2017": null, "2018": -13795.7, "2019": -13818.6, "2020": -13805.0, "2021": -13818.7, "2022": -13823.6, "2023": -13851.5, "2024": -13864.4, "2025": -13882.5, "2026": -13895.5}, "total_retreat_m": 101.1, "speed_m_per_year": -4.36, "r_squared": 0.553, "std_error": 1.05, "ci_95_low": -6.6, "ci_95_high": -2.11, "valid_years": 16, "confidence": "medium", "risk_class": "low", "anchor": [51.44858863369984, 43.34018393988025], "outliers_removed": 0}}, {"type": "Feature", "geometry": {"type": "LineString", "coordinates": [[51.4514924633076, 43.33621185733124], [51.28699551423177, 43.27447607673416]]}, "properties": {"transect_id": 333, "baseline_distance_m": 166000, "positions": {"2000": null, "2001": -14221.8, "2002": -14220.5, "2003": null, "2004": null, "2005": null, "2006": null, "2007": null, "2008": -14185.2, "2009": null, "2010": -14153.6, "2011": -14232.5, "2013": null, "2014": null, "2015": -14212.0, "2016": -14260.0, "2017": null, "2018": -13030.6, "2019": -14261.4, "2020": -14259.9, "2021": -14270.9, "2022": -14283.8, "2023": -14319.2, "2024": -14333.6, "2025": -14336.5, "2026": -14343.9}, "total_retreat_m": 122.1, "speed_m_per_year": -4.24, "r_squared": 0.507, "std_error": 1.32, "ci_95_low": -7.18, "ci_95_high": -1.29, "valid_years": 16, "confidence": "medium", "risk_class": "low", "anchor": [51.4514924633076, 43.33621185733124], "outliers_removed": 4}}, {"type": "Feature", "geometry": {"type": "LineString", "coordinates": [[51.45439591592821, 43.332239699990076], [51.28990678542866, 43.270508029140906]]}, "properties": {"transect_id": 334, "baseline_distance_m": 166500, "positions": {"2000": null, "2001": -14657.1, "2002": -14672.5, "2003": null, "2004": null, "2005": null, "2006": null, "2007": null, "2008": -13577.0, "2009": null, "2010": null, "2011": -14758.1, "2013": null, "2014": null, "2015": -14664.0, "2016": -14695.8, "2017": null, "2018": -13477.8, "2019": -14693.0, "2020": -14700.7, "2021": -14725.1, "2022": -14727.5, "2023": -14747.9, "2024": -14752.7, "2025": -14761.5, "2026": -14769.9}, "total_retreat_m": 112.8, "speed_m_per_year": -12.57, "r_squared": 0.057, "std_error": 14.24, "ci_95_low": -43.33, "ci_95_high": 18.19, "valid_years": 15, "confidence": "low", "risk_class": "medium", "anchor": [51.45439591592821, 43.332239699990076], "outliers_removed": 15}}, {"type": "Feature", "geometry": {"type": "LineString", "coordinates": [[51.45729899166634, 43.328267467887315], [51.292817679374814, 43.26653990579033]]}, "properties": {"transect_id": 335, "baseline_distance_m": 167000, "positions": {"2000": null, "2001": null, "2002": -13858.0, "2003": null, "2004": null, "2005": null, "2006": null, "2007": null, "2008": -13794.5, "2009": null, "2010": -13864.8, "2011": null, "2013": null, "2014": null, "2015": null, "2016": null, "2017": null, "2018": -13793.3, "2019": null, "2020": null, "2021": null, "2022": null, "2023": null, "2024": null, "2025": null, "2026": null}, "total_retreat_m": -64.7, "speed_m_per_year": 3.45, "r_squared": 0.339, "std_error": 3.4, "ci_95_low": -11.18, "ci_95_high": 18.07, "valid_years": 4, "confidence": "low", "risk_class": "low", "anchor": [51.45729899166634, 43.328267467887315], "outliers_removed": 0}}, {"type": "Feature", "geometry": {"type": "LineString", "coordinates": [[51.460201690626675, 43.324295161053534], [51.29572819617459, 43.262571706713096]]}, "properties": {"transect_id": 336, "baseline_distance_m": 167500, "positions": {"2000": null, "2001": null, "2002": null, "2003": null, "2004": null, "2005": null, "2006": null, "2007": null, "2008": null, "2009": null, "2010": null, "2011": null, "2013": null, "2014": null, "2015": null, "2016": null, "2017": null, "2018": null, "2019": null, "2020": null, "2021": null, "2022": null, "2023": null, "2024": null, "2025": null, "2026": null}, "total_retreat_m": null, "speed_m_per_year": 0.0, "r_squared": 0.0, "std_error": 0.0, "ci_95_low": 0.0, "ci_95_high": 0.0, "valid_years": 0, "confidence": "low", "risk_class": "low", "anchor": [51.460201690626675, 43.324295161053534], "outliers_removed": 0}}, {"type": "Feature", "geometry": {"type": "LineString", "coordinates": [[51.46310401291386, 43.32032277951926], [51.298638335932324, 43.25860343193986]]}, "properties": {"transect_id": 337, "baseline_distance_m": 168000, "positions": {"2000": null, "2001": null, "2002": null, "2003": null, "2004": null, "2005": null, "2006": null, "2007": null, "2008": null, "2009": null, "2010": null, "2011": null, "2013": null, "2014": null, "2015": null, "2016": null, "2017": null, "2018": null, "2019": null, "2020": null, "2021": null, "2022": null, "2023": null, "2024": null, "2025": null, "2026": null}, "total_retreat_m": null, "speed_m_per_year": 0.0, "r_squared": 0.0, "std_error": 0.0, "ci_95_low": 0.0, "ci_95_high": 0.0, "valid_years": 0, "confidence": "low", "risk_class": "low", "anchor": [51.46310401291386, 43.32032277951926], "outliers_removed": 0}}, {"type": "Feature", "geometry": {"type": "LineString", "coordinates": [[51.4660059586325, 43.31635032331505], [51.30364342299722, 43.25174708186757]]}, "properties": {"transect_id": 338, "baseline_distance_m": 168500, "positions": {"2000": null, "2001": null, "2002": null, "2003": null, "2004": null, "2005": null, "2006": null, "2007": null, "2008": null, "2009": null, "2010": null, "2011": null, "2013": null, "2014": null, "2015": null, "2016": null, "2017": null, "2018": null, "2019": null, "2020": null, "2021": null, "2022": null, "2023": null, "2024": null, "2025": null, "2026": null}, "total_retreat_m": null, "speed_m_per_year": 0.0, "r_squared": 0.0, "std_error": 0.0, "ci_95_low": 0.0, "ci_95_high": 0.0, "valid_years": 0, "confidence": "low", "risk_class": "low", "anchor": [51.4660059586325, 43.31635032331505], "outliers_removed": 0}}, {"type": "Feature", "geometry": {"type": "LineString", "coordinates": [[51.468907527887204, 43.31237779247142], [51.306552536242116, 43.24777860132611]]}, "properties": {"transect_id": 339, "baseline_distance_m": 169000, "positions": {"2000": null, "2001": null, "2002": null, "2003": null, "2004": null, "2005": null, "2006": null, "2007": null, "2008": -31.2, "2009": null, "2010": -334.8, "2011": -339.8, "2013": null, "2014": null, "2015": null, "2016": null, "2017": null, "2018": -984.0, "2019": null, "2020": null, "2021": null, "2022": null, "2023": null, "2024": null, "2025": null, "2026": null}, "total_retreat_m": 952.8, "speed_m_per_year": -91.49, "r_squared": 0.984, "std_error": 8.33, "ci_95_low": -127.33, "ci_95_high": -55.66, "valid_years": 4, "confidence": "low", "risk_class": "high", "anchor": [51.468907527887204, 43.31237779247142], "outliers_removed": 0}}, {"type": "Feature", "geometry": {"type": "LineString", "coordinates": [[51.47227548428568, 43.30863563730176], [51.30992693267482, 43.24404116405927]]}, "properties": {"transect_id": 340, "baseline_distance_m": 169500, "positions": {"2000": null, "2001": null, "2002": null, "2003": null, "2004": null, "2005": null, "2006": null, "2007": null, "2008": null, "2009": null, "2010": -234.9, "2011": -249.6, "2013": null, "2014": null, "2015": null, "2016": null, "2017": null, "2018": -440.6, "2019": null, "2020": null, "2021": null, "2022": null, "2023": null, "2024": null, "2025": null, "2026": null}, "total_retreat_m": 205.7, "speed_m_per_year": -26.29, "r_squared": 0.997, "std_error": 1.34, "ci_95_low": -43.3, "ci_95_high": -9.28, "valid_years": 3, "confidence": "low", "risk_class": "high", "anchor": [51.47227548428568, 43.30863563730176], "outliers_removed": 0}}, {"type": "Feature", "geometry": {"type": "LineString", "coordinates": [[51.4762425929009, 43.30518938659211], [51.313899064256844, 43.24060048904503]]}, "properties": {"transect_id": 341, "baseline_distance_m": 170000, "positions": {"2000": null, "2001": null, "2002": null, "2003": null, "2004": null, "2005": null, "2006": null, "2007": null, "2008": null, "2009": null, "2010": null, "2011": null, "2013": null, "2014": null, "2015": null, "2016": null, "2017": null, "2018": null, "2019": null, "2020": null, "2021": null, "2022": null, "2023": null, "2024": null, "2025": null, "2026": null}, "total_retreat_m": null, "speed_m_per_year": 0.0, "r_squared": 0.0, "std_error": 0.0, "ci_95_low": 0.0, "ci_95_high": 0.0, "valid_years": 0, "confidence": "low", "risk_class": "low", "anchor": [51.4762425929009, 43.30518938659211], "outliers_removed": 0}}, {"type": "Feature", "geometry": {"type": "LineString", "coordinates": [[51.48020925381817, 43.30174299833508], [51.31787074914378, 43.23715967544218]]}, "properties": {"transect_id": 342, "baseline_distance_m": 170500, "positions": {"2000": null, "2001": null, "2002": null, "2003": null, "2004": null, "2005": null, "2006": null, "2007": null, "2008": null, "2009": null, "2010": -84.1, "2011": null, "2013": null, "2014": null, "2015": null, "2016": null, "2017": null, "2018": null, "2019": null, "2020": null, "2021": null, "2022": null, "2023": null, "2024": null, "2025": null, "2026": null}, "total_retreat_m": null, "speed_m_per_year": 0.0, "r_squared": 0.0, "std_error": 0.0, "ci_95_low": 0.0, "ci_95_high": 0.0, "valid_years": 1, "confidence": "low", "risk_class": "low", "anchor": [51.48020925381817, 43.30174299833508], "outliers_removed": 0}}, {"type": "Feature", "geometry": {"type": "LineString", "coordinates": [[51.48417546712854, 43.29829647258018], [51.32184198742595, 43.23371872330026]]}, "properties": {"transect_id": 343, "baseline_distance_m": 171000, "positions": {"2000": null, "2001": null, "2002": null, "2003": null, "2004": null, "2005": null, "2006": null, "2007": null, "2008": null, "2009": null, "2010": null, "2011": null, "2013": null, "2014": null, "2015": null, "2016": null, "2017": null, "2018": -3727.9, "2019": null, "2020": null, "2021": null, "2022": -4083.8, "2023": null, "2024": -4008.9, "2025": null, "2026": null}, "total_retreat_m": 281.0, "speed_m_per_year": -52.85, "r_squared": 0.741, "std_error": 31.28, "ci_95_low": -450.33, "ci_95_high": 344.62, "valid_years": 3, "confidence": "low", "risk_class": "high", "anchor": [51.48417546712854, 43.29829647258018], "outliers_removed": 0}}, {"type": "Feature", "geometry": {"type": "LineString", "coordinates": [[51.48814123292308, 43.29484980937689], [51.3258127791937, 43.23027763266877]]}, "properties": {"transect_id": 344, "baseline_distance_m": 171500, "positions": {"2000": null, "2001": null, "2002": null, "2003": null, "2004": null, "2005": null, "2006": null, "2007": null, "2008": null, "2009": null, "2010": null, "2011": null, "2013": null, "2014": null, "2015": null, "2016": null, "2017": null, "2018": -3721.8, "2019": null, "2020": null, "2021": null, "2022": null, "2023": null, "2024": null, "2025": null, "2026": null}, "total_retreat_m": null, "speed_m_per_year": 0.0, "r_squared": 0.0, "std_error": 0.0, "ci_95_low": 0.0, "ci_95_high": 0.0, "valid_years": 1, "confidence": "low", "risk_class": "low", "anchor": [51.48814123292308, 43.29484980937689], "outliers_removed": 0}}, {"type": "Feature", "geometry": {"type": "LineString", "coordinates": [[51.49210655129284, 43.291403008774715], [51.32978312453732, 43.22683640359719]]}, "properties": {"transect_id": 345, "baseline_distance_m": 172000, "positions": {"2000": null, "2001": null, "2002": null, "2003": null, "2004": null, "2005": null, "2006": null, "2007": null, "2008": null, "2009": null, "2010": null, "2011": null, "2013": null, "2014": null, "2015": null, "2016": null, "2017": null, "2018": -3916.2, "2019": null, "2020": null, "2021": null, "2022": null, "2023": null, "2024": null, "2025": null, "2026": null}, "total_retreat_m": null, "speed_m_per_year": 0.0, "r_squared": 0.0, "std_error": 0.0, "ci_95_low": 0.0, "ci_95_high": 0.0, "valid_years": 1, "confidence": "low", "risk_class": "low", "anchor": [51.49210655129284, 43.291403008774715], "outliers_removed": 0}}, {"type": "Feature", "geometry": {"type": "LineString", "coordinates": [[51.49607142232888, 43.28795607082313], [51.333753023547146, 43.223395036135074]]}, "properties": {"transect_id": 346, "baseline_distance_m": 172500, "positions": {"2000": null, "2001": -407.6, "2002": -109.1, "2003": null, "2004": null, "2005": null, "2006": null, "2007": null, "2008": -165.1, "2009": null, "2010": null, "2011": -124.3, "2013": null, "2014": null, "2015": -105.3, "2016": null, "2017": null, "2018": -4135.9, "2019": -214.8, "2020": -93.7, "2021": -84.6, "2022": null, "2023": -101.9, "2024": null, "2025": null, "2026": -93.3}, "total_retreat_m": -314.3, "speed_m_per_year": 6.52, "r_squared": 0.333, "std_error": 3.26, "ci_95_low": -1.0, "ci_95_high": 14.04, "valid_years": 11, "confidence": "low", "risk_class": "low", "anchor": [51.49607142232888, 43.28795607082313], "outliers_removed": 1}}, {"type": "Feature", "geometry": {"type": "LineString", "coordinates": [[51.50003584612221, 43.2845089955716], [51.337722476313466, 43.21995353033185]]}, "properties": {"transect_id": 347, "baseline_distance_m": 173000, "positions": {"2000": null, "2001": null, "2002": null, "2003": null, "2004": null, "2005": null, "2006": null, "2007": null, "2008": null, "2009": null, "2010": null, "2011": null, "2013": null, "2014": null, "2015": null, "2016": null, "2017": null, "2018": -4188.8, "2019": null, "2020": null, "2021": null, "2022": null, "2023": null, "2024": null, "2025": null, "2026": null}, "total_retreat_m": null, "speed_m_per_year": 0.0, "r_squared": 0.0, "std_error": 0.0, "ci_95_low": 0.0, "ci_95_high": 0.0, "valid_years": 1, "confidence": "low", "risk_class": "low", "anchor": [51.50003584612221, 43.2845089955716], "outliers_removed": 0}}, {"type": "Feature", "geometry": {"type": "LineString", "coordinates": [[51.503999822763866, 43.2810617830696], [51.34169148292657, 43.21651188623702]]}, "properties": {"transect_id": 348, "baseline_distance_m": 173500, "positions": {"2000": null, "2001": null, "2002": null, "2003": null, "2004": null, "2005": null, "2006": null, "2007": null, "2008": null, "2009": null, "2010": null, "2011": null, "2013": null, "2014": null, "2015": null, "2016": null, "2017": null, "2018": -4698.9, "2019": null, "2020": null, "2021": null, "2022": null, "2023": null, "2024": null, "2025": null, "2026": null}, "total_retreat_m": null, "speed_m_per_year": 0.0, "r_squared": 0.0, "std_error": 0.0, "ci_95_low": 0.0, "ci_95_high": 0.0, "valid_years": 1, "confidence": "low", "risk_class": "low", "anchor": [51.503999822763866, 43.2810617830696], "outliers_removed": 0}}, {"type": "Feature", "geometry": {"type": "LineString", "coordinates": [[51.50796335234487, 43.277614433366544], [51.34566004347674, 43.21307010390004]]}, "properties": {"transect_id": 349, "baseline_distance_m": 174000, "positions": {"2000": null, "2001": null, "2002": null, "2003": null, "2004": null, "2005": null, "2006": null, "2007": null, "2008": null, "2009": null, "2010": null, "2011": null, "2013": null, "2014": null, "2015": null, "2016": null, "2017": null, "2018": -2314.6, "2019": null, "2020": null, "2021": -1806.1, "2022": null, "2023": null, "2024": null, "2025": null, "2026": null}, "total_retreat_m": -508.5, "speed_m_per_year": 0.0, "r_squared": 0.0, "std_error": 0.0, "ci_95_low": 0.0, "ci_95_high": 0.0, "valid_years": 2, "confidence": "low", "risk_class": "low", "anchor": [51.50796335234487, 43.277614433366544], "outliers_removed": 0}}, {"type": "Feature", "geometry": {"type": "LineString", "coordinates": [[51.51192643495621, 43.274166946511926], [51.349628158054244, 43.20962818337038]]}, "properties": {"transect_id": 350, "baseline_distance_m": 174500, "positions": {"2000": null, "2001": -2207.5, "2002": -3555.6, "2003": null, "2004": null, "2005": null, "2006": null, "2007": null, "2008": null, "2009": null, "2010": -2592.2, "2011": null, "2013": null, "2014": null, "2015": -3390.5, "2016": -2902.3, "2017": null, "2018": -3157.8, "2019": -4502.4, "2020": -2918.3, "2021": -2575.7, "2022": -2647.2, "2023": -2255.7, "2024": -3267.5, "2025": -3144.0, "2026": -2352.1}, "total_retreat_m": 144.6, "speed_m_per_year": 1.4, "r_squared": 0.0, "std_error": 22.34, "ci_95_low": -47.27, "ci_95_high": 50.07, "valid_years": 14, "confidence": "low", "risk_class": "low", "anchor": [51.51192643495621, 43.274166946511926], "outliers_removed": 0}}, {"type": "Feature", "geometry": {"type": "LineString", "coordinates": [[51.515889070688885, 43.270719322555166], [51.35359582674934, 43.2061861246975]]}, "properties": {"transect_id": 351, "baseline_distance_m": 175000, "positions": {"2000": null, "2001": -2575.1, "2002": null, "2003": null, "2004": null, "2005": null, "2006": null, "2007": null, "2008": null, "2009": null, "2010": null, "2011": null, "2013": null, "2014": null, "2015": null, "2016": null, "2017": null, "2018": -4340.7, "2019": null, "2020": null, "2021": null, "2022": null, "2023": null, "2024": null, "2025": null, "2026": null}, "total_retreat_m": 1765.6, "speed_m_per_year": 0.0, "r_squared": 0.0, "std_error": 0.0, "ci_95_low": 0.0, "ci_95_high": 0.0, "valid_years": 2, "confidence": "low", "risk_class": "low", "anchor": [51.515889070688885, 43.270719322555166], "outliers_removed": 0}}, {"type": "Feature", "geometry": {"type": "LineString", "coordinates": [[51.51985125963387, 43.26727156154566], [51.357563049652285, 43.202743927930825]]}, "properties": {"transect_id": 352, "baseline_distance_m": 175500, "positions": {"2000": null, "2001": null, "2002": null, "2003": null, "2004": null, "2005": null, "2006": null, "2007": null, "2008": null, "2009": null, "2010": null, "2011": null, "2013": null, "2014": null, "2015": null, "2016": null, "2017": null, "2018": -6576.0, "2019": -5384.7, "2020": null, "2021": null, "2022": null, "2023": null, "2024": null, "2025": null, "2026": null}, "total_retreat_m": -1191.3, "speed_m_per_year": 0.0, "r_squared": 0.0, "std_error": 0.0, "ci_95_low": 0.0, "ci_95_high": 0.0, "valid_years": 2, "confidence": "low", "risk_class": "low", "anchor": [51.51985125963387, 43.26727156154566], "outliers_removed": 0}}, {"type": "Feature", "geometry": {"type": "LineString", "coordinates": [[51.523813001882154, 43.26382366353288], [51.36152982685333, 43.199301593119806]]}, "properties": {"transect_id": 353, "baseline_distance_m": 176000, "positions": {"2000": null, "2001": null, "2002": null, "2003": null, "2004": null, "2005": null, "2006": null, "2007": null, "2008": null, "2009": null, "2010": null, "2011": null, "2013": null, "2014": null, "2015": null, "2016": null, "2017": null, "2018": -6525.9, "2019": null, "2020": null, "2021": null, "2022": null, "2023": null, "2024": null, "2025": null, "2026": null}, "total_retreat_m": null, "speed_m_per_year": 0.0, "r_squared": 0.0, "std_error": 0.0, "ci_95_low": 0.0, "ci_95_high": 0.0, "valid_years": 1, "confidence": "low", "risk_class": "low", "anchor": [51.523813001882154, 43.26382366353288], "outliers_removed": 0}}, {"type": "Feature", "geometry": {"type": "LineString", "coordinates": [[51.52777429752468, 43.26037562856621], [51.365496158442674, 43.19585912031387]]}, "properties": {"transect_id": 354, "baseline_distance_m": 176500, "positions": {"2000": null, "2001": -5399.4, "2002": -5348.8, "2003": null, "2004": null, "2005": null, "2006": null, "2007": null, "2008": -5340.9, "2009": null, "2010": -5178.4, "2011": -5331.9, "2013": null, "2014": null, "2015": -5346.4, "2016": -5203.4, "2017": null, "2018": -5155.1, "2019": -5351.7, "2020": -5293.2, "2021": -5357.9, "2022": -5206.7, "2023": -5351.1, "2024": -5183.6, "2025": -5156.8, "2026": -5352.6}, "total_retreat_m": -46.8, "speed_m_per_year": 3.95, "r_squared": 0.129, "std_error": 2.75, "ci_95_low": -1.94, "ci_95_high": 9.84, "valid_years": 16, "confidence": "low", "risk_class": "low", "anchor": [51.52777429752468, 43.26037562856621], "outliers_removed": 0}}, {"type": "Feature", "geometry": {"type": "LineString", "coordinates": [[51.53173514665242, 43.25692745669505], [51.36946204451057, 43.19241650956243]]}, "properties": {"transect_id": 355, "baseline_distance_m": 177000, "positions": {"2000": null, "2001": -1642.8, "2002": -1591.3, "2003": null, "2004": null, "2005": null, "2006": null, "2007": null, "2008": -1634.1, "2009": null, "2010": -1583.6, "2011": -1637.1, "2013": null, "2014": null, "2015": -1606.1, "2016": -1560.9, "2017": null, "2018": -1622.0, "2019": -1652.9, "2020": -1645.3, "2021": -494.5, "2022": -1618.2, "2023": -477.2, "2024": -1620.4, "2025": -1613.5, "2026": -1614.7}, "total_retreat_m": -28.1, "speed_m_per_year": -0.19, "r_squared": 0.004, "std_error": 0.91, "ci_95_low": -2.17, "ci_95_high": 1.8, "valid_years": 16, "confidence": "low", "risk_class": "low", "anchor": [51.53173514665242, 43.25692745669505], "outliers_removed": 2}}, {"type": "Feature", "geometry": {"type": "LineString", "coordinates": [[51.53569554935631, 43.25347914796881], [51.37342748514721, 43.1889737609149]]}, "properties": {"transect_id": 356, "baseline_distance_m": 177500, "positions": {"2000": null, "2001": -54.4, "2002": -27.2, "2003": null, "2004": null, "2005": null, "2006": null, "2007": null, "2008": -57.4, "2009": null, "2010": -23.7, "2011": -45.4, "2013": null, "2014": null, "2015": -43.3, "2016": -4734.2, "2017": null, "2018": -38.0, "2019": -789.0, "2020": -46.0, "2021": -149.4, "2022": -34.4, "2023": -221.2, "2024": -41.7, "2025": -29.1, "2026": -38.8}, "total_retreat_m": -15.6, "speed_m_per_year": -2.21, "r_squared": 0.0, "std_error": 39.77, "ci_95_low": -87.51, "ci_95_high": 83.1, "valid_years": 16, "confidence": "low", "risk_class": "low", "anchor": [51.53569554935631, 43.25347914796881], "outliers_removed": 16}}, {"type": "Feature", "geometry": {"type": "LineString", "coordinates": [[51.53965550572728, 43.25003070243686], [51.377392480442815, 43.18553087442067]]}, "properties": {"transect_id": 357, "baseline_distance_m": 178000, "positions": {"2000": null, "2001": -82.9, "2002": -4435.4, "2003": null, "2004": null, "2005": null, "2006": null, "2007": null, "2008": -94.7, "2009": null, "2010": -4415.2, "2011": -39.0, "2013": null, "2014": null, "2015": -20.6, "2016": null, "2017": null, "2018": -50.6, "2019": -7.0, "2020": -31.8, "2021": -155.5, "2022": -4513.9, "2023": -150.4, "2024": -49.5, "2025": -4466.3, "2026": -4494.4}, "total_retreat_m": 4411.5, "speed_m_per_year": -17.46, "r_squared": 0.004, "std_error": 72.89, "ci_95_low": -174.93, "ci_95_high": 140.01, "valid_years": 15, "confidence": "low", "risk_class": "medium", "anchor": [51.53965550572728, 43.25003070243686], "outliers_removed": 15}}, {"type": "Feature", "geometry": {"type": "LineString", "coordinates": [[51.54361501585626, 43.246582120148574], [51.381357030487564, 43.18208785012914]]}, "properties": {"transect_id": 358, "baseline_distance_m": 178500, "positions": {"2000": null, "2001": -35.8, "2002": -2717.4, "2003": null, "2004": null, "2005": null, "2006": null, "2007": null, "2008": -78.2, "2009": null, "2010": null, "2011": -17.9, "2013": null, "2014": null, "2015": -6.2, "2016": null, "2017": null, "2018": -23.4, "2019": -42.1, "2020": -16.3, "2021": -156.9, "2022": -2631.3, "2023": -44.4, "2024": null, "2025": null, "2026": -2639.4}, "total_retreat_m": 2603.6, "speed_m_per_year": -11.27, "r_squared": 0.006, "std_error": 45.29, "ci_95_low": -112.19, "ci_95_high": 89.65, "valid_years": 12, "confidence": "low", "risk_class": "medium", "anchor": [51.54361501585626, 43.246582120148574], "outliers_removed": 12}}, {"type": "Feature", "geometry": {"type": "LineString", "coordinates": [[51.54757407983416, 43.24313340115335], [51.38532113537165, 43.178644688089726]]}, "properties": {"transect_id": 359, "baseline_distance_m": 179000, "positions": {"2000": null, "2001": -64.9, "2002": -11.9, "2003": null, "2004": null, "2005": null, "2006": null, "2007": null, "2008": -65.0, "2009": null, "2010": -4.2, "2011": -22.1, "2013": null, "2014": null, "2015": -22.9, "2016": -6.8, "2017": null, "2018": -20.3, "2019": -69.5, "2020": -35.7, "2021": -80.8, "2022": -40.5, "2023": -69.9, "2024": -30.3, "2025": -15.7, "2026": -34.7}, "total_retreat_m": -30.2, "speed_m_per_year": -0.27, "r_squared": 0.007, "std_error": 0.85, "ci_95_low": -2.09, "ci_95_high": 1.55, "valid_years": 16, "confidence": "low", "risk_class": "low", "anchor": [51.54757407983416, 43.24313340115335], "outliers_removed": 0}}, {"type": "Feature", "geometry": {"type": "LineString", "coordinates": [[51.55153269775188, 43.23968454550054], [51.38928479518523, 43.17520138835176]]}, "properties": {"transect_id": 360, "baseline_distance_m": 179500, "positions": {"2000": null, "2001": -424.5, "2002": -407.6, "2003": null, "2004": null, "2005": null, "2006": null, "2007": null, "2008": -428.5, "2009": null, "2010": -402.3, "2011": -419.6, "2013": null, "2014": null, "2015": -430.2, "2016": -375.6, "2017": null, "2018": -355.0, "2019": -1237.2, "2020": -418.1, "2021": -419.5, "2022": -405.0, "2023": -1242.9, "2024": -411.4, "2025": -397.7, "2026": -423.1}, "total_retreat_m": -1.4, "speed_m_per_year": 0.45, "r_squared": 0.03, "std_error": 0.73, "ci_95_low": -1.15, "ci_95_high": 2.05, "valid_years": 16, "confidence": "low", "risk_class": "low", "anchor": [51.55153269775188, 43.23968454550054], "outliers_removed": 2}}, {"type": "Feature", "geometry": {"type": "LineString", "coordinates": [[51.555490869700314, 43.236235553239474], [51.39324801001849, 43.17175795096465]]}, "properties": {"transect_id": 361, "baseline_distance_m": 180000, "positions": {"2000": null, "2001": null, "2002": null, "2003": null, "2004": null, "2005": null, "2006": null, "2007": null, "2008": null, "2009": null, "2010": null, "2011": null, "2013": null, "2014": null, "2015": null, "2016": null, "2017": null, "2018": -2253.4, "2019": null, "2020": -3367.7, "2021": null, "2022": null, "2023": null, "2024": null, "2025": null, "2026": -222.1}, "total_retreat_m": -2031.3, "speed_m_per_year": 316.3, "r_squared": 0.682, "std_error": 216.12, "ci_95_low": -2429.8, "ci_95_high": 3062.41, "valid_years": 3, "confidence": "low", "risk_class": "low", "anchor": [51.555490869700314, 43.236235553239474], "outliers_removed": 0}}, {"type": "Feature", "geometry": {"type": "LineString", "coordinates": [[51.55944859577035, 43.23278642441952], [51.39721077996157, 43.16831437597773]]}, "properties": {"transect_id": 362, "baseline_distance_m": 180500, "positions": {"2000": null, "2001": null, "2002": null, "2003": null, "2004": null, "2005": null, "2006": null, "2007": null, "2008": null, "2009": null, "2010": null, "2011": null, "2013": null, "2014": null, "2015": null, "2016": null, "2017": null, "2018": -425.0, "2019": null, "2020": null, "2021": null, "2022": null, "2023": null, "2024": null, "2025": null, "2026": null}, "total_retreat_m": null, "speed_m_per_year": 0.0, "r_squared": 0.0, "std_error": 0.0, "ci_95_low": 0.0, "ci_95_high": 0.0, "valid_years": 1, "confidence": "low", "risk_class": "low", "anchor": [51.55944859577035, 43.23278642441952], "outliers_removed": 0}}, {"type": "Feature", "geometry": {"type": "LineString", "coordinates": [[51.563405876052855, 43.22933715909], [51.401173105104604, 43.164870663440354]]}, "properties": {"transect_id": 363, "baseline_distance_m": 181000, "positions": {"2000": null, "2001": null, "2002": null, "2003": null, "2004": null, "2005": null, "2006": null, "2007": null, "2008": null, "2009": null, "2010": null, "2011": null, "2013": null, "2014": null, "2015": null, "2016": null, "2017": null, "2018": null, "2019": null, "2020": null, "2021": null, "2022": null, "2023": null, "2024": null, "2025": null, "2026": null}, "total_retreat_m": null, "speed_m_per_year": 0.0, "r_squared": 0.0, "std_error": 0.0, "ci_95_low": 0.0, "ci_95_high": 0.0, "valid_years": 0, "confidence": "low", "risk_class": "low", "anchor": [51.563405876052855, 43.22933715909], "outliers_removed": 0}}, {"type": "Feature", "geometry": {"type": "LineString", "coordinates": [[51.56736271063869, 43.225887757300264], [51.40513498553775, 43.161426813401896]]}, "properties": {"transect_id": 364, "baseline_distance_m": 181500, "positions": {"2000": null, "2001": null, "2002": null, "2003": null, "2004": null, "2005": null, "2006": null, "2007": null, "2008": null, "2009": null, "2010": null, "2011": null, "2013": null, "2014": null, "2015": null, "2016": null, "2017": null, "2018": null, "2019": null, "2020": null, "2021": null, "2022": null, "2023": null, "2024": null, "2025": null, "2026": null}, "total_retreat_m": null, "speed_m_per_year": 0.0, "r_squared": 0.0, "std_error": 0.0, "ci_95_low": 0.0, "ci_95_high": 0.0, "valid_years": 0, "confidence": "low", "risk_class": "low", "anchor": [51.56736271063869, 43.225887757300264], "outliers_removed": 0}}, {"type": "Feature", "geometry": {"type": "LineString", "coordinates": [[51.57131909961872, 43.2224382190996], [51.40909642135113, 43.157982825911645]]}, "properties": {"transect_id": 365, "baseline_distance_m": 182000, "positions": {"2000": null, "2001": -14335.9, "2002": -14321.8, "2003": null, "2004": null, "2005": null, "2006": null, "2007": null, "2008": -14327.3, "2009": null, "2010": null, "2011": -14343.1, "2013": null, "2014": null, "2015": -14359.0, "2016": -14399.5, "2017": null, "2018": -14387.1, "2019": -14442.3, "2020": -14446.2, "2021": -14449.7, "2022": -14513.0, "2023": -14529.1, "2024": -14561.6, "2025": -14564.2, "2026": -14566.2}, "total_retreat_m": 230.3, "speed_m_per_year": -10.27, "r_squared": 0.798, "std_error": 1.43, "ci_95_low": -13.37, "ci_95_high": -7.18, "valid_years": 15, "confidence": "medium", "risk_class": "medium", "anchor": [51.57131909961872, 43.2224382190996], "outliers_removed": 0}}, {"type": "Feature", "geometry": {"type": "LineString", "coordinates": [[51.57527504308377, 43.21898854453735], [51.41305741263484, 43.15453870101898]]}, "properties": {"transect_id": 366, "baseline_distance_m": 182500, "positions": {"2000": null, "2001": -13050.1, "2002": -13052.2, "2003": null, "2004": null, "2005": null, "2006": null, "2007": null, "2008": -13106.6, "2009": null, "2010": -13374.2, "2011": -13102.7, "2013": null, "2014": null, "2015": -13316.7, "2016": -13149.5, "2017": null, "2018": -13234.2, "2019": -13403.6, "2020": -13404.6, "2021": -13414.0, "2022": -13408.1, "2023": -13412.2, "2024": -13413.4, "2025": -13792.1, "2026": -13786.7}, "total_retreat_m": 736.6, "speed_m_per_year": -23.56, "r_squared": 0.679, "std_error": 4.33, "ci_95_low": -32.84, "ci_95_high": -14.28, "valid_years": 16, "confidence": "medium", "risk_class": "high", "anchor": [51.57527504308377, 43.21898854453735], "outliers_removed": 0}}, {"type": "Feature", "geometry": {"type": "LineString", "coordinates": [[51.57923054112469, 43.215538733662804], [51.417017959479, 43.15109443877317]]}, "properties": {"transect_id": 367, "baseline_distance_m": 183000, "positions": {"2000": null, "2001": -12025.6, "2002": -12013.8, "2003": null, "2004": null, "2005": null, "2006": null, "2007": null, "2008": -12087.9, "2009": null, "2010": -12701.9, "2011": -12037.7, "2013": null, "2014": null, "2015": -12087.3, "2016": -12087.2, "2017": null, "2018": -122.7, "2019": -12316.2, "2020": -12328.1, "2021": -12389.0, "2022": -12341.1, "2023": -12356.9, "2024": -12330.0, "2025": -12380.2, "2026": -12499.9}, "total_retreat_m": 474.3, "speed_m_per_year": -18.24, "r_squared": 0.813, "std_error": 2.53, "ci_95_low": -23.75, "ci_95_high": -12.73, "valid_years": 16, "confidence": "medium", "risk_class": "medium", "anchor": [51.57923054112469, 43.215538733662804], "outliers_removed": 2}}, {"type": "Feature", "geometry": {"type": "LineString", "coordinates": [[51.58318559383229, 43.21208878652523], [51.420978061973706, 43.147650039223564]]}, "properties": {"transect_id": 368, "baseline_distance_m": 183500, "positions": {"2000": null, "2001": -10571.8, "2002": -10559.7, "2003": null, "2004": null, "2005": null, "2006": null, "2007": null, "2008": -470.2, "2009": null, "2010": -429.2, "2011": -488.3, "2013": null, "2014": null, "2015": -10790.5, "2016": -791.7, "2017": null, "2018": -717.1, "2019": -744.4, "2020": -10861.3, "2021": -10862.2, "2022": -742.7, "2023": -10867.7, "2024": -10867.1, "2025": -739.6, "2026": -740.8}, "total_retreat_m": -9831.0, "speed_m_per_year": 73.61, "r_squared": 0.012, "std_error": 174.95, "ci_95_low": -301.62, "ci_95_high": 448.84, "valid_years": 16, "confidence": "low", "risk_class": "low", "anchor": [51.58318559383229, 43.21208878652523], "outliers_removed": 0}}, {"type": "Feature", "geometry": {"type": "LineString", "coordinates": [[51.58714020129739, 43.20863870317397], [51.42493772020904, 43.14420550241947]]}, "properties": {"transect_id": 369, "baseline_distance_m": 184000, "positions": {"2000": null, "2001": -10082.4, "2002": -10077.4, "2003": null, "2004": null, "2005": null, "2006": null, "2007": null, "2008": -10079.3, "2009": null, "2010": -10132.8, "2011": -10130.9, "2013": null, "2014": null, "2015": -10098.9, "2016": -10100.7, "2017": null, "2018": -310.5, "2019": -10150.0, "2020": -10148.9, "2021": -10221.3, "2022": -10237.9, "2023": -10266.3, "2024": -10282.7, "2025": -10285.3, "2026": -10298.6}, "total_retreat_m": 216.2, "speed_m_per_year": -3.23, "r_squared": 0.557, "std_error": 1.09, "ci_95_low": -5.8, "ci_95_high": -0.66, "valid_years": 16, "confidence": "medium", "risk_class": "low", "anchor": [51.58714020129739, 43.20863870317397], "outliers_removed": 7}}, {"type": "Feature", "geometry": {"type": "LineString", "coordinates": [[51.59109436361079, 43.205188483658254], [51.42889693427507, 43.14076082841015]]}, "properties": {"transect_id": 370, "baseline_distance_m": 184500, "positions": {"2000": -472.2, "2001": -456.7, "2002": -596.7, "2003": null, "2004": null, "2005": null, "2006": -449.4, "2007": -618.9, "2008": -548.5, "2009": null, "2010": -398.7, "2011": -344.1, "2013": null, "2014": null, "2015": -7564.6, "2016": -584.2, "2017": null, "2018": -349.8, "2019": -584.3, "2020": -7565.1, "2021": -7560.7, "2022": -474.3, "2023": -7563.8, "2024": -7562.1, "2025": -593.4, "2026": -586.9}, "total_retreat_m": 114.7, "speed_m_per_year": -166.57, "r_squared": 0.199, "std_error": 80.94, "ci_95_low": -337.33, "ci_95_high": 4.19, "valid_years": 19, "confidence": "low", "risk_class": "high", "anchor": [51.59109436361079, 43.205188483658254], "outliers_removed": 0}}, {"type": "Feature", "geometry": {"type": "LineString", "coordinates": [[51.59504808086328, 43.20173812802737], [51.43285570426188, 43.137316017244906]]}, "properties": {"transect_id": 371, "baseline_distance_m": 185000, "positions": {"2000": -244.0, "2001": -248.4, "2002": -251.3, "2003": null, "2004": null, "2005": null, "2006": -269.2, "2007": -199.8, "2008": -192.3, "2009": null, "2010": -215.7, "2011": -242.3, "2013": -255.7, "2014": null, "2015": -247.7, "2016": -231.9, "2017": null, "2018": -219.6, "2019": -203.7, "2020": -6496.3, "2021": -275.2, "2022": -204.9, "2023": -290.0, "2024": -271.7, "2025": -259.8, "2026": -279.7}, "total_retreat_m": 35.7, "speed_m_per_year": -0.98, "r_squared": 0.08, "std_error": 0.81, "ci_95_low": -2.68, "ci_95_high": 0.72, "valid_years": 20, "confidence": "low", "risk_class": "low", "anchor": [51.59504808086328, 43.20173812802737], "outliers_removed": 1}}, {"type": "Feature", "geometry": {"type": "LineString", "coordinates": [[51.599001353145646, 43.19828763633059], [51.43681403025952, 43.133871068973015]]}, "properties": {"transect_id": 372, "baseline_distance_m": 185500, "positions": {"2000": -2525.0, "2001": -2527.6, "2002": -1967.4, "2003": null, "2004": null, "2005": null, "2006": -1998.7, "2007": -203.1, "2008": -2026.8, "2009": null, "2010": -238.8, "2011": -2528.2, "2013": null, "2014": -304.9, "2015": -5570.4, "2016": -2121.7, "2017": null, "2018": -1969.0, "2019": -2119.6, "2020": -2309.2, "2021": -2364.3, "2022": -2128.3, "2023": -5563.1, "2024": -2129.1, "2025": -2250.0, "2026": -2149.0}, "total_retreat_m": -376.0, "speed_m_per_year": 4.65, "r_squared": 0.045, "std_error": 5.95, "ci_95_low": -8.21, "ci_95_high": 17.5, "valid_years": 20, "confidence": "low", "risk_class": "low", "anchor": [51.599001353145646, 43.19828763633059], "outliers_removed": 5}}, {"type": "Feature", "geometry": {"type": "LineString", "coordinates": [[51.602954180548664, 43.19483700861715], [51.44077191235803, 43.13042598364375]]}, "properties": {"transect_id": 373, "baseline_distance_m": 186000, "positions": {"2000": -3504.2, "2001": -3575.5, "2002": -3513.7, "2003": null, "2004": null, "2005": null, "2006": null, "2007": -3577.7, "2008": -1128.9, "2009": null, "2010": -3575.4, "2011": -3589.2, "2013": null, "2014": null, "2015": -3622.9, "2016": -3591.4, "2017": null, "2018": -514.4, "2019": -522.0, "2020": -3600.1, "2021": -3622.0, "2022": -519.9, "2023": -3616.3, "2024": -521.8, "2025": -521.4, "2026": -521.2}, "total_retreat_m": -2983.0, "speed_m_per_year": 93.95, "r_squared": 0.288, "std_error": 36.92, "ci_95_low": 15.69, "ci_95_high": 172.21, "valid_years": 18, "confidence": "low", "risk_class": "low", "anchor": [51.602954180548664, 43.19483700861715], "outliers_removed": 0}}, {"type": "Feature", "geometry": {"type": "LineString", "coordinates": [[51.606906563163086, 43.1913862449363], [51.44472935064746, 43.12698076130637]]}, "properties": {"transect_id": 374, "baseline_distance_m": 186500, "positions": {"2000": -1793.7, "2001": -1802.2, "2002": -1800.4, "2003": null, "2004": null, "2005": null, "2006": -1789.2, "2007": -1791.7, "2008": -1782.6, "2009": null, "2010": -1720.1, "2011": -1784.4, "2013": -1723.5, "2014": null, "2015": -1724.8, "2016": -1334.2, "2017": null, "2018": -567.5, "2019": -575.7, "2020": -1366.8, "2021": -1349.7, "2022": -576.0, "2023": -1332.1, "2024": -577.5, "2025": -577.6, "2026": -575.3}, "total_retreat_m": -1218.4, "speed_m_per_year": 51.51, "r_squared": 0.652, "std_error": 8.86, "ci_95_low": 32.89, "ci_95_high": 70.13, "valid_years": 20, "confidence": "medium", "risk_class": "low", "anchor": [51.606906563163086, 43.1913862449363], "outliers_removed": 0}}, {"type": "Feature", "geometry": {"type": "LineString", "coordinates": [[51.61085850107967, 43.187935345337266], [51.44868634521782, 43.123535402010134]]}, "properties": {"transect_id": 375, "baseline_distance_m": 187000, "positions": {"2000": -337.8, "2001": -342.1, "2002": -342.2, "2003": null, "2004": null, "2005": null, "2006": -339.3, "2007": -224.1, "2008": -328.7, "2009": null, "2010": -339.4, "2011": -337.4, "2013": -408.3, "2014": -331.7, "2015": -404.9, "2016": -336.9, "2017": null, "2018": -331.0, "2019": -340.9, "2020": -405.0, "2021": -413.4, "2022": -404.9, "2023": -418.9, "2024": -418.9, "2025": -529.1, "2026": -535.1}, "total_retreat_m": 197.3, "speed_m_per_year": -6.0, "r_squared": 0.489, "std_error": 1.41, "ci_95_low": -8.94, "ci_95_high": -3.05, "valid_years": 21, "confidence": "low", "risk_class": "low", "anchor": [51.61085850107967, 43.187935345337266], "outliers_removed": 0}}, {"type": "Feature", "geometry": {"type": "LineString", "coordinates": [[51.61480999438916, 43.184484309869305], [51.45264289615914, 43.12008990580428]]}, "properties": {"transect_id": 376, "baseline_distance_m": 187500, "positions": {"2000": null, "2001": null, "2002": null, "2003": null, "2004": null, "2005": null, "2006": null, "2007": null, "2008": null, "2009": null, "2010": null, "2011": null, "2013": null, "2014": null, "2015": -10675.7, "2016": null, "2017": null, "2018": null, "2019": null, "2020": null, "2021": null, "2022": null, "2023": null, "2024": null, "2025": null, "2026": -10919.2}, "total_retreat_m": 243.5, "speed_m_per_year": 0.0, "r_squared": 0.0, "std_error": 0.0, "ci_95_low": 0.0, "ci_95_high": 0.0, "valid_years": 2, "confidence": "low", "risk_class": "low", "anchor": [51.61480999438916, 43.184484309869305], "outliers_removed": 0}}, {"type": "Feature", "geometry": {"type": "LineString", "coordinates": [[51.61876104318228, 43.181033138581604], [51.45659900356142, 43.116644272738036]]}, "properties": {"transect_id": 377, "baseline_distance_m": 188000, "positions": {"2000": null, "2001": null, "2002": null, "2003": null, "2004": null, "2005": null, "2006": null, "2007": null, "2008": null, "2009": null, "2010": null, "2011": null, "2013": null, "2014": null, "2015": -10606.8, "2016": null, "2017": null, "2018": null, "2019": null, "2020": null, "2021": null, "2022": null, "2023": null, "2024": null, "2025": null, "2026": -11363.1}, "total_retreat_m": 756.3, "speed_m_per_year": 0.0, "r_squared": 0.0, "std_error": 0.0, "ci_95_low": 0.0, "ci_95_high": 0.0, "valid_years": 2, "confidence": "low", "risk_class": "low", "anchor": [51.61876104318228, 43.181033138581604], "outliers_removed": 0}}, {"type": "Feature", "geometry": {"type": "LineString", "coordinates": [[51.622711647549764, 43.17758183152339], [51.46055466751468, 43.11319850286065]]}, "properties": {"transect_id": 378, "baseline_distance_m": 188500, "positions": {"2000": null, "2001": null, "2002": null, "2003": null, "2004": null, "2005": null, "2006": null, "2007": null, "2008": null, "2009": null, "2010": null, "2011": null, "2013": null, "2014": null, "2015": -9913.4, "2016": null, "2017": null, "2018": null, "2019": null, "2020": null, "2021": null, "2022": null, "2023": null, "2024": null, "2025": null, "2026": -10858.5}, "total_retreat_m": 945.1, "speed_m_per_year": 0.0, "r_squared": 0.0, "std_error": 0.0, "ci_95_low": 0.0, "ci_95_high": 0.0, "valid_years": 2, "confidence": "low", "risk_class": "low", "anchor": [51.622711647549764, 43.17758183152339], "outliers_removed": 0}}, {"type": "Feature", "geometry": {"type": "LineString", "coordinates": [[51.626661807582316, 43.174130388743876], [51.46450988810888, 43.10975259622135]]}, "properties": {"transect_id": 379, "baseline_distance_m": 189000, "positions": {"2000": null, "2001": null, "2002": null, "2003": null, "2004": null, "2005": null, "2006": null, "2007": null, "2008": null, "2009": null, "2010": null, "2011": null, "2013": null, "2014": null, "2015": -9938.3, "2016": null, "2017": null, "2018": null, "2019": null, "2020": -14828.5, "2021": null, "2022": null, "2023": null, "2024": null, "2025": null, "2026": -10100.2}, "total_retreat_m": 161.9, "speed_m_per_year": 11.75, "r_squared": 0.001, "std_error": 504.22, "ci_95_low": -6395.02, "ci_95_high": 6418.52, "valid_years": 3, "confidence": "low", "risk_class": "low", "anchor": [51.626661807582316, 43.174130388743876], "outliers_removed": 3}}, {"type": "Feature", "geometry": {"type": "LineString", "coordinates": [[51.63061152337064, 43.17067881029224], [51.46846466543401, 43.10630655286931]]}, "properties": {"transect_id": 380, "baseline_distance_m": 189500, "positions": {"2000": null, "2001": null, "2002": null, "2003": null, "2004": null, "2005": null, "2006": null, "2007": null, "2008": null, "2009": null, "2010": null, "2011": null, "2013": null, "2014": null, "2015": -9433.8, "2016": null, "2017": null, "2018": null, "2019": null, "2020": -10162.2, "2021": null, "2022": null, "2023": null, "2024": null, "2025": null, "2026": -9696.3}, "total_retreat_m": 262.5, "speed_m_per_year": -20.52, "r_squared": 0.094, "std_error": 63.76, "ci_95_low": -830.68, "ci_95_high": 789.65, "valid_years": 3, "confidence": "low", "risk_class": "high", "anchor": [51.63061152337064, 43.17067881029224], "outliers_removed": 3}}, {"type": "Feature", "geometry": {"type": "LineString", "coordinates": [[51.63456079500543, 43.16722709621767], [51.47241899958005, 43.102860372853776]]}, "properties": {"transect_id": 381, "baseline_distance_m": 190000, "positions": {"2000": null, "2001": null, "2002": null, "2003": null, "2004": null, "2005": null, "2006": null, "2007": null, "2008": null, "2009": null, "2010": null, "2011": null, "2013": null, "2014": null, "2015": -8698.7, "2016": -2631.2, "2017": null, "2018": null, "2019": null, "2020": -10877.2, "2021": -7108.2, "2022": -7076.2, "2023": -7141.2, "2024": -7179.2, "2025": -7181.9, "2026": -7184.9}, "total_retreat_m": -1513.8, "speed_m_per_year": -21.1, "r_squared": 0.762, "std_error": 5.89, "ci_95_low": -37.47, "ci_95_high": -4.74, "valid_years": 9, "confidence": "low", "risk_class": "high", "anchor": [51.63456079500543, 43.16722709621767], "outliers_removed": 3}}, {"type": "Feature", "geometry": {"type": "LineString", "coordinates": [[51.63850962257735, 43.16377524656935], [51.47637289063694, 43.0994140562239]]}, "properties": {"transect_id": 382, "baseline_distance_m": 190500, "positions": {"2000": null, "2001": null, "2002": null, "2003": null, "2004": null, "2005": null, "2006": null, "2007": null, "2008": null, "2009": null, "2010": null, "2011": null, "2013": null, "2014": null, "2015": -8684.6, "2016": null, "2017": null, "2018": null, "2019": -14991.5, "2020": -11770.6, "2021": null, "2022": null, "2023": -6909.7, "2024": -6907.7, "2025": -6910.2, "2026": -6909.6}, "total_retreat_m": -1775.0, "speed_m_per_year": 280.74, "r_squared": 0.336, "std_error": 197.43, "ci_95_low": -267.41, "ci_95_high": 828.89, "valid_years": 7, "confidence": "low", "risk_class": "low", "anchor": [51.63850962257735, 43.16377524656935], "outliers_removed": 1}}, {"type": "Feature", "geometry": {"type": "LineString", "coordinates": [[51.6424580061771, 43.160323261396435], [51.48032633869464, 43.09596760302889]]}, "properties": {"transect_id": 383, "baseline_distance_m": 191000, "positions": {"2000": null, "2001": null, "2002": null, "2003": null, "2004": null, "2005": null, "2006": null, "2007": null, "2008": null, "2009": null, "2010": null, "2011": null, "2013": null, "2014": null, "2015": null, "2016": null, "2017": null, "2018": null, "2019": null, "2020": -12365.8, "2021": null, "2022": null, "2023": -7042.5, "2024": -7053.4, "2025": -7046.7, "2026": -3886.3}, "total_retreat_m": -8479.5, "speed_m_per_year": 1260.78, "r_squared": 0.902, "std_error": 239.5, "ci_95_low": 498.59, "ci_95_high": 2022.97, "valid_years": 5, "confidence": "low", "risk_class": "low", "anchor": [51.6424580061771, 43.160323261396435], "outliers_removed": 0}}, {"type": "Feature", "geometry": {"type": "LineString", "coordinates": [[51.64640594589532, 43.156871140748116], [51.48427934384309, 43.09252101331796]]}, "properties": {"transect_id": 384, "baseline_distance_m": 191500, "positions": {"2000": null, "2001": null, "2002": null, "2003": null, "2004": null, "2005": null, "2006": null, "2007": null, "2008": null, "2009": null, "2010": null, "2011": null, "2013": null, "2014": null, "2015": -8961.5, "2016": null, "2017": null, "2018": null, "2019": null, "2020": -10618.9, "2021": -13847.1, "2022": null, "2023": null, "2024": null, "2025": null, "2026": -3820.2}, "total_retreat_m": -5141.3, "speed_m_per_year": 437.1, "r_squared": 0.222, "std_error": 579.03, "ci_95_low": -2054.26, "ci_95_high": 2928.46, "valid_years": 4, "confidence": "low", "risk_class": "low", "anchor": [51.64640594589532, 43.156871140748116], "outliers_removed": 0}}, {"type": "Feature", "geometry": {"type": "LineString", "coordinates": [[51.650353441822666, 43.15341888467351], [51.48823190617221, 43.08907428714023]]}, "properties": {"transect_id": 385, "baseline_distance_m": 192000, "positions": {"2000": null, "2001": null, "2002": null, "2003": null, "2004": null, "2005": null, "2006": null, "2007": null, "2008": null, "2009": null, "2010": null, "2011": null, "2013": null, "2014": null, "2015": -4672.8, "2016": null, "2017": null, "2018": null, "2019": -9701.0, "2020": -11098.2, "2021": -14433.3, "2022": null, "2023": null, "2024": null, "2025": null, "2026": -4155.2}, "total_retreat_m": -517.6, "speed_m_per_year": 40.01, "r_squared": 0.001, "std_error": 636.53, "ci_95_low": -1985.72, "ci_95_high": 2065.73, "valid_years": 5, "confidence": "low", "risk_class": "low", "anchor": [51.650353441822666, 43.15341888467351], "outliers_removed": 0}}, {"type": "Feature", "geometry": {"type": "LineString", "coordinates": [[51.65430049404978, 43.14996649322181], [51.492184025771934, 43.08562742454489]]}, "properties": {"transect_id": 386, "baseline_distance_m": 192500, "positions": {"2000": null, "2001": null, "2002": null, "2003": null, "2004": null, "2005": null, "2006": null, "2007": null, "2008": null, "2009": null, "2010": null, "2011": null, "2013": null, "2014": null, "2015": -4758.0, "2016": null, "2017": null, "2018": null, "2019": -8415.2, "2020": -7925.2, "2021": -14682.2, "2022": null, "2023": null, "2024": null, "2025": null, "2026": -4200.3}, "total_retreat_m": -557.7, "speed_m_per_year": 5.05, "r_squared": 0.0, "std_error": 608.57, "ci_95_low": -1931.7, "ci_95_high": 1941.81, "valid_years": 5, "confidence": "low", "risk_class": "low", "anchor": [51.65430049404978, 43.14996649322181], "outliers_removed": 0}}, {"type": "Feature", "geometry": {"type": "LineString", "coordinates": [[51.658247102667296, 43.14651396644209], [51.49613570273216, 43.08218042558107]]}, "properties": {"transect_id": 387, "baseline_distance_m": 193000, "positions": {"2000": null, "2001": null, "2002": null, "2003": null, "2004": null, "2005": null, "2006": null, "2007": null, "2008": null, "2009": null, "2010": null, "2011": null, "2013": null, "2014": null, "2015": -1722.4, "2016": null, "2017": null, "2018": null, "2019": -8142.7, "2020": -8641.3, "2021": null, "2022": null, "2023": null, "2024": null, "2025": null, "2026": -526.3}, "total_retreat_m": -1196.1, "speed_m_per_year": 219.3, "r_squared": 0.056, "std_error": 639.28, "ci_95_low": -2531.3, "ci_95_high": 2969.91, "valid_years": 4, "confidence": "low", "risk_class": "low", "anchor": [51.658247102667296, 43.14651396644209], "outliers_removed": 0}}, {"type": "Feature", "geometry": {"type": "LineString", "coordinates": [[51.662193267765836, 43.14306130438354], [51.500086937142804, 43.078733290297926]]}, "properties": {"transect_id": 388, "baseline_distance_m": 193500, "positions": {"2000": null, "2001": null, "2002": null, "2003": null, "2004": null, "2005": null, "2006": null, "2007": null, "2008": null, "2009": null, "2010": null, "2011": null, "2013": null, "2014": null, "2015": -2299.6, "2016": null, "2017": null, "2018": null, "2019": -13481.3, "2020": -8822.7, "2021": -14107.1, "2022": null, "2023": null, "2024": null, "2025": null, "2026": -260.4}, "total_retreat_m": -2039.2, "speed_m_per_year": 272.36, "r_squared": 0.029, "std_error": 908.63, "ci_95_low": -2619.3, "ci_95_high": 3164.02, "valid_years": 5, "confidence": "low", "risk_class": "low", "anchor": [51.662193267765836, 43.14306130438354], "outliers_removed": 0}}, {"type": "Feature", "geometry": {"type": "LineString", "coordinates": [[51.666138989436, 43.13960850709525], [51.50403772909374, 43.07528601874463]]}, "properties": {"transect_id": 389, "baseline_distance_m": 194000, "positions": {"2000": null, "2001": null, "2002": null, "2003": null, "2004": null, "2005": null, "2006": null, "2007": null, "2008": null, "2009": null, "2010": null, "2011": null, "2013": null, "2014": null, "2015": -3145.3, "2016": null, "2017": null, "2018": null, "2019": -13156.0, "2020": -8372.3, "2021": -14622.3, "2022": null, "2023": null, "2024": null, "2025": null, "2026": -621.7}, "total_retreat_m": -2523.6, "speed_m_per_year": 294.8, "r_squared": 0.037, "std_error": 871.6, "ci_95_low": -2479.03, "ci_95_high": 3068.63, "valid_years": 5, "confidence": "low", "risk_class": "low", "anchor": [51.666138989436, 43.13960850709525], "outliers_removed": 0}}, {"type": "Feature", "geometry": {"type": "LineString", "coordinates": [[51.670084267768395, 43.136155574626315], [51.507988078674856, 43.07183861097026]]}, "properties": {"transect_id": 390, "baseline_distance_m": 194500, "positions": {"2000": null, "2001": null, "2002": null, "2003": null, "2004": null, "2005": null, "2006": null, "2007": null, "2008": null, "2009": null, "2010": null, "2011": null, "2013": null, "2014": null, "2015": -6194.1, "2016": null, "2017": null, "2018": null, "2019": -12887.7, "2020": -8487.4, "2021": -11119.3, "2022": null, "2023": -70.4, "2024": -99.1, "2025": -166.7, "2026": -169.0}, "total_retreat_m": -6025.1, "speed_m_per_year": 1022.84, "r_squared": 0.462, "std_error": 450.88, "ci_95_low": -80.43, "ci_95_high": 2126.12, "valid_years": 8, "confidence": "low", "risk_class": "low", "anchor": [51.670084267768395, 43.136155574626315], "outliers_removed": 0}}, {"type": "Feature", "geometry": {"type": "LineString", "coordinates": [[51.674029102853616, 43.13270250702586], [51.51193798597602, 43.06839106702396]]}, "properties": {"transect_id": 391, "baseline_distance_m": 195000, "positions": {"2000": -161.1, "2001": -146.6, "2002": -139.0, "2003": null, "2004": null, "2005": null, "2006": -130.9, "2007": -123.7, "2008": -119.9, "2009": null, "2010": -289.0, "2011": -295.0, "2013": -325.3, "2014": -277.9, "2015": -326.3, "2016": -327.8, "2017": null, "2018": -348.2, "2019": -351.5, "2020": -333.3, "2021": -407.4, "2022": -418.7, "2023": -446.2, "2024": -456.6, "2025": -468.8, "2026": -472.7}, "total_retreat_m": 311.6, "speed_m_per_year": -14.21, "r_squared": 0.892, "std_error": 1.13, "ci_95_low": -16.58, "ci_95_high": -11.84, "valid_years": 21, "confidence": "high", "risk_class": "medium", "anchor": [51.674029102853616, 43.13270250702586], "outliers_removed": 0}}, {"type": "Feature", "geometry": {"type": "LineString", "coordinates": [[51.677973494782236, 43.129249304342984], [51.515887451087096, 43.06494338695486]]}, "properties": {"transect_id": 392, "baseline_distance_m": 195500, "positions": {"2000": -379.1, "2001": -430.0, "2002": -417.4, "2003": null, "2004": null, "2005": null, "2006": -406.9, "2007": -403.1, "2008": -359.3, "2009": null, "2010": -517.3, "2011": -658.9, "2013": -666.4, "2014": -659.1, "2015": -679.5, "2016": -663.7, "2017": null, "2018": -684.7, "2019": -691.6, "2020": -696.6, "2021": -720.4, "2022": -739.6, "2023": -771.1, "2024": -778.2, "2025": -983.7, "2026": -990.1}, "total_retreat_m": 611.0, "speed_m_per_year": -20.78, "r_squared": 0.853, "std_error": 1.98, "ci_95_low": -24.93, "ci_95_high": -16.63, "valid_years": 21, "confidence": "high", "risk_class": "high", "anchor": [51.677973494782236, 43.129249304342984], "outliers_removed": 0}}, {"type": "Feature", "geometry": {"type": "LineString", "coordinates": [[51.68191744364482, 43.125795966626754], [51.519836474097936, 43.06149557081203]]}, "properties": {"transect_id": 393, "baseline_distance_m": 196000, "positions": {"2000": -942.2, "2001": -943.4, "2002": -950.2, "2003": null, "2004": null, "2005": null, "2006": -934.8, "2007": -962.1, "2008": -946.2, "2009": null, "2010": -943.3, "2011": -949.5, "2013": -954.3, "2014": -949.6, "2015": -958.7, "2016": -944.1, "2017": null, "2018": -953.9, "2019": -976.1, "2020": -959.8, "2021": -976.4, "2022": -1005.3, "2023": -1058.4, "2024": -1069.1, "2025": -1081.8, "2026": -1139.2}, "total_retreat_m": 197.0, "speed_m_per_year": -5.12, "r_squared": 0.54, "std_error": 1.09, "ci_95_low": -7.39, "ci_95_high": -2.85, "valid_years": 21, "confidence": "medium", "risk_class": "low", "anchor": [51.68191744364482, 43.125795966626754], "outliers_removed": 0}}, {"type": "Feature", "geometry": {"type": "LineString", "coordinates": [[51.68586094953195, 43.12234249392627], [51.52378505509838, 43.05804761864459]]}, "properties": {"transect_id": 394, "baseline_distance_m": 196500, "positions": {"2000": -1650.8, "2001": -1696.9, "2002": -1660.6, "2003": null, "2004": null, "2005": null, "2006": -1650.7, "2007": -1484.4, "2008": -1697.7, "2009": null, "2010": -1689.0, "2011": -1698.0, "2013": -1701.0, "2014": -1687.8, "2015": -1706.9, "2016": -1792.8, "2017": null, "2018": -1754.2, "2019": -1903.9, "2020": -1784.5, "2021": -1903.7, "2022": -1912.3, "2023": -1914.1, "2024": -1913.2, "2025": -1917.2, "2026": -1913.3}, "total_retreat_m": 262.5, "speed_m_per_year": -12.7, "r_squared": 0.712, "std_error": 1.85, "ci_95_low": -16.57, "ci_95_high": -8.82, "valid_years": 21, "confidence": "medium", "risk_class": "medium", "anchor": [51.68586094953195, 43.12234249392627], "outliers_removed": 0}}, {"type": "Feature", "geometry": {"type": "LineString", "coordinates": [[51.689804012534154, 43.11888888629059], [51.52773319417826, 43.05459953050161]]}, "properties": {"transect_id": 395, "baseline_distance_m": 197000, "positions": {"2000": -2976.0, "2001": -3011.2, "2002": -3011.7, "2003": null, "2004": null, "2005": null, "2006": -2979.2, "2007": -2984.0, "2008": -3005.4, "2009": null, "2010": -3006.7, "2011": -3004.7, "2013": -3009.9, "2014": -3000.8, "2015": -3008.7, "2016": -2998.9, "2017": null, "2018": -3013.3, "2019": -3015.8, "2020": -3018.4, "2021": -3021.5, "2022": -3020.3, "2023": -3028.0, "2024": -3040.1, "2025": -3041.8, "2026": -3039.8}, "total_retreat_m": 63.8, "speed_m_per_year": -1.75, "r_squared": 0.625, "std_error": 0.31, "ci_95_low": -2.41, "ci_95_high": -1.1, "valid_years": 21, "confidence": "medium", "risk_class": "low", "anchor": [51.689804012534154, 43.11888888629059], "outliers_removed": 0}}, {"type": "Feature", "geometry": {"type": "LineString", "coordinates": [[51.69374663274197, 43.115435143768764], [51.53168089142739, 43.0511513064322]]}, "properties": {"transect_id": 396, "baseline_distance_m": 197500, "positions": {"2000": -2983.5, "2001": -2994.7, "2002": -2991.7, "2003": null, "2004": null, "2005": null, "2006": -2989.0, "2007": -2995.0, "2008": -2980.3, "2009": null, "2010": -2983.7, "2011": -2986.1, "2013": -2994.6, "2014": -2974.1, "2015": -2987.1, "2016": -2970.1, "2017": null, "2018": -2967.3, "2019": -2969.5, "2020": -2984.2, "2021": -2980.2, "2022": -2974.5, "2023": -2979.2, "2024": -2988.8, "2025": -2998.2, "2026": -3003.4}, "total_retreat_m": 19.9, "speed_m_per_year": 0.16, "r_squared": 0.017, "std_error": 0.28, "ci_95_low": -0.42, "ci_95_high": 0.74, "valid_years": 21, "confidence": "low", "risk_class": "low", "anchor": [51.69374663274197, 43.115435143768764], "outliers_removed": 0}}, {"type": "Feature", "geometry": {"type": "LineString", "coordinates": [[51.69768881024594, 43.11198126640988], [51.5356281469356, 43.047702946485416]]}, "properties": {"transect_id": 397, "baseline_distance_m": 198000, "positions": {"2000": -2901.5, "2001": -2908.5, "2002": -2902.2, "2003": null, "2004": null, "2005": null, "2006": -2907.8, "2007": -2894.5, "2008": -2903.7, "2009": null, "2010": -2912.5, "2011": -2914.7, "2013": -2903.2, "2014": -2906.8, "2015": -2915.6, "2016": -2910.8, "2017": null, "2018": -2912.4, "2019": -2917.1, "2020": -2920.2, "2021": -2920.3, "2022": -2918.5, "2023": -2929.7, "2024": -2935.2, "2025": -2938.7, "2026": -2938.7}, "total_retreat_m": 37.2, "speed_m_per_year": -1.28, "r_squared": 0.707, "std_error": 0.19, "ci_95_low": -1.67, "ci_95_high": -0.88, "valid_years": 21, "confidence": "medium", "risk_class": "low", "anchor": [51.69768881024594, 43.11198126640988], "outliers_removed": 0}}, {"type": "Feature", "geometry": {"type": "LineString", "coordinates": [[51.70163054513658, 43.108527254262945], [51.53957496079267, 43.04425445071031]]}, "properties": {"transect_id": 398, "baseline_distance_m": 198500, "positions": {"2000": -2881.8, "2001": -2897.6, "2002": -2890.7, "2003": null, "2004": null, "2005": null, "2006": -2882.6, "2007": -2864.9, "2008": -2890.4, "2009": null, "2010": -2888.4, "2011": -2900.4, "2013": -2911.4, "2014": -2883.0, "2015": -2895.5, "2016": -2894.7, "2017": null, "2018": -2901.3, "2019": -2901.0, "2020": -2909.4, "2021": -2908.0, "2022": -2908.4, "2023": -2921.6, "2024": -2919.6, "2025": -2921.3, "2026": -2930.9}, "total_retreat_m": 49.1, "speed_m_per_year": -1.54, "r_squared": 0.614, "std_error": 0.28, "ci_95_low": -2.13, "ci_95_high": -0.96, "valid_years": 21, "confidence": "medium", "risk_class": "low", "anchor": [51.70163054513658, 43.108527254262945], "outliers_removed": 0}}, {"type": "Feature", "geometry": {"type": "LineString", "coordinates": [[51.70557183750441, 43.10507310737704], [51.54352133308841, 43.040805819155956]]}, "properties": {"transect_id": 399, "baseline_distance_m": 199000, "positions": {"2000": -2920.1, "2001": -2945.9, "2002": -2943.7, "2003": null, "2004": null, "2005": null, "2006": -2927.2, "2007": -2897.6, "2008": -2952.9, "2009": null, "2010": -2941.0, "2011": -2968.5, "2013": -2974.5, "2014": -2931.2, "2015": -2973.9, "2016": -2953.0, "2017": null, "2018": -2957.3, "2019": -2961.9, "2020": -2975.9, "2021": -2961.2, "2022": -2966.0, "2023": -2954.2, "2024": -2964.8, "2025": -2970.5, "2026": -2969.5}, "total_retreat_m": 49.4, "speed_m_per_year": -1.62, "r_squared": 0.418, "std_error": 0.44, "ci_95_low": -2.54, "ci_95_high": -0.7, "valid_years": 21, "confidence": "low", "risk_class": "low", "anchor": [51.70557183750441, 43.10507310737704], "outliers_removed": 0}}, {"type": "Feature", "geometry": {"type": "LineString", "coordinates": [[51.7095126874399, 43.10161882580115], [51.547467263912594, 43.03735705187138]]}, "properties": {"transect_id": 400, "baseline_distance_m": 199500, "positions": {"2000": -2787.7, "2001": -2821.8, "2002": -2825.1, "2003": null, "2004": null, "2005": null, "2006": -2823.3, "2007": -2728.5, "2008": -2790.2, "2009": null, "2010": -2794.4, "2011": -2823.1, "2013": -2806.2, "2014": -2793.4, "2015": -2826.2, "2016": -2817.2, "2017": null, "2018": -2806.8, "2019": -2824.9, "2020": -2826.0, "2021": -2827.2, "2022": -2825.1, "2023": -2833.4, "2024": -2840.8, "2025": -2842.6, "2026": -2845.5}, "total_retreat_m": 57.8, "speed_m_per_year": -1.28, "r_squared": 0.368, "std_error": 0.4, "ci_95_low": -2.11, "ci_95_high": -0.45, "valid_years": 21, "confidence": "low", "risk_class": "low", "anchor": [51.7095126874399, 43.10161882580115], "outliers_removed": 1}}, {"type": "Feature", "geometry": {"type": "LineString", "coordinates": [[51.71345309503355, 43.09816440958429], [51.551412753354995, 43.03390814890563]]}, "properties": {"transect_id": 401, "baseline_distance_m": 200000, "positions": {"2000": -2664.6, "2001": -2684.1, "2002": -2686.5, "2003": null, "2004": null, "2005": null, "2006": -2674.8, "2007": -2652.6, "2008": -2681.8, "2009": null, "2010": -2690.3, "2011": -2683.1, "2013": -2703.0, "2014": -2684.0, "2015": -2718.8, "2016": -2703.1, "2017": null, "2018": -2701.4, "2019": -2728.2, "2020": -2724.3, "2021": -2720.6, "2022": -2719.0, "2023": -2718.8, "2024": -2714.3, "2025": -2718.1, "2026": -2717.5}, "total_retreat_m": 52.9, "speed_m_per_year": -2.22, "r_squared": 0.701, "std_error": 0.33, "ci_95_low": -2.91, "ci_95_high": -1.52, "valid_years": 21, "confidence": "medium", "risk_class": "low", "anchor": [51.71345309503355, 43.09816440958429], "outliers_removed": 0}}, {"type": "Feature", "geometry": {"type": "LineString", "coordinates": [[51.717393060375855, 43.09470985877553], [51.55535780150538, 43.03045911030776]]}, "properties": {"transect_id": 402, "baseline_distance_m": 200500, "positions": {"2000": -2518.4, "2001": -2525.8, "2002": -2522.8, "2003": null, "2004": null, "2005": null, "2006": -2522.7, "2007": -2498.9, "2008": -2523.9, "2009": null, "2010": -2525.8, "2011": -2520.5, "2013": -2531.4, "2014": -2520.0, "2015": -2529.9, "2016": -2544.5, "2017": null, "2018": -2533.5, "2019": -2549.7, "2020": -2559.6, "2021": -2558.6, "2022": -2547.9, "2023": -2552.8, "2024": -2581.7, "2025": -2562.1, "2026": -2564.0}, "total_retreat_m": 45.6, "speed_m_per_year": -2.08, "r_squared": 0.699, "std_error": 0.31, "ci_95_low": -2.74, "ci_95_high": -1.42, "valid_years": 21, "confidence": "medium", "risk_class": "low", "anchor": [51.717393060375855, 43.09470985877553], "outliers_removed": 0}}, {"type": "Feature", "geometry": {"type": "LineString", "coordinates": [[51.72133258355728, 43.091255173423825], [51.5593024084535, 43.02700993612676]]}, "properties": {"transect_id": 403, "baseline_distance_m": 201000, "positions": {"2000": -2362.3, "2001": -2363.6, "2002": -2363.3, "2003": null, "2004": null, "2005": null, "2006": -2360.4, "2007": -2359.2, "2008": -2360.7, "2009": null, "2010": -2364.5, "2011": -2365.2, "2013": -2405.4, "2014": -2366.5, "2015": -2420.3, "2016": -2421.5, "2017": null, "2018": -2419.3, "2019": -2422.4, "2020": -2434.1, "2021": -2441.4, "2022": -2449.4, "2023": -2456.2, "2024": -2473.8, "2025": -2475.1, "2026": -2475.7}, "total_retreat_m": 113.4, "speed_m_per_year": -4.98, "r_squared": 0.856, "std_error": 0.47, "ci_95_low": -5.96, "ci_95_high": -4.0, "valid_years": 21, "confidence": "high", "risk_class": "low", "anchor": [51.72133258355728, 43.091255173423825], "outliers_removed": 0}}, {"type": "Feature", "geometry": {"type": "LineString", "coordinates": [[51.725271664668256, 43.08780035357818], [51.563246574289096, 43.02356062641165]]}, "properties": {"transect_id": 404, "baseline_distance_m": 201500, "positions": {"2000": -2309.5, "2001": -2322.5, "2002": -2313.2, "2003": null, "2004": null, "2005": null, "2006": -2316.3, "2007": -2329.4, "2008": -2316.4, "2009": null, "2010": -2328.1, "2011": -2313.3, "2013": -2329.8, "2014": -2307.4, "2015": -2337.8, "2016": -2333.1, "2017": null, "2018": -2357.4, "2019": -2362.4, "2020": -2362.0, "2021": -2354.8, "2022": -2340.0, "2023": -2350.3, "2024": -2347.5, "2025": -2347.4, "2026": -2354.7}, "total_retreat_m": 45.2, "speed_m_per_year": -1.8, "r_squared": 0.644, "std_error": 0.31, "ci_95_low": -2.44, "ci_95_high": -1.16, "valid_years": 21, "confidence": "medium", "risk_class": "low", "anchor": [51.725271664668256, 43.08780035357818], "outliers_removed": 0}}, {"type": "Feature", "geometry": {"type": "LineString", "coordinates": [[51.72921030379926, 43.08434539928759], [51.57731993014398, 43.007966509022566]]}, "properties": {"transect_id": 405, "baseline_distance_m": 202000, "positions": {"2000": -2046.7, "2001": -2055.2, "2002": -2051.7, "2003": null, "2004": null, "2005": null, "2006": -2049.4, "2007": -2049.8, "2008": -2052.6, "2009": null, "2010": -2063.4, "2011": -2077.2, "2013": -2099.9, "2014": -2081.8, "2015": -2102.0, "2016": -2079.2, "2017": null, "2018": -2141.1, "2019": -2134.7, "2020": -2145.6, "2021": -2117.1, "2022": -2115.0, "2023": -2106.9, "2024": -2100.2, "2025": -2104.4, "2026": -2101.8}, "total_retreat_m": 55.1, "speed_m_per_year": -3.16, "r_squared": 0.652, "std_error": 0.53, "ci_95_low": -4.27, "ci_95_high": -2.05, "valid_years": 21, "confidence": "medium", "risk_class": "low", "anchor": [51.72921030379926, 43.08434539928759], "outliers_removed": 0}}, {"type": "Feature", "geometry": {"type": "LineString", "coordinates": [[51.733148501040716, 43.08089031060103], [51.58126187375301, 43.004516579920896]]}, "properties": {"transect_id": 406, "baseline_distance_m": 202500, "positions": {"2000": -1843.1, "2001": -1844.2, "2002": -1842.2, "2003": null, "2004": null, "2005": null, "2006": -1835.9, "2007": -1820.9, "2008": -1816.2, "2009": null, "2010": -1838.2, "2011": -1823.1, "2013": -1840.0, "2014": -1840.2, "2015": -1848.5, "2016": -1834.9, "2017": null, "2018": -1841.9, "2019": -1853.7, "2020": -1860.1, "2021": -1857.1, "2022": -1860.6, "2023": -1893.4, "2024": -1897.6, "2025": -1897.7, "2026": -1910.9}, "total_retreat_m": 67.8, "speed_m_per_year": -2.4, "r_squared": 0.546, "std_error": 0.5, "ci_95_low": -3.45, "ci_95_high": -1.35, "valid_years": 21, "confidence": "medium", "risk_class": "low", "anchor": [51.733148501040716, 43.08089031060103], "outliers_removed": 0}}, {"type": "Feature", "geometry": {"type": "LineString", "coordinates": [[51.73708625648306, 43.077435087567466], [51.585203376823124, 43.00106651557345]]}, "properties": {"transect_id": 407, "baseline_distance_m": 203000, "positions": {"2000": -1752.5, "2001": -1759.0, "2002": -1756.9, "2003": null, "2004": null, "2005": null, "2006": -1750.9, "2007": -1755.3, "2008": -1756.9, "2009": null, "2010": -1759.0, "2011": -1765.8, "2013": -1763.8, "2014": -1754.7, "2015": -1804.5, "2016": -1776.7, "2017": null, "2018": -1783.3, "2019": -1789.6, "2020": -1795.5, "2021": -1813.1, "2022": -1835.9, "2023": -1853.8, "2024": -1858.8, "2025": -1885.8, "2026": -1874.4}, "total_retreat_m": 121.9, "speed_m_per_year": -4.64, "r_squared": 0.732, "std_error": 0.64, "ci_95_low": -5.98, "ci_95_high": -3.29, "valid_years": 21, "confidence": "medium", "risk_class": "low", "anchor": [51.73708625648306, 43.077435087567466], "outliers_removed": 0}}, {"type": "Feature", "geometry": {"type": "LineString", "coordinates": [[51.7410235702167, 43.07397973023588], [51.58914443944398, 42.997616316029166]]}, "properties": {"transect_id": 408, "baseline_distance_m": 203500, "positions": {"2000": -1643.8, "2001": -1661.7, "2002": -1661.8, "2003": null, "2004": null, "2005": null, "2006": -1651.5, "2007": -1660.0, "2008": -1662.3, "2009": null, "2010": -1675.9, "2011": -1679.6, "2013": -1692.5, "2014": -1669.5, "2015": -1689.0, "2016": -1677.0, "2017": null, "2018": -1671.4, "2019": -1694.7, "2020": -1688.6, "2021": -1715.8, "2022": -1711.1, "2023": -1721.3, "2024": -1738.0, "2025": -1747.3, "2026": -1748.4}, "total_retreat_m": 104.6, "speed_m_per_year": -3.39, "r_squared": 0.793, "std_error": 0.4, "ci_95_low": -4.23, "ci_95_high": -2.56, "valid_years": 21, "confidence": "medium", "risk_class": "low", "anchor": [51.7410235702167, 43.07397973023588], "outliers_removed": 0}}, {"type": "Feature", "geometry": {"type": "LineString", "coordinates": [[51.74496044233205, 43.070524238655196], [51.593085061705246, 42.99416598133701]]}, "properties": {"transect_id": 409, "baseline_distance_m": 204000, "positions": {"2000": -1534.2, "2001": -1535.5, "2002": -1536.7, "2003": null, "2004": null, "2005": null, "2006": -1528.0, "2007": -1530.5, "2008": -1537.4, "2009": null, "2010": -1541.4, "2011": -1553.8, "2013": -1567.9, "2014": -1546.7, "2015": -1558.1, "2016": -1562.0, "2017": null, "2018": -1557.2, "2019": -1561.2, "2020": -1578.2, "2021": -1578.9, "2022": -1597.1, "2023": -1608.9, "2024": -1610.8, "2025": -1620.3, "2026": -1618.0}, "total_retreat_m": 83.8, "speed_m_per_year": -3.37, "r_squared": 0.815, "std_error": 0.37, "ci_95_low": -4.14, "ci_95_high": -2.59, "valid_years": 21, "confidence": "high", "risk_class": "low", "anchor": [51.74496044233205, 43.070524238655196], "outliers_removed": 0}}, {"type": "Feature", "geometry": {"type": "LineString", "coordinates": [[51.748896872919495, 43.06706861287437], [51.597025243696535, 42.9907155115459]]}, "properties": {"transect_id": 410, "baseline_distance_m": 204500, "positions": {"2000": -1497.6, "2001": -1500.9, "2002": -1500.6, "2003": null, "2004": null, "2005": null, "2006": -1498.4, "2007": -1500.1, "2008": -1500.4, "2009": null, "2010": -1505.1, "2011": -1500.2, "2013": -1500.0, "2014": -1491.6, "2015": -1499.4, "2016": -1484.9, "2017": null, "2018": -1477.0, "2019": -1480.9, "2020": -1492.4, "2021": -1505.4, "2022": -1506.4, "2023": -1530.5, "2024": -1538.1, "2025": -1543.4, "2026": -1545.0}, "total_retreat_m": 47.4, "speed_m_per_year": -1.11, "r_squared": 0.227, "std_error": 0.47, "ci_95_low": -2.09, "ci_95_high": -0.13, "valid_years": 21, "confidence": "low", "risk_class": "low", "anchor": [51.748896872919495, 43.06706861287437], "outliers_removed": 0}}, {"type": "Feature", "geometry": {"type": "LineString", "coordinates": [[51.75283286206944, 43.063612852942356], [51.600964985507495, 42.987264906704766]]}, "properties": {"transect_id": 411, "baseline_distance_m": 205000, "positions": {"2000": -1387.5, "2001": -1392.4, "2002": -1400.0, "2003": null, "2004": null, "2005": null, "2006": -1388.1, "2007": -1388.8, "2008": -1383.7, "2009": null, "2010": -1385.2, "2011": -1392.1, "2013": -1404.2, "2014": -1388.1, "2015": -1402.7, "2016": -1398.4, "2017": null, "2018": -1391.7, "2019": -1404.4, "2020": -1404.6, "2021": -1430.9, "2022": -1420.7, "2023": -1437.5, "2024": -1432.8, "2025": -1442.9, "2026": -1445.3}, "total_retreat_m": 57.8, "speed_m_per_year": -2.01, "r_squared": 0.641, "std_error": 0.35, "ci_95_low": -2.74, "ci_95_high": -1.29, "valid_years": 21, "confidence": "medium", "risk_class": "low", "anchor": [51.75283286206944, 43.063612852942356], "outliers_removed": 0}}, {"type": "Feature", "geometry": {"type": "LineString", "coordinates": [[51.75676840987225, 43.06015695890807], [51.604904287227754, 42.983814166862565]]}, "properties": {"transect_id": 412, "baseline_distance_m": 205500, "positions": {"2000": -1332.5, "2001": -1345.7, "2002": -1342.2, "2003": null, "2004": null, "2005": null, "2006": -1333.4, "2007": -1336.1, "2008": -1336.8, "2009": null, "2010": -1345.4, "2011": -1359.9, "2013": -1365.3, "2014": -1353.6, "2015": -1376.7, "2016": -1342.3, "2017": null, "2018": -1346.1, "2019": -1380.2, "2020": -1383.4, "2021": -1392.9, "2022": -1383.9, "2023": -1405.8, "2024": -1394.6, "2025": -1431.2, "2026": -1417.9}, "total_retreat_m": 85.4, "speed_m_per_year": -3.13, "r_squared": 0.739, "std_error": 0.43, "ci_95_low": -4.02, "ci_95_high": -2.23, "valid_years": 21, "confidence": "medium", "risk_class": "low", "anchor": [51.75676840987225, 43.06015695890807], "outliers_removed": 0}}, {"type": "Feature", "geometry": {"type": "LineString", "coordinates": [[51.76070351641828, 43.05670093082042], [51.6088431489469, 42.980363292068155]]}, "properties": {"transect_id": 413, "baseline_distance_m": 206000, "positions": {"2000": -1292.7, "2001": -1319.9, "2002": -1309.9, "2003": null, "2004": null, "2005": null, "2006": -1295.8, "2007": -1314.4, "2008": -1315.7, "2009": null, "2010": -1332.7, "2011": -1325.9, "2013": -1336.5, "2014": -1329.1, "2015": -1339.8, "2016": -1321.2, "2017": null, "2018": -1319.1, "2019": -1319.6, "2020": -1330.8, "2021": -1343.3, "2022": -1394.5, "2023": -1400.9, "2024": -1398.6, "2025": -1405.3, "2026": -1401.9}, "total_retreat_m": 109.2, "speed_m_per_year": -3.64, "r_squared": 0.657, "std_error": 0.6, "ci_95_low": -4.9, "ci_95_high": -2.38, "valid_years": 21, "confidence": "medium", "risk_class": "low", "anchor": [51.76070351641828, 43.05670093082042], "outliers_removed": 0}}, {"type": "Feature", "geometry": {"type": "LineString", "coordinates": [[51.76463818179792, 43.05324476872836], [51.61278157075456, 42.97691228237051]]}, "properties": {"transect_id": 414, "baseline_distance_m": 206500, "positions": {"2000": -1235.0, "2001": -1239.5, "2002": -1239.9, "2003": null, "2004": null, "2005": null, "2006": -1237.1, "2007": -1236.9, "2008": -1238.4, "2009": null, "2010": -1283.1, "2011": -1248.8, "2013": -1249.0, "2014": -1251.8, "2015": -1258.7, "2016": -1249.1, "2017": null, "2018": -1279.5, "2019": -1285.5, "2020": -1288.4, "2021": -1289.9, "2022": -1287.4, "2023": -1294.2, "2024": -1299.9, "2025": -1331.2, "2026": -1330.9}, "total_retreat_m": 95.9, "speed_m_per_year": -3.28, "r_squared": 0.771, "std_error": 0.41, "ci_95_low": -4.14, "ci_95_high": -2.42, "valid_years": 21, "confidence": "medium", "risk_class": "low", "anchor": [51.76463818179792, 43.05324476872836], "outliers_removed": 0}}, {"type": "Feature", "geometry": {"type": "LineString", "coordinates": [[51.768572406101484, 43.04978847268076], [51.6167195527403, 42.97346113781846]]}, "properties": {"transect_id": 415, "baseline_distance_m": 207000, "positions": {"2000": -1230.7, "2001": -1237.2, "2002": -1235.4, "2003": null, "2004": null, "2005": null, "2006": -1233.0, "2007": -1235.9, "2008": -1230.2, "2009": null, "2010": -1310.4, "2011": -1273.8, "2013": -1281.0, "2014": -1275.6, "2015": -1285.0, "2016": -1267.7, "2017": null, "2018": -1272.4, "2019": -1279.3, "2020": -1279.8, "2021": -1282.1, "2022": -1290.3, "2023": -1318.0, "2024": -1316.1, "2025": -1326.0, "2026": -1326.4}, "total_retreat_m": 95.7, "speed_m_per_year": -3.4, "r_squared": 0.736, "std_error": 0.47, "ci_95_low": -4.38, "ci_95_high": -2.42, "valid_years": 21, "confidence": "medium", "risk_class": "low", "anchor": [51.768572406101484, 43.04978847268076], "outliers_removed": 0}}, {"type": "Feature", "geometry": {"type": "LineString", "coordinates": [[51.77250618941932, 43.046332042726505], [51.62065709499372, 42.970009858460934]]}, "properties": {"transect_id": 416, "baseline_distance_m": 207500, "positions": {"2000": -1249.0, "2001": -1253.5, "2002": -1241.9, "2003": null, "2004": null, "2005": null, "2006": -1226.9, "2007": -1238.6, "2008": -1241.5, "2009": null, "2010": -1244.2, "2011": -1249.8, "2013": -1249.7, "2014": -1231.8, "2015": -1255.9, "2016": -1242.7, "2017": null, "2018": -1252.1, "2019": -1245.8, "2020": -1253.1, "2021": -1259.5, "2022": -1267.4, "2023": -1274.4, "2024": -1288.2, "2025": -1318.8, "2026": -1321.3}, "total_retreat_m": 72.3, "speed_m_per_year": -2.09, "r_squared": 0.468, "std_error": 0.51, "ci_95_low": -3.17, "ci_95_high": -1.02, "valid_years": 21, "confidence": "low", "risk_class": "low", "anchor": [51.77250618941932, 43.046332042726505], "outliers_removed": 0}}, {"type": "Feature", "geometry": {"type": "LineString", "coordinates": [[51.77643953184175, 43.042875478914524], [51.62459419760438, 42.966558444346816]]}, "properties": {"transect_id": 417, "baseline_distance_m": 208000, "positions": {"2000": -1260.7, "2001": -1266.5, "2002": -1264.4, "2003": null, "2004": null, "2005": null, "2006": -1261.9, "2007": -1260.0, "2008": -1264.8, "2009": null, "2010": -1265.7, "2011": -1263.6, "2013": -1270.0, "2014": -1257.3, "2015": -1281.4, "2016": -1286.7, "2017": -1287.5, "2018": -1287.5, "2019": -1288.2, "2020": -1299.9, "2021": -1296.7, "2022": -1295.5, "2023": -1308.9, "2024": -1315.1, "2025": -1324.5, "2026": -1327.2}, "total_retreat_m": 66.5, "speed_m_per_year": -2.43, "r_squared": 0.782, "std_error": 0.29, "ci_95_low": -3.02, "ci_95_high": -1.83, "valid_years": 22, "confidence": "medium", "risk_class": "low", "anchor": [51.77643953184175, 43.042875478914524], "outliers_removed": 0}}, {"type": "Feature", "geometry": {"type": "LineString", "coordinates": [[51.780372433459085, 43.03941878129367], [51.62853086066185, 42.963106895524945]]}, "properties": {"transect_id": 418, "baseline_distance_m": 208500, "positions": {"2000": -1338.9, "2001": -1344.5, "2002": -1344.8, "2003": null, "2004": null, "2005": null, "2006": -1334.4, "2007": -1340.2, "2008": -1334.8, "2009": null, "2010": -1338.6, "2011": -1341.7, "2013": -1346.4, "2014": -1336.2, "2015": -1346.6, "2016": -1348.3, "2017": -1357.5, "2018": -1344.3, "2019": -1373.6, "2020": -1370.3, "2021": -1377.1, "2022": -1398.3, "2023": -1397.0, "2024": -1408.3, "2025": -1445.2, "2026": -1446.9}, "total_retreat_m": 108.0, "speed_m_per_year": -3.41, "r_squared": 0.621, "std_error": 0.6, "ci_95_low": -4.65, "ci_95_high": -2.16, "valid_years": 22, "confidence": "medium", "risk_class": "low", "anchor": [51.780372433459085, 43.03941878129367], "outliers_removed": 0}}, {"type": "Feature", "geometry": {"type": "LineString", "coordinates": [[51.78430489436165, 43.035961949912824], [51.632467084255666, 42.95965521204423]]}, "properties": {"transect_id": 419, "baseline_distance_m": 209000, "positions": {"2000": -1399.2, "2001": -1412.6, "2002": -1418.4, "2003": null, "2004": null, "2005": null, "2006": -1395.1, "2007": -1405.7, "2008": -1408.3, "2009": null, "2010": -1411.2, "2011": -1415.5, "2013": -1418.9, "2014": -1401.3, "2015": -1417.3, "2016": -1396.8, "2017": -1416.6, "2018": -1396.1, "2019": -1425.7, "2020": -1424.4, "2021": -1445.1, "2022": -1439.6, "2023": -1489.2, "2024": -1523.6, "2025": -1555.2, "2026": -1547.1}, "total_retreat_m": 147.9, "speed_m_per_year": -4.2, "r_squared": 0.475, "std_error": 0.99, "ci_95_low": -6.26, "ci_95_high": -2.14, "valid_years": 22, "confidence": "low", "risk_class": "low", "anchor": [51.78430489436165, 43.035961949912824], "outliers_removed": 0}}, {"type": "Feature", "geometry": {"type": "LineString", "coordinates": [[51.78823691463971, 43.03250498482083], [51.636402868475386, 42.956203393953494]]}, "properties": {"transect_id": 420, "baseline_distance_m": 209500, "positions": {"2000": -1526.5, "2001": -1556.4, "2002": -1571.0, "2003": null, "2004": null, "2005": null, "2006": -1538.0, "2007": -1565.7, "2008": -1547.7, "2009": null, "2010": -1568.7, "2011": -1572.3, "2013": -1554.3, "2014": -1570.9, "2015": -1629.5, "2016": -1570.2, "2017": -1594.7, "2018": -1580.2, "2019": -1649.6, "2020": -1626.7, "2021": -1665.8, "2022": -1679.4, "2023": -1679.9, "2024": -1685.8, "2025": -1699.5, "2026": -1697.1}, "total_retreat_m": 170.6, "speed_m_per_year": -6.32, "r_squared": 0.771, "std_error": 0.77, "ci_95_low": -7.93, "ci_95_high": -4.72, "valid_years": 22, "confidence": "medium", "risk_class": "low", "anchor": [51.78823691463971, 43.03250498482083], "outliers_removed": 0}}, {"type": "Feature", "geometry": {"type": "LineString", "coordinates": [[51.792168494383574, 43.029047886066564], [51.64033821341053, 42.9527514413016]]}, "properties": {"transect_id": 421, "baseline_distance_m": 210000, "positions": {"2000": -1692.5, "2001": -1685.3, "2002": -1690.8, "2003": null, "2004": null, "2005": null, "2006": -1686.6, "2007": -1688.4, "2008": -1693.6, "2009": null, "2010": -1697.8, "2011": -1696.3, "2013": -1687.9, "2014": -1692.7, "2015": -1695.7, "2016": -1694.7, "2017": -1694.8, "2018": -1690.9, "2019": -1694.0, "2020": -1695.5, "2021": -1699.4, "2022": -1701.2, "2023": -1719.5, "2024": -1726.1, "2025": -1733.2, "2026": -1734.2}, "total_retreat_m": 41.7, "speed_m_per_year": -1.33, "r_squared": 0.522, "std_error": 0.28, "ci_95_low": -1.92, "ci_95_high": -0.73, "valid_years": 22, "confidence": "medium", "risk_class": "low", "anchor": [51.792168494383574, 43.029047886066564], "outliers_removed": 0}}, {"type": "Feature", "geometry": {"type": "LineString", "coordinates": [[51.796099633683504, 43.02559065369887], [51.64427311915063, 42.94929935413737]]}, "properties": {"transect_id": 422, "baseline_distance_m": 210500, "positions": {"2000": -1776.3, "2001": -1783.6, "2002": -1811.2, "2003": null, "2004": null, "2005": null, "2006": -1788.9, "2007": -1779.9, "2008": -1779.1, "2009": null, "2010": -1784.0, "2011": -1813.1, "2013": -1803.6, "2014": -1786.5, "2015": -1814.2, "2016": -1810.7, "2017": -1814.8, "2018": -1809.8, "2019": -1826.7, "2020": -1824.8, "2021": -1816.3, "2022": -1846.9, "2023": -1853.7, "2024": -1857.6, "2025": -1874.1, "2026": -1890.1}, "total_retreat_m": 113.8, "speed_m_per_year": -3.37, "r_squared": 0.706, "std_error": 0.49, "ci_95_low": -4.38, "ci_95_high": -2.35, "valid_years": 22, "confidence": "medium", "risk_class": "low", "anchor": [51.796099633683504, 43.02559065369887], "outliers_removed": 0}}, {"type": "Feature", "geometry": {"type": "LineString", "coordinates": [[51.80003033262976, 43.02213328776658], [51.648207585785194, 42.94584713250968]]}, "properties": {"transect_id": 423, "baseline_distance_m": 211000, "positions": {"2000": -1989.4, "2001": -2003.9, "2002": -1993.1, "2003": null, "2004": null, "2005": null, "2006": -1984.1, "2007": -1997.4, "2008": -1990.4, "2009": null, "2010": -1993.8, "2011": -2013.0, "2013": -2001.3, "2014": -2018.9, "2015": -2033.0, "2016": -2032.5, "2017": -2034.2, "2018": -2030.4, "2019": -2040.3, "2020": -2041.1, "2021": -2064.5, "2022": -2062.7, "2023": -2079.7, "2024": -2321.5, "2025": -2371.9, "2026": -2369.2}, "total_retreat_m": 379.8, "speed_m_per_year": -6.12, "r_squared": 0.397, "std_error": 1.78, "ci_95_low": -9.86, "ci_95_high": -2.39, "valid_years": 22, "confidence": "low", "risk_class": "low", "anchor": [51.80003033262976, 43.02213328776658], "outliers_removed": 2}}, {"type": "Feature", "geometry": {"type": "LineString", "coordinates": [[51.80396059131261, 43.018675788318525], [51.652141613403714, 42.94239477646732]]}, "properties": {"transect_id": 424, "baseline_distance_m": 211500, "positions": {"2000": -1976.4, "2001": -1985.8, "2002": -2051.6, "2003": null, "2004": null, "2005": null, "2006": -1976.2, "2007": -2012.7, "2008": -1986.4, "2009": null, "2010": -1995.7, "2011": -1993.5, "2013": -2007.2, "2014": -1986.8, "2015": -2016.3, "2016": -1990.0, "2017": -2000.1, "2018": -1996.0, "2019": -2017.6, "2020": -2021.1, "2021": -2027.8, "2022": -2042.5, "2023": -2054.7, "2024": -2059.5, "2025": -2065.2, "2026": -2074.7}, "total_retreat_m": 98.3, "speed_m_per_year": -3.31, "r_squared": 0.703, "std_error": 0.49, "ci_95_low": -4.34, "ci_95_high": -2.28, "valid_years": 22, "confidence": "medium", "risk_class": "low", "anchor": [51.80396059131261, 43.018675788318525], "outliers_removed": 1}}, {"type": "Feature", "geometry": {"type": "LineString", "coordinates": [[51.80789040982228, 43.01521815540353], [51.65607520209569, 42.93894228605908]]}, "properties": {"transect_id": 425, "baseline_distance_m": 212000, "positions": {"2000": -2062.6, "2001": -2066.4, "2002": -2051.0, "2003": null, "2004": null, "2005": null, "2006": -2061.1, "2007": -2031.9, "2008": -2045.0, "2009": null, "2010": -2058.8, "2011": -2065.2, "2013": -2066.5, "2014": -2055.9, "2015": -2066.6, "2016": -2082.8, "2017": -2088.1, "2018": -2076.6, "2019": -2091.0, "2020": -2092.7, "2021": -2116.3, "2022": -2114.6, "2023": -2133.5, "2024": -2129.0, "2025": -2129.6, "2026": -2141.4}, "total_retreat_m": 78.8, "speed_m_per_year": -3.38, "r_squared": 0.724, "std_error": 0.47, "ci_95_low": -4.36, "ci_95_high": -2.41, "valid_years": 22, "confidence": "medium", "risk_class": "low", "anchor": [51.80789040982228, 43.01521815540353], "outliers_removed": 0}}, {"type": "Feature", "geometry": {"type": "LineString", "coordinates": [[51.81181978824902, 43.0117603890704], [51.660008351950616, 42.935489661333825]]}, "properties": {"transect_id": 426, "baseline_distance_m": 212500, "positions": {"2000": -2282.6, "2001": -2289.2, "2002": -2293.6, "2003": null, "2004": null, "2005": null, "2006": -2286.4, "2007": -2285.7, "2008": -2286.9, "2009": null, "2010": -2290.2, "2011": -2298.5, "2013": -2298.6, "2014": -2287.4, "2015": -2324.5, "2016": -2319.6, "2017": -2325.5, "2018": -2317.6, "2019": -2325.7, "2020": -2329.2, "2021": -2329.2, "2022": -2325.3, "2023": -2397.2, "2024": -2438.5, "2025": -2519.9, "2026": -2517.9}, "total_retreat_m": 235.3, "speed_m_per_year": -5.45, "r_squared": 0.531, "std_error": 1.18, "ci_95_low": -7.92, "ci_95_high": -2.99, "valid_years": 22, "confidence": "medium", "risk_class": "low", "anchor": [51.81181978824902, 43.0117603890704], "outliers_removed": 1}}, {"type": "Feature", "geometry": {"type": "LineString", "coordinates": [[51.81574872668303, 43.00830248936797], [51.66394106305793, 42.93203690234032]]}, "properties": {"transect_id": 427, "baseline_distance_m": 213000, "positions": {"2000": -2535.7, "2001": -2538.7, "2002": -2540.4, "2003": null, "2004": null, "2005": null, "2006": -2537.3, "2007": -2527.4, "2008": -2540.7, "2009": null, "2010": -2539.9, "2011": -2540.7, "2013": -2544.0, "2014": -2535.7, "2015": -2543.1, "2016": -2536.2, "2017": -2538.4, "2018": -2533.5, "2019": -2554.8, "2020": -2551.3, "2021": -2558.5, "2022": -2559.0, "2023": -2597.7, "2024": -2643.0, "2025": -2762.6, "2026": -2775.9}, "total_retreat_m": 240.2, "speed_m_per_year": -2.11, "r_squared": 0.353, "std_error": 0.67, "ci_95_low": -3.52, "ci_95_high": -0.7, "valid_years": 22, "confidence": "low", "risk_class": "low", "anchor": [51.81574872668303, 43.00830248936797], "outliers_removed": 2}}, {"type": "Feature", "geometry": {"type": "LineString", "coordinates": [[51.819677225214555, 43.004844456345005], [51.66787333550713, 42.928584009127356]]}, "properties": {"transect_id": 428, "baseline_distance_m": 213500, "positions": {"2000": -2892.0, "2001": -2952.8, "2002": -2914.2, "2003": null, "2004": null, "2005": null, "2006": -2911.2, "2007": -2892.4, "2008": -2903.5, "2009": null, "2010": -2927.4, "2011": -2932.1, "2013": -2910.4, "2014": -2919.0, "2015": -2940.1, "2016": -2899.4, "2017": -2899.1, "2018": -2890.0, "2019": -2935.7, "2020": -2955.7, "2021": -2955.9, "2022": -2950.9, "2023": -3001.1, "2024": -3036.2, "2025": -3090.3, "2026": -3083.6}, "total_retreat_m": 191.6, "speed_m_per_year": -4.82, "r_squared": 0.434, "std_error": 1.23, "ci_95_low": -7.39, "ci_95_high": -2.25, "valid_years": 22, "confidence": "low", "risk_class": "low", "anchor": [51.819677225214555, 43.004844456345005], "outliers_removed": 0}}, {"type": "Feature", "geometry": {"type": "LineString", "coordinates": [[51.823605283933766, 43.0013862900503], [51.67180516938765, 42.92513098174374]]}, "properties": {"transect_id": 429, "baseline_distance_m": 214000, "positions": {"2000": -2949.6, "2001": -2956.8, "2002": -2944.9, "2003": null, "2004": null, "2005": null, "2006": -2945.1, "2007": -2894.1, "2008": -2953.9, "2009": null, "2010": -2948.6, "2011": -2963.1, "2013": -2974.9, "2014": -2968.3, "2015": -2979.8, "2016": -2974.7, "2017": -2976.6, "2018": -2966.3, "2019": -2998.7, "2020": -3000.5, "2021": -3006.6, "2022": -3013.2, "2023": -3066.8, "2024": -3070.3, "2025": -3165.1, "2026": -3156.8}, "total_retreat_m": 207.2, "speed_m_per_year": -4.35, "r_squared": 0.631, "std_error": 0.78, "ci_95_low": -6.0, "ci_95_high": -2.7, "valid_years": 22, "confidence": "medium", "risk_class": "low", "anchor": [51.823605283933766, 43.0013862900503], "outliers_removed": 2}}, {"type": "Feature", "geometry": {"type": "LineString", "coordinates": [[51.82753290293087, 42.99792799053264], [51.675736564788934, 42.92167782023822]]}, "properties": {"transect_id": 430, "baseline_distance_m": 214500, "positions": {"2000": -2915.3, "2001": -2919.1, "2002": -2899.2, "2003": null, "2004": null, "2005": null, "2006": -2920.0, "2007": -2909.4, "2008": -2920.3, "2009": null, "2010": -2925.3, "2011": -2923.7, "2013": -2968.2, "2014": -2936.1, "2015": -2963.3, "2016": -2962.4, "2017": -2959.8, "2018": -2955.2, "2019": -2965.1, "2020": -2973.1, "2021": -2975.2, "2022": -2983.9, "2023": -3005.0, "2024": -3009.1, "2025": -3184.6, "2026": -3180.9}, "total_retreat_m": 265.6, "speed_m_per_year": -3.95, "r_squared": 0.848, "std_error": 0.39, "ci_95_low": -4.78, "ci_95_high": -3.12, "valid_years": 22, "confidence": "high", "risk_class": "low", "anchor": [51.82753290293087, 42.99792799053264], "outliers_removed": 2}}, {"type": "Feature", "geometry": {"type": "LineString", "coordinates": [[51.83146008229605, 42.994469557840794], [51.67966752180041, 42.918224524659564]]}, "properties": {"transect_id": 431, "baseline_distance_m": 215000, "positions": {"2000": -2926.4, "2001": -2938.8, "2002": -2925.8, "2003": null, "2004": null, "2005": null, "2006": -2930.1, "2007": -3001.8, "2008": -2928.9, "2009": null, "2010": -2936.3, "2011": -2928.8, "2013": -2929.7, "2014": -2920.2, "2015": -2929.9, "2016": -2920.5, "2017": -2916.1, "2018": -2910.1, "2019": -2917.7, "2020": -2922.6, "2021": -2920.5, "2022": -2924.6, "2023": -2937.3, "2024": -2942.2, "2025": -2953.5, "2026": -2960.7}, "total_retreat_m": 34.3, "speed_m_per_year": -0.34, "r_squared": 0.051, "std_error": 0.34, "ci_95_low": -1.06, "ci_95_high": 0.37, "valid_years": 22, "confidence": "low", "risk_class": "low", "anchor": [51.83146008229605, 42.994469557840794], "outliers_removed": 1}}, {"type": "Feature", "geometry": {"type": "LineString", "coordinates": [[51.83538682211947, 42.99101099202355], [51.683598040511505, 42.914771095056565]]}, "properties": {"transect_id": 432, "baseline_distance_m": 215500, "positions": {"2000": -3165.0, "2001": -3172.6, "2002": -3180.4, "2003": null, "2004": null, "2005": null, "2006": -3169.8, "2007": -3169.8, "2008": -3168.5, "2009": null, "2010": -3179.7, "2011": -3184.0, "2013": -3183.9, "2014": -3180.2, "2015": -3185.4, "2016": -3165.7, "2017": -3181.9, "2018": -3170.8, "2019": -3183.3, "2020": -3186.0, "2021": -3187.1, "2022": -3185.8, "2023": -3194.8, "2024": -3204.0, "2025": -3392.6, "2026": -3391.9}, "total_retreat_m": 226.9, "speed_m_per_year": -0.92, "r_squared": 0.472, "std_error": 0.23, "ci_95_low": -1.4, "ci_95_high": -0.44, "valid_years": 22, "confidence": "low", "risk_class": "low", "anchor": [51.83538682211947, 42.99101099202355], "outliers_removed": 2}}, {"type": "Feature", "geometry": {"type": "LineString", "coordinates": [[51.83931312249129, 42.98755229312962], [51.68752812101163, 42.91131753147792]]}, "properties": {"transect_id": 433, "baseline_distance_m": 216000, "positions": {"2000": -3486.5, "2001": -3482.8, "2002": -3491.0, "2003": null, "2004": null, "2005": null, "2006": -3480.4, "2007": -3486.6, "2008": -3480.9, "2009": null, "2010": -3483.5, "2011": -3472.9, "2013": -3484.5, "2014": -3462.1, "2015": -3469.4, "2016": -3472.6, "2017": -3488.3, "2018": -3471.0, "2019": -3477.3, "2020": -3480.7, "2021": -3481.3, "2022": -3533.8, "2023": -3533.5, "2024": -3534.3, "2025": -3534.1, "2026": -3535.4}, "total_retreat_m": 48.9, "speed_m_per_year": -1.69, "r_squared": 0.304, "std_error": 0.57, "ci_95_low": -2.88, "ci_95_high": -0.5, "valid_years": 22, "confidence": "low", "risk_class": "low", "anchor": [51.83931312249129, 42.98755229312962], "outliers_removed": 0}}, {"type": "Feature", "geometry": {"type": "LineString", "coordinates": [[51.84323898350167, 42.98409346120778], [51.69145776339019, 42.90786383397242]]}, "properties": {"transect_id": 434, "baseline_distance_m": 216500, "positions": {"2000": -3696.7, "2001": -3726.6, "2002": -3717.7, "2003": null, "2004": null, "2005": null, "2006": -3718.6, "2007": -3724.9, "2008": -3721.3, "2009": null, "2010": -3748.1, "2011": -3751.3, "2013": -3760.4, "2014": -3749.2, "2015": -3755.0, "2016": -3752.4, "2017": -3751.7, "2018": -3742.9, "2019": -3812.1, "2020": -3785.2, "2021": -3845.6, "2022": -3933.0, "2023": -3853.4, "2024": -3856.2, "2025": -3882.6, "2026": -3913.9}, "total_retreat_m": 217.2, "speed_m_per_year": -7.35, "r_squared": 0.725, "std_error": 1.01, "ci_95_low": -9.46, "ci_95_high": -5.24, "valid_years": 22, "confidence": "medium", "risk_class": "low", "anchor": [51.84323898350167, 42.98409346120778], "outliers_removed": 0}}, {"type": "Feature", "geometry": {"type": "LineString", "coordinates": [[51.84716440524075, 42.98063449630678], [51.695386967736574, 42.90441000258877]]}, "properties": {"transect_id": 435, "baseline_distance_m": 217000, "positions": {"2000": -3915.7, "2001": -3927.1, "2002": -3919.4, "2003": null, "2004": null, "2005": null, "2006": -3906.0, "2007": -3904.2, "2008": -3918.6, "2009": null, "2010": -3929.3, "2011": -3932.4, "2013": -3947.7, "2014": -3930.8, "2015": -3974.8, "2016": -3953.8, "2017": -3955.2, "2018": -3951.4, "2019": -3959.5, "2020": -3972.8, "2021": -4010.1, "2022": -4033.3, "2023": -4016.8, "2024": -4016.8, "2025": -4018.0, "2026": -4024.3}, "total_retreat_m": 108.6, "speed_m_per_year": -4.72, "r_squared": 0.791, "std_error": 0.54, "ci_95_low": -5.86, "ci_95_high": -3.59, "valid_years": 22, "confidence": "medium", "risk_class": "low", "anchor": [51.84716440524075, 42.98063449630678], "outliers_removed": 0}}, {"type": "Feature", "geometry": {"type": "LineString", "coordinates": [[51.851089387798645, 42.97717539847532], [51.699315734140164, 42.90095603737569]]}, "properties": {"transect_id": 436, "baseline_distance_m": 217500, "positions": {"2000": -4151.1, "2001": -4156.2, "2002": -4157.6, "2003": null, "2004": null, "2005": null, "2006": -4155.9, "2007": -4154.5, "2008": -4157.6, "2009": null, "2010": -4165.0, "2011": -4159.2, "2013": -4143.6, "2014": -4159.5, "2015": -4191.7, "2016": -4200.5, "2017": -4203.6, "2018": -4199.5, "2019": -4203.2, "2020": -4205.0, "2021": -4206.2, "2022": -4206.5, "2023": -4215.7, "2024": -4217.2, "2025": -4230.1, "2026": -4231.9}, "total_retreat_m": 80.8, "speed_m_per_year": -3.25, "r_squared": 0.81, "std_error": 0.35, "ci_95_low": -3.99, "ci_95_high": -2.52, "valid_years": 22, "confidence": "high", "risk_class": "low", "anchor": [51.851089387798645, 42.97717539847532], "outliers_removed": 0}}, {"type": "Feature", "geometry": {"type": "LineString", "coordinates": [[51.855013931265496, 42.973716167762156], [51.70324406269034, 42.89750193838193]]}, "properties": {"transect_id": 437, "baseline_distance_m": 218000, "positions": {"2000": -4170.9, "2001": -4185.2, "2002": -4166.6, "2003": null, "2004": null, "2005": null, "2006": -4169.9, "2007": -4170.7, "2008": -4179.9, "2009": null, "2010": -4183.0, "2011": -4180.0, "2013": -4175.5, "2014": -4166.7, "2015": -4177.5, "2016": -4195.5, "2017": -4204.2, "2018": -4201.9, "2019": -4195.6, "2020": -4210.9, "2021": -4214.7, "2022": -4203.7, "2023": -4205.4, "2024": -4201.1, "2025": -4205.9, "2026": -4207.4}, "total_retreat_m": 36.5, "speed_m_per_year": -1.66, "r_squared": 0.672, "std_error": 0.26, "ci_95_low": -2.2, "ci_95_high": -1.12, "valid_years": 22, "confidence": "medium", "risk_class": "low", "anchor": [51.855013931265496, 42.973716167762156], "outliers_removed": 0}}, {"type": "Feature", "geometry": {"type": "LineString", "coordinates": [[51.85893803573139, 42.970256804215985], [51.70717195347644, 42.89404770565617]]}, "properties": {"transect_id": 438, "baseline_distance_m": 218500, "positions": {"2000": -4166.8, "2001": -4175.9, "2002": -4205.6, "2003": null, "2004": null, "2005": null, "2006": -4201.1, "2007": -4173.7, "2008": -4202.3, "2009": null, "2010": -4181.8, "2011": -4200.7, "2013": -4201.5, "2014": -4168.4, "2015": -4181.8, "2016": -4185.8, "2017": -4193.3, "2018": -4191.5, "2019": -4189.4, "2020": -4195.8, "2021": -4192.3, "2022": -4192.9, "2023": -4187.8, "2024": -4184.8, "2025": -4195.4, "2026": -4190.8}, "total_retreat_m": 24.0, "speed_m_per_year": -0.25, "r_squared": 0.035, "std_error": 0.3, "ci_95_low": -0.88, "ci_95_high": 0.37, "valid_years": 22, "confidence": "low", "risk_class": "low", "anchor": [51.85893803573139, 42.970256804215985], "outliers_removed": 0}}, {"type": "Feature", "geometry": {"type": "LineString", "coordinates": [[51.86286170128645, 42.9667973078855], [51.71109940658784, 42.89059333924712]]}, "properties": {"transect_id": 439, "baseline_distance_m": 219000, "positions": {"2000": -4189.0, "2001": -4207.7, "2002": -4201.8, "2003": null, "2004": null, "2005": null, "2006": -4204.1, "2007": -4162.0, "2008": -4201.9, "2009": null, "2010": -4221.4, "2011": -4215.7, "2013": -4202.4, "2014": -4207.0, "2015": -4221.4, "2016": -4220.9, "2017": -4219.6, "2018": -4192.2, "2019": -4219.5, "2020": -4223.4, "2021": -4222.8, "2022": -4217.1, "2023": -4224.0, "2024": -4221.5, "2025": -4222.5, "2026": -4221.6}, "total_retreat_m": 32.6, "speed_m_per_year": -1.18, "r_squared": 0.381, "std_error": 0.34, "ci_95_low": -1.89, "ci_95_high": -0.48, "valid_years": 22, "confidence": "low", "risk_class": "low", "anchor": [51.86286170128645, 42.9667973078855], "outliers_removed": 0}}, {"type": "Feature", "geometry": {"type": "LineString", "coordinates": [[51.86678492802074, 42.96333767881943], [51.71502642211387, 42.88713883920348]]}, "properties": {"transect_id": 440, "baseline_distance_m": 219500, "positions": {"2000": -4165.9, "2001": -4175.5, "2002": -4168.7, "2003": null, "2004": null, "2005": null, "2006": -4170.6, "2007": -4164.0, "2008": -4167.0, "2009": null, "2010": -4178.7, "2011": -4180.5, "2013": -4181.0, "2014": -4164.4, "2015": -4192.1, "2016": -4165.6, "2017": -4168.1, "2018": -4175.2, "2019": -4172.6, "2020": -4177.9, "2021": -4175.2, "2022": -4179.9, "2023": -4195.2, "2024": -4194.0, "2025": -4207.5, "2026": -4211.1}, "total_retreat_m": 45.2, "speed_m_per_year": -1.11, "r_squared": 0.425, "std_error": 0.29, "ci_95_low": -1.7, "ci_95_high": -0.51, "valid_years": 22, "confidence": "low", "risk_class": "low", "anchor": [51.86678492802074, 42.96333767881943], "outliers_removed": 0}}, {"type": "Feature", "geometry": {"type": "LineString", "coordinates": [[51.87118961527729, 42.96021831941474], [51.7194334733132, 42.884025261878044]]}, "properties": {"transect_id": 441, "baseline_distance_m": 220000, "positions": {"2000": -4303.2, "2001": -4309.6, "2002": -4309.8, "2003": null, "2004": null, "2005": null, "2006": -4303.9, "2007": -4304.5, "2008": -4303.0, "2009": null, "2010": -4310.2, "2011": -4311.0, "2013": -4313.4, "2014": -4300.7, "2015": -4317.9, "2016": -4307.5, "2017": -4307.7, "2018": -4304.0, "2019": -4308.9, "2020": -4311.5, "2021": -4321.5, "2022": -4329.3, "2023": -4334.1, "2024": -4336.8, "2025": -4344.4, "2026": -4348.5}, "total_retreat_m": 45.3, "speed_m_per_year": -1.28, "r_squared": 0.524, "std_error": 0.27, "ci_95_low": -1.85, "ci_95_high": -0.71, "valid_years": 22, "confidence": "medium", "risk_class": "low", "anchor": [51.87118961527729, 42.96021831941474], "outliers_removed": 0}}, {"type": "Feature", "geometry": {"type": "LineString", "coordinates": [[51.87574355744302, 42.95720453068974], [51.72398933830865, 42.88101745757646]]}, "properties": {"transect_id": 442, "baseline_distance_m": 220500, "positions": {"2000": -4524.8, "2001": -4518.7, "2002": -4514.1, "2003": null, "2004": null, "2005": null, "2006": -4513.8, "2007": -4514.3, "2008": -4503.8, "2009": null, "2010": -4515.7, "2011": -4517.1, "2013": -4525.5, "2014": -4511.6, "2015": -4519.2, "2016": -4509.3, "2017": -4514.7, "2018": -4512.5, "2019": -4522.6, "2020": -4515.9, "2021": -4527.3, "2022": -4527.2, "2023": -4532.6, "2024": -4530.9, "2025": -4541.8, "2026": -4556.5}, "total_retreat_m": 31.7, "speed_m_per_year": -0.86, "r_squared": 0.34, "std_error": 0.27, "ci_95_low": -1.42, "ci_95_high": -0.3, "valid_years": 22, "confidence": "low", "risk_class": "low", "anchor": [51.87574355744302, 42.95720453068974], "outliers_removed": 0}}, {"type": "Feature", "geometry": {"type": "LineString", "coordinates": [[51.880297054525954, 42.95419056315304], [51.72854476020067, 42.87800947367241]]}, "properties": {"transect_id": 443, "baseline_distance_m": 221000, "positions": {"2000": -4751.5, "2001": -4759.8, "2002": -4755.2, "2003": null, "2004": null, "2005": null, "2006": -4751.4, "2007": -4753.3, "2008": -4753.0, "2009": null, "2010": -4760.4, "2011": -4753.1, "2013": -4737.1, "2014": -4750.9, "2015": -4756.9, "2016": -4751.2, "2017": -4753.6, "2018": -4746.2, "2019": -4754.8, "2020": -4756.9, "2021": -4763.3, "2022": -4786.6, "2023": -4801.9, "2024": -4821.5, "2025": -4833.7, "2026": -4835.4}, "total_retreat_m": 83.9, "speed_m_per_year": -2.34, "r_squared": 0.418, "std_error": 0.62, "ci_95_low": -3.62, "ci_95_high": -1.05, "valid_years": 22, "confidence": "low", "risk_class": "low", "anchor": [51.880297054525954, 42.95419056315304], "outliers_removed": 0}}, {"type": "Feature", "geometry": {"type": "LineString", "coordinates": [[51.884850106587294, 42.951176416861834], [51.73309973904965, 42.875001310222956]]}, "properties": {"transect_id": 444, "baseline_distance_m": 221500, "positions": {"2000": -5020.0, "2001": -5022.7, "2002": -5022.2, "2003": null, "2004": null, "2005": null, "2006": -5021.6, "2007": -5018.5, "2008": -5021.7, "2009": null, "2010": -5026.4, "2011": -5026.9, "2013": -4989.2, "2014": -5014.3, "2015": -5043.7, "2016": -5039.7, "2017": -5045.5, "2018": -5041.6, "2019": -5052.2, "2020": -5062.2, "2021": -5071.0, "2022": -5085.4, "2023": -5105.5, "2024": -5164.7, "2025": -5210.2, "2026": -5216.8}, "total_retreat_m": 196.8, "speed_m_per_year": -5.79, "r_squared": 0.553, "std_error": 1.16, "ci_95_low": -8.22, "ci_95_high": -3.36, "valid_years": 22, "confidence": "medium", "risk_class": "low", "anchor": [51.884850106587294, 42.951176416861834], "outliers_removed": 0}}, {"type": "Feature", "geometry": {"type": "LineString", "coordinates": [[51.88940271368823, 42.948162091873314], [51.73765427491594, 42.87199296728521]]}, "properties": {"transect_id": 445, "baseline_distance_m": 222000, "positions": {"2000": -5332.8, "2001": -5378.6, "2002": -5371.5, "2003": null, "2004": null, "2005": null, "2006": -5354.2, "2007": -5348.9, "2008": -5365.3, "2009": null, "2010": -5375.5, "2011": -5392.1, "2013": -5373.3, "2014": -5368.2, "2015": -5402.4, "2016": -5393.7, "2017": -5405.3, "2018": -5391.2, "2019": -5449.2, "2020": -5411.7, "2021": -5459.2, "2022": -5467.0, "2023": -5493.7, "2024": -5500.7, "2025": -5522.1, "2026": -5520.6}, "total_retreat_m": 187.8, "speed_m_per_year": -6.31, "r_squared": 0.761, "std_error": 0.79, "ci_95_low": -7.97, "ci_95_high": -4.66, "valid_years": 22, "confidence": "medium", "risk_class": "low", "anchor": [51.88940271368823, 42.948162091873314], "outliers_removed": 0}}, {"type": "Feature", "geometry": {"type": "LineString", "coordinates": [[51.893954875889975, 42.945147588244666], [51.7422083678599, 42.86898444491622]]}, "properties": {"transect_id": 446, "baseline_distance_m": 222500, "positions": {"2000": -5511.3, "2001": -5512.6, "2002": -5523.6, "2003": null, "2004": null, "2005": null, "2006": -5514.6, "2007": -5505.9, "2008": -5510.4, "2009": null, "2010": -5519.9, "2011": -5537.0, "2013": -5567.3, "2014": -5563.8, "2015": -5574.9, "2016": -5578.0, "2017": -5590.1, "2018": -5588.4, "2019": -5595.7, "2020": -5599.8, "2021": -5602.4, "2022": -5610.0, "2023": -5677.0, "2024": -5690.1, "2025": -5697.4, "2026": -5701.2}, "total_retreat_m": 189.9, "speed_m_per_year": -7.31, "r_squared": 0.834, "std_error": 0.73, "ci_95_low": -8.83, "ci_95_high": -5.79, "valid_years": 22, "confidence": "high", "risk_class": "low", "anchor": [51.893954875889975, 42.945147588244666], "outliers_removed": 0}}, {"type": "Feature", "geometry": {"type": "LineString", "coordinates": [[51.898506593253735, 42.94213290603305], [51.74676201794194, 42.86597574317307]]}, "properties": {"transect_id": 447, "baseline_distance_m": 223000, "positions": {"2000": -5543.4, "2001": -5553.6, "2002": -5567.9, "2003": null, "2004": null, "2005": null, "2006": -5550.7, "2007": -5550.1, "2008": -5551.3, "2009": null, "2010": -5554.2, "2011": -5574.8, "2013": -5589.3, "2014": -5586.1, "2015": -5598.0, "2016": -5574.4, "2017": -5585.0, "2018": -5578.0, "2019": -5581.7, "2020": -5596.8, "2021": -5601.4, "2022": -5617.3, "2023": -5613.5, "2024": -5611.2, "2025": -5617.9, "2026": -5624.0}, "total_retreat_m": 80.6, "speed_m_per_year": -2.88, "r_squared": 0.823, "std_error": 0.3, "ci_95_low": -3.5, "ci_95_high": -2.26, "valid_years": 22, "confidence": "high", "risk_class": "low", "anchor": [51.898506593253735, 42.94213290603305], "outliers_removed": 0}}, {"type": "Feature", "geometry": {"type": "LineString", "coordinates": [[51.90305786584073, 42.93911804529561], [51.751315225222406, 42.862966862112806]]}, "properties": {"transect_id": 448, "baseline_distance_m": 223500, "positions": {"2000": -5739.7, "2001": -5748.7, "2002": -5743.5, "2003": null, "2004": null, "2005": null, "2006": -5741.2, "2007": -5747.7, "2008": -5743.5, "2009": null, "2010": -5751.9, "2011": -5745.9, "2013": -5747.7, "2014": -5740.0, "2015": -5747.8, "2016": -5739.4, "2017": -5738.0, "2018": -5734.7, "2019": -5737.3, "2020": -5739.7, "2021": -5743.3, "2022": -5740.0, "2023": -5748.7, "2024": -5753.9, "2025": -5892.0, "2026": -5883.4}, "total_retreat_m": 143.7, "speed_m_per_year": 0.05, "r_squared": 0.006, "std_error": 0.16, "ci_95_low": -0.29, "ci_95_high": 0.4, "valid_years": 22, "confidence": "low", "risk_class": "low", "anchor": [51.90305786584073, 42.93911804529561], "outliers_removed": 2}}, {"type": "Feature", "geometry": {"type": "LineString", "coordinates": [[51.90760869371219, 42.93610300608953], [51.75586798976171, 42.8599578017925]]}, "properties": {"transect_id": 449, "baseline_distance_m": 224000, "positions": {"2000": -5889.6, "2001": -5899.2, "2002": -5897.0, "2003": null, "2004": null, "2005": null, "2006": -5892.6, "2007": -5896.1, "2008": -5891.0, "2009": null, "2010": -5890.6, "2011": -5886.1, "2013": -5890.5, "2014": -5880.1, "2015": -5885.8, "2016": -5879.2, "2017": -5880.1, "2018": -5877.9, "2019": -5880.1, "2020": -5883.1, "2021": -5884.7, "2022": -5888.5, "2023": -5906.0, "2024": -5904.0, "2025": -5910.7, "2026": -5912.7}, "total_retreat_m": 23.1, "speed_m_per_year": -0.2, "r_squared": 0.025, "std_error": 0.28, "ci_95_low": -0.8, "ci_95_high": 0.39, "valid_years": 22, "confidence": "low", "risk_class": "low", "anchor": [51.90760869371219, 42.93610300608953], "outliers_removed": 0}}, {"type": "Feature", "geometry": {"type": "LineString", "coordinates": [[51.912159076929335, 42.93308778847196], [51.76042031162024, 42.85694856226916]]}, "properties": {"transect_id": 450, "baseline_distance_m": 224500, "positions": {"2000": -5975.7, "2001": -5995.5, "2002": -5983.7, "2003": null, "2004": null, "2005": null, "2006": -5969.9, "2007": -5972.0, "2008": -5977.3, "2009": null, "2010": -5992.3, "2011": -5991.8, "2013": -5991.7, "2014": -6003.0, "2015": -6018.7, "2016": -6012.9, "2017": -6029.1, "2018": -6022.8, "2019": -6026.3, "2020": -6032.1, "2021": -6035.3, "2022": -6030.2, "2023": -6034.0, "2024": -6044.4, "2025": -6207.7, "2026": -6188.3}, "total_retreat_m": 212.6, "speed_m_per_year": -2.93, "r_squared": 0.812, "std_error": 0.33, "ci_95_low": -3.63, "ci_95_high": -2.23, "valid_years": 22, "confidence": "high", "risk_class": "low", "anchor": [51.912159076929335, 42.93308778847196], "outliers_removed": 2}}, {"type": "Feature", "geometry": {"type": "LineString", "coordinates": [[51.9167090155534, 42.93007239250003], [51.764972190858394, 42.85393914359985]]}, "properties": {"transect_id": 451, "baseline_distance_m": 225000, "positions": {"2000": -6027.9, "2001": -6048.5, "2002": -6031.5, "2003": null, "2004": null, "2005": null, "2006": -6031.1, "2007": -6012.5, "2008": -6029.1, "2009": null, "2010": -6036.6, "2011": -6045.2, "2013": -6055.1, "2014": -6042.0, "2015": -6068.8, "2016": -6089.0, "2017": -6092.6, "2018": -6092.7, "2019": -6095.6, "2020": -6099.6, "2021": -6099.4, "2022": -6102.0, "2023": -6132.1, "2024": -6143.0, "2025": -6163.3, "2026": -6166.2}, "total_retreat_m": 138.3, "speed_m_per_year": -5.17, "r_squared": 0.813, "std_error": 0.55, "ci_95_low": -6.32, "ci_95_high": -4.01, "valid_years": 22, "confidence": "high", "risk_class": "low", "anchor": [51.9167090155534, 42.93007239250003], "outliers_removed": 0}}, {"type": "Feature", "geometry": {"type": "LineString", "coordinates": [[51.92125850964562, 42.927056818230916], [51.76952362753657, 42.85092954584161]]}, "properties": {"transect_id": 452, "baseline_distance_m": 225500, "positions": {"2000": -6115.8, "2001": -6114.3, "2002": -6121.4, "2003": null, "2004": null, "2005": null, "2006": -6110.7, "2007": -6107.0, "2008": -6112.0, "2009": null, "2010": -6118.5, "2011": -6111.7, "2013": -6114.8, "2014": -6106.1, "2015": -6111.4, "2016": -6109.6, "2017": -6111.1, "2018": -6091.4, "2019": -6107.4, "2020": -6121.6, "2021": -6114.6, "2022": -6127.4, "2023": -6140.2, "2024": -6140.5, "2025": -6144.7, "2026": -6160.5}, "total_retreat_m": 44.7, "speed_m_per_year": -0.99, "r_squared": 0.26, "std_error": 0.37, "ci_95_low": -1.77, "ci_95_high": -0.21, "valid_years": 22, "confidence": "low", "risk_class": "low", "anchor": [51.92125850964562, 42.927056818230916], "outliers_removed": 0}}, {"type": "Feature", "geometry": {"type": "LineString", "coordinates": [[51.92580755926725, 42.9240410657217], [51.774074621715194, 42.84791976905145]]}, "properties": {"transect_id": 453, "baseline_distance_m": 226000, "positions": {"2000": -6237.6, "2001": -6256.7, "2002": -6244.6, "2003": null, "2004": null, "2005": null, "2006": -6246.0, "2007": -6239.3, "2008": -6243.5, "2009": null, "2010": -6257.4, "2011": -6273.6, "2013": -6285.0, "2014": -6284.2, "2015": -6302.6, "2016": -6306.4, "2017": -6326.6, "2018": -6315.7, "2019": -6321.1, "2020": -6332.3, "2021": -6340.6, "2022": -6331.5, "2023": -6343.4, "2024": -6341.1, "2025": -6346.9, "2026": -6345.4}, "total_retreat_m": 107.8, "speed_m_per_year": -4.85, "r_squared": 0.913, "std_error": 0.33, "ci_95_low": -5.55, "ci_95_high": -4.16, "valid_years": 22, "confidence": "high", "risk_class": "low", "anchor": [51.92580755926725, 42.9240410657217], "outliers_removed": 0}}, {"type": "Feature", "geometry": {"type": "LineString", "coordinates": [[51.93035616447952, 42.921025135029545], [51.778625173454664, 42.84490981328641]]}, "properties": {"transect_id": 454, "baseline_distance_m": 226500, "positions": {"2000": -6294.8, "2001": -6305.3, "2002": -6297.5, "2003": null, "2004": null, "2005": null, "2006": -6298.7, "2007": -6296.7, "2008": -6299.8, "2009": null, "2010": -6303.0, "2011": -6301.2, "2013": -6319.5, "2014": -6317.3, "2015": -6328.4, "2016": -6322.1, "2017": -6320.8, "2018": -6317.7, "2019": -6329.4, "2020": -6330.9, "2021": -6340.8, "2022": -6347.6, "2023": -6359.7, "2024": -6351.3, "2025": -6359.3, "2026": -6367.6}, "total_retreat_m": 72.8, "speed_m_per_year": -2.65, "r_squared": 0.844, "std_error": 0.25, "ci_95_low": -3.18, "ci_95_high": -2.12, "valid_years": 22, "confidence": "high", "risk_class": "low", "anchor": [51.93035616447952, 42.921025135029545], "outliers_removed": 0}}, {"type": "Feature", "geometry": {"type": "LineString", "coordinates": [[51.93490432534371, 42.91800902621156], [51.78317528281542, 42.841899678603475]]}, "properties": {"transect_id": 455, "baseline_distance_m": 227000, "positions": {"2000": -6426.0, "2001": -6431.6, "2002": -6428.2, "2003": null, "2004": null, "2005": null, "2006": -6427.7, "2007": -6427.4, "2008": -6431.7, "2009": null, "2010": -6445.1, "2011": -6449.6, "2013": -6445.8, "2014": -6445.1, "2015": -6450.8, "2016": -6453.8, "2017": -6456.1, "2018": -6445.5, "2019": -6452.5, "2020": -6456.1, "2021": -6475.8, "2022": -6489.3, "2023": -6498.0, "2024": -6501.5, "2025": -6513.7, "2026": -6507.1}, "total_retreat_m": 81.1, "speed_m_per_year": -3.1, "r_squared": 0.786, "std_error": 0.36, "ci_95_low": -3.85, "ci_95_high": -2.35, "valid_years": 22, "confidence": "medium", "risk_class": "low", "anchor": [51.93490432534371, 42.91800902621156], "outliers_removed": 0}}, {"type": "Feature", "geometry": {"type": "LineString", "coordinates": [[51.93945204192105, 42.91499273932484], [51.787724949857875, 42.83888936505967]]}, "properties": {"transect_id": 456, "baseline_distance_m": 227500, "positions": {"2000": -6554.2, "2001": -6560.5, "2002": -6552.7, "2003": null, "2004": null, "2005": null, "2006": -6549.9, "2007": -6547.2, "2008": -6555.7, "2009": null, "2010": -6563.8, "2011": -6575.2, "2013": -6570.9, "2014": -6558.2, "2015": -6571.2, "2016": -6562.2, "2017": -6557.9, "2018": -6556.6, "2019": -6559.5, "2020": -6575.8, "2021": -6580.3, "2022": -6583.3, "2023": -6591.2, "2024": -6600.2, "2025": -6603.1, "2026": -6612.9}, "total_retreat_m": 58.7, "speed_m_per_year": -1.8, "r_squared": 0.608, "std_error": 0.32, "ci_95_low": -2.47, "ci_95_high": -1.13, "valid_years": 22, "confidence": "medium", "risk_class": "low", "anchor": [51.93945204192105, 42.91499273932484], "outliers_removed": 0}}, {"type": "Feature", "geometry": {"type": "LineString", "coordinates": [[51.94399931427283, 42.91197627442651], [51.79227417464247, 42.835878872712016]]}, "properties": {"transect_id": 457, "baseline_distance_m": 228000, "positions": {"2000": -6706.5, "2001": -6721.3, "2002": -6711.0, "2003": null, "2004": null, "2005": null, "2006": -6706.4, "2007": -6698.9, "2008": -6707.4, "2009": null, "2010": -6735.9, "2011": -6717.5, "2013": -6738.3, "2014": -6754.6, "2015": -6757.8, "2016": -6728.5, "2017": -6747.3, "2018": -6732.3, "2019": -6742.1, "2020": -6736.1, "2021": -6736.5, "2022": -6755.3, "2023": -6757.1, "2024": -6768.4, "2025": -6780.7, "2026": -6783.5}, "total_retreat_m": 77.0, "speed_m_per_year": -2.56, "r_squared": 0.71, "std_error": 0.37, "ci_95_low": -3.32, "ci_95_high": -1.8, "valid_years": 22, "confidence": "medium", "risk_class": "low", "anchor": [51.94399931427283, 42.91197627442651], "outliers_removed": 0}}, {"type": "Feature", "geometry": {"type": "LineString", "coordinates": [[51.9485461424603, 42.90895963157366], [51.79682295722964, 42.83286820161747]]}, "properties": {"transect_id": 458, "baseline_distance_m": 228500, "positions": {"2000": -6862.4, "2001": -6882.7, "2002": -6876.3, "2003": null, "2004": null, "2005": null, "2006": -6875.2, "2007": -6888.8, "2008": -6888.2, "2009": null, "2010": -6889.3, "2011": -6887.7, "2013": -6906.6, "2014": -6892.4, "2015": -6901.1, "2016": -6909.6, "2017": -6915.4, "2018": -6897.3, "2019": -6899.7, "2020": -6908.8, "2021": -6909.4, "2022": -6913.7, "2023": -6939.6, "2024": -6947.8, "2025": -6960.7, "2026": -6957.9}, "total_retreat_m": 95.5, "speed_m_per_year": -2.92, "r_squared": 0.781, "std_error": 0.35, "ci_95_low": -3.65, "ci_95_high": -2.2, "valid_years": 22, "confidence": "medium", "risk_class": "low", "anchor": [51.9485461424603, 42.90895963157366], "outliers_removed": 0}}, {"type": "Feature", "geometry": {"type": "LineString", "coordinates": [[51.95309252654475, 42.90594281082339], [51.80137129767982, 42.82985735183305]]}, "properties": {"transect_id": 459, "baseline_distance_m": 229000, "positions": {"2000": -7079.1, "2001": -7086.3, "2002": -7082.5, "2003": null, "2004": null, "2005": null, "2006": -7078.4, "2007": -7038.3, "2008": -7077.0, "2009": null, "2010": -7084.4, "2011": -7094.3, "2013": -7082.7, "2014": -7080.5, "2015": -7083.7, "2016": -7083.2, "2017": -7092.4, "2018": -7079.6, "2019": -7078.0, "2020": -7092.2, "2021": -7098.1, "2022": -7095.3, "2023": -7114.0, "2024": -7110.6, "2025": -7122.7, "2026": -7112.9}, "total_retreat_m": 33.8, "speed_m_per_year": -1.44, "r_squared": 0.433, "std_error": 0.37, "ci_95_low": -2.2, "ci_95_high": -0.67, "valid_years": 22, "confidence": "low", "risk_class": "low", "anchor": [51.95309252654475, 42.90594281082339], "outliers_removed": 0}}, {"type": "Feature", "geometry": {"type": "LineString", "coordinates": [[51.95763846658746, 42.902925812232795], [51.805919196053466, 42.82684632341572]]}, "properties": {"transect_id": 460, "baseline_distance_m": 229500, "positions": {"2000": -7315.7, "2001": -7322.0, "2002": -7316.6, "2003": null, "2004": null, "2005": null, "2006": -7313.9, "2007": -7307.5, "2008": -7318.5, "2009": null, "2010": -7319.9, "2011": -7320.8, "2013": -7340.2, "2014": -7311.0, "2015": -7360.8, "2016": -7335.3, "2017": -7338.2, "2018": -7318.5, "2019": -7336.2, "2020": -7337.8, "2021": -7338.7, "2022": -7340.0, "2023": -7361.5, "2024": -7386.6, "2025": -7393.0, "2026": -7391.6}, "total_retreat_m": 75.9, "speed_m_per_year": -2.5, "r_squared": 0.586, "std_error": 0.47, "ci_95_low": -3.48, "ci_95_high": -1.52, "valid_years": 22, "confidence": "medium", "risk_class": "low", "anchor": [51.95763846658746, 42.902925812232795], "outliers_removed": 0}}, {"type": "Feature", "geometry": {"type": "LineString", "coordinates": [[51.9621839626497, 42.89990863585894], [51.810466652411044, 42.82383511642246]]}, "properties": {"transect_id": 461, "baseline_distance_m": 230000, "positions": {"2000": -7557.9, "2001": -7598.0, "2002": -7570.8, "2003": null, "2004": null, "2005": null, "2006": -7553.8, "2007": -7548.1, "2008": -7545.8, "2009": null, "2010": -7556.2, "2011": -7556.6, "2013": -7573.1, "2014": -7596.3, "2015": -7602.3, "2016": -7616.5, "2017": -7612.4, "2018": -7595.1, "2019": -7600.6, "2020": -7605.9, "2021": -7616.3, "2022": -7649.8, "2023": -7661.6, "2024": -7670.2, "2025": -7679.4, "2026": -7675.5}, "total_retreat_m": 117.6, "speed_m_per_year": -4.5, "r_squared": 0.692, "std_error": 0.67, "ci_95_low": -5.89, "ci_95_high": -3.1, "valid_years": 22, "confidence": "medium", "risk_class": "low", "anchor": [51.9621839626497, 42.89990863585894], "outliers_removed": 0}}, {"type": "Feature", "geometry": {"type": "LineString", "coordinates": [[51.96672901479279, 42.89689128175891], [51.815013666812995, 42.82082373091024]]}, "properties": {"transect_id": 462, "baseline_distance_m": 230500, "positions": {"2000": -7773.0, "2001": -7783.0, "2002": -7766.1, "2003": null, "2004": null, "2005": null, "2006": -7766.3, "2007": -7766.9, "2008": -7775.0, "2009": null, "2010": -7765.7, "2011": -7779.6, "2013": -7809.3, "2014": -7800.7, "2015": -7831.6, "2016": -7826.6, "2017": -7855.5, "2018": -7851.7, "2019": -7859.0, "2020": -7875.7, "2021": -7898.0, "2022": -7921.2, "2023": -7930.1, "2024": -7941.0, "2025": -7963.5, "2026": -7962.8}, "total_retreat_m": 189.8, "speed_m_per_year": -8.0, "r_squared": 0.844, "std_error": 0.77, "ci_95_low": -9.6, "ci_95_high": -6.4, "valid_years": 22, "confidence": "high", "risk_class": "medium", "anchor": [51.96672901479279, 42.89689128175891], "outliers_removed": 0}}, {"type": "Feature", "geometry": {"type": "LineString", "coordinates": [[51.971273623078, 42.89387374998976], [51.81956023931979, 42.81781216693603]]}, "properties": {"transect_id": 463, "baseline_distance_m": 231000, "positions": {"2000": -7966.2, "2001": -7984.2, "2002": -7967.9, "2003": null, "2004": null, "2005": null, "2006": -7971.8, "2007": -7983.5, "2008": -7975.1, "2009": null, "2010": -7979.0, "2011": -7998.9, "2013": -7993.9, "2014": -7994.8, "2015": -8008.9, "2016": -8005.3, "2017": -8018.6, "2018": -8016.6, "2019": -8020.2, "2020": -8047.6, "2021": -8067.1, "2022": -8113.3, "2023": -8167.1, "2024": -8193.7, "2025": -8211.8, "2026": -8220.2}, "total_retreat_m": 254.0, "speed_m_per_year": -8.69, "r_squared": 0.684, "std_error": 1.32, "ci_95_low": -11.45, "ci_95_high": -5.93, "valid_years": 22, "confidence": "medium", "risk_class": "medium", "anchor": [51.971273623078, 42.89387374998976], "outliers_removed": 0}}, {"type": "Feature", "geometry": {"type": "LineString", "coordinates": [[51.97581778756664, 42.890856040608554], [51.8241063699919, 42.81480042455679]]}, "properties": {"transect_id": 464, "baseline_distance_m": 231500, "positions": {"2000": -6413.8, "2001": -6713.7, "2002": -6454.7, "2003": null, "2004": null, "2005": null, "2006": -6455.9, "2007": -6460.9, "2008": -6414.3, "2009": null, "2010": -6441.5, "2011": -6535.4, "2013": -8120.8, "2014": -5940.4, "2015": -6735.3, "2016": -6481.7, "2017": -6523.7, "2018": -5772.7, "2019": -6454.1, "2020": -8180.6, "2021": -8184.6, "2022": -8197.5, "2023": -8250.8, "2024": -8260.8, "2025": -8305.9, "2026": -8320.4}, "total_retreat_m": 1906.6, "speed_m_per_year": -75.63, "r_squared": 0.431, "std_error": 19.43, "ci_95_low": -116.16, "ci_95_high": -35.1, "valid_years": 22, "confidence": "low", "risk_class": "high", "anchor": [51.97581778756664, 42.890856040608554], "outliers_removed": 0}}, {"type": "Feature", "geometry": {"type": "LineString", "coordinates": [[51.980361508320016, 42.88783815367237], [51.82865205888981, 42.81178850382946]]}, "properties": {"transect_id": 465, "baseline_distance_m": 232000, "positions": {"2000": -5101.9, "2001": -6718.6, "2002": -6712.0, "2003": null, "2004": null, "2005": null, "2006": -6712.2, "2007": -6709.9, "2008": -6704.0, "2009": null, "2010": -6092.9, "2011": -6711.4, "2013": -6795.3, "2014": -4887.2, "2015": -6719.0, "2016": -5823.7, "2017": -6711.8, "2018": -4807.1, "2019": -6368.8, "2020": -6714.4, "2021": -8332.5, "2022": -6715.6, "2023": -8366.9, "2024": -6716.2, "2025": -6766.8, "2026": -8429.1}, "total_retreat_m": 3327.2, "speed_m_per_year": -52.42, "r_squared": 0.233, "std_error": 21.83, "ci_95_low": -98.11, "ci_95_high": -6.73, "valid_years": 22, "confidence": "low", "risk_class": "high", "anchor": [51.980361508320016, 42.88783815367237], "outliers_removed": 1}}, {"type": "Feature", "geometry": {"type": "LineString", "coordinates": [[51.98490478539944, 42.88482008923821], [51.83319730607399, 42.80877640481097]]}, "properties": {"transect_id": 466, "baseline_distance_m": 232500, "positions": {"2000": -4981.5, "2001": -8401.0, "2002": -8406.6, "2003": null, "2004": null, "2005": null, "2006": -5253.8, "2007": -5293.4, "2008": -5524.0, "2009": null, "2010": -5540.1, "2011": -5837.8, "2013": -8438.0, "2014": -4123.9, "2015": -5619.3, "2016": -5548.0, "2017": -5551.9, "2018": -3798.8, "2019": -5194.1, "2020": -5646.9, "2021": -8437.2, "2022": -5753.2, "2023": -8458.1, "2024": -8476.0, "2025": -6079.7, "2026": -8503.0}, "total_retreat_m": 3521.5, "speed_m_per_year": -32.93, "r_squared": 0.72, "std_error": 6.5, "ci_95_low": -47.41, "ci_95_high": -18.44, "valid_years": 22, "confidence": "medium", "risk_class": "high", "anchor": [51.98490478539944, 42.88482008923821], "outliers_removed": 10}}, {"type": "Feature", "geometry": {"type": "LineString", "coordinates": [[51.98944761886624, 42.88180184736316], [51.83774211160493, 42.80576412755829]]}, "properties": {"transect_id": 467, "baseline_distance_m": 233000, "positions": {"2000": -3392.8, "2001": -8544.2, "2002": -6265.9, "2003": null, "2004": null, "2005": null, "2006": -3717.1, "2007": -3494.1, "2008": -3590.1, "2009": null, "2010": -2867.7, "2011": -5171.6, "2013": -8450.1, "2014": -3529.4, "2015": -6008.7, "2016": -3681.9, "2017": -5107.8, "2018": -2359.1, "2019": -2909.2, "2020": -8543.5, "2021": -8566.2, "2022": -6906.6, "2023": -8606.9, "2024": -8626.3, "2025": -8631.5, "2026": -8635.6}, "total_retreat_m": 5242.8, "speed_m_per_year": -134.28, "r_squared": 0.195, "std_error": 60.96, "ci_95_low": -261.44, "ci_95_high": -7.11, "valid_years": 22, "confidence": "low", "risk_class": "high", "anchor": [51.98944761886624, 42.88180184736316], "outliers_removed": 0}}, {"type": "Feature", "geometry": {"type": "LineString", "coordinates": [[51.993990008781715, 42.878783428104235], [51.84228647554312, 42.80275167212833]]}, "properties": {"transect_id": 468, "baseline_distance_m": 233500, "positions": {"2000": -2584.3, "2001": -7099.6, "2002": -7061.4, "2003": null, "2004": null, "2005": null, "2006": -2640.8, "2007": -2593.4, "2008": -2634.6, "2009": null, "2010": -7057.9, "2011": -7094.7, "2013": -8464.2, "2014": -2377.6, "2015": -6202.9, "2016": -2632.6, "2017": -7036.0, "2018": -1509.8, "2019": -1942.0, "2020": -6467.6, "2021": -7050.2, "2022": -6940.5, "2023": -7086.3, "2024": -7044.6, "2025": -3267.4, "2026": -8699.5}, "total_retreat_m": 6115.2, "speed_m_per_year": -66.03, "r_squared": 0.046, "std_error": 67.14, "ci_95_low": -206.08, "ci_95_high": 74.01, "valid_years": 22, "confidence": "low", "risk_class": "high", "anchor": [51.993990008781715, 42.878783428104235], "outliers_removed": 0}}, {"type": "Feature", "geometry": {"type": "LineString", "coordinates": [[51.99853195520721, 42.87576483151847], [51.84683039794906, 42.799739038578]]}, "properties": {"transect_id": 469, "baseline_distance_m": 234000, "positions": {"2000": -239.4, "2001": -8426.1, "2002": -8422.3, "2003": null, "2004": null, "2005": null, "2006": -8411.0, "2007": -8419.9, "2008": -8412.0, "2009": null, "2010": -8445.6, "2011": -8462.3, "2013": -8477.7, "2014": -236.7, "2015": -8490.0, "2016": -947.2, "2017": -8518.3, "2018": -2460.8, "2019": -8517.3, "2020": -8522.4, "2021": -8526.5, "2022": -8516.1, "2023": -8581.3, "2024": -8611.7, "2025": -1636.5, "2026": -8625.0}, "total_retreat_m": 8385.6, "speed_m_per_year": -19.35, "r_squared": 0.002, "std_error": 89.75, "ci_95_low": -206.57, "ci_95_high": 167.87, "valid_years": 22, "confidence": "low", "risk_class": "medium", "anchor": [51.99853195520721, 42.87576483151847], "outliers_removed": 22}}, {"type": "Feature", "geometry": {"type": "LineString", "coordinates": [[52.00307345820406, 42.87274605766288], [51.851373878883265, 42.79672622696426]]}, "properties": {"transect_id": 470, "baseline_distance_m": 234500, "positions": {"2000": -8223.1, "2001": -8239.0, "2002": -8251.8, "2003": null, "2004": null, "2005": null, "2006": -8203.4, "2007": -8169.3, "2008": -8203.2, "2009": null, "2010": -8205.6, "2011": -8169.7, "2013": -8209.2, "2014": -8221.2, "2015": -8223.3, "2016": -8260.2, "2017": -8258.6, "2018": -900.3, "2019": -8260.2, "2020": -8282.8, "2021": -8275.3, "2022": -8322.4, "2023": -8352.8, "2024": -8284.2, "2025": -8361.5, "2026": -8373.4}, "total_retreat_m": 150.3, "speed_m_per_year": -5.43, "r_squared": 0.558, "std_error": 1.11, "ci_95_low": -7.75, "ci_95_high": -3.11, "valid_years": 22, "confidence": "medium", "risk_class": "low", "anchor": [52.00307345820406, 42.87274605766288], "outliers_removed": 1}}, {"type": "Feature", "geometry": {"type": "LineString", "coordinates": [[52.00761451783358, 42.86972710659449], [51.85591691840622, 42.793713237344]]}, "properties": {"transect_id": 471, "baseline_distance_m": 235000, "positions": {"2000": -7378.8, "2001": -7406.8, "2002": -7340.8, "2003": null, "2004": null, "2005": null, "2006": -7282.9, "2007": -7301.6, "2008": -7332.6, "2009": null, "2010": -7344.6, "2011": -7339.6, "2013": -7361.7, "2014": -7343.7, "2015": -7377.9, "2016": -7336.6, "2017": -7330.2, "2018": -7301.8, "2019": -7332.7, "2020": -7347.4, "2021": -7382.7, "2022": -7377.7, "2023": -7385.4, "2024": -7381.8, "2025": -7398.8, "2026": -7396.3}, "total_retreat_m": 17.5, "speed_m_per_year": -1.34, "r_squared": 0.1, "std_error": 0.9, "ci_95_low": -3.21, "ci_95_high": 0.54, "valid_years": 22, "confidence": "low", "risk_class": "low", "anchor": [52.00761451783358, 42.86972710659449], "outliers_removed": 0}}, {"type": "Feature", "geometry": {"type": "LineString", "coordinates": [[52.01215513415715, 42.8667079783703], [51.87972305242386, 42.77322134718354]]}, "properties": {"transect_id": 472, "baseline_distance_m": 235500, "positions": {"2000": -2486.8, "2001": -2495.1, "2002": -2475.8, "2003": null, "2004": null, "2005": null, "2006": -2465.4, "2007": -2487.7, "2008": -2474.0, "2009": null, "2010": -2479.0, "2011": -2511.2, "2013": -2537.6, "2014": -2512.4, "2015": -2575.2, "2016": -2548.2, "2017": -2524.7, "2018": -2476.8, "2019": -2520.7, "2020": -2574.1, "2021": -2578.9, "2022": -2585.7, "2023": -2602.1, "2024": -2582.2, "2025": -2604.7, "2026": -2657.4}, "total_retreat_m": 170.6, "speed_m_per_year": -5.6, "r_squared": 0.689, "std_error": 0.84, "ci_95_low": -7.36, "ci_95_high": -3.85, "valid_years": 22, "confidence": "medium", "risk_class": "low", "anchor": [52.01215513415715, 42.8667079783703], "outliers_removed": 0}}, {"type": "Feature", "geometry": {"type": "LineString", "coordinates": [[52.01669530723608, 42.86368867304729], [51.884262998901, 42.77020724843449]]}, "properties": {"transect_id": 473, "baseline_distance_m": 236000, "positions": {"2000": -1403.5, "2001": -1390.1, "2002": -1378.1, "2003": null, "2004": null, "2005": null, "2006": -1393.4, "2007": -1378.8, "2008": -1369.9, "2009": null, "2010": -1368.6, "2011": -1396.4, "2013": -1402.5, "2014": -1382.5, "2015": -1409.3, "2016": -1430.6, "2017": -1429.4, "2018": -1400.4, "2019": -1425.8, "2020": -1439.4, "2021": -1439.9, "2022": -1449.7, "2023": -1521.7, "2024": -1522.1, "2025": -1530.2, "2026": -1594.7}, "total_retreat_m": 191.2, "speed_m_per_year": -4.92, "r_squared": 0.6, "std_error": 0.92, "ci_95_low": -6.85, "ci_95_high": -2.99, "valid_years": 22, "confidence": "medium", "risk_class": "low", "anchor": [52.01669530723608, 42.86368867304729], "outliers_removed": 1}}, {"type": "Feature", "geometry": {"type": "LineString", "coordinates": [[52.02123503713174, 42.86066919068252], [51.88880250451087, 42.76719297212031]]}, "properties": {"transect_id": 474, "baseline_distance_m": 236500, "positions": {"2000": -237.2, "2001": -259.7, "2002": -227.5, "2003": null, "2004": null, "2005": null, "2006": -241.6, "2007": -230.6, "2008": -228.2, "2009": null, "2010": -225.8, "2011": -236.5, "2013": -257.6, "2014": -235.4, "2015": -302.2, "2016": -319.5, "2017": -322.0, "2018": -253.2, "2019": -321.0, "2020": -325.6, "2021": -361.7, "2022": -359.4, "2023": -370.9, "2024": -411.3, "2025": -424.2, "2026": -425.5}, "total_retreat_m": 188.3, "speed_m_per_year": -7.45, "r_squared": 0.74, "std_error": 0.99, "ci_95_low": -9.51, "ci_95_high": -5.39, "valid_years": 22, "confidence": "medium", "risk_class": "low", "anchor": [52.02123503713174, 42.86066919068252], "outliers_removed": 0}}, {"type": "Feature", "geometry": {"type": "LineString", "coordinates": [[52.02577432390549, 42.85764953133293], [51.89334156931399, 42.764178518297825]]}, "properties": {"transect_id": 475, "baseline_distance_m": 237000, "positions": {"2000": null, "2001": null, "2002": null, "2003": null, "2004": null, "2005": null, "2006": null, "2007": null, "2008": null, "2009": null, "2010": null, "2011": null, "2013": null, "2014": null, "2015": -4012.2, "2016": null, "2017": null, "2018": null, "2019": null, "2020": null, "2021": null, "2022": null, "2023": null, "2024": null, "2025": null, "2026": -383.5}, "total_retreat_m": -3628.7, "speed_m_per_year": 0.0, "r_squared": 0.0, "std_error": 0.0, "ci_95_low": 0.0, "ci_95_high": 0.0, "valid_years": 2, "confidence": "low", "risk_class": "low", "anchor": [52.02577432390549, 42.85764953133293], "outliers_removed": 0}}, {"type": "Feature", "geometry": {"type": "LineString", "coordinates": [[52.030313167618694, 42.85462969505551], [51.89788019337091, 42.761163887023905]]}, "properties": {"transect_id": 476, "baseline_distance_m": 237500, "positions": {"2000": null, "2001": null, "2002": null, "2003": null, "2004": null, "2005": null, "2006": null, "2007": null, "2008": null, "2009": null, "2010": null, "2011": null, "2013": null, "2014": null, "2015": -2720.9, "2016": null, "2017": null, "2018": null, "2019": null, "2020": null, "2021": null, "2022": null, "2023": null, "2024": null, "2025": null, "2026": -119.0}, "total_retreat_m": -2601.9, "speed_m_per_year": 0.0, "r_squared": 0.0, "std_error": 0.0, "ci_95_low": 0.0, "ci_95_high": 0.0, "valid_years": 2, "confidence": "low", "risk_class": "low", "anchor": [52.030313167618694, 42.85462969505551], "outliers_removed": 0}}, {"type": "Feature", "geometry": {"type": "LineString", "coordinates": [[52.03485156833271, 42.85160968190725], [51.90241837674218, 42.75814907835534]]}, "properties": {"transect_id": 477, "baseline_distance_m": 238000, "positions": {"2000": null, "2001": null, "2002": null, "2003": null, "2004": null, "2005": null, "2006": null, "2007": null, "2008": null, "2009": null, "2010": null, "2011": null, "2013": null, "2014": null, "2015": -4122.6, "2016": null, "2017": null, "2018": null, "2019": null, "2020": null, "2021": null, "2022": null, "2023": null, "2024": null, "2025": null, "2026": -504.0}, "total_retreat_m": -3618.6, "speed_m_per_year": 0.0, "r_squared": 0.0, "std_error": 0.0, "ci_95_low": 0.0, "ci_95_high": 0.0, "valid_years": 2, "confidence": "low", "risk_class": "low", "anchor": [52.03485156833271, 42.85160968190725], "outliers_removed": 0}}, {"type": "Feature", "geometry": {"type": "LineString", "coordinates": [[52.03938952610892, 42.84858949194513], [51.90695611948835, 42.75513409234902]]}, "properties": {"transect_id": 478, "baseline_distance_m": 238500, "positions": {"2000": null, "2001": null, "2002": null, "2003": null, "2004": null, "2005": null, "2006": null, "2007": null, "2008": null, "2009": null, "2010": null, "2011": null, "2013": null, "2014": null, "2015": -4189.1, "2016": null, "2017": null, "2018": null, "2019": null, "2020": null, "2021": null, "2022": null, "2023": null, "2024": null, "2025": null, "2026": -564.3}, "total_retreat_m": -3624.8, "speed_m_per_year": 0.0, "r_squared": 0.0, "std_error": 0.0, "ci_95_low": 0.0, "ci_95_high": 0.0, "valid_years": 2, "confidence": "low", "risk_class": "low", "anchor": [52.03938952610892, 42.84858949194513], "outliers_removed": 0}}, {"type": "Feature", "geometry": {"type": "LineString", "coordinates": [[52.04392704100871, 42.84556912522607], [51.911493421669974, 42.75211892906172]]}, "properties": {"transect_id": 479, "baseline_distance_m": 239000, "positions": {"2000": null, "2001": null, "2002": null, "2003": null, "2004": null, "2005": null, "2006": null, "2007": null, "2008": null, "2009": null, "2010": null, "2011": null, "2013": null, "2014": null, "2015": -3070.6, "2016": null, "2017": null, "2018": null, "2019": null, "2020": null, "2021": null, "2022": null, "2023": null, "2024": null, "2025": null, "2026": -1484.2}, "total_retreat_m": -1586.4, "speed_m_per_year": 0.0, "r_squared": 0.0, "std_error": 0.0, "ci_95_low": 0.0, "ci_95_high": 0.0, "valid_years": 2, "confidence": "low", "risk_class": "low", "anchor": [52.04392704100871, 42.84556912522607], "outliers_removed": 0}}, {"type": "Feature", "geometry": {"type": "LineString", "coordinates": [[52.04846411309344, 42.84254858180705], [51.9160302833476, 42.7491035885503]]}, "properties": {"transect_id": 480, "baseline_distance_m": 239500, "positions": {"2000": null, "2001": null, "2002": null, "2003": null, "2004": null, "2005": null, "2006": null, "2007": null, "2008": null, "2009": null, "2010": null, "2011": null, "2013": null, "2014": null, "2015": -3356.9, "2016": null, "2017": null, "2018": null, "2019": null, "2020": null, "2021": null, "2022": null, "2023": null, "2024": null, "2025": null, "2026": -1412.5}, "total_retreat_m": -1944.4, "speed_m_per_year": 0.0, "r_squared": 0.0, "std_error": 0.0, "ci_95_low": 0.0, "ci_95_high": 0.0, "valid_years": 2, "confidence": "low", "risk_class": "low", "anchor": [52.04846411309344, 42.84254858180705], "outliers_removed": 0}}, {"type": "Feature", "geometry": {"type": "LineString", "coordinates": [[52.053000742424516, 42.83952786174504], [51.920566704581816, 42.74608807087154]]}, "properties": {"transect_id": 481, "baseline_distance_m": 240000, "positions": {"2000": null, "2001": null, "2002": null, "2003": null, "2004": null, "2005": null, "2006": null, "2007": null, "2008": null, "2009": null, "2010": null, "2011": null, "2013": null, "2014": null, "2015": -1335.6, "2016": null, "2017": null, "2018": null, "2019": null, "2020": null, "2021": null, "2022": null, "2023": null, "2024": null, "2025": null, "2026": -721.6}, "total_retreat_m": -614.0, "speed_m_per_year": 0.0, "r_squared": 0.0, "std_error": 0.0, "ci_95_low": 0.0, "ci_95_high": 0.0, "valid_years": 2, "confidence": "low", "risk_class": "low", "anchor": [52.053000742424516, 42.83952786174504], "outliers_removed": 0}}, {"type": "Feature", "geometry": {"type": "LineString", "coordinates": [[52.05753692906333, 42.836506965096966], [51.92510268543319, 42.74307237608227]]}, "properties": {"transect_id": 482, "baseline_distance_m": 240500, "positions": {"2000": null, "2001": null, "2002": null, "2003": null, "2004": null, "2005": null, "2006": null, "2007": null, "2008": null, "2009": null, "2010": null, "2011": null, "2013": null, "2014": null, "2015": -2705.3, "2016": null, "2017": null, "2018": null, "2019": null, "2020": null, "2021": -10920.7, "2022": null, "2023": null, "2024": null, "2025": null, "2026": -22.4}, "total_retreat_m": -2682.9, "speed_m_per_year": 190.72, "r_squared": 0.034, "std_error": 1013.22, "ci_95_low": -12683.45, "ci_95_high": 13064.89, "valid_years": 3, "confidence": "low", "risk_class": "low", "anchor": [52.05753692906333, 42.836506965096966], "outliers_removed": 3}}, {"type": "Feature", "geometry": {"type": "LineString", "coordinates": [[52.06207267307128, 42.83348589191976], [51.929638225962286, 42.740056504239284]]}, "properties": {"transect_id": 483, "baseline_distance_m": 241000, "positions": {"2000": null, "2001": null, "2002": null, "2003": null, "2004": null, "2005": null, "2006": null, "2007": null, "2008": null, "2009": null, "2010": null, "2011": null, "2013": null, "2014": -13138.4, "2015": -3422.3, "2016": null, "2017": null, "2018": null, "2019": null, "2020": null, "2021": -10029.5, "2022": null, "2023": null, "2024": null, "2025": null, "2026": -64.5}, "total_retreat_m": -13073.9, "speed_m_per_year": 626.28, "r_squared": 0.344, "std_error": 612.1, "ci_95_low": -2007.36, "ci_95_high": 3259.93, "valid_years": 4, "confidence": "low", "risk_class": "low", "anchor": [52.06207267307128, 42.83348589191976], "outliers_removed": 0}}, {"type": "Feature", "geometry": {"type": "LineString", "coordinates": [[52.06660797450976, 42.83046464227038], [51.93417332622969, 42.737040455399374]]}, "properties": {"transect_id": 484, "baseline_distance_m": 241500, "positions": {"2000": null, "2001": null, "2002": null, "2003": null, "2004": null, "2005": null, "2006": null, "2007": null, "2008": null, "2009": null, "2010": null, "2011": null, "2013": null, "2014": -12787.1, "2015": -3586.1, "2016": null, "2017": null, "2018": null, "2019": null, "2020": null, "2021": null, "2022": null, "2023": null, "2024": null, "2025": null, "2026": -54.2}, "total_retreat_m": -12732.9, "speed_m_per_year": 755.06, "r_squared": 0.585, "std_error": 636.03, "ci_95_low": -7326.52, "ci_95_high": 8836.65, "valid_years": 3, "confidence": "low", "risk_class": "low", "anchor": [52.06660797450976, 42.83046464227038], "outliers_removed": 0}}, {"type": "Feature", "geometry": {"type": "LineString", "coordinates": [[52.07114283344019, 42.82744321620574], [51.938707986296, 42.73402422961932]]}, "properties": {"transect_id": 485, "baseline_distance_m": 242000, "positions": {"2000": null, "2001": null, "2002": null, "2003": null, "2004": null, "2005": null, "2006": null, "2007": null, "2008": null, "2009": null, "2010": null, "2011": null, "2013": null, "2014": -12383.4, "2015": -4044.0, "2016": null, "2017": null, "2018": null, "2019": null, "2020": null, "2021": null, "2022": null, "2023": null, "2024": null, "2025": null, "2026": -5025.7}, "total_retreat_m": -7357.7, "speed_m_per_year": 322.68, "r_squared": 0.222, "std_error": 603.71, "ci_95_low": -7348.2, "ci_95_high": 7993.56, "valid_years": 3, "confidence": "low", "risk_class": "low", "anchor": [52.07114283344019, 42.82744321620574], "outliers_removed": 0}}, {"type": "Feature", "geometry": {"type": "LineString", "coordinates": [[52.075677249923984, 42.82442161378274], [51.9432422062218, 42.73100782695591]]}, "properties": {"transect_id": 486, "baseline_distance_m": 242500, "positions": {"2000": null, "2001": null, "2002": null, "2003": null, "2004": null, "2005": null, "2006": null, "2007": null, "2008": null, "2009": null, "2010": null, "2011": null, "2013": null, "2014": -14178.2, "2015": -3731.5, "2016": null, "2017": null, "2018": null, "2019": null, "2020": null, "2021": -7142.3, "2022": null, "2023": null, "2024": null, "2025": null, "2026": -64.8}, "total_retreat_m": -14113.4, "speed_m_per_year": 756.16, "r_squared": 0.497, "std_error": 538.43, "ci_95_low": -1560.51, "ci_95_high": 3072.82, "valid_years": 4, "confidence": "low", "risk_class": "low", "anchor": [52.075677249923984, 42.82442161378274], "outliers_removed": 0}}, {"type": "Feature", "geometry": {"type": "LineString", "coordinates": [[52.080211224022555, 42.821399835058294], [51.94777598606768, 42.7279912474659]]}, "properties": {"transect_id": 487, "baseline_distance_m": 243000, "positions": {"2000": null, "2001": null, "2002": null, "2003": null, "2004": null, "2005": null, "2006": null, "2007": null, "2008": null, "2009": null, "2010": null, "2011": null, "2013": null, "2014": -13940.4, "2015": -4245.3, "2016": null, "2017": null, "2018": null, "2019": null, "2020": null, "2021": null, "2022": null, "2023": null, "2024": null, "2025": null, "2026": -92.6}, "total_retreat_m": -13847.8, "speed_m_per_year": 832.89, "r_squared": 0.609, "std_error": 667.38, "ci_95_low": -7647.01, "ci_95_high": 9312.79, "valid_years": 3, "confidence": "low", "risk_class": "low", "anchor": [52.080211224022555, 42.821399835058294], "outliers_removed": 0}}, {"type": "Feature", "geometry": {"type": "LineString", "coordinates": [[52.084744755797324, 42.81837788008933], [51.95230932589426, 42.724974491206105]]}, "properties": {"transect_id": 488, "baseline_distance_m": 243500, "positions": {"2000": null, "2001": null, "2002": null, "2003": null, "2004": null, "2005": null, "2006": null, "2007": null, "2008": null, "2009": null, "2010": null, "2011": null, "2013": null, "2014": -12464.2, "2015": -4112.4, "2016": null, "2017": null, "2018": null, "2019": null, "2020": null, "2021": -6736.0, "2022": null, "2023": null, "2024": null, "2025": null, "2026": -2.3}, "total_retreat_m": -12461.9, "speed_m_per_year": 694.49, "r_squared": 0.555, "std_error": 440.06, "ci_95_low": -1198.95, "ci_95_high": 2587.94, "valid_years": 4, "confidence": "low", "risk_class": "low", "anchor": [52.084744755797324, 42.81837788008933], "outliers_removed": 0}}, {"type": "Feature", "geometry": {"type": "LineString", "coordinates": [[52.089277845309724, 42.81535574893274], [51.956842225762145, 42.721957558233235]]}, "properties": {"transect_id": 489, "baseline_distance_m": 244000, "positions": {"2000": null, "2001": null, "2002": null, "2003": null, "2004": null, "2005": null, "2006": null, "2007": null, "2008": null, "2009": null, "2010": null, "2011": null, "2013": null, "2014": -12225.8, "2015": -565.3, "2016": null, "2017": null, "2018": null, "2019": null, "2020": null, "2021": -5430.6, "2022": null, "2023": null, "2024": null, "2025": null, "2026": -183.9}, "total_retreat_m": -12041.9, "speed_m_per_year": 545.12, "r_squared": 0.295, "std_error": 595.6, "ci_95_low": -2017.52, "ci_95_high": 3107.77, "valid_years": 4, "confidence": "low", "risk_class": "low", "anchor": [52.089277845309724, 42.81535574893274], "outliers_removed": 0}}, {"type": "Feature", "geometry": {"type": "LineString", "coordinates": [[52.09381049262119, 42.81233344164541], [51.96137468573194, 42.71894044860408]]}, "properties": {"transect_id": 490, "baseline_distance_m": 244500, "positions": {"2000": null, "2001": null, "2002": null, "2003": null, "2004": null, "2005": null, "2006": null, "2007": null, "2008": null, "2009": null, "2010": null, "2011": null, "2013": null, "2014": -11751.1, "2015": -841.5, "2016": null, "2017": null, "2018": null, "2019": null, "2020": null, "2021": -6291.6, "2022": null, "2023": null, "2024": -11362.5, "2025": null, "2026": -270.5}, "total_retreat_m": -11480.6, "speed_m_per_year": 187.28, "r_squared": 0.033, "std_error": 585.65, "ci_95_low": -1676.53, "ci_95_high": 2051.08, "valid_years": 5, "confidence": "low", "risk_class": "low", "anchor": [52.09381049262119, 42.81233344164541], "outliers_removed": 0}}, {"type": "Feature", "geometry": {"type": "LineString", "coordinates": [[52.09834269779316, 42.80931095828423], [51.96590670586426, 42.715923162375375]]}, "properties": {"transect_id": 491, "baseline_distance_m": 245000, "positions": {"2000": null, "2001": null, "2002": null, "2003": null, "2004": null, "2005": null, "2006": null, "2007": null, "2008": null, "2009": null, "2010": null, "2011": null, "2013": null, "2014": -13235.5, "2015": -3468.2, "2016": null, "2017": null, "2018": null, "2019": null, "2020": null, "2021": -6143.4, "2022": null, "2023": null, "2024": null, "2025": null, "2026": -2.3}, "total_retreat_m": -13233.2, "speed_m_per_year": 720.72, "r_squared": 0.517, "std_error": 492.48, "ci_95_low": -1398.27, "ci_95_high": 2839.71, "valid_years": 4, "confidence": "low", "risk_class": "low", "anchor": [52.09834269779316, 42.80931095828423], "outliers_removed": 0}}, {"type": "Feature", "geometry": {"type": "LineString", "coordinates": [[52.102874460887065, 42.806288298906075], [51.970438286219746, 42.712905699603866]]}, "properties": {"transect_id": 492, "baseline_distance_m": 245500, "positions": {"2000": null, "2001": null, "2002": null, "2003": null, "2004": null, "2005": null, "2006": null, "2007": null, "2008": null, "2009": null, "2010": null, "2011": null, "2013": null, "2014": -13191.6, "2015": -2860.5, "2016": null, "2017": null, "2018": null, "2019": null, "2020": null, "2021": -5651.7, "2022": null, "2023": null, "2024": null, "2025": null, "2026": -221.6}, "total_retreat_m": -12970.0, "speed_m_per_year": 686.65, "r_squared": 0.471, "std_error": 514.11, "ci_95_low": -1525.39, "ci_95_high": 2898.7, "valid_years": 4, "confidence": "low", "risk_class": "low", "anchor": [52.102874460887065, 42.806288298906075], "outliers_removed": 0}}, {"type": "Feature", "geometry": {"type": "LineString", "coordinates": [[52.107405781964374, 42.80326546356782], [51.97496942685901, 42.70988806034629]]}, "properties": {"transect_id": 493, "baseline_distance_m": 246000, "positions": {"2000": null, "2001": null, "2002": null, "2003": null, "2004": null, "2005": null, "2006": null, "2007": null, "2008": null, "2009": null, "2010": null, "2011": null, "2013": null, "2014": -12635.3, "2015": -2619.0, "2016": null, "2017": null, "2018": null, "2019": null, "2020": null, "2021": -5660.3, "2022": null, "2023": null, "2024": null, "2025": null, "2026": -135.0}, "total_retreat_m": -12500.3, "speed_m_per_year": 653.05, "r_squared": 0.457, "std_error": 503.75, "ci_95_low": -1514.39, "ci_95_high": 2820.5, "valid_years": 4, "confidence": "low", "risk_class": "low", "anchor": [52.107405781964374, 42.80326546356782], "outliers_removed": 0}}, {"type": "Feature", "geometry": {"type": "LineString", "coordinates": [[52.111936661086524, 42.800242452326344], [51.97950012784269, 42.706870244659356]]}, "properties": {"transect_id": 494, "baseline_distance_m": 246500, "positions": {"2000": null, "2001": null, "2002": null, "2003": null, "2004": null, "2005": null, "2006": null, "2007": null, "2008": null, "2009": null, "2010": null, "2011": null, "2013": null, "2014": -13046.9, "2015": -2488.5, "2016": null, "2017": null, "2018": null, "2019": null, "2020": null, "2021": null, "2022": -14826.9, "2023": null, "2024": null, "2025": null, "2026": -53.6}, "total_retreat_m": -12993.3, "speed_m_per_year": 384.17, "r_squared": 0.088, "std_error": 872.65, "ci_95_low": -3370.52, "ci_95_high": 4138.86, "valid_years": 4, "confidence": "low", "risk_class": "low", "anchor": [52.111936661086524, 42.800242452326344], "outliers_removed": 0}}, {"type": "Feature", "geometry": {"type": "LineString", "coordinates": [[52.116467098314985, 42.79721926523849], [51.984030389231435, 42.70385225259982]]}, "properties": {"transect_id": 495, "baseline_distance_m": 247000, "positions": {"2000": null, "2001": null, "2002": null, "2003": null, "2004": null, "2005": null, "2006": null, "2007": null, "2008": null, "2009": null, "2010": null, "2011": null, "2013": null, "2014": -12627.0, "2015": -2342.3, "2016": null, "2017": null, "2018": null, "2019": null, "2020": null, "2021": null, "2022": -14219.5, "2023": null, "2024": null, "2025": null, "2026": -14103.6}, "total_retreat_m": 1476.6, "speed_m_per_year": -587.91, "r_squared": 0.35, "std_error": 566.33, "ci_95_low": -3024.62, "ci_95_high": 1848.79, "valid_years": 4, "confidence": "low", "risk_class": "high", "anchor": [52.116467098314985, 42.79721926523849], "outliers_removed": 0}}, {"type": "Feature", "geometry": {"type": "LineString", "coordinates": [[52.12099709371122, 42.79419590236112], [51.988560211085876, 42.70083408422439]]}, "properties": {"transect_id": 496, "baseline_distance_m": 247500, "positions": {"2000": null, "2001": null, "2002": null, "2003": null, "2004": null, "2005": null, "2006": null, "2007": null, "2008": null, "2009": null, "2010": null, "2011": null, "2013": null, "2014": -12016.2, "2015": -2453.8, "2016": null, "2017": null, "2018": null, "2019": null, "2020": null, "2021": null, "2022": -14185.4, "2023": null, "2024": null, "2025": null, "2026": -13258.0}, "total_retreat_m": 1241.8, "speed_m_per_year": -556.84, "r_squared": 0.347, "std_error": 540.08, "ci_95_low": -2880.61, "ci_95_high": 1766.94, "valid_years": 4, "confidence": "low", "risk_class": "high", "anchor": [52.12099709371122, 42.79419590236112], "outliers_removed": 0}}, {"type": "Feature", "geometry": {"type": "LineString", "coordinates": [[52.12552664733668, 42.79117236375107], [51.993089593466664, 42.697815739589764]]}, "properties": {"transect_id": 497, "baseline_distance_m": 248000, "positions": {"2000": null, "2001": null, "2002": null, "2003": null, "2004": null, "2005": null, "2006": null, "2007": null, "2008": null, "2009": null, "2010": null, "2011": null, "2013": null, "2014": -13050.7, "2015": -2428.2, "2016": null, "2017": null, "2018": null, "2019": null, "2020": null, "2021": null, "2022": null, "2023": null, "2024": null, "2025": -12026.3, "2026": -13853.5}, "total_retreat_m": 802.8, "speed_m_per_year": -432.85, "r_squared": 0.268, "std_error": 505.2, "ci_95_low": -2606.55, "ci_95_high": 1740.85, "valid_years": 4, "confidence": "low", "risk_class": "high", "anchor": [52.12552664733668, 42.79117236375107], "outliers_removed": 0}}, {"type": "Feature", "geometry": {"type": "LineString", "coordinates": [[52.13005575925285, 42.7881486494652], [51.99761853643446, 42.69479721875264]]}, "properties": {"transect_id": 498, "baseline_distance_m": 248500, "positions": {"2000": null, "2001": null, "2002": null, "2003": null, "2004": null, "2005": null, "2006": null, "2007": null, "2008": null, "2009": null, "2010": null, "2011": null, "2013": null, "2014": -8418.9, "2015": -2495.3, "2016": null, "2017": null, "2018": null, "2019": null, "2020": null, "2021": null, "2022": null, "2023": null, "2024": null, "2025": -13790.0, "2026": -1531.2}, "total_retreat_m": -6887.7, "speed_m_per_year": -124.16, "r_squared": 0.019, "std_error": 626.13, "ci_95_low": -2818.19, "ci_95_high": 2569.87, "valid_years": 4, "confidence": "low", "risk_class": "high", "anchor": [52.13005575925285, 42.7881486494652], "outliers_removed": 0}}, {"type": "Feature", "geometry": {"type": "LineString", "coordinates": [[52.13458442952121, 42.78512475956033], [52.002147040049906, 42.691778521769756]]}, "properties": {"transect_id": 499, "baseline_distance_m": 249000, "positions": {"2000": null, "2001": null, "2002": null, "2003": null, "2004": null, "2005": null, "2006": null, "2007": null, "2008": null, "2009": null, "2010": null, "2011": null, "2013": null, "2014": -10676.3, "2015": -3282.8, "2016": null, "2017": null, "2018": null, "2019": null, "2020": null, "2021": null, "2022": null, "2023": null, "2024": null, "2025": null, "2026": -41.1}, "total_retreat_m": -10635.2, "speed_m_per_year": 641.63, "r_squared": 0.614, "std_error": 508.46, "ci_95_low": -5818.96, "ci_95_high": 7102.23, "valid_years": 3, "confidence": "low", "risk_class": "low", "anchor": [52.13458442952121, 42.78512475956033], "outliers_removed": 0}}, {"type": "Feature", "geometry": {"type": "LineString", "coordinates": [[52.13911265820324, 42.7821006940933], [52.00667510437369, 42.68875964869777]]}, "properties": {"transect_id": 500, "baseline_distance_m": 249500, "positions": {"2000": null, "2001": null, "2002": null, "2003": null, "2004": null, "2005": null, "2006": null, "2007": null, "2008": null, "2009": null, "2010": null, "2011": null, "2013": null, "2014": -9936.4, "2015": -3557.6, "2016": null, "2017": null, "2018": null, "2019": null, "2020": null, "2021": null, "2022": null, "2023": null, "2024": null, "2025": -14335.1, "2026": -557.2}, "total_retreat_m": -9379.2, "speed_m_per_year": 19.57, "r_squared": 0.0, "std_error": 688.61, "ci_95_low": -2943.29, "ci_95_high": 2982.43, "valid_years": 4, "confidence": "low", "risk_class": "low", "anchor": [52.13911265820324, 42.7821006940933], "outliers_removed": 0}}, {"type": "Feature", "geometry": {"type": "LineString", "coordinates": [[52.14364044536042, 42.779076453120915], [52.011202729466476, 42.685740599593366]]}, "properties": {"transect_id": 501, "baseline_distance_m": 250000, "positions": {"2000": null, "2001": null, "2002": null, "2003": null, "2004": null, "2005": null, "2006": null, "2007": null, "2008": null, "2009": null, "2010": null, "2011": null, "2013": null, "2014": -10747.9, "2015": -2823.4, "2016": null, "2017": null, "2018": null, "2019": null, "2020": null, "2021": null, "2022": -5268.5, "2023": null, "2024": null, "2025": null, "2026": -8380.2}, "total_retreat_m": -2367.7, "speed_m_per_year": -26.62, "r_squared": 0.002, "std_error": 427.96, "ci_95_low": -1867.97, "ci_95_high": 1814.73, "valid_years": 4, "confidence": "low", "risk_class": "high", "anchor": [52.14364044536042, 42.779076453120915], "outliers_removed": 0}}, {"type": "Feature", "geometry": {"type": "LineString", "coordinates": [[52.14816779105425, 42.77605203670002], [52.01572991538892, 42.682721374513235]]}, "properties": {"transect_id": 502, "baseline_distance_m": 250500, "positions": {"2000": null, "2001": null, "2002": null, "2003": null, "2004": null, "2005": null, "2006": null, "2007": null, "2008": null, "2009": null, "2010": null, "2011": null, "2013": null, "2014": -9025.4, "2015": -183.9, "2016": null, "2017": null, "2018": null, "2019": null, "2020": null, "2021": null, "2022": -5907.0, "2023": null, "2024": -3162.5, "2025": -12018.8, "2026": -37.1}, "total_retreat_m": -8988.3, "speed_m_per_year": 4.6, "r_squared": 0.0, "std_error": 464.69, "ci_95_low": -1285.59, "ci_95_high": 1294.79, "valid_years": 6, "confidence": "low", "risk_class": "low", "anchor": [52.14816779105425, 42.77605203670002], "outliers_removed": 0}}, {"type": "Feature", "geometry": {"type": "LineString", "coordinates": [[52.152694695346234, 42.77302744488739], [52.02025666220172, 42.679701973514035]]}, "properties": {"transect_id": 503, "baseline_distance_m": 251000, "positions": {"2000": null, "2001": null, "2002": null, "2003": null, "2004": null, "2005": null, "2006": null, "2007": null, "2008": null, "2009": null, "2010": null, "2011": null, "2013": null, "2014": -11779.8, "2015": -104.9, "2016": null, "2017": null, "2018": null, "2019": null, "2020": null, "2021": null, "2022": -6207.4, "2023": -13562.9, "2024": null, "2025": -9886.7, "2026": -73.4}, "total_retreat_m": -11706.4, "speed_m_per_year": 22.2, "r_squared": 0.0, "std_error": 570.47, "ci_95_low": -1561.67, "ci_95_high": 1606.08, "valid_years": 6, "confidence": "low", "risk_class": "low", "anchor": [52.152694695346234, 42.77302744488739], "outliers_removed": 0}}, {"type": "Feature", "geometry": {"type": "LineString", "coordinates": [[52.157221158297865, 42.77000267773984], [52.02478296996555, 42.67668239665246]]}, "properties": {"transect_id": 504, "baseline_distance_m": 251500, "positions": {"2000": null, "2001": null, "2002": null, "2003": null, "2004": null, "2005": null, "2006": null, "2007": null, "2008": null, "2009": null, "2010": null, "2011": null, "2013": null, "2014": -8890.8, "2015": -4441.2, "2016": null, "2017": null, "2018": null, "2019": null, "2020": null, "2021": null, "2022": -6825.4, "2023": -11691.0, "2024": null, "2025": -8683.3, "2026": -611.3}, "total_retreat_m": -8279.5, "speed_m_per_year": 107.22, "r_squared": 0.02, "std_error": 376.49, "ci_95_low": -938.09, "ci_95_high": 1152.54, "valid_years": 6, "confidence": "low", "risk_class": "low", "anchor": [52.157221158297865, 42.77000267773984], "outliers_removed": 0}}, {"type": "Feature", "geometry": {"type": "LineString", "coordinates": [[52.16174717997064, 42.76697773531414], [52.0293088387411, 42.673662643985125]]}, "properties": {"transect_id": 505, "baseline_distance_m": 252000, "positions": {"2000": null, "2001": null, "2002": null, "2003": null, "2004": null, "2005": null, "2006": null, "2007": null, "2008": null, "2009": null, "2010": null, "2011": null, "2013": null, "2014": -9759.7, "2015": -391.0, "2016": null, "2017": null, "2018": null, "2019": null, "2020": null, "2021": null, "2022": -7370.8, "2023": -2242.2, "2024": null, "2025": -7292.3, "2026": -672.4}, "total_retreat_m": -9087.3, "speed_m_per_year": 165.52, "r_squared": 0.045, "std_error": 382.74, "ci_95_low": -897.12, "ci_95_high": 1228.17, "valid_years": 6, "confidence": "low", "risk_class": "low", "anchor": [52.16174717997064, 42.76697773531414], "outliers_removed": 0}}, {"type": "Feature", "geometry": {"type": "LineString", "coordinates": [[52.1662727604261, 42.76395261766715], [52.03383426858908, 42.67064271556874]]}, "properties": {"transect_id": 506, "baseline_distance_m": 252500, "positions": {"2000": null, "2001": null, "2002": null, "2003": null, "2004": null, "2005": null, "2006": null, "2007": null, "2008": null, "2009": null, "2010": null, "2011": null, "2013": null, "2014": -10611.1, "2015": -152.7, "2016": null, "2017": null, "2018": null, "2019": null, "2020": null, "2021": null, "2022": -7562.6, "2023": -2023.4, "2024": -10901.8, "2025": -10454.2, "2026": -8143.1}, "total_retreat_m": -2468.0, "speed_m_per_year": -268.31, "r_squared": 0.089, "std_error": 384.99, "ci_95_low": -1257.97, "ci_95_high": 721.34, "valid_years": 7, "confidence": "low", "risk_class": "high", "anchor": [52.1662727604261, 42.76395261766715], "outliers_removed": 0}}, {"type": "Feature", "geometry": {"type": "LineString", "coordinates": [[52.17079789972572, 42.76092732485559], [52.03835925957017, 42.667622611459905]]}, "properties": {"transect_id": 507, "baseline_distance_m": 253000, "positions": {"2000": null, "2001": null, "2002": -2074.9, "2003": null, "2004": null, "2005": null, "2006": null, "2007": null, "2008": null, "2009": null, "2010": null, "2011": null, "2013": null, "2014": -11101.0, "2015": -5269.0, "2016": null, "2017": null, "2018": null, "2019": null, "2020": null, "2021": null, "2022": -6847.8, "2023": -3469.5, "2024": null, "2025": -12275.6, "2026": -5353.5}, "total_retreat_m": 3278.6, "speed_m_per_year": -168.93, "r_squared": 0.144, "std_error": 184.13, "ci_95_low": -642.26, "ci_95_high": 304.41, "valid_years": 7, "confidence": "low", "risk_class": "high", "anchor": [52.17079789972572, 42.76092732485559], "outliers_removed": 0}}, {"type": "Feature", "geometry": {"type": "LineString", "coordinates": [[52.175322597931064, 42.75790185693622], [52.04288381174508, 42.66460233171528]]}, "properties": {"transect_id": 508, "baseline_distance_m": 253500, "positions": {"2000": null, "2001": null, "2002": -1762.7, "2003": null, "2004": null, "2005": null, "2006": null, "2007": null, "2008": null, "2009": null, "2010": null, "2011": null, "2013": null, "2014": -5733.6, "2015": -391.8, "2016": null, "2017": null, "2018": null, "2019": null, "2020": null, "2021": null, "2022": -7390.6, "2023": -4910.2, "2024": null, "2025": -10671.9, "2026": -1101.5}, "total_retreat_m": -661.2, "speed_m_per_year": -185.69, "r_squared": 0.178, "std_error": 178.18, "ci_95_low": -643.73, "ci_95_high": 272.34, "valid_years": 7, "confidence": "low", "risk_class": "high", "anchor": [52.175322597931064, 42.75790185693622], "outliers_removed": 0}}, {"type": "Feature", "geometry": {"type": "LineString", "coordinates": [[52.17984685510363, 42.75487621396589], [52.047407925174525, 42.66158187639149]]}, "properties": {"transect_id": 509, "baseline_distance_m": 254000, "positions": {"2000": null, "2001": null, "2002": -2663.5, "2003": null, "2004": null, "2005": null, "2006": null, "2007": null, "2008": null, "2009": null, "2010": null, "2011": null, "2013": null, "2014": -5545.7, "2015": -505.4, "2016": null, "2017": null, "2018": null, "2019": null, "2020": null, "2021": null, "2022": -8151.2, "2023": -3275.6, "2024": null, "2025": -11129.5, "2026": -5866.9}, "total_retreat_m": 3203.4, "speed_m_per_year": -235.03, "r_squared": 0.314, "std_error": 155.4, "ci_95_low": -634.51, "ci_95_high": 164.45, "valid_years": 7, "confidence": "low", "risk_class": "high", "anchor": [52.17984685510363, 42.75487621396589], "outliers_removed": 0}}, {"type": "Feature", "geometry": {"type": "LineString", "coordinates": [[52.184370671304954, 42.7518503960013], [52.05193159991921, 42.65856124554517]]}, "properties": {"transect_id": 510, "baseline_distance_m": 254500, "positions": {"2000": null, "2001": null, "2002": null, "2003": null, "2004": null, "2005": null, "2006": null, "2007": null, "2008": null, "2009": null, "2010": null, "2011": null, "2013": null, "2014": -5983.0, "2015": -6693.7, "2016": null, "2017": null, "2018": null, "2019": null, "2020": null, "2021": null, "2022": -9848.6, "2023": -2871.1, "2024": null, "2025": -14997.3, "2026": -482.4}, "total_retreat_m": -5500.6, "speed_m_per_year": -21.11, "r_squared": 0.0, "std_error": 503.09, "ci_95_low": -1417.92, "ci_95_high": 1375.71, "valid_years": 6, "confidence": "low", "risk_class": "high", "anchor": [52.184370671304954, 42.7518503960013], "outliers_removed": 0}}, {"type": "Feature", "geometry": {"type": "LineString", "coordinates": [[52.18889404659658, 42.74882440309922], [52.05645483603986, 42.65554043923295]]}, "properties": {"transect_id": 511, "baseline_distance_m": 255000, "positions": {"2000": null, "2001": null, "2002": null, "2003": null, "2004": null, "2005": null, "2006": null, "2007": null, "2008": null, "2009": null, "2010": null, "2011": null, "2013": null, "2014": -6137.2, "2015": -88.8, "2016": null, "2017": null, "2018": null, "2019": null, "2020": null, "2021": null, "2022": -9893.8, "2023": -2094.8, "2024": null, "2025": -14088.9, "2026": -670.0}, "total_retreat_m": -5467.2, "speed_m_per_year": -273.56, "r_squared": 0.062, "std_error": 531.6, "ci_95_low": -1749.53, "ci_95_high": 1202.4, "valid_years": 6, "confidence": "low", "risk_class": "high", "anchor": [52.18889404659658, 42.74882440309922], "outliers_removed": 0}}, {"type": "Feature", "geometry": {"type": "LineString", "coordinates": [[52.19341698104004, 42.7457982353164], [52.060977633597204, 42.652519457511424]]}, "properties": {"transect_id": 512, "baseline_distance_m": 255500, "positions": {"2000": null, "2001": null, "2002": null, "2003": null, "2004": null, "2005": null, "2006": null, "2007": null, "2008": -114.8, "2009": null, "2010": null, "2011": null, "2013": null, "2014": -9306.9, "2015": -31.0, "2016": null, "2017": null, "2018": null, "2019": null, "2020": -12346.6, "2021": null, "2022": -9514.2, "2023": -2045.5, "2024": -11572.1, "2025": -14246.1, "2026": -1467.3}, "total_retreat_m": 1352.5, "speed_m_per_year": -388.87, "r_squared": 0.168, "std_error": 326.73, "ci_95_low": -1161.46, "ci_95_high": 383.72, "valid_years": 9, "confidence": "low", "risk_class": "high", "anchor": [52.19341698104004, 42.7457982353164], "outliers_removed": 0}}, {"type": "Feature", "geometry": {"type": "LineString", "coordinates": [[52.19793947469688, 42.74277189270958], [52.065499992651965, 42.649498300437216]]}, "properties": {"transect_id": 513, "baseline_distance_m": 256000, "positions": {"2000": null, "2001": null, "2002": null, "2003": null, "2004": null, "2005": null, "2006": null, "2007": null, "2008": null, "2009": null, "2010": null, "2011": null, "2013": null, "2014": -9994.9, "2015": -347.5, "2016": null, "2017": null, "2018": null, "2019": null, "2020": null, "2021": null, "2022": -10136.8, "2023": -2810.7, "2024": null, "2025": -14647.5, "2026": -54.3}, "total_retreat_m": -9940.6, "speed_m_per_year": -68.04, "r_squared": 0.003, "std_error": 593.05, "ci_95_low": -1714.6, "ci_95_high": 1578.52, "valid_years": 6, "confidence": "low", "risk_class": "high", "anchor": [52.19793947469688, 42.74277189270958], "outliers_removed": 0}}, {"type": "Feature", "geometry": {"type": "LineString", "coordinates": [[52.20246152762865, 42.7397453753355], [52.070021913264874, 42.64647696806692]]}, "properties": {"transect_id": 514, "baseline_distance_m": 256500, "positions": {"2000": null, "2001": null, "2002": null, "2003": null, "2004": null, "2005": null, "2006": null, "2007": null, "2008": -1873.1, "2009": null, "2010": null, "2011": null, "2013": null, "2014": -9268.9, "2015": -977.6, "2016": null, "2017": null, "2018": null, "2019": null, "2020": null, "2021": null, "2022": -10509.8, "2023": -691.1, "2024": null, "2025": -12794.8, "2026": -663.1}, "total_retreat_m": -1210.0, "speed_m_per_year": -164.87, "r_squared": 0.043, "std_error": 348.13, "ci_95_low": -1059.78, "ci_95_high": 730.03, "valid_years": 7, "confidence": "low", "risk_class": "high", "anchor": [52.20246152762865, 42.7397453753355], "outliers_removed": 0}}, {"type": "Feature", "geometry": {"type": "LineString", "coordinates": [[52.206983139896906, 42.736718683250906], [52.074543395496676, 42.64345546045713]]}, "properties": {"transect_id": 515, "baseline_distance_m": 257000, "positions": {"2000": null, "2001": null, "2002": null, "2003": null, "2004": null, "2005": null, "2006": null, "2007": null, "2008": -1583.8, "2009": null, "2010": null, "2011": null, "2013": null, "2014": -9884.6, "2015": -957.9, "2016": null, "2017": null, "2018": null, "2019": null, "2020": null, "2021": -7115.7, "2022": -11136.8, "2023": -1584.9, "2024": null, "2025": -11358.3, "2026": -386.5}, "total_retreat_m": -1197.3, "speed_m_per_year": -156.65, "r_squared": 0.041, "std_error": 309.76, "ci_95_low": -914.62, "ci_95_high": 601.31, "valid_years": 8, "confidence": "low", "risk_class": "high", "anchor": [52.206983139896906, 42.736718683250906], "outliers_removed": 0}}, {"type": "Feature", "geometry": {"type": "LineString", "coordinates": [[52.21150431156321, 42.733691816512504], [52.079064439408114, 42.640433777664455]]}, "properties": {"transect_id": 516, "baseline_distance_m": 257500, "positions": {"2000": null, "2001": null, "2002": null, "2003": null, "2004": null, "2005": null, "2006": null, "2007": null, "2008": -3631.4, "2009": null, "2010": null, "2011": null, "2013": null, "2014": -10791.1, "2015": -3537.9, "2016": null, "2017": null, "2018": null, "2019": null, "2020": null, "2021": -6419.5, "2022": -11632.2, "2023": -1617.7, "2024": null, "2025": -11512.5, "2026": -295.5}, "total_retreat_m": -3335.9, "speed_m_per_year": -17.92, "r_squared": 0.001, "std_error": 299.54, "ci_95_low": -750.86, "ci_95_high": 715.02, "valid_years": 8, "confidence": "low", "risk_class": "medium", "anchor": [52.21150431156321, 42.733691816512504], "outliers_removed": 0}}, {"type": "Feature", "geometry": {"type": "LineString", "coordinates": [[52.216025042689125, 42.73066477517703], [52.083585045059934, 42.63741191974546]]}, "properties": {"transect_id": 517, "baseline_distance_m": 258000, "positions": {"2000": null, "2001": null, "2002": null, "2003": null, "2004": null, "2005": null, "2006": null, "2007": null, "2008": -3333.5, "2009": null, "2010": null, "2011": null, "2013": null, "2014": -10948.9, "2015": -3250.4, "2016": null, "2017": null, "2018": null, "2019": null, "2020": -8937.1, "2021": -5460.7, "2022": -12048.0, "2023": -3392.6, "2024": -178.4, "2025": -13006.1, "2026": -89.1}, "total_retreat_m": -3244.4, "speed_m_per_year": 12.87, "r_squared": 0.0, "std_error": 297.49, "ci_95_low": -673.13, "ci_95_high": 698.88, "valid_years": 10, "confidence": "low", "risk_class": "low", "anchor": [52.216025042689125, 42.73066477517703], "outliers_removed": 0}}, {"type": "Feature", "geometry": {"type": "LineString", "coordinates": [[52.22054533333622, 42.72763755930118], [52.088105212512886, 42.63438988675672]]}, "properties": {"transect_id": 518, "baseline_distance_m": 258500, "positions": {"2000": null, "2001": null, "2002": null, "2003": null, "2004": null, "2005": null, "2006": null, "2007": null, "2008": -4165.8, "2009": null, "2010": null, "2011": null, "2013": null, "2014": -10755.7, "2015": -2750.8, "2016": null, "2017": null, "2018": null, "2019": null, "2020": -11583.9, "2021": -5050.3, "2022": -12543.2, "2023": -1289.6, "2024": -493.7, "2025": -11507.6, "2026": -327.1}, "total_retreat_m": -3838.7, "speed_m_per_year": 70.04, "r_squared": 0.006, "std_error": 308.45, "ci_95_low": -641.24, "ci_95_high": 781.32, "valid_years": 10, "confidence": "low", "risk_class": "low", "anchor": [52.22054533333622, 42.72763755930118], "outliers_removed": 0}}, {"type": "Feature", "geometry": {"type": "LineString", "coordinates": [[52.22506518356606, 42.724610168941645], [52.09262494182774, 42.6313676787548]]}, "properties": {"transect_id": 519, "baseline_distance_m": 259000, "positions": {"2000": null, "2001": null, "2002": null, "2003": null, "2004": null, "2005": null, "2006": null, "2007": null, "2008": null, "2009": null, "2010": null, "2011": null, "2013": null, "2014": -11511.0, "2015": -5995.3, "2016": null, "2017": null, "2018": null, "2019": null, "2020": -9008.1, "2021": -3356.6, "2022": -12897.0, "2023": -3.6, "2024": null, "2025": -10863.4, "2026": -454.5}, "total_retreat_m": -11056.5, "speed_m_per_year": 406.12, "r_squared": 0.121, "std_error": 447.52, "ci_95_low": -688.92, "ci_95_high": 1501.15, "valid_years": 8, "confidence": "low", "risk_class": "low", "anchor": [52.22506518356606, 42.724610168941645], "outliers_removed": 0}}, {"type": "Feature", "geometry": {"type": "LineString", "coordinates": [[52.22958459344024, 42.72158260415515], [52.09714423306525, 42.62834529579629]]}, "properties": {"transect_id": 520, "baseline_distance_m": 259500, "positions": {"2000": null, "2001": null, "2002": null, "2003": null, "2004": null, "2005": null, "2006": null, "2007": null, "2008": -7100.3, "2009": null, "2010": null, "2011": null, "2013": null, "2014": -10416.7, "2015": -724.0, "2016": null, "2017": null, "2018": null, "2019": null, "2020": -8017.9, "2021": -4495.3, "2022": -12969.9, "2023": -1267.6, "2024": null, "2025": -6462.7, "2026": -1099.1}, "total_retreat_m": -6001.2, "speed_m_per_year": 156.31, "r_squared": 0.045, "std_error": 272.18, "ci_95_low": -487.28, "ci_95_high": 799.91, "valid_years": 9, "confidence": "low", "risk_class": "low", "anchor": [52.22958459344024, 42.72158260415515], "outliers_removed": 0}}, {"type": "Feature", "geometry": {"type": "LineString", "coordinates": [[52.23410356302033, 42.718554864998374], [52.1016630862862, 42.625322737937715]]}, "properties": {"transect_id": 521, "baseline_distance_m": 260000, "positions": {"2000": null, "2001": null, "2002": null, "2003": null, "2004": null, "2005": null, "2006": null, "2007": null, "2008": -6827.2, "2009": null, "2010": null, "2011": null, "2013": null, "2014": -11357.3, "2015": -539.9, "2016": null, "2017": null, "2018": null, "2019": null, "2020": null, "2021": -4719.6, "2022": -13264.0, "2023": null, "2024": null, "2025": -9925.8, "2026": -5151.0}, "total_retreat_m": -1676.2, "speed_m_per_year": -98.65, "r_squared": 0.022, "std_error": 295.85, "ci_95_low": -859.15, "ci_95_high": 661.85, "valid_years": 7, "confidence": "low", "risk_class": "high", "anchor": [52.23410356302033, 42.718554864998374], "outliers_removed": 0}}, {"type": "Feature", "geometry": {"type": "LineString", "coordinates": [[52.23862209236791, 42.715526951528], [52.10618150155134, 42.62230000523565]]}, "properties": {"transect_id": 522, "baseline_distance_m": 260500, "positions": {"2000": null, "2001": null, "2002": null, "2003": null, "2004": null, "2005": null, "2006": null, "2007": null, "2008": -7692.1, "2009": null, "2010": -538.2, "2011": -51.3, "2013": null, "2014": -10868.3, "2015": -5013.7, "2016": null, "2017": null, "2018": null, "2019": null, "2020": null, "2021": -5675.3, "2022": -13023.9, "2023": null, "2024": null, "2025": -8877.2, "2026": null}, "total_retreat_m": 1185.1, "speed_m_per_year": -396.23, "r_squared": 0.287, "std_error": 255.21, "ci_95_low": -1020.71, "ci_95_high": 228.24, "valid_years": 8, "confidence": "low", "risk_class": "high", "anchor": [52.23862209236791, 42.715526951528], "outliers_removed": 0}}, {"type": "Feature", "geometry": {"type": "LineString", "coordinates": [[52.24314018154458, 42.71249886380071], [52.11069947892146, 42.61927709774665]]}, "properties": {"transect_id": 523, "baseline_distance_m": 261000, "positions": {"2000": null, "2001": null, "2002": null, "2003": null, "2004": null, "2005": null, "2006": null, "2007": null, "2008": -9719.0, "2009": null, "2010": -204.4, "2011": null, "2013": null, "2014": -10891.0, "2015": -4869.3, "2016": null, "2017": null, "2018": null, "2019": null, "2020": -10643.1, "2021": -3282.7, "2022": -14297.2, "2023": null, "2024": null, "2025": -6813.8, "2026": -13175.6}, "total_retreat_m": 3456.6, "speed_m_per_year": -279.97, "r_squared": 0.145, "std_error": 256.71, "ci_95_low": -886.99, "ci_95_high": 327.05, "valid_years": 9, "confidence": "low", "risk_class": "high", "anchor": [52.24314018154458, 42.71249886380071], "outliers_removed": 0}}, {"type": "Feature", "geometry": {"type": "LineString", "coordinates": [[52.247657830611956, 42.709470601873186], [52.11521701845734, 42.6162540155272]]}, "properties": {"transect_id": 524, "baseline_distance_m": 261500, "positions": {"2000": null, "2001": null, "2002": null, "2003": null, "2004": null, "2005": null, "2006": null, "2007": null, "2008": -10636.2, "2009": null, "2010": -1076.1, "2011": -644.6, "2013": null, "2014": -11031.6, "2015": -4577.8, "2016": null, "2017": null, "2018": null, "2019": null, "2020": -11876.0, "2021": -3491.2, "2022": -14868.0, "2023": null, "2024": null, "2025": -11582.5, "2026": -6267.9}, "total_retreat_m": -4368.3, "speed_m_per_year": -290.2, "r_squared": 0.139, "std_error": 255.58, "ci_95_low": -879.56, "ci_95_high": 299.17, "valid_years": 10, "confidence": "low", "risk_class": "high", "anchor": [52.247657830611956, 42.709470601873186], "outliers_removed": 0}}, {"type": "Feature", "geometry": {"type": "LineString", "coordinates": [[52.25217503963162, 42.706442165802095], [52.119734120219775, 42.61323075863389]]}, "properties": {"transect_id": 525, "baseline_distance_m": 262000, "positions": {"2000": null, "2001": null, "2002": null, "2003": null, "2004": null, "2005": null, "2006": null, "2007": null, "2008": -10332.3, "2009": null, "2010": -1927.2, "2011": -1511.0, "2013": null, "2014": -9535.9, "2015": -4265.9, "2016": null, "2017": null, "2018": null, "2019": null, "2020": null, "2021": -4224.4, "2022": -12365.0, "2023": null, "2024": null, "2025": -11192.6, "2026": -10248.7}, "total_retreat_m": -83.6, "speed_m_per_year": -315.45, "r_squared": 0.251, "std_error": 206.04, "ci_95_low": -802.65, "ci_95_high": 171.75, "valid_years": 9, "confidence": "low", "risk_class": "high", "anchor": [52.25217503963162, 42.706442165802095], "outliers_removed": 0}}, {"type": "Feature", "geometry": {"type": "LineString", "coordinates": [[52.25669180866516, 42.70341355564406], [52.12425078426955, 42.610207327123184]]}, "properties": {"transect_id": 526, "baseline_distance_m": 262500, "positions": {"2000": null, "2001": null, "2002": null, "2003": null, "2004": null, "2005": null, "2006": null, "2007": null, "2008": -11182.1, "2009": null, "2010": -2848.0, "2011": -3582.1, "2013": null, "2014": -10408.1, "2015": null, "2016": null, "2017": null, "2018": null, "2019": null, "2020": null, "2021": -5193.9, "2022": null, "2023": null, "2024": null, "2025": -10016.8, "2026": -12809.4}, "total_retreat_m": 1627.3, "speed_m_per_year": -224.52, "r_squared": 0.173, "std_error": 219.29, "ci_95_low": -788.21, "ci_95_high": 339.17, "valid_years": 7, "confidence": "low", "risk_class": "high", "anchor": [52.25669180866516, 42.70341355564406], "outliers_removed": 0}}, {"type": "Feature", "geometry": {"type": "LineString", "coordinates": [[52.261208137774226, 42.70038477145578], [52.12876701066747, 42.60718372105167]]}, "properties": {"transect_id": 527, "baseline_distance_m": 263000, "positions": {"2000": null, "2001": null, "2002": null, "2003": null, "2004": null, "2005": null, "2006": null, "2007": null, "2008": -13261.5, "2009": null, "2010": -3703.2, "2011": -3274.9, "2013": null, "2014": -10065.0, "2015": null, "2016": null, "2017": null, "2018": null, "2019": null, "2020": -10402.7, "2021": -5727.0, "2022": -14338.2, "2023": null, "2024": null, "2025": -9274.5, "2026": -7278.2}, "total_retreat_m": -5983.3, "speed_m_per_year": -97.82, "r_squared": 0.029, "std_error": 215.16, "ci_95_low": -606.58, "ci_95_high": 410.94, "valid_years": 9, "confidence": "low", "risk_class": "high", "anchor": [52.261208137774226, 42.70038477145578], "outliers_removed": 0}}, {"type": "Feature", "geometry": {"type": "LineString", "coordinates": [[52.265724027020404, 42.69735581329388], [52.13328279947432, 42.604159940475824]]}, "properties": {"transect_id": 528, "baseline_distance_m": 263500, "positions": {"2000": null, "2001": null, "2002": null, "2003": null, "2004": null, "2005": null, "2006": null, "2007": null, "2008": -12952.6, "2009": null, "2010": -4606.2, "2011": -5303.3, "2013": null, "2014": -9533.8, "2015": -8754.7, "2016": null, "2017": null, "2018": null, "2019": null, "2020": null, "2021": -6910.6, "2022": -14116.6, "2023": null, "2024": null, "2025": -9597.9, "2026": null}, "total_retreat_m": -3354.7, "speed_m_per_year": -139.89, "r_squared": 0.067, "std_error": 213.89, "ci_95_low": -663.25, "ci_95_high": 383.47, "valid_years": 8, "confidence": "low", "risk_class": "high", "anchor": [52.265724027020404, 42.69735581329388], "outliers_removed": 0}}, {"type": "Feature", "geometry": {"type": "LineString", "coordinates": [[52.27023947646533, 42.69432668121501], [52.13779815075093, 42.60113598545215]]}, "properties": {"transect_id": 529, "baseline_distance_m": 264000, "positions": {"2000": null, "2001": null, "2002": null, "2003": null, "2004": null, "2005": null, "2006": null, "2007": null, "2008": null, "2009": null, "2010": -5442.0, "2011": -5012.6, "2013": null, "2014": -10681.9, "2015": -8959.1, "2016": null, "2017": null, "2018": null, "2019": null, "2020": null, "2021": -8280.7, "2022": -8978.4, "2023": null, "2024": null, "2025": -11272.6, "2026": -14715.6}, "total_retreat_m": 9273.6, "speed_m_per_year": -395.51, "r_squared": 0.621, "std_error": 126.12, "ci_95_low": -704.11, "ci_95_high": -86.9, "valid_years": 8, "confidence": "low", "risk_class": "high", "anchor": [52.27023947646533, 42.69432668121501], "outliers_removed": 0}}, {"type": "Feature", "geometry": {"type": "LineString", "coordinates": [[52.27475448617062, 42.691297375275774], [52.142313064558095, 42.598111856037164]]}, "properties": {"transect_id": 530, "baseline_distance_m": 264500, "positions": {"2000": null, "2001": null, "2002": null, "2003": null, "2004": null, "2005": null, "2006": null, "2007": null, "2008": null, "2009": null, "2010": -6361.0, "2011": -5891.8, "2013": null, "2014": -11159.1, "2015": null, "2016": null, "2017": null, "2018": null, "2019": null, "2020": -7113.6, "2021": -8366.9, "2022": -7632.3, "2023": null, "2024": null, "2025": -11031.8, "2026": -11626.8}, "total_retreat_m": 5265.8, "speed_m_per_year": -224.31, "r_squared": 0.363, "std_error": 121.37, "ci_95_low": -521.29, "ci_95_high": 72.66, "valid_years": 8, "confidence": "low", "risk_class": "high", "anchor": [52.27475448617062, 42.691297375275774], "outliers_removed": 0}}, {"type": "Feature", "geometry": {"type": "LineString", "coordinates": [[52.279269056197904, 42.68826789553284], [52.146827540956636, 42.59508755228736]]}, "properties": {"transect_id": 531, "baseline_distance_m": 265000, "positions": {"2000": null, "2001": null, "2002": null, "2003": null, "2004": null, "2005": null, "2006": null, "2007": null, "2008": null, "2009": null, "2010": -7214.1, "2011": -9069.7, "2013": null, "2014": -9717.4, "2015": -11399.7, "2016": null, "2017": null, "2018": null, "2019": null, "2020": -7930.9, "2021": -9717.4, "2022": -7638.7, "2023": null, "2024": null, "2025": -11184.5, "2026": -12656.5}, "total_retreat_m": 5442.4, "speed_m_per_year": -148.86, "r_squared": 0.223, "std_error": 104.89, "ci_95_low": -396.88, "ci_95_high": 99.16, "valid_years": 9, "confidence": "low", "risk_class": "high", "anchor": [52.279269056197904, 42.68826789553284], "outliers_removed": 0}}, {"type": "Feature", "geometry": {"type": "LineString", "coordinates": [[52.28378318660882, 42.6852382420428], [52.15134158000738, 42.592063074259194]]}, "properties": {"transect_id": 532, "baseline_distance_m": 265500, "positions": {"2000": null, "2001": null, "2002": null, "2003": null, "2004": null, "2005": null, "2006": null, "2007": null, "2008": null, "2009": null, "2010": -6918.1, "2011": -7635.5, "2013": null, "2014": -10565.8, "2015": -12561.6, "2016": null, "2017": null, "2018": null, "2019": null, "2020": -8800.9, "2021": -10227.2, "2022": -7975.1, "2023": null, "2024": null, "2025": -8794.2, "2026": -14115.2}, "total_retreat_m": 7197.1, "speed_m_per_year": -166.19, "r_squared": 0.17, "std_error": 138.59, "ci_95_low": -493.89, "ci_95_high": 161.52, "valid_years": 9, "confidence": "low", "risk_class": "high", "anchor": [52.28378318660882, 42.6852382420428], "outliers_removed": 0}}, {"type": "Feature", "geometry": {"type": "LineString", "coordinates": [[52.288296877465, 42.682208414862274], [52.155855181771145, 42.58903842200918]]}, "properties": {"transect_id": 533, "baseline_distance_m": 266000, "positions": {"2000": null, "2001": null, "2002": null, "2003": null, "2004": null, "2005": null, "2006": null, "2007": null, "2008": null, "2009": null, "2010": -7769.6, "2011": -9668.2, "2013": null, "2014": -10737.6, "2015": -13159.1, "2016": null, "2017": null, "2018": null, "2019": null, "2020": null, "2021": -7994.7, "2022": -10319.5, "2023": null, "2024": null, "2025": -7832.3, "2026": -4145.2}, "total_retreat_m": -3624.4, "speed_m_per_year": 213.81, "r_squared": 0.253, "std_error": 150.14, "ci_95_low": -153.56, "ci_95_high": 581.18, "valid_years": 8, "confidence": "low", "risk_class": "low", "anchor": [52.288296877465, 42.682208414862274], "outliers_removed": 0}}, {"type": "Feature", "geometry": {"type": "LineString", "coordinates": [[52.292810128828094, 42.67917841404787], [52.16036834630877, 42.58601359559377]]}, "properties": {"transect_id": 534, "baseline_distance_m": 266500, "positions": {"2000": null, "2001": null, "2002": null, "2003": null, "2004": null, "2005": null, "2006": null, "2007": null, "2008": null, "2009": null, "2010": -8657.7, "2011": -10566.3, "2013": null, "2014": -6515.8, "2015": -12811.9, "2016": null, "2017": null, "2018": null, "2019": null, "2020": null, "2021": -10015.0, "2022": -9926.5, "2023": null, "2024": null, "2025": -9210.1, "2026": null}, "total_retreat_m": 552.4, "speed_m_per_year": -19.09, "r_squared": 0.003, "std_error": 147.18, "ci_95_low": -397.42, "ci_95_high": 359.25, "valid_years": 7, "confidence": "low", "risk_class": "medium", "anchor": [52.292810128828094, 42.67917841404787], "outliers_removed": 0}}, {"type": "Feature", "geometry": {"type": "LineString", "coordinates": [[52.29732294075975, 42.6761482396562], [52.16488107368109, 42.58298859506946]]}, "properties": {"transect_id": 535, "baseline_distance_m": 267000, "positions": {"2000": null, "2001": null, "2002": null, "2003": null, "2004": null, "2005": null, "2006": null, "2007": null, "2008": null, "2009": null, "2010": -9526.4, "2011": -11417.9, "2013": null, "2014": -11288.8, "2015": null, "2016": null, "2017": null, "2018": null, "2019": null, "2020": null, "2021": -12746.2, "2022": -9706.3, "2023": null, "2024": null, "2025": -10492.7, "2026": -4765.5}, "total_retreat_m": -4760.9, "speed_m_per_year": 160.44, "r_squared": 0.175, "std_error": 155.99, "ci_95_low": -240.54, "ci_95_high": 561.41, "valid_years": 7, "confidence": "low", "risk_class": "low", "anchor": [52.29732294075975, 42.6761482396562], "outliers_removed": 0}}, {"type": "Feature", "geometry": {"type": "LineString", "coordinates": [[52.30183531332161, 42.67311789174385], [52.16939336394893, 42.579963420492675]]}, "properties": {"transect_id": 536, "baseline_distance_m": 267500, "positions": {"2000": null, "2001": null, "2002": null, "2003": null, "2004": null, "2005": null, "2006": null, "2007": null, "2008": null, "2009": null, "2010": -10416.4, "2011": -11110.0, "2013": null, "2014": -9963.9, "2015": null, "2016": null, "2017": null, "2018": null, "2019": null, "2020": -12188.0, "2021": -10837.9, "2022": -10197.0, "2023": null, "2024": null, "2025": -6630.1, "2026": -5099.0}, "total_retreat_m": -5317.4, "speed_m_per_year": 238.37, "r_squared": 0.374, "std_error": 125.98, "ci_95_low": -69.89, "ci_95_high": 546.63, "valid_years": 8, "confidence": "low", "risk_class": "low", "anchor": [52.30183531332161, 42.67311789174385], "outliers_removed": 0}}, {"type": "Feature", "geometry": {"type": "LineString", "coordinates": [[52.306347246575335, 42.67008737036738], [52.17390521717316, 42.576938071919884]]}, "properties": {"transect_id": 537, "baseline_distance_m": 268000, "positions": {"2000": null, "2001": null, "2002": null, "2003": null, "2004": null, "2005": null, "2006": null, "2007": null, "2008": null, "2009": null, "2010": null, "2011": null, "2013": null, "2014": -11444.3, "2015": null, "2016": null, "2017": null, "2018": null, "2019": null, "2020": null, "2021": -14434.2, "2022": -13248.6, "2023": null, "2024": -5403.9, "2025": -8043.8, "2026": -4952.5}, "total_retreat_m": -6491.8, "speed_m_per_year": 545.1, "r_squared": 0.342, "std_error": 378.2, "ci_95_low": -504.94, "ci_95_high": 1595.14, "valid_years": 6, "confidence": "low", "risk_class": "low", "anchor": [52.306347246575335, 42.67008737036738], "outliers_removed": 0}}, {"type": "Feature", "geometry": {"type": "LineString", "coordinates": [[52.31085874058259, 42.66705667558343], [52.17841663341461, 42.573912549407545]]}, "properties": {"transect_id": 538, "baseline_distance_m": 268500, "positions": {"2000": null, "2001": null, "2002": null, "2003": null, "2004": null, "2005": null, "2006": null, "2007": null, "2008": null, "2009": null, "2010": null, "2011": null, "2013": null, "2014": -11195.1, "2015": null, "2016": null, "2017": null, "2018": null, "2019": null, "2020": null, "2021": -14067.6, "2022": -10712.5, "2023": null, "2024": -6716.8, "2025": -7782.2, "2026": -4731.4}, "total_retreat_m": -6463.7, "speed_m_per_year": 509.81, "r_squared": 0.42, "std_error": 299.27, "ci_95_low": -321.08, "ci_95_high": 1340.71, "valid_years": 6, "confidence": "low", "risk_class": "low", "anchor": [52.31085874058259, 42.66705667558343], "outliers_removed": 0}}, {"type": "Feature", "geometry": {"type": "LineString", "coordinates": [[52.31536979540503, 42.66402580744854], [52.18292761273413, 42.57088685301211]]}, "properties": {"transect_id": 539, "baseline_distance_m": 269000, "positions": {"2000": null, "2001": null, "2002": null, "2003": null, "2004": null, "2005": null, "2006": null, "2007": null, "2008": null, "2009": null, "2010": null, "2011": null, "2013": null, "2014": -11102.0, "2015": null, "2016": null, "2017": null, "2018": null, "2019": null, "2020": null, "2021": -10934.5, "2022": -11628.7, "2023": null, "2024": -7066.3, "2025": -7862.8, "2026": -5077.9}, "total_retreat_m": -6024.1, "speed_m_per_year": 443.81, "r_squared": 0.522, "std_error": 212.34, "ci_95_low": -145.75, "ci_95_high": 1033.36, "valid_years": 6, "confidence": "low", "risk_class": "low", "anchor": [52.31536979540503, 42.66402580744854], "outliers_removed": 0}}]}